A171740 GPU search: n=32, device=Apple M4 Max, build threads=14, limit=none
stage b2=29 vs b1={27}: values [2159424054808578564166497528588784562372597429, 6362685441135942358474828762538534230890216321) (GPU MITM)
  resuming partner b1=27 at +2569741177321 of 28237773109178 yh (exact)
  MITM b1=27: s=10 t=6 j=6 je=8 Q=387420489 table=594823321 yh=28237773109178
  table built in 5.2s (14 threads)
[b2=29 b1=27 GPU] stage   9.1% (2570009612777/28237773109178) | 2158.2M/s | ETA 3:18:12 | best -
[b2=29 b1=27 GPU] stage   9.1% (2574841450985/28237773109178) | 2324.3M/s | ETA 3:04:00 | best -
[b2=29 b1=27 GPU] stage   9.1% (2579673289193/28237773109178) | 2328.6M/s | ETA 3:03:38 | best -
[b2=29 b1=27 GPU] stage   9.2% (2584505127401/28237773109178) | 2297.5M/s | ETA 3:06:05 | best -
[b2=29 b1=27 GPU] stage   9.2% (2589336965609/28237773109178) | 2298.5M/s | ETA 3:05:59 | best -
[b2=29 b1=27 GPU] stage   9.2% (2594168803817/28237773109178) | 2304.8M/s | ETA 3:05:26 | best -
[b2=29 b1=27 GPU] stage   9.2% (2599000642025/28237773109178) | 2299.5M/s | ETA 3:05:49 | best -
[b2=29 b1=27 GPU] stage   9.2% (2603832480233/28237773109178) | 2303.0M/s | ETA 3:05:30 | best -
[b2=29 b1=27 GPU] stage   9.2% (2608664318441/28237773109178) | 2297.7M/s | ETA 3:05:54 | best -
[b2=29 b1=27 GPU] stage   9.3% (2613496156649/28237773109178) | 2301.7M/s | ETA 3:05:32 | best -
[b2=29 b1=27 GPU] stage   9.3% (2618327994857/28237773109178) | 2311.8M/s | ETA 3:04:41 | best -
[b2=29 b1=27 GPU] stage   9.3% (2623159833065/28237773109178) | 2315.0M/s | ETA 3:04:24 | best -
[b2=29 b1=27 GPU] stage   9.3% (2627723235817/28237773109178) | 2281.9M/s | ETA 3:07:03 | best -
[b2=29 b1=27 GPU] stage   9.3% (2632555074025/28237773109178) | 2318.3M/s | ETA 3:04:04 | best -
[b2=29 b1=27 GPU] stage   9.3% (2637386912233/28237773109178) | 2322.0M/s | ETA 3:03:44 | best -
[b2=29 b1=27 GPU] stage   9.4% (2642218750441/28237773109178) | 2301.4M/s | ETA 3:05:21 | best -
[b2=29 b1=27 GPU] stage   9.4% (2647050588649/28237773109178) | 2311.2M/s | ETA 3:04:32 | best -
[b2=29 b1=27 GPU] stage   9.4% (2651613991401/28237773109178) | 2176.7M/s | ETA 3:15:54 | best -
[b2=29 b1=27 GPU] stage   9.4% (2656177394153/28237773109178) | 2283.1M/s | ETA 3:06:44 | best -
[b2=29 b1=27 GPU] stage   9.4% (2661009232361/28237773109178) | 2301.1M/s | ETA 3:05:15 | best -
[b2=29 b1=27 GPU] stage   9.4% (2665841070569/28237773109178) | 2301.6M/s | ETA 3:05:10 | best -
[b2=29 b1=27 GPU] stage   9.5% (2670672908777/28237773109178) | 2302.9M/s | ETA 3:05:02 | best -
[b2=29 b1=27 GPU] stage   9.5% (2675504746985/28237773109178) | 2271.5M/s | ETA 3:07:33 | best -
[b2=29 b1=27 GPU] stage   9.5% (2680336585193/28237773109178) | 2297.3M/s | ETA 3:05:25 | best -
[b2=29 b1=27 GPU] stage   9.5% (2685168423401/28237773109178) | 2305.1M/s | ETA 3:04:45 | best -
[b2=29 b1=27 GPU] stage   9.5% (2690000261609/28237773109178) | 2306.6M/s | ETA 3:04:35 | best -
[b2=29 b1=27 GPU] stage   9.5% (2694832099817/28237773109178) | 2303.5M/s | ETA 3:04:48 | best -
[b2=29 b1=27 GPU] stage   9.6% (2699663938025/28237773109178) | 2303.3M/s | ETA 3:04:47 | best -
[b2=29 b1=27 GPU] stage   9.6% (2704495776233/28237773109178) | 2299.7M/s | ETA 3:05:02 | best -
[b2=29 b1=27 GPU] stage   9.6% (2709327614441/28237773109178) | 2298.8M/s | ETA 3:05:05 | best -
[b2=29 b1=27 GPU] stage   9.6% (2714159452649/28237773109178) | 2298.2M/s | ETA 3:05:05 | best -
[b2=29 b1=27 GPU] stage   9.6% (2718991290857/28237773109178) | 2310.1M/s | ETA 3:04:06 | best -
[b2=29 b1=27 GPU] stage   9.6% (2723823129065/28237773109178) | 2319.1M/s | ETA 3:03:21 | best -
[b2=29 b1=27 GPU] stage   9.7% (2728654967273/28237773109178) | 2310.0M/s | ETA 3:04:02 | best -
[b2=29 b1=27 GPU] stage   9.7% (2733486805481/28237773109178) | 2305.1M/s | ETA 3:04:24 | best -
[b2=29 b1=27 GPU] stage   9.7% (2738318643689/28237773109178) | 2301.3M/s | ETA 3:04:40 | best -
[b2=29 b1=27 GPU] stage   9.7% (2743150481897/28237773109178) | 2299.9M/s | ETA 3:04:45 | best -
[b2=29 b1=27 GPU] stage   9.7% (2747982320105/28237773109178) | 2306.6M/s | ETA 3:04:10 | best -
[b2=29 b1=27 GPU] stage   9.7% (2752814158313/28237773109178) | 2302.4M/s | ETA 3:04:28 | best -
[b2=29 b1=27 GPU] stage   9.8% (2757645996521/28237773109178) | 2299.1M/s | ETA 3:04:42 | best -
[b2=29 b1=27 GPU] stage   9.8% (2762477834729/28237773109178) | 2296.3M/s | ETA 3:04:53 | best -
[b2=29 b1=27 GPU] stage   9.8% (2767309672937/28237773109178) | 2302.8M/s | ETA 3:04:20 | best -
[b2=29 b1=27 GPU] stage   9.8% (2772141511145/28237773109178) | 2316.3M/s | ETA 3:03:14 | best -
[b2=29 b1=27 GPU] stage   9.8% (2776973349353/28237773109178) | 2310.6M/s | ETA 3:03:38 | best -
[b2=29 b1=27 GPU] stage   9.9% (2781805187561/28237773109178) | 2311.5M/s | ETA 3:03:32 | best -
[b2=29 b1=27 GPU] stage   9.9% (2786637025769/28237773109178) | 2299.9M/s | ETA 3:04:26 | best -
[b2=29 b1=27 GPU] stage   9.9% (2791468863977/28237773109178) | 2305.7M/s | ETA 3:03:56 | best -
[b2=29 b1=27 GPU] stage   9.9% (2796300702185/28237773109178) | 2298.4M/s | ETA 3:04:29 | best -
[b2=29 b1=27 GPU] stage   9.9% (2801132540393/28237773109178) | 2299.7M/s | ETA 3:04:20 | best -
[b2=29 b1=27 GPU] stage   9.9% (2805964378601/28237773109178) | 2296.2M/s | ETA 3:04:35 | best -
[b2=29 b1=27 GPU] stage  10.0% (2810796216809/28237773109178) | 2303.8M/s | ETA 3:03:56 | best -
[b2=29 b1=27 GPU] stage  10.0% (2815628055017/28237773109178) | 2306.5M/s | ETA 3:03:41 | best -
[b2=29 b1=27 GPU] stage  10.0% (2820459893225/28237773109178) | 2313.4M/s | ETA 3:03:07 | best -
[b2=29 b1=27 GPU] stage  10.0% (2825291731433/28237773109178) | 2313.5M/s | ETA 3:03:04 | best -
[b2=29 b1=27 GPU] stage  10.0% (2830123569641/28237773109178) | 2310.1M/s | ETA 3:03:18 | best -
[b2=29 b1=27 GPU] stage  10.0% (2834955407849/28237773109178) | 2298.1M/s | ETA 3:04:14 | best -
[b2=29 b1=27 GPU] stage  10.1% (2839518810601/28237773109178) | 2100.5M/s | ETA 3:21:31 | best -
[b2=29 b1=27 GPU] stage  10.1% (2844082213353/28237773109178) | 2300.2M/s | ETA 3:03:59 | best -
[b2=29 b1=27 GPU] stage  10.1% (2848645616105/28237773109178) | 2272.7M/s | ETA 3:06:11 | best -
[b2=29 b1=27 GPU] stage  10.1% (2853477454313/28237773109178) | 2271.7M/s | ETA 3:06:14 | best -
[b2=29 b1=27 GPU] stage  10.1% (2858040857065/28237773109178) | 2296.3M/s | ETA 3:04:12 | best -
[b2=29 b1=27 GPU] stage  10.1% (2862604259817/28237773109178) | 2270.4M/s | ETA 3:06:16 | best -
[b2=29 b1=27 GPU] stage  10.2% (2867436098025/28237773109178) | 2275.2M/s | ETA 3:05:50 | best -
[b2=29 b1=27 GPU] stage  10.2% (2872267936233/28237773109178) | 2299.3M/s | ETA 3:03:51 | best -
[b2=29 b1=27 GPU] stage  10.2% (2876831338985/28237773109178) | 2266.3M/s | ETA 3:06:30 | best -
[b2=29 b1=27 GPU] stage  10.2% (2881394741737/28237773109178) | 2271.9M/s | ETA 3:06:01 | best -
[b2=29 b1=27 GPU] stage  10.2% (2886226579945/28237773109178) | 2290.6M/s | ETA 3:04:27 | best -
[b2=29 b1=27 GPU] stage  10.2% (2890789982697/28237773109178) | 2285.9M/s | ETA 3:04:48 | best -
[b2=29 b1=27 GPU] stage  10.3% (2895621820905/28237773109178) | 2270.7M/s | ETA 3:06:00 | best -
[b2=29 b1=27 GPU] stage  10.3% (2900185223657/28237773109178) | 2282.7M/s | ETA 3:04:59 | best -
[b2=29 b1=27 GPU] stage  10.3% (2904748626409/28237773109178) | 2294.3M/s | ETA 3:04:01 | best -
[b2=29 b1=27 GPU] stage  10.3% (2909312029161/28237773109178) | 2270.2M/s | ETA 3:05:57 | best -
[b2=29 b1=27 GPU] stage  10.3% (2914143867369/28237773109178) | 2288.8M/s | ETA 3:04:24 | best -
[b2=29 b1=27 GPU] stage  10.3% (2918707270121/28237773109178) | 2309.8M/s | ETA 3:02:41 | best -
[b2=29 b1=27 GPU] stage  10.4% (2923270672873/28237773109178) | 2278.3M/s | ETA 3:05:10 | best -
[b2=29 b1=27 GPU] stage  10.4% (2927834075625/28237773109178) | 2263.4M/s | ETA 3:06:22 | best -
[b2=29 b1=27 GPU] stage  10.4% (2932397478377/28237773109178) | 2282.3M/s | ETA 3:04:47 | best -
[b2=29 b1=27 GPU] stage  10.4% (2936960881129/28237773109178) | 2239.3M/s | ETA 3:08:18 | best -
[b2=29 b1=27 GPU] stage  10.4% (2941524283881/28237773109178) | 2256.7M/s | ETA 3:06:49 | best -
[b2=29 b1=27 GPU] stage  10.4% (2946087686633/28237773109178) | 2265.1M/s | ETA 3:06:05 | best -
[b2=29 b1=27 GPU] stage  10.4% (2950651089385/28237773109178) | 2259.5M/s | ETA 3:06:31 | best -
[b2=29 b1=27 GPU] stage  10.5% (2955214492137/28237773109178) | 2187.9M/s | ETA 3:12:35 | best -
[b2=29 b1=27 GPU] stage  10.5% (2959777894889/28237773109178) | 2118.8M/s | ETA 3:18:50 | best -
[b2=29 b1=27 GPU] stage  10.5% (2964341297641/28237773109178) | 2251.6M/s | ETA 3:07:04 | best -
[b2=29 b1=27 GPU] stage  10.5% (2968904700393/28237773109178) | 2230.7M/s | ETA 3:08:47 | best -
[b2=29 b1=27 GPU] stage  10.5% (2973468103145/28237773109178) | 2187.8M/s | ETA 3:12:27 | best -
[b2=29 b1=27 GPU] stage  10.5% (2978031505897/28237773109178) | 2216.9M/s | ETA 3:09:54 | best -
[b2=29 b1=27 GPU] stage  10.6% (2982594908649/28237773109178) | 2214.5M/s | ETA 3:10:04 | best -
[b2=29 b1=27 GPU] stage  10.6% (2986889875945/28237773109178) | 2131.3M/s | ETA 3:17:27 | best -
[b2=29 b1=27 GPU] stage  10.6% (2991453278697/28237773109178) | 2207.6M/s | ETA 3:10:36 | best -
[b2=29 b1=27 GPU] stage  10.6% (2995748245993/28237773109178) | 2188.3M/s | ETA 3:12:14 | best -
[b2=29 b1=27 GPU] stage  10.6% (3000043213289/28237773109178) | 2105.7M/s | ETA 3:19:45 | best -
[b2=29 b1=27 GPU] stage  10.6% (3004338180585/28237773109178) | 2122.1M/s | ETA 3:18:10 | best -
[b2=29 b1=27 GPU] stage  10.7% (3008633147881/28237773109178) | 2162.2M/s | ETA 3:14:28 | best -
[b2=29 b1=27 GPU] stage  10.7% (3012928115177/28237773109178) | 2052.4M/s | ETA 3:24:50 | best -
[b2=29 b1=27 GPU] stage  10.7% (3017491517929/28237773109178) | 2184.5M/s | ETA 3:12:25 | best -
[b2=29 b1=27 GPU] stage  10.7% (3021786485225/28237773109178) | 2207.8M/s | ETA 3:10:21 | best -
[b2=29 b1=27 GPU] stage  10.7% (3026081452521/28237773109178) | 2064.7M/s | ETA 3:23:30 | best -
[b2=29 b1=27 GPU] stage  10.7% (3030644855273/28237773109178) | 2175.5M/s | ETA 3:13:06 | best -
[b2=29 b1=27 GPU] stage  10.7% (3034939822569/28237773109178) | 2130.9M/s | ETA 3:17:07 | best -
[b2=29 b1=27 GPU] stage  10.8% (3039234789865/28237773109178) | 2101.2M/s | ETA 3:19:52 | best -
[b2=29 b1=27 GPU] stage  10.8% (3043798192617/28237773109178) | 2187.8M/s | ETA 3:11:55 | best -
[b2=29 b1=27 GPU] stage  10.8% (3048361595369/28237773109178) | 2084.9M/s | ETA 3:21:22 | best -
[b2=29 b1=27 GPU] stage  10.8% (3052656562665/28237773109178) | 2185.8M/s | ETA 3:12:02 | best -
[b2=29 b1=27 GPU] stage  10.8% (3056951529961/28237773109178) | 2071.2M/s | ETA 3:22:37 | best -
[b2=29 b1=27 GPU] stage  10.8% (3061514932713/28237773109178) | 2271.7M/s | ETA 3:04:42 | best -
[b2=29 b1=27 GPU] stage  10.9% (3066078335465/28237773109178) | 2180.7M/s | ETA 3:12:22 | best -
[b2=29 b1=27 GPU] stage  10.9% (3070641738217/28237773109178) | 2190.4M/s | ETA 3:11:29 | best -
[b2=29 b1=27 GPU] stage  10.9% (3075205140969/28237773109178) | 2205.4M/s | ETA 3:10:09 | best -
[b2=29 b1=27 GPU] stage  10.9% (3079768543721/28237773109178) | 2114.5M/s | ETA 3:18:17 | best -
[b2=29 b1=27 GPU] stage  10.9% (3084331946473/28237773109178) | 2245.7M/s | ETA 3:06:40 | best -
[b2=29 b1=27 GPU] stage  10.9% (3088895349225/28237773109178) | 2249.7M/s | ETA 3:06:18 | best -
[b2=29 b1=27 GPU] stage  11.0% (3093458751977/28237773109178) | 2285.0M/s | ETA 3:03:24 | best -
[b2=29 b1=27 GPU] stage  11.0% (3098022154729/28237773109178) | 2288.0M/s | ETA 3:03:07 | best -
[b2=29 b1=27 GPU] stage  11.0% (3102585557481/28237773109178) | 2227.9M/s | ETA 3:08:02 | best -
[b2=29 b1=27 GPU] stage  11.0% (3107148960233/28237773109178) | 2269.7M/s | ETA 3:04:32 | best -
[b2=29 b1=27 GPU] stage  11.0% (3111712362985/28237773109178) | 2264.1M/s | ETA 3:04:57 | best -
[b2=29 b1=27 GPU] stage  11.0% (3116275765737/28237773109178) | 2268.9M/s | ETA 3:04:31 | best -
[b2=29 b1=27 GPU] stage  11.1% (3120839168489/28237773109178) | 2251.6M/s | ETA 3:05:55 | best -
[b2=29 b1=27 GPU] stage  11.1% (3125402571241/28237773109178) | 2276.1M/s | ETA 3:03:53 | best -
[b2=29 b1=27 GPU] stage  11.1% (3129965973993/28237773109178) | 2276.8M/s | ETA 3:03:47 | best -
[b2=29 b1=27 GPU] stage  11.1% (3134529376745/28237773109178) | 2291.8M/s | ETA 3:02:33 | best -
[b2=29 b1=27 GPU] stage  11.1% (3139092779497/28237773109178) | 2275.7M/s | ETA 3:03:48 | best -
[b2=29 b1=27 GPU] stage  11.1% (3143656182249/28237773109178) | 2262.5M/s | ETA 3:04:51 | best -
[b2=29 b1=27 GPU] stage  11.1% (3148488020457/28237773109178) | 2310.7M/s | ETA 3:00:57 | best -
[b2=29 b1=27 GPU] stage  11.2% (3153051423209/28237773109178) | 2208.5M/s | ETA 3:09:18 | best -
[b2=29 b1=27 GPU] stage  11.2% (3157614825961/28237773109178) | 2279.9M/s | ETA 3:03:20 | best -
[b2=29 b1=27 GPU] stage  11.2% (3162446664169/28237773109178) | 2305.6M/s | ETA 3:01:15 | best -
[b2=29 b1=27 GPU] stage  11.2% (3167278502377/28237773109178) | 2304.8M/s | ETA 3:01:17 | best -
[b2=29 b1=27 GPU] stage  11.2% (3172110340585/28237773109178) | 2304.5M/s | ETA 3:01:16 | best -
[b2=29 b1=27 GPU] stage  11.3% (3176942178793/28237773109178) | 2316.4M/s | ETA 3:00:19 | best -
[b2=29 b1=27 GPU] stage  11.3% (3181774017001/28237773109178) | 2317.3M/s | ETA 3:00:12 | best -
[b2=29 b1=27 GPU] stage  11.3% (3186605855209/28237773109178) | 2312.6M/s | ETA 3:00:32 | best -
[b2=29 b1=27 GPU] stage  11.3% (3191437693417/28237773109178) | 2309.5M/s | ETA 3:00:44 | best -
[b2=29 b1=27 GPU] stage  11.3% (3196269531625/28237773109178) | 2308.5M/s | ETA 3:00:47 | best -
[b2=29 b1=27 GPU] stage  11.3% (3201101369833/28237773109178) | 2309.5M/s | ETA 3:00:40 | best -
[b2=29 b1=27 GPU] stage  11.4% (3205664772585/28237773109178) | 2229.2M/s | ETA 3:07:09 | best -
[b2=29 b1=27 GPU] stage  11.4% (3210228175337/28237773109178) | 2305.5M/s | ETA 3:00:55 | best -
[b2=29 b1=27 GPU] stage  11.4% (3214791578089/28237773109178) | 2269.5M/s | ETA 3:03:45 | best -
[b2=29 b1=27 GPU] stage  11.4% (3219354980841/28237773109178) | 2270.4M/s | ETA 3:03:39 | best -
[b2=29 b1=27 GPU] stage  11.4% (3223918383593/28237773109178) | 2300.3M/s | ETA 3:01:14 | best -
[b2=29 b1=27 GPU] stage  11.4% (3228481786345/28237773109178) | 2272.9M/s | ETA 3:03:23 | best -
[b2=29 b1=27 GPU] stage  11.5% (3233313624553/28237773109178) | 2271.4M/s | ETA 3:03:28 | best -
[b2=29 b1=27 GPU] stage  11.5% (3238145462761/28237773109178) | 2298.9M/s | ETA 3:01:14 | best -
[b2=29 b1=27 GPU] stage  11.5% (3242708865513/28237773109178) | 2266.0M/s | ETA 3:03:50 | best -
[b2=29 b1=27 GPU] stage  11.5% (3247272268265/28237773109178) | 2267.9M/s | ETA 3:03:39 | best -
[b2=29 b1=27 GPU] stage  11.5% (3251835671017/28237773109178) | 2292.4M/s | ETA 3:01:39 | best -
[b2=29 b1=27 GPU] stage  11.5% (3256399073769/28237773109178) | 2271.7M/s | ETA 3:03:16 | best -
[b2=29 b1=27 GPU] stage  11.5% (3260962476521/28237773109178) | 2261.5M/s | ETA 3:04:04 | best -
[b2=29 b1=27 GPU] stage  11.6% (3265794314729/28237773109178) | 2288.7M/s | ETA 3:01:51 | best -
[b2=29 b1=27 GPU] stage  11.6% (3270357717481/28237773109178) | 2276.4M/s | ETA 3:02:47 | best -
[b2=29 b1=27 GPU] stage  11.6% (3274921120233/28237773109178) | 2267.1M/s | ETA 3:03:30 | best -
[b2=29 b1=27 GPU] stage  11.6% (3279752958441/28237773109178) | 2274.1M/s | ETA 3:02:54 | best -
[b2=29 b1=27 GPU] stage  11.6% (3284316361193/28237773109178) | 2281.4M/s | ETA 3:02:17 | best -
[b2=29 b1=27 GPU] stage  11.6% (3288879763945/28237773109178) | 2267.2M/s | ETA 3:03:24 | best -
[b2=29 b1=27 GPU] stage  11.7% (3293443166697/28237773109178) | 2280.6M/s | ETA 3:02:17 | best -
[b2=29 b1=27 GPU] stage  11.7% (3298006569449/28237773109178) | 2300.9M/s | ETA 3:00:38 | best -
[b2=29 b1=27 GPU] stage  11.7% (3302569972201/28237773109178) | 2268.7M/s | ETA 3:03:11 | best -
[b2=29 b1=27 GPU] stage  11.7% (3307401810409/28237773109178) | 2275.5M/s | ETA 3:02:35 | best -
[b2=29 b1=27 GPU] stage  11.7% (3311965213161/28237773109178) | 2297.2M/s | ETA 3:00:50 | best -
[b2=29 b1=27 GPU] stage  11.7% (3316528615913/28237773109178) | 2269.7M/s | ETA 3:02:59 | best -
[b2=29 b1=27 GPU] stage  11.8% (3321360454121/28237773109178) | 2271.6M/s | ETA 3:02:48 | best -
[b2=29 b1=27 GPU] stage  11.8% (3325923856873/28237773109178) | 2294.4M/s | ETA 3:00:57 | best -
[b2=29 b1=27 GPU] stage  11.8% (3330487259625/28237773109178) | 2269.8M/s | ETA 3:02:53 | best -
[b2=29 b1=27 GPU] stage  11.8% (3335319097833/28237773109178) | 2272.2M/s | ETA 3:02:39 | best -
[b2=29 b1=27 GPU] stage  11.8% (3339882500585/28237773109178) | 2300.4M/s | ETA 3:00:23 | best -
[b2=29 b1=27 GPU] stage  11.8% (3344445903337/28237773109178) | 2273.2M/s | ETA 3:02:30 | best -
[b2=29 b1=27 GPU] stage  11.9% (3349009306089/28237773109178) | 2264.5M/s | ETA 3:03:10 | best -
[b2=29 b1=27 GPU] stage  11.9% (3353572708841/28237773109178) | 2299.5M/s | ETA 3:00:21 | best -
[b2=29 b1=27 GPU] stage  11.9% (3358136111593/28237773109178) | 2268.8M/s | ETA 3:02:45 | best -
[b2=29 b1=27 GPU] stage  11.9% (3362967949801/28237773109178) | 2272.2M/s | ETA 3:02:27 | best -
[b2=29 b1=27 GPU] stage  11.9% (3367531352553/28237773109178) | 2308.6M/s | ETA 2:59:32 | best -
[b2=29 b1=27 GPU] stage  11.9% (3372094755305/28237773109178) | 2265.5M/s | ETA 3:02:55 | best -
[b2=29 b1=27 GPU] stage  12.0% (3376658158057/28237773109178) | 2267.2M/s | ETA 3:02:45 | best -
[b2=29 b1=27 GPU] stage  12.0% (3381489996265/28237773109178) | 2308.6M/s | ETA 2:59:26 | best -
[b2=29 b1=27 GPU] stage  12.0% (3386321834473/28237773109178) | 2267.3M/s | ETA 3:02:41 | best -
[b2=29 b1=27 GPU] stage  12.0% (3391153672681/28237773109178) | 2297.2M/s | ETA 3:00:16 | best -
[b2=29 b1=27 GPU] stage  12.0% (3395985510889/28237773109178) | 2300.8M/s | ETA 2:59:56 | best -
[b2=29 b1=27 GPU] stage  12.0% (3400817349097/28237773109178) | 2292.9M/s | ETA 3:00:32 | best -
[b2=29 b1=27 GPU] stage  12.1% (3405649187305/28237773109178) | 2299.9M/s | ETA 2:59:57 | best -
[b2=29 b1=27 GPU] stage  12.1% (3410212590057/28237773109178) | 2303.8M/s | ETA 2:59:36 | best -
[b2=29 b1=27 GPU] stage  12.1% (3415044428265/28237773109178) | 2310.9M/s | ETA 2:59:01 | best -
[b2=29 b1=27 GPU] stage  12.1% (3419876266473/28237773109178) | 2301.1M/s | ETA 2:59:45 | best -
[b2=29 b1=27 GPU] stage  12.1% (3424708104681/28237773109178) | 2303.5M/s | ETA 2:59:31 | best -
[b2=29 b1=27 GPU] stage  12.1% (3429539942889/28237773109178) | 2301.5M/s | ETA 2:59:39 | best -
[b2=29 b1=27 GPU] stage  12.2% (3434371781097/28237773109178) | 2298.9M/s | ETA 2:59:49 | best -
[b2=29 b1=27 GPU] stage  12.2% (3439203619305/28237773109178) | 2294.3M/s | ETA 3:00:08 | best -
[b2=29 b1=27 GPU] stage  12.2% (3444035457513/28237773109178) | 2304.5M/s | ETA 2:59:18 | best -
[b2=29 b1=27 GPU] stage  12.2% (3448867295721/28237773109178) | 2307.5M/s | ETA 2:59:02 | best -
[b2=29 b1=27 GPU] stage  12.2% (3453699133929/28237773109178) | 2301.4M/s | ETA 2:59:29 | best -
[b2=29 b1=27 GPU] stage  12.2% (3458530972137/28237773109178) | 2298.6M/s | ETA 2:59:40 | best -
[b2=29 b1=27 GPU] stage  12.3% (3463362810345/28237773109178) | 2304.7M/s | ETA 2:59:09 | best -
[b2=29 b1=27 GPU] stage  12.3% (3468194648553/28237773109178) | 2304.7M/s | ETA 2:59:07 | best -
[b2=29 b1=27 GPU] stage  12.3% (3473026486761/28237773109178) | 2301.5M/s | ETA 2:59:20 | best -
[b2=29 b1=27 GPU] stage  12.3% (3477589889513/28237773109178) | 2272.5M/s | ETA 3:01:35 | best -
[b2=29 b1=27 GPU] stage  12.3% (3482153292265/28237773109178) | 2301.9M/s | ETA 2:59:14 | best -
[b2=29 b1=27 GPU] stage  12.3% (3486985130473/28237773109178) | 2303.5M/s | ETA 2:59:04 | best -
[b2=29 b1=27 GPU] stage  12.4% (3491816968681/28237773109178) | 2266.5M/s | ETA 3:01:57 | best -
[b2=29 b1=27 GPU] stage  12.4% (3496380371433/28237773109178) | 2260.2M/s | ETA 3:02:26 | best -
[b2=29 b1=27 GPU] stage  12.4% (3501212209641/28237773109178) | 2305.2M/s | ETA 2:58:50 | best -
[b2=29 b1=27 GPU] stage  12.4% (3506044047849/28237773109178) | 2302.2M/s | ETA 2:59:02 | best -
[b2=29 b1=27 GPU] stage  12.4% (3510875886057/28237773109178) | 2307.4M/s | ETA 2:58:36 | best -
[b2=29 b1=27 GPU] stage  12.5% (3515707724265/28237773109178) | 2314.2M/s | ETA 2:58:02 | best -
[b2=29 b1=27 GPU] stage  12.5% (3520539562473/28237773109178) | 2305.6M/s | ETA 2:58:40 | best -
[b2=29 b1=27 GPU] stage  12.5% (3525371400681/28237773109178) | 2302.7M/s | ETA 2:58:51 | best -
[b2=29 b1=27 GPU] stage  12.5% (3530203238889/28237773109178) | 2306.6M/s | ETA 2:58:31 | best -
[b2=29 b1=27 GPU] stage  12.5% (3535035077097/28237773109178) | 2302.2M/s | ETA 2:58:50 | best -
[b2=29 b1=27 GPU] stage  12.5% (3539866915305/28237773109178) | 2299.9M/s | ETA 2:58:58 | best -
[b2=29 b1=27 GPU] stage  12.6% (3544698753513/28237773109178) | 2302.6M/s | ETA 2:58:43 | best -
[b2=29 b1=27 GPU] stage  12.6% (3549530591721/28237773109178) | 2303.9M/s | ETA 2:58:36 | best -
[b2=29 b1=27 GPU] stage  12.6% (3554362429929/28237773109178) | 2306.1M/s | ETA 2:58:23 | best -
[b2=29 b1=27 GPU] stage  12.6% (3559194268137/28237773109178) | 2306.4M/s | ETA 2:58:20 | best -
[b2=29 b1=27 GPU] stage  12.6% (3564026106345/28237773109178) | 2302.2M/s | ETA 2:58:37 | best -
[b2=29 b1=27 GPU] stage  12.6% (3568857944553/28237773109178) | 2302.8M/s | ETA 2:58:32 | best -
[b2=29 b1=27 GPU] stage  12.7% (3573689782761/28237773109178) | 2304.8M/s | ETA 2:58:21 | best -
[b2=29 b1=27 GPU] stage  12.7% (3578521620969/28237773109178) | 2277.5M/s | ETA 3:00:27 | best -
[b2=29 b1=27 GPU] stage  12.7% (3583085023721/28237773109178) | 2285.1M/s | ETA 2:59:49 | best -
[b2=29 b1=27 GPU] stage  12.7% (3587648426473/28237773109178) | 2268.4M/s | ETA 3:01:06 | best -
[b2=29 b1=27 GPU] stage  12.7% (3592211829225/28237773109178) | 2275.8M/s | ETA 3:00:29 | best -
[b2=29 b1=27 GPU] stage  12.7% (3596775231977/28237773109178) | 2286.7M/s | ETA 2:59:35 | best -
[b2=29 b1=27 GPU] stage  12.8% (3601338634729/28237773109178) | 2267.3M/s | ETA 3:01:05 | best -
[b2=29 b1=27 GPU] stage  12.8% (3605902037481/28237773109178) | 2278.5M/s | ETA 3:00:10 | best -
[b2=29 b1=27 GPU] stage  12.8% (3610465440233/28237773109178) | 2282.5M/s | ETA 2:59:49 | best -
[b2=29 b1=27 GPU] stage  12.8% (3615028842985/28237773109178) | 2270.1M/s | ETA 3:00:46 | best -
[b2=29 b1=27 GPU] stage  12.8% (3619592245737/28237773109178) | 2274.4M/s | ETA 3:00:24 | best -
[b2=29 b1=27 GPU] stage  12.8% (3624155648489/28237773109178) | 2295.9M/s | ETA 2:58:40 | best -
[b2=29 b1=27 GPU] stage  12.9% (3628719051241/28237773109178) | 2268.9M/s | ETA 3:00:46 | best -
[b2=29 b1=27 GPU] stage  12.9% (3633282453993/28237773109178) | 2277.6M/s | ETA 3:00:02 | best -
[b2=29 b1=27 GPU] stage  12.9% (3637845856745/28237773109178) | 2288.6M/s | ETA 2:59:08 | best -
[b2=29 b1=27 GPU] stage  12.9% (3642409259497/28237773109178) | 2271.7M/s | ETA 3:00:27 | best -
[b2=29 b1=27 GPU] stage  12.9% (3646972662249/28237773109178) | 2279.1M/s | ETA 2:59:49 | best -
[b2=29 b1=27 GPU] stage  12.9% (3651536065001/28237773109178) | 2294.3M/s | ETA 2:58:36 | best -
[b2=29 b1=27 GPU] stage  12.9% (3656099467753/28237773109178) | 2269.2M/s | ETA 3:00:32 | best -
[b2=29 b1=27 GPU] stage  13.0% (3660662870505/28237773109178) | 2278.6M/s | ETA 2:59:45 | best -
[b2=29 b1=27 GPU] stage  13.0% (3665226273257/28237773109178) | 2294.0M/s | ETA 2:58:31 | best -
[b2=29 b1=27 GPU] stage  13.0% (3669789676009/28237773109178) | 2271.2M/s | ETA 3:00:17 | best -
[b2=29 b1=27 GPU] stage  13.0% (3674353078761/28237773109178) | 2276.9M/s | ETA 2:59:48 | best -
[b2=29 b1=27 GPU] stage  13.0% (3678916481513/28237773109178) | 2293.3M/s | ETA 2:58:28 | best -
[b2=29 b1=27 GPU] stage  13.0% (3683479884265/28237773109178) | 2271.1M/s | ETA 3:00:11 | best -
[b2=29 b1=27 GPU] stage  13.1% (3688043287017/28237773109178) | 2275.1M/s | ETA 2:59:50 | best -
[b2=29 b1=27 GPU] stage  13.1% (3692606689769/28237773109178) | 2290.4M/s | ETA 2:58:36 | best -
[b2=29 b1=27 GPU] stage  13.1% (3697170092521/28237773109178) | 2267.6M/s | ETA 3:00:22 | best -
[b2=29 b1=27 GPU] stage  13.1% (3701733495273/28237773109178) | 2275.2M/s | ETA 2:59:43 | best -
[b2=29 b1=27 GPU] stage  13.1% (3706296898025/28237773109178) | 2288.3M/s | ETA 2:58:40 | best -
[b2=29 b1=27 GPU] stage  13.1% (3710860300777/28237773109178) | 2267.0M/s | ETA 3:00:19 | best -
[b2=29 b1=27 GPU] stage  13.2% (3715423703529/28237773109178) | 2272.0M/s | ETA 2:59:53 | best -
[b2=29 b1=27 GPU] stage  13.2% (3719987106281/28237773109178) | 2289.3M/s | ETA 2:58:29 | best -
[b2=29 b1=27 GPU] stage  13.2% (3724550509033/28237773109178) | 2272.2M/s | ETA 2:59:48 | best -
[b2=29 b1=27 GPU] stage  13.2% (3729113911785/28237773109178) | 2272.4M/s | ETA 2:59:45 | best -
[b2=29 b1=27 GPU] stage  13.2% (3733677314537/28237773109178) | 2291.3M/s | ETA 2:58:14 | best -
[b2=29 b1=27 GPU] stage  13.2% (3738240717289/28237773109178) | 2270.8M/s | ETA 2:59:48 | best -
[b2=29 b1=27 GPU] stage  13.3% (3742804120041/28237773109178) | 2270.5M/s | ETA 2:59:48 | best -
[b2=29 b1=27 GPU] stage  13.3% (3747367522793/28237773109178) | 2296.1M/s | ETA 2:57:46 | best -
[b2=29 b1=27 GPU] stage  13.3% (3751930925545/28237773109178) | 2272.2M/s | ETA 2:59:36 | best -
[b2=29 b1=27 GPU] stage  13.3% (3756494328297/28237773109178) | 2273.0M/s | ETA 2:59:30 | best -
[b2=29 b1=27 GPU] stage  13.3% (3761057731049/28237773109178) | 2287.7M/s | ETA 2:58:19 | best -
[b2=29 b1=27 GPU] stage  13.3% (3765889569257/28237773109178) | 2290.6M/s | ETA 2:58:03 | best -
[b2=29 b1=27 GPU] stage  13.4% (3770452972009/28237773109178) | 2246.6M/s | ETA 3:01:30 | best -
[b2=29 b1=27 GPU] stage  13.4% (3775016374761/28237773109178) | 2268.2M/s | ETA 2:59:44 | best -
[b2=29 b1=27 GPU] stage  13.4% (3779579777513/28237773109178) | 2304.8M/s | ETA 2:56:51 | best -
[b2=29 b1=27 GPU] stage  13.4% (3784143180265/28237773109178) | 2268.2M/s | ETA 2:59:41 | best -
[b2=29 b1=27 GPU] stage  13.4% (3788975018473/28237773109178) | 2288.5M/s | ETA 2:58:03 | best -
[b2=29 b1=27 GPU] stage  13.4% (3793806856681/28237773109178) | 2329.5M/s | ETA 2:54:53 | best -
[b2=29 b1=27 GPU] stage  13.5% (3798638694889/28237773109178) | 2330.6M/s | ETA 2:54:46 | best -
[b2=29 b1=27 GPU] stage  13.5% (3803470533097/28237773109178) | 2329.0M/s | ETA 2:54:51 | best -
[b2=29 b1=27 GPU] stage  13.5% (3808302371305/28237773109178) | 2307.1M/s | ETA 2:56:28 | best -
[b2=29 b1=27 GPU] stage  13.5% (3812865774057/28237773109178) | 2259.3M/s | ETA 3:00:10 | best -
[b2=29 b1=27 GPU] stage  13.5% (3817429176809/28237773109178) | 2301.2M/s | ETA 2:56:51 | best -
[b2=29 b1=27 GPU] stage  13.5% (3822261015017/28237773109178) | 2312.0M/s | ETA 2:56:00 | best -
[b2=29 b1=27 GPU] stage  13.6% (3827092853225/28237773109178) | 2326.6M/s | ETA 2:54:51 | best -
[b2=29 b1=27 GPU] stage  13.6% (3831924691433/28237773109178) | 2299.0M/s | ETA 2:56:55 | best -
[b2=29 b1=27 GPU] stage  13.6% (3836756529641/28237773109178) | 2310.0M/s | ETA 2:56:03 | best -
[b2=29 b1=27 GPU] stage  13.6% (3841588367849/28237773109178) | 2306.3M/s | ETA 2:56:18 | best -
[b2=29 b1=27 GPU] stage  13.6% (3846420206057/28237773109178) | 2306.7M/s | ETA 2:56:14 | best -
[b2=29 b1=27 GPU] stage  13.6% (3851252044265/28237773109178) | 2309.5M/s | ETA 2:55:59 | best -
[b2=29 b1=27 GPU] stage  13.7% (3856083882473/28237773109178) | 2307.1M/s | ETA 2:56:08 | best -
[b2=29 b1=27 GPU] stage  13.7% (3860647285225/28237773109178) | 2263.0M/s | ETA 2:59:32 | best -
[b2=29 b1=27 GPU] stage  13.7% (3865479123433/28237773109178) | 2279.9M/s | ETA 2:58:09 | best -
[b2=29 b1=27 GPU] stage  13.7% (3870042526185/28237773109178) | 2267.9M/s | ETA 2:59:04 | best -
[b2=29 b1=27 GPU] stage  13.7% (3874874364393/28237773109178) | 2326.4M/s | ETA 2:54:32 | best -
[b2=29 b1=27 GPU] stage  13.7% (3879706202601/28237773109178) | 2327.0M/s | ETA 2:54:27 | best -
[b2=29 b1=27 GPU] stage  13.8% (3884538040809/28237773109178) | 2328.8M/s | ETA 2:54:17 | best -
[b2=29 b1=27 GPU] stage  13.8% (3889369879017/28237773109178) | 2330.8M/s | ETA 2:54:06 | best -
[b2=29 b1=27 GPU] stage  13.8% (3894201717225/28237773109178) | 2332.5M/s | ETA 2:53:56 | best -
[b2=29 b1=27 GPU] stage  13.8% (3899033555433/28237773109178) | 2331.7M/s | ETA 2:53:58 | best -
[b2=29 b1=27 GPU] stage  13.8% (3903865393641/28237773109178) | 2330.3M/s | ETA 2:54:02 | best -
[b2=29 b1=27 GPU] stage  13.8% (3908697231849/28237773109178) | 2328.7M/s | ETA 2:54:07 | best -
[b2=29 b1=27 GPU] stage  13.9% (3913529070057/28237773109178) | 2329.7M/s | ETA 2:54:00 | best -
[b2=29 b1=27 GPU] stage  13.9% (3918360908265/28237773109178) | 2328.9M/s | ETA 2:54:02 | best -
[b2=29 b1=27 GPU] stage  13.9% (3923192746473/28237773109178) | 2330.1M/s | ETA 2:53:55 | best -
[b2=29 b1=27 GPU] stage  13.9% (3928024584681/28237773109178) | 2328.6M/s | ETA 2:53:59 | best -
[b2=29 b1=27 GPU] stage  13.9% (3932856422889/28237773109178) | 2331.7M/s | ETA 2:53:43 | best -
[b2=29 b1=27 GPU] stage  13.9% (3937688261097/28237773109178) | 2330.6M/s | ETA 2:53:46 | best -
[b2=29 b1=27 GPU] stage  14.0% (3942520099305/28237773109178) | 2328.1M/s | ETA 2:53:55 | best -
[b2=29 b1=27 GPU] stage  14.0% (3947351937513/28237773109178) | 2329.8M/s | ETA 2:53:45 | best -
[b2=29 b1=27 GPU] stage  14.0% (3952183775721/28237773109178) | 2333.2M/s | ETA 2:53:28 | best -
[b2=29 b1=27 GPU] stage  14.0% (3957015613929/28237773109178) | 2330.6M/s | ETA 2:53:38 | best -
[b2=29 b1=27 GPU] stage  14.0% (3961847452137/28237773109178) | 2327.6M/s | ETA 2:53:49 | best -
[b2=29 b1=27 GPU] stage  14.0% (3966679290345/28237773109178) | 2330.0M/s | ETA 2:53:36 | best -
[b2=29 b1=27 GPU] stage  14.1% (3971511128553/28237773109178) | 2325.3M/s | ETA 2:53:55 | best -
[b2=29 b1=27 GPU] stage  14.1% (3976342966761/28237773109178) | 2328.5M/s | ETA 2:53:39 | best -
[b2=29 b1=27 GPU] stage  14.1% (3981174804969/28237773109178) | 2306.8M/s | ETA 2:55:15 | best -
[b2=29 b1=27 GPU] stage  14.1% (3986006643177/28237773109178) | 2324.7M/s | ETA 2:53:52 | best -
[b2=29 b1=27 GPU] stage  14.1% (3990838481385/28237773109178) | 2329.4M/s | ETA 2:53:29 | best -
[b2=29 b1=27 GPU] stage  14.2% (3995670319593/28237773109178) | 2327.2M/s | ETA 2:53:36 | best -
[b2=29 b1=27 GPU] stage  14.2% (4000502157801/28237773109178) | 2325.4M/s | ETA 2:53:42 | best -
[b2=29 b1=27 GPU] stage  14.2% (4005333996009/28237773109178) | 2329.8M/s | ETA 2:53:21 | best -
[b2=29 b1=27 GPU] stage  14.2% (4010165834217/28237773109178) | 2328.0M/s | ETA 2:53:27 | best -
[b2=29 b1=27 GPU] stage  14.2% (4014997672425/28237773109178) | 2323.5M/s | ETA 2:53:45 | best -
[b2=29 b1=27 GPU] stage  14.2% (4019829510633/28237773109178) | 2327.3M/s | ETA 2:53:26 | best -
[b2=29 b1=27 GPU] stage  14.3% (4024661348841/28237773109178) | 2322.7M/s | ETA 2:53:44 | best -
[b2=29 b1=27 GPU] stage  14.3% (4029493187049/28237773109178) | 2329.8M/s | ETA 2:53:10 | best -
[b2=29 b1=27 GPU] stage  14.3% (4034325025257/28237773109178) | 2324.4M/s | ETA 2:53:32 | best -
[b2=29 b1=27 GPU] stage  14.3% (4039156863465/28237773109178) | 2322.6M/s | ETA 2:53:38 | best -
[b2=29 b1=27 GPU] stage  14.3% (4043988701673/28237773109178) | 2324.8M/s | ETA 2:53:26 | best -
[b2=29 b1=27 GPU] stage  14.3% (4048820539881/28237773109178) | 2322.9M/s | ETA 2:53:33 | best -
[b2=29 b1=27 GPU] stage  14.4% (4053652378089/28237773109178) | 2328.6M/s | ETA 2:53:05 | best -
[b2=29 b1=27 GPU] stage  14.4% (4058484216297/28237773109178) | 2332.9M/s | ETA 2:52:44 | best -
[b2=29 b1=27 GPU] stage  14.4% (4063316054505/28237773109178) | 2332.7M/s | ETA 2:52:43 | best -
[b2=29 b1=27 GPU] stage  14.4% (4068147892713/28237773109178) | 2331.0M/s | ETA 2:52:48 | best -
[b2=29 b1=27 GPU] stage  14.4% (4072979730921/28237773109178) | 2327.5M/s | ETA 2:53:02 | best -
[b2=29 b1=27 GPU] stage  14.4% (4077811569129/28237773109178) | 2332.0M/s | ETA 2:52:40 | best -
[b2=29 b1=27 GPU] stage  14.5% (4082643407337/28237773109178) | 2329.7M/s | ETA 2:52:48 | best -
[b2=29 b1=27 GPU] stage  14.5% (4087475245545/28237773109178) | 2328.7M/s | ETA 2:52:50 | best -
[b2=29 b1=27 GPU] stage  14.5% (4092307083753/28237773109178) | 2330.3M/s | ETA 2:52:41 | best -
[b2=29 b1=27 GPU] stage  14.5% (4097138921961/28237773109178) | 2330.5M/s | ETA 2:52:38 | best -
[b2=29 b1=27 GPU] stage  14.5% (4101970760169/28237773109178) | 2331.3M/s | ETA 2:52:32 | best -
[b2=29 b1=27 GPU] stage  14.5% (4106802598377/28237773109178) | 2329.7M/s | ETA 2:52:38 | best -
[b2=29 b1=27 GPU] stage  14.6% (4111634436585/28237773109178) | 2332.1M/s | ETA 2:52:25 | best -
[b2=29 b1=27 GPU] stage  14.6% (4116466274793/28237773109178) | 2327.6M/s | ETA 2:52:43 | best -
[b2=29 b1=27 GPU] stage  14.6% (4121298113001/28237773109178) | 2330.5M/s | ETA 2:52:28 | best -
[b2=29 b1=27 GPU] stage  14.6% (4126129951209/28237773109178) | 2331.7M/s | ETA 2:52:20 | best -
[b2=29 b1=27 GPU] stage  14.6% (4130961789417/28237773109178) | 2324.8M/s | ETA 2:52:49 | best -
[b2=29 b1=27 GPU] stage  14.6% (4135793627625/28237773109178) | 2322.7M/s | ETA 2:52:56 | best -
[b2=29 b1=27 GPU] stage  14.7% (4140625465833/28237773109178) | 2323.6M/s | ETA 2:52:50 | best -
[b2=29 b1=27 GPU] stage  14.7% (4145457304041/28237773109178) | 2332.8M/s | ETA 2:52:07 | best -
[b2=29 b1=27 GPU] stage  14.7% (4150289142249/28237773109178) | 2333.0M/s | ETA 2:52:04 | best -
[b2=29 b1=27 GPU] stage  14.7% (4155120980457/28237773109178) | 2328.5M/s | ETA 2:52:22 | best -
[b2=29 b1=27 GPU] stage  14.7% (4159952818665/28237773109178) | 2332.7M/s | ETA 2:52:01 | best -
[b2=29 b1=27 GPU] stage  14.7% (4164784656873/28237773109178) | 2332.3M/s | ETA 2:52:01 | best -
[b2=29 b1=27 GPU] stage  14.8% (4169616495081/28237773109178) | 2329.2M/s | ETA 2:52:13 | best -
[b2=29 b1=27 GPU] stage  14.8% (4174448333289/28237773109178) | 2333.2M/s | ETA 2:51:53 | best -
[b2=29 b1=27 GPU] stage  14.8% (4179280171497/28237773109178) | 2330.3M/s | ETA 2:52:04 | best -
[b2=29 b1=27 GPU] stage  14.8% (4184112009705/28237773109178) | 2331.5M/s | ETA 2:51:56 | best -
[b2=29 b1=27 GPU] stage  14.8% (4188943847913/28237773109178) | 2332.8M/s | ETA 2:51:49 | best -
[b2=29 b1=27 GPU] stage  14.9% (4193775686121/28237773109178) | 2331.1M/s | ETA 2:51:54 | best -
[b2=29 b1=27 GPU] stage  14.9% (4198607524329/28237773109178) | 2331.8M/s | ETA 2:51:49 | best -
[b2=29 b1=27 GPU] stage  14.9% (4203439362537/28237773109178) | 2328.9M/s | ETA 2:52:00 | best -
[b2=29 b1=27 GPU] stage  14.9% (4208271200745/28237773109178) | 2329.3M/s | ETA 2:51:56 | best -
[b2=29 b1=27 GPU] stage  14.9% (4213103038953/28237773109178) | 2331.7M/s | ETA 2:51:43 | best -
[b2=29 b1=27 GPU] stage  14.9% (4217934877161/28237773109178) | 2332.7M/s | ETA 2:51:36 | best -
[b2=29 b1=27 GPU] stage  15.0% (4222766715369/28237773109178) | 2328.6M/s | ETA 2:51:53 | best -
[b2=29 b1=27 GPU] stage  15.0% (4227598553577/28237773109178) | 2334.7M/s | ETA 2:51:24 | best -
[b2=29 b1=27 GPU] stage  15.0% (4232430391785/28237773109178) | 2331.2M/s | ETA 2:51:37 | best -
[b2=29 b1=27 GPU] stage  15.0% (4237262229993/28237773109178) | 2332.5M/s | ETA 2:51:29 | best -
[b2=29 b1=27 GPU] stage  15.0% (4242094068201/28237773109178) | 2315.5M/s | ETA 2:52:43 | best -
[b2=29 b1=27 GPU] stage  15.0% (4246657470953/28237773109178) | 2279.7M/s | ETA 2:55:23 | best -
[b2=29 b1=27 GPU] stage  15.1% (4251489309161/28237773109178) | 2331.3M/s | ETA 2:51:28 | best -
[b2=29 b1=27 GPU] stage  15.1% (4256321147369/28237773109178) | 2329.6M/s | ETA 2:51:34 | best -
[b2=29 b1=27 GPU] stage  15.1% (4261152985577/28237773109178) | 2276.3M/s | ETA 2:55:33 | best -
[b2=29 b1=27 GPU] stage  15.1% (4265984823785/28237773109178) | 2335.0M/s | ETA 2:51:06 | best -
[b2=29 b1=27 GPU] stage  15.1% (4270548226537/28237773109178) | 2275.7M/s | ETA 2:55:31 | best -
[b2=29 b1=27 GPU] stage  15.1% (4275380064745/28237773109178) | 2326.8M/s | ETA 2:51:38 | best -
[b2=29 b1=27 GPU] stage  15.2% (4280211902953/28237773109178) | 2330.2M/s | ETA 2:51:21 | best -
[b2=29 b1=27 GPU] stage  15.2% (4285043741161/28237773109178) | 2330.6M/s | ETA 2:51:17 | best -
[b2=29 b1=27 GPU] stage  15.2% (4289875579369/28237773109178) | 2331.5M/s | ETA 2:51:11 | best -
[b2=29 b1=27 GPU] stage  15.2% (4294707417577/28237773109178) | 2332.2M/s | ETA 2:51:06 | best -
[b2=29 b1=27 GPU] stage  15.2% (4299539255785/28237773109178) | 2328.6M/s | ETA 2:51:20 | best -
[b2=29 b1=27 GPU] stage  15.2% (4304371093993/28237773109178) | 2328.4M/s | ETA 2:51:18 | best -
[b2=29 b1=27 GPU] stage  15.3% (4308934496745/28237773109178) | 2259.4M/s | ETA 2:56:30 | best -
[b2=29 b1=27 GPU] stage  15.3% (4313766334953/28237773109178) | 2327.6M/s | ETA 2:51:18 | best -
[b2=29 b1=27 GPU] stage  15.3% (4318329737705/28237773109178) | 2248.6M/s | ETA 2:57:17 | best -
[b2=29 b1=27 GPU] stage  15.3% (4322893140457/28237773109178) | 2315.3M/s | ETA 2:52:09 | best -
[b2=29 b1=27 GPU] stage  15.3% (4327724978665/28237773109178) | 2330.6M/s | ETA 2:50:59 | best -
[b2=29 b1=27 GPU] stage  15.3% (4332556816873/28237773109178) | 2318.8M/s | ETA 2:51:49 | best -
[b2=29 b1=27 GPU] stage  15.4% (4337388655081/28237773109178) | 2326.3M/s | ETA 2:51:14 | best -
[b2=29 b1=27 GPU] stage  15.4% (4342220493289/28237773109178) | 2330.1M/s | ETA 2:50:55 | best -
[b2=29 b1=27 GPU] stage  15.4% (4347052331497/28237773109178) | 2327.1M/s | ETA 2:51:06 | best -
[b2=29 b1=27 GPU] stage  15.4% (4351884169705/28237773109178) | 2314.3M/s | ETA 2:52:00 | best -
[b2=29 b1=27 GPU] stage  15.4% (4356716007913/28237773109178) | 2332.5M/s | ETA 2:50:38 | best -
[b2=29 b1=27 GPU] stage  15.4% (4361547846121/28237773109178) | 2269.3M/s | ETA 2:55:21 | best -
[b2=29 b1=27 GPU] stage  15.5% (4366379684329/28237773109178) | 2327.9M/s | ETA 2:50:54 | best -
[b2=29 b1=27 GPU] stage  15.5% (4371211522537/28237773109178) | 2329.8M/s | ETA 2:50:44 | best -
[b2=29 b1=27 GPU] stage  15.5% (4376043360745/28237773109178) | 2282.8M/s | ETA 2:54:12 | best -
[b2=29 b1=27 GPU] stage  15.5% (4380606763497/28237773109178) | 2277.4M/s | ETA 2:54:35 | best -
[b2=29 b1=27 GPU] stage  15.5% (4385438601705/28237773109178) | 2317.8M/s | ETA 2:51:30 | best -
[b2=29 b1=27 GPU] stage  15.5% (4390270439913/28237773109178) | 2331.4M/s | ETA 2:50:28 | best -
[b2=29 b1=27 GPU] stage  15.6% (4395102278121/28237773109178) | 2287.7M/s | ETA 2:53:42 | best -
[b2=29 b1=27 GPU] stage  15.6% (4399934116329/28237773109178) | 2326.1M/s | ETA 2:50:48 | best -
[b2=29 b1=27 GPU] stage  15.6% (4404765954537/28237773109178) | 2331.2M/s | ETA 2:50:23 | best -
[b2=29 b1=27 GPU] stage  15.6% (4409597792745/28237773109178) | 2294.7M/s | ETA 2:53:03 | best -
[b2=29 b1=27 GPU] stage  15.6% (4414429630953/28237773109178) | 2331.1M/s | ETA 2:50:19 | best -
[b2=29 b1=27 GPU] stage  15.7% (4419261469161/28237773109178) | 2306.8M/s | ETA 2:52:05 | best -
[b2=29 b1=27 GPU] stage  15.7% (4424093307369/28237773109178) | 2306.6M/s | ETA 2:52:03 | best -
[b2=29 b1=27 GPU] stage  15.7% (4428925145577/28237773109178) | 2305.3M/s | ETA 2:52:07 | best -
[b2=29 b1=27 GPU] stage  15.7% (4433488548329/28237773109178) | 2295.4M/s | ETA 2:52:50 | best -
[b2=29 b1=27 GPU] stage  15.7% (4438320386537/28237773109178) | 2332.7M/s | ETA 2:50:02 | best -
[b2=29 b1=27 GPU] stage  15.7% (4443152224745/28237773109178) | 2331.1M/s | ETA 2:50:07 | best -
[b2=29 b1=27 GPU] stage  15.8% (4447984062953/28237773109178) | 2331.3M/s | ETA 2:50:04 | best -
[b2=29 b1=27 GPU] stage  15.8% (4452815901161/28237773109178) | 2334.9M/s | ETA 2:49:46 | best -
[b2=29 b1=27 GPU] stage  15.8% (4457647739369/28237773109178) | 2328.3M/s | ETA 2:50:13 | best -
[b2=29 b1=27 GPU] stage  15.8% (4462479577577/28237773109178) | 2331.5M/s | ETA 2:49:57 | best -
[b2=29 b1=27 GPU] stage  15.8% (4467311415785/28237773109178) | 2333.2M/s | ETA 2:49:47 | best -
[b2=29 b1=27 GPU] stage  15.8% (4472143253993/28237773109178) | 2328.1M/s | ETA 2:50:08 | best -
[b2=29 b1=27 GPU] stage  15.9% (4476975092201/28237773109178) | 2319.7M/s | ETA 2:50:43 | best -
[b2=29 b1=27 GPU] stage  15.9% (4481806930409/28237773109178) | 2329.7M/s | ETA 2:49:57 | best -
[b2=29 b1=27 GPU] stage  15.9% (4486638768617/28237773109178) | 2331.8M/s | ETA 2:49:45 | best -
[b2=29 b1=27 GPU] stage  15.9% (4490933735913/28237773109178) | 1714.2M/s | ETA 3:50:53 | best -
[b2=29 b1=27 GPU] stage  15.9% (4492812784105/28237773109178) | 903.0M/s | ETA 7:18:16 | best -
[b2=29 b1=27 GPU] stage  15.9% (4494691832297/28237773109178) | 831.4M/s | ETA 7:55:59 | best -
[b2=29 b1=27 GPU] stage  15.9% (4496570880489/28237773109178) | 818.3M/s | ETA 8:03:34 | best -
[b2=29 b1=27 GPU] stage  15.9% (4498449928681/28237773109178) | 818.1M/s | ETA 8:03:35 | best -
[b2=29 b1=27 GPU] stage  15.9% (4500328976873/28237773109178) | 818.4M/s | ETA 8:03:23 | best -
[b2=29 b1=27 GPU] stage  15.9% (4502208025065/28237773109178) | 819.0M/s | ETA 8:03:00 | best -
[b2=29 b1=27 GPU] stage  16.0% (4504087073257/28237773109178) | 818.6M/s | ETA 8:03:11 | best -
[b2=29 b1=27 GPU] stage  16.0% (4505966121449/28237773109178) | 818.4M/s | ETA 8:03:18 | best -
[b2=29 b1=27 GPU] stage  16.0% (4507845169641/28237773109178) | 822.1M/s | ETA 8:01:06 | best -
[b2=29 b1=27 GPU] stage  16.0% (4509724217833/28237773109178) | 837.8M/s | ETA 7:52:03 | best -
[b2=29 b1=27 GPU] stage  16.0% (4511603266025/28237773109178) | 839.0M/s | ETA 7:51:18 | best -
[b2=29 b1=27 GPU] stage  16.0% (4513482314217/28237773109178) | 831.8M/s | ETA 7:55:21 | best -
[b2=29 b1=27 GPU] stage  16.0% (4515361362409/28237773109178) | 815.7M/s | ETA 8:04:42 | best -
[b2=29 b1=27 GPU] stage  16.0% (4517240410601/28237773109178) | 835.2M/s | ETA 7:53:20 | best -
[b2=29 b1=27 GPU] stage  16.0% (4519119458793/28237773109178) | 839.8M/s | ETA 7:50:44 | best -
[b2=29 b1=27 GPU] stage  16.0% (4520998506985/28237773109178) | 839.2M/s | ETA 7:51:02 | best -
[b2=29 b1=27 GPU] stage  16.0% (4522877555177/28237773109178) | 811.5M/s | ETA 8:07:02 | best -
[b2=29 b1=27 GPU] stage  16.0% (4524756603369/28237773109178) | 828.2M/s | ETA 7:57:10 | best -
[b2=29 b1=27 GPU] stage  16.0% (4526635651561/28237773109178) | 825.2M/s | ETA 7:58:53 | best -
[b2=29 b1=27 GPU] stage  16.0% (4528514699753/28237773109178) | 837.1M/s | ETA 7:52:01 | best -
[b2=29 b1=27 GPU] stage  16.0% (4530393747945/28237773109178) | 814.4M/s | ETA 8:05:10 | best -
[b2=29 b1=27 GPU] stage  16.1% (4532272796137/28237773109178) | 833.8M/s | ETA 7:53:52 | best -
[b2=29 b1=27 GPU] stage  16.1% (4534151844329/28237773109178) | 825.1M/s | ETA 7:58:47 | best -
[b2=29 b1=27 GPU] stage  16.1% (4536030892521/28237773109178) | 837.6M/s | ETA 7:51:38 | best -
[b2=29 b1=27 GPU] stage  16.1% (4537909940713/28237773109178) | 839.3M/s | ETA 7:50:39 | best -
[b2=29 b1=27 GPU] stage  16.1% (4539788988905/28237773109178) | 838.9M/s | ETA 7:50:50 | best -
[b2=29 b1=27 GPU] stage  16.1% (4541668037097/28237773109178) | 838.7M/s | ETA 7:50:53 | best -
[b2=29 b1=27 GPU] stage  16.1% (4543547085289/28237773109178) | 819.5M/s | ETA 8:01:52 | best -
[b2=29 b1=27 GPU] stage  16.1% (4545426133481/28237773109178) | 818.4M/s | ETA 8:02:28 | best -
[b2=29 b1=27 GPU] stage  16.1% (4547305181673/28237773109178) | 825.4M/s | ETA 7:58:22 | best -
[b2=29 b1=27 GPU] stage  16.1% (4549184229865/28237773109178) | 819.3M/s | ETA 8:01:53 | best -
[b2=29 b1=27 GPU] stage  16.1% (4550794842601/28237773109178) | 803.9M/s | ETA 8:11:06 | best -
[b2=29 b1=27 GPU] stage  16.1% (4552673890793/28237773109178) | 808.3M/s | ETA 8:08:21 | best -
[b2=29 b1=27 GPU] stage  16.1% (4554284503529/28237773109178) | 814.7M/s | ETA 8:04:29 | best -
[b2=29 b1=27 GPU] stage  16.1% (4556163551721/28237773109178) | 821.3M/s | ETA 8:00:35 | best -
[b2=29 b1=27 GPU] stage  16.1% (4558042599913/28237773109178) | 818.9M/s | ETA 8:01:57 | best -
[b2=29 b1=27 GPU] stage  16.1% (4559921648105/28237773109178) | 824.0M/s | ETA 7:58:56 | best -
[b2=29 b1=27 GPU] stage  16.2% (4561800696297/28237773109178) | 837.8M/s | ETA 7:50:58 | best -
[b2=29 b1=27 GPU] stage  16.2% (4563679744489/28237773109178) | 822.3M/s | ETA 7:59:50 | best -
[b2=29 b1=27 GPU] stage  16.2% (4565558792681/28237773109178) | 837.3M/s | ETA 7:51:12 | best -
[b2=29 b1=27 GPU] stage  16.2% (4567437840873/28237773109178) | 838.9M/s | ETA 7:50:17 | best -
[b2=29 b1=27 GPU] stage  16.2% (4569316889065/28237773109178) | 839.1M/s | ETA 7:50:06 | best -
[b2=29 b1=27 GPU] stage  16.2% (4571195937257/28237773109178) | 831.4M/s | ETA 7:54:25 | best -
[b2=29 b1=27 GPU] stage  16.2% (4573074985449/28237773109178) | 817.3M/s | ETA 8:02:33 | best -
[b2=29 b1=27 GPU] stage  16.2% (4574954033641/28237773109178) | 835.7M/s | ETA 7:51:54 | best -
[b2=29 b1=27 GPU] stage  16.2% (4576833081833/28237773109178) | 817.8M/s | ETA 8:02:11 | best -
[b2=29 b1=27 GPU] stage  16.2% (4578712130025/28237773109178) | 833.0M/s | ETA 7:53:21 | best -
[b2=29 b1=27 GPU] stage  16.2% (4580591178217/28237773109178) | 824.1M/s | ETA 7:58:26 | best -
[b2=29 b1=27 GPU] stage  16.2% (4582470226409/28237773109178) | 825.4M/s | ETA 7:57:37 | best -
[b2=29 b1=27 GPU] stage  16.2% (4584349274601/28237773109178) | 837.0M/s | ETA 7:50:59 | best -
[b2=29 b1=27 GPU] stage  16.2% (4586228322793/28237773109178) | 838.7M/s | ETA 7:49:59 | best -
[b2=29 b1=27 GPU] stage  16.2% (4588107370985/28237773109178) | 839.1M/s | ETA 7:49:42 | best -
[b2=29 b1=27 GPU] stage  16.3% (4589986419177/28237773109178) | 839.4M/s | ETA 7:49:32 | best -
[b2=29 b1=27 GPU] stage  16.3% (4591865467369/28237773109178) | 839.8M/s | ETA 7:49:16 | best -
[b2=29 b1=27 GPU] stage  16.3% (4593744515561/28237773109178) | 839.3M/s | ETA 7:49:32 | best -
[b2=29 b1=27 GPU] stage  16.3% (4595623563753/28237773109178) | 839.3M/s | ETA 7:49:28 | best -
[b2=29 b1=27 GPU] stage  16.3% (4597502611945/28237773109178) | 839.1M/s | ETA 7:49:33 | best -
[b2=29 b1=27 GPU] stage  16.3% (4599381660137/28237773109178) | 839.3M/s | ETA 7:49:24 | best -
[b2=29 b1=27 GPU] stage  16.3% (4601260708329/28237773109178) | 839.1M/s | ETA 7:49:28 | best -
[b2=29 b1=27 GPU] stage  16.3% (4603139756521/28237773109178) | 824.6M/s | ETA 7:57:40 | best -
[b2=29 b1=27 GPU] stage  16.3% (4605018804713/28237773109178) | 829.0M/s | ETA 7:55:06 | best -
[b2=29 b1=27 GPU] stage  16.3% (4606897852905/28237773109178) | 838.4M/s | ETA 7:49:46 | best -
[b2=29 b1=27 GPU] stage  16.3% (4608776901097/28237773109178) | 838.9M/s | ETA 7:49:27 | best -
[b2=29 b1=27 GPU] stage  16.3% (4610655949289/28237773109178) | 839.2M/s | ETA 7:49:15 | best -
[b2=29 b1=27 GPU] stage  16.3% (4612534997481/28237773109178) | 839.0M/s | ETA 7:49:19 | best -
[b2=29 b1=27 GPU] stage  16.3% (4614414045673/28237773109178) | 826.7M/s | ETA 7:56:16 | best -
[b2=29 b1=27 GPU] stage  16.3% (4616293093865/28237773109178) | 830.6M/s | ETA 7:54:00 | best -
[b2=29 b1=27 GPU] stage  16.4% (4618172142057/28237773109178) | 834.7M/s | ETA 7:51:35 | best -
[b2=29 b1=27 GPU] stage  16.4% (4620051190249/28237773109178) | 839.0M/s | ETA 7:49:10 | best -
[b2=29 b1=27 GPU] stage  16.4% (4621930238441/28237773109178) | 835.2M/s | ETA 7:51:14 | best -
[b2=29 b1=27 GPU] stage  16.4% (4623809286633/28237773109178) | 813.7M/s | ETA 8:03:41 | best -
[b2=29 b1=27 GPU] stage  16.4% (4625688334825/28237773109178) | 817.8M/s | ETA 8:01:12 | best -
[b2=29 b1=27 GPU] stage  16.4% (4627567383017/28237773109178) | 818.0M/s | ETA 8:01:01 | best -
[b2=29 b1=27 GPU] stage  16.4% (4629446431209/28237773109178) | 817.3M/s | ETA 8:01:24 | best -
[b2=29 b1=27 GPU] stage  16.4% (4631057043945/28237773109178) | 806.1M/s | ETA 8:08:05 | best -
[b2=29 b1=27 GPU] stage  16.4% (4632936092137/28237773109178) | 835.4M/s | ETA 7:50:56 | best -
[b2=29 b1=27 GPU] stage  16.4% (4634815140329/28237773109178) | 838.9M/s | ETA 7:48:56 | best -
[b2=29 b1=27 GPU] stage  16.4% (4636694188521/28237773109178) | 822.1M/s | ETA 7:58:26 | best -
[b2=29 b1=27 GPU] stage  16.4% (4638573236713/28237773109178) | 820.1M/s | ETA 7:59:34 | best -
[b2=29 b1=27 GPU] stage  16.4% (4640452284905/28237773109178) | 816.3M/s | ETA 8:01:48 | best -
[b2=29 b1=27 GPU] stage  16.4% (4642331333097/28237773109178) | 829.9M/s | ETA 7:53:50 | best -
[b2=29 b1=27 GPU] stage  16.4% (4644210381289/28237773109178) | 830.0M/s | ETA 7:53:46 | best -
[b2=29 b1=27 GPU] stage  16.5% (4645820994025/28237773109178) | 810.0M/s | ETA 8:05:27 | best -
[b2=29 b1=27 GPU] stage  16.5% (4647700042217/28237773109178) | 833.9M/s | ETA 7:51:28 | best -
[b2=29 b1=27 GPU] stage  16.5% (4649579090409/28237773109178) | 825.4M/s | ETA 7:56:18 | best -
[b2=29 b1=27 GPU] stage  16.5% (4651458138601/28237773109178) | 838.2M/s | ETA 7:48:58 | best -
[b2=29 b1=27 GPU] stage  16.5% (4653337186793/28237773109178) | 839.5M/s | ETA 7:48:12 | best -
[b2=29 b1=27 GPU] stage  16.5% (4655216234985/28237773109178) | 839.7M/s | ETA 7:48:04 | best -
[b2=29 b1=27 GPU] stage  16.5% (4657095283177/28237773109178) | 839.4M/s | ETA 7:48:13 | best -
[b2=29 b1=27 GPU] stage  16.5% (4658974331369/28237773109178) | 838.9M/s | ETA 7:48:26 | best -
[b2=29 b1=27 GPU] stage  16.5% (4660853379561/28237773109178) | 839.3M/s | ETA 7:48:09 | best -
[b2=29 b1=27 GPU] stage  16.5% (4662732427753/28237773109178) | 839.5M/s | ETA 7:48:02 | best -
[b2=29 b1=27 GPU] stage  16.5% (4664611475945/28237773109178) | 839.1M/s | ETA 7:48:12 | best -
[b2=29 b1=27 GPU] stage  16.5% (4666490524137/28237773109178) | 834.5M/s | ETA 7:50:45 | best -
[b2=29 b1=27 GPU] stage  16.5% (4668369572329/28237773109178) | 822.3M/s | ETA 7:57:41 | best -
[b2=29 b1=27 GPU] stage  16.5% (4670248620521/28237773109178) | 825.8M/s | ETA 7:55:39 | best -
[b2=29 b1=27 GPU] stage  16.5% (4672127668713/28237773109178) | 837.1M/s | ETA 7:49:12 | best -
[b2=29 b1=27 GPU] stage  16.6% (4674006716905/28237773109178) | 830.3M/s | ETA 7:52:58 | best -
[b2=29 b1=27 GPU] stage  16.6% (4675885765097/28237773109178) | 814.0M/s | ETA 8:02:25 | best -
[b2=29 b1=27 GPU] stage  16.6% (4677764813289/28237773109178) | 832.5M/s | ETA 7:51:38 | best -
[b2=29 b1=27 GPU] stage  16.6% (4679643861481/28237773109178) | 838.5M/s | ETA 7:48:15 | best -
[b2=29 b1=27 GPU] stage  16.6% (4681522909673/28237773109178) | 820.0M/s | ETA 7:58:46 | best -
[b2=29 b1=27 GPU] stage  16.6% (4683401957865/28237773109178) | 837.4M/s | ETA 7:48:47 | best -
[b2=29 b1=27 GPU] stage  16.6% (4685281006057/28237773109178) | 838.7M/s | ETA 7:48:00 | best -
[b2=29 b1=27 GPU] stage  16.6% (4687160054249/28237773109178) | 838.4M/s | ETA 7:48:10 | best -
[b2=29 b1=27 GPU] stage  16.6% (4689039102441/28237773109178) | 814.4M/s | ETA 8:01:57 | best -
[b2=29 b1=27 GPU] stage  16.6% (4690918150633/28237773109178) | 834.8M/s | ETA 7:50:06 | best -
[b2=29 b1=27 GPU] stage  16.6% (4692797198825/28237773109178) | 832.4M/s | ETA 7:51:26 | best -
[b2=29 b1=27 GPU] stage  16.6% (4694676247017/28237773109178) | 826.8M/s | ETA 7:54:34 | best -
[b2=29 b1=27 GPU] stage  16.6% (4696555295209/28237773109178) | 838.4M/s | ETA 7:47:57 | best -
[b2=29 b1=27 GPU] stage  16.6% (4698434343401/28237773109178) | 839.6M/s | ETA 7:47:16 | best -
[b2=29 b1=27 GPU] stage  16.6% (4700313391593/28237773109178) | 839.2M/s | ETA 7:47:27 | best -
[b2=29 b1=27 GPU] stage  16.7% (4702192439785/28237773109178) | 839.1M/s | ETA 7:47:28 | best -
[b2=29 b1=27 GPU] stage  16.7% (4704071487977/28237773109178) | 839.3M/s | ETA 7:47:19 | best -
[b2=29 b1=27 GPU] stage  16.7% (4705950536169/28237773109178) | 839.7M/s | ETA 7:47:04 | best -
[b2=29 b1=27 GPU] stage  16.7% (4707829584361/28237773109178) | 839.2M/s | ETA 7:47:19 | best -
[b2=29 b1=27 GPU] stage  16.7% (4709708632553/28237773109178) | 839.8M/s | ETA 7:46:55 | best -
[b2=29 b1=27 GPU] stage  16.7% (4711587680745/28237773109178) | 839.6M/s | ETA 7:47:01 | best -
[b2=29 b1=27 GPU] stage  16.7% (4713466728937/28237773109178) | 839.5M/s | ETA 7:47:02 | best -
[b2=29 b1=27 GPU] stage  16.7% (4715345777129/28237773109178) | 839.5M/s | ETA 7:46:59 | best -
[b2=29 b1=27 GPU] stage  16.7% (4717224825321/28237773109178) | 839.0M/s | ETA 7:47:15 | best -
[b2=29 b1=27 GPU] stage  16.7% (4719103873513/28237773109178) | 839.1M/s | ETA 7:47:09 | best -
[b2=29 b1=27 GPU] stage  16.7% (4720982921705/28237773109178) | 839.0M/s | ETA 7:47:08 | best -
[b2=29 b1=27 GPU] stage  16.7% (4722861969897/28237773109178) | 839.1M/s | ETA 7:47:02 | best -
[b2=29 b1=27 GPU] stage  16.7% (4724741018089/28237773109178) | 839.5M/s | ETA 7:46:49 | best -
[b2=29 b1=27 GPU] stage  16.7% (4726351630825/28237773109178) | 801.7M/s | ETA 8:08:46 | best -
[b2=29 b1=27 GPU] stage  16.7% (4728230679017/28237773109178) | 826.9M/s | ETA 7:53:50 | best -
[b2=29 b1=27 GPU] stage  16.8% (4730109727209/28237773109178) | 832.0M/s | ETA 7:50:53 | best -
[b2=29 b1=27 GPU] stage  16.8% (4731988775401/28237773109178) | 835.3M/s | ETA 7:49:01 | best -
[b2=29 b1=27 GPU] stage  16.8% (4733867823593/28237773109178) | 834.5M/s | ETA 7:49:24 | best -
[b2=29 b1=27 GPU] stage  16.8% (4735746871785/28237773109178) | 834.3M/s | ETA 7:49:29 | best -
[b2=29 b1=27 GPU] stage  16.8% (4737625919977/28237773109178) | 834.4M/s | ETA 7:49:23 | best -
[b2=29 b1=27 GPU] stage  16.8% (4739504968169/28237773109178) | 836.6M/s | ETA 7:48:06 | best -
[b2=29 b1=27 GPU] stage  16.8% (4741384016361/28237773109178) | 836.5M/s | ETA 7:48:09 | best -
[b2=29 b1=27 GPU] stage  16.8% (4743263064553/28237773109178) | 834.6M/s | ETA 7:49:10 | best -
[b2=29 b1=27 GPU] stage  16.8% (4745142112745/28237773109178) | 834.8M/s | ETA 7:49:02 | best -
[b2=29 b1=27 GPU] stage  16.8% (4747021160937/28237773109178) | 835.9M/s | ETA 7:48:21 | best -
[b2=29 b1=27 GPU] stage  16.8% (4748900209129/28237773109178) | 835.1M/s | ETA 7:48:48 | best -
[b2=29 b1=27 GPU] stage  16.8% (4750779257321/28237773109178) | 835.8M/s | ETA 7:48:22 | best -
[b2=29 b1=27 GPU] stage  16.8% (4752658305513/28237773109178) | 835.1M/s | ETA 7:48:41 | best -
[b2=29 b1=27 GPU] stage  16.8% (4754537353705/28237773109178) | 834.2M/s | ETA 7:49:11 | best -
[b2=29 b1=27 GPU] stage  16.8% (4756416401897/28237773109178) | 835.1M/s | ETA 7:48:39 | best -
[b2=29 b1=27 GPU] stage  16.9% (4758295450089/28237773109178) | 834.7M/s | ETA 7:48:50 | best -
[b2=29 b1=27 GPU] stage  16.9% (4760174498281/28237773109178) | 836.2M/s | ETA 7:47:57 | best -
[b2=29 b1=27 GPU] stage  16.9% (4762053546473/28237773109178) | 836.1M/s | ETA 7:47:58 | best -
[b2=29 b1=27 GPU] stage  16.9% (4763932594665/28237773109178) | 835.6M/s | ETA 7:48:12 | best -
[b2=29 b1=27 GPU] stage  16.9% (4765811642857/28237773109178) | 833.7M/s | ETA 7:49:14 | best -
[b2=29 b1=27 GPU] stage  16.9% (4767690691049/28237773109178) | 834.6M/s | ETA 7:48:40 | best -
[b2=29 b1=27 GPU] stage  16.9% (4769569739241/28237773109178) | 835.2M/s | ETA 7:48:19 | best -
[b2=29 b1=27 GPU] stage  16.9% (4771448787433/28237773109178) | 832.9M/s | ETA 7:49:32 | best -
[b2=29 b1=27 GPU] stage  16.9% (4773327835625/28237773109178) | 835.1M/s | ETA 7:48:16 | best -
[b2=29 b1=27 GPU] stage  16.9% (4775206883817/28237773109178) | 837.0M/s | ETA 7:47:10 | best -
[b2=29 b1=27 GPU] stage  16.9% (4777085932009/28237773109178) | 836.0M/s | ETA 7:47:44 | best -
[b2=29 b1=27 GPU] stage  16.9% (4778964980201/28237773109178) | 835.1M/s | ETA 7:48:10 | best -
[b2=29 b1=27 GPU] stage  16.9% (4780844028393/28237773109178) | 833.9M/s | ETA 7:48:50 | best -
[b2=29 b1=27 GPU] stage  16.9% (4782723076585/28237773109178) | 835.4M/s | ETA 7:47:56 | best -
[b2=29 b1=27 GPU] stage  16.9% (4784602124777/28237773109178) | 835.4M/s | ETA 7:47:53 | best -
[b2=29 b1=27 GPU] stage  17.0% (4786481172969/28237773109178) | 809.6M/s | ETA 8:02:45 | best -
[b2=29 b1=27 GPU] stage  17.0% (4788091785705/28237773109178) | 778.0M/s | ETA 8:22:20 | best -
[b2=29 b1=27 GPU] stage  17.0% (4789702398441/28237773109178) | 807.7M/s | ETA 8:03:51 | best -
[b2=29 b1=27 GPU] stage  17.0% (4791581446633/28237773109178) | 820.7M/s | ETA 7:56:09 | best -
[b2=29 b1=27 GPU] stage  17.0% (4793460494825/28237773109178) | 837.3M/s | ETA 7:46:39 | best -
[b2=29 b1=27 GPU] stage  17.0% (4795339543017/28237773109178) | 839.2M/s | ETA 7:45:34 | best -
[b2=29 b1=27 GPU] stage  17.0% (4797218591209/28237773109178) | 837.9M/s | ETA 7:46:15 | best -
[b2=29 b1=27 GPU] stage  17.0% (4799097639401/28237773109178) | 838.6M/s | ETA 7:45:51 | best -
[b2=29 b1=27 GPU] stage  17.0% (4800976687593/28237773109178) | 838.7M/s | ETA 7:45:43 | best -
[b2=29 b1=27 GPU] stage  17.0% (4802855735785/28237773109178) | 836.9M/s | ETA 7:46:43 | best -
[b2=29 b1=27 GPU] stage  17.0% (4804734783977/28237773109178) | 835.5M/s | ETA 7:47:25 | best -
[b2=29 b1=27 GPU] stage  17.0% (4806613832169/28237773109178) | 836.8M/s | ETA 7:46:39 | best -
[b2=29 b1=27 GPU] stage  17.0% (4808492880361/28237773109178) | 838.0M/s | ETA 7:45:59 | best -
[b2=29 b1=27 GPU] stage  17.0% (4810371928553/28237773109178) | 837.7M/s | ETA 7:46:07 | best -
[b2=29 b1=27 GPU] stage  17.0% (4812250976745/28237773109178) | 836.0M/s | ETA 7:47:00 | best -
[b2=29 b1=27 GPU] stage  17.0% (4814130024937/28237773109178) | 837.6M/s | ETA 7:46:05 | best -
[b2=29 b1=27 GPU] stage  17.1% (4816009073129/28237773109178) | 837.4M/s | ETA 7:46:09 | best -
[b2=29 b1=27 GPU] stage  17.1% (4817888121321/28237773109178) | 837.9M/s | ETA 7:45:49 | best -
[b2=29 b1=27 GPU] stage  17.1% (4819767169513/28237773109178) | 835.2M/s | ETA 7:47:19 | best -
[b2=29 b1=27 GPU] stage  17.1% (4821646217705/28237773109178) | 823.5M/s | ETA 7:53:55 | best -
[b2=29 b1=27 GPU] stage  17.1% (4823525265897/28237773109178) | 832.7M/s | ETA 7:48:37 | best -
[b2=29 b1=27 GPU] stage  17.1% (4825404314089/28237773109178) | 829.7M/s | ETA 7:50:18 | best -
[b2=29 b1=27 GPU] stage  17.1% (4827283362281/28237773109178) | 831.2M/s | ETA 7:49:25 | best -
[b2=29 b1=27 GPU] stage  17.1% (4829162410473/28237773109178) | 832.8M/s | ETA 7:48:28 | best -
[b2=29 b1=27 GPU] stage  17.1% (4831041458665/28237773109178) | 830.9M/s | ETA 7:49:29 | best -
[b2=29 b1=27 GPU] stage  17.1% (4832920506857/28237773109178) | 828.9M/s | ETA 7:50:37 | best -
[b2=29 b1=27 GPU] stage  17.1% (4834799555049/28237773109178) | 831.9M/s | ETA 7:48:52 | best -
[b2=29 b1=27 GPU] stage  17.1% (4836678603241/28237773109178) | 830.6M/s | ETA 7:49:32 | best -
[b2=29 b1=27 GPU] stage  17.1% (4838557651433/28237773109178) | 834.3M/s | ETA 7:47:26 | best -
[b2=29 b1=27 GPU] stage  17.1% (4840436699625/28237773109178) | 832.0M/s | ETA 7:48:40 | best -
[b2=29 b1=27 GPU] stage  17.1% (4842315747817/28237773109178) | 830.8M/s | ETA 7:49:20 | best -
[b2=29 b1=27 GPU] stage  17.2% (4844194796009/28237773109178) | 829.7M/s | ETA 7:49:54 | best -
[b2=29 b1=27 GPU] stage  17.2% (4846073844201/28237773109178) | 830.2M/s | ETA 7:49:37 | best -
[b2=29 b1=27 GPU] stage  17.2% (4847952892393/28237773109178) | 830.4M/s | ETA 7:49:28 | best -
[b2=29 b1=27 GPU] stage  17.2% (4849831940585/28237773109178) | 834.3M/s | ETA 7:47:13 | best -
[b2=29 b1=27 GPU] stage  17.2% (4851710988777/28237773109178) | 837.0M/s | ETA 7:45:40 | best -
[b2=29 b1=27 GPU] stage  17.2% (4853590036969/28237773109178) | 818.5M/s | ETA 7:56:08 | best -
[b2=29 b1=27 GPU] stage  17.2% (4855469085161/28237773109178) | 814.5M/s | ETA 7:58:28 | best -
[b2=29 b1=27 GPU] stage  17.2% (4857348133353/28237773109178) | 808.9M/s | ETA 8:01:43 | best -
[b2=29 b1=27 GPU] stage  17.2% (4859227181545/28237773109178) | 817.0M/s | ETA 7:56:53 | best -
[b2=29 b1=27 GPU] stage  17.2% (4861106229737/28237773109178) | 796.8M/s | ETA 8:08:56 | best -
[b2=29 b1=27 GPU] stage  17.2% (4862985277929/28237773109178) | 815.3M/s | ETA 7:57:49 | best -
[b2=29 b1=27 GPU] stage  17.2% (4864864326121/28237773109178) | 817.7M/s | ETA 7:56:23 | best -
[b2=29 b1=27 GPU] stage  17.2% (4866743374313/28237773109178) | 816.3M/s | ETA 7:57:09 | best -
[b2=29 b1=27 GPU] stage  17.2% (4868622422505/28237773109178) | 810.5M/s | ETA 8:00:31 | best -
[b2=29 b1=27 GPU] stage  17.2% (4870501470697/28237773109178) | 817.2M/s | ETA 7:56:32 | best -
[b2=29 b1=27 GPU] stage  17.3% (4872380518889/28237773109178) | 817.9M/s | ETA 7:56:06 | best -
[b2=29 b1=27 GPU] stage  17.3% (4874259567081/28237773109178) | 814.4M/s | ETA 7:58:08 | best -
[b2=29 b1=27 GPU] stage  17.3% (4875870179817/28237773109178) | 804.0M/s | ETA 8:04:17 | best -
[b2=29 b1=27 GPU] stage  17.3% (4877749228009/28237773109178) | 810.3M/s | ETA 8:00:28 | best -
[b2=29 b1=27 GPU] stage  17.3% (4879628276201/28237773109178) | 816.7M/s | ETA 7:56:41 | best -
[b2=29 b1=27 GPU] stage  17.3% (4881507324393/28237773109178) | 813.4M/s | ETA 7:58:33 | best -
[b2=29 b1=27 GPU] stage  17.3% (4883117937129/28237773109178) | 806.1M/s | ETA 8:02:53 | best -
[b2=29 b1=27 GPU] stage  17.3% (4884996985321/28237773109178) | 807.0M/s | ETA 8:02:16 | best -
[b2=29 b1=27 GPU] stage  17.3% (4886876033513/28237773109178) | 809.3M/s | ETA 8:00:52 | best -
[b2=29 b1=27 GPU] stage  17.3% (4888755081705/28237773109178) | 804.8M/s | ETA 8:03:32 | best -
[b2=29 b1=27 GPU] stage  17.3% (4890634129897/28237773109178) | 816.6M/s | ETA 7:56:32 | best -
[b2=29 b1=27 GPU] stage  17.3% (4892513178089/28237773109178) | 812.8M/s | ETA 7:58:42 | best -
[b2=29 b1=27 GPU] stage  17.3% (4894123790825/28237773109178) | 806.3M/s | ETA 8:02:30 | best -
[b2=29 b1=27 GPU] stage  17.3% (4896002839017/28237773109178) | 806.0M/s | ETA 8:02:41 | best -
[b2=29 b1=27 GPU] stage  17.3% (4897881887209/28237773109178) | 810.8M/s | ETA 7:59:47 | best -
[b2=29 b1=27 GPU] stage  17.4% (4899760935401/28237773109178) | 815.0M/s | ETA 7:57:15 | best -
[b2=29 b1=27 GPU] stage  17.4% (4901639983593/28237773109178) | 815.6M/s | ETA 7:56:51 | best -
[b2=29 b1=27 GPU] stage  17.4% (4903519031785/28237773109178) | 816.4M/s | ETA 7:56:20 | best -
[b2=29 b1=27 GPU] stage  17.4% (4905398079977/28237773109178) | 816.6M/s | ETA 7:56:12 | best -
[b2=29 b1=27 GPU] stage  17.4% (4907277128169/28237773109178) | 816.8M/s | ETA 7:56:02 | best -
[b2=29 b1=27 GPU] stage  17.4% (4909156176361/28237773109178) | 829.6M/s | ETA 7:48:40 | best -
[b2=29 b1=27 GPU] stage  17.4% (4911035224553/28237773109178) | 835.3M/s | ETA 7:45:27 | best -
[b2=29 b1=27 GPU] stage  17.4% (4912914272745/28237773109178) | 834.6M/s | ETA 7:45:48 | best -
[b2=29 b1=27 GPU] stage  17.4% (4914793320937/28237773109178) | 835.3M/s | ETA 7:45:20 | best -
[b2=29 b1=27 GPU] stage  17.4% (4916672369129/28237773109178) | 835.2M/s | ETA 7:45:21 | best -
[b2=29 b1=27 GPU] stage  17.4% (4918551417321/28237773109178) | 835.9M/s | ETA 7:44:56 | best -
[b2=29 b1=27 GPU] stage  17.4% (4920430465513/28237773109178) | 836.1M/s | ETA 7:44:47 | best -
[b2=29 b1=27 GPU] stage  17.4% (4922309513705/28237773109178) | 835.1M/s | ETA 7:45:20 | best -
[b2=29 b1=27 GPU] stage  17.4% (4924188561897/28237773109178) | 833.0M/s | ETA 7:46:26 | best -
[b2=29 b1=27 GPU] stage  17.4% (4926067610089/28237773109178) | 833.3M/s | ETA 7:46:15 | best -
[b2=29 b1=27 GPU] stage  17.5% (4927946658281/28237773109178) | 834.8M/s | ETA 7:45:23 | best -
[b2=29 b1=27 GPU] stage  17.5% (4929825706473/28237773109178) | 833.4M/s | ETA 7:46:08 | best -
[b2=29 b1=27 GPU] stage  17.5% (4931704754665/28237773109178) | 835.7M/s | ETA 7:44:49 | best -
[b2=29 b1=27 GPU] stage  17.5% (4933583802857/28237773109178) | 836.0M/s | ETA 7:44:37 | best -
[b2=29 b1=27 GPU] stage  17.5% (4935462851049/28237773109178) | 836.1M/s | ETA 7:44:30 | best -
[b2=29 b1=27 GPU] stage  17.5% (4937341899241/28237773109178) | 833.7M/s | ETA 7:45:49 | best -
[b2=29 b1=27 GPU] stage  17.5% (4939220947433/28237773109178) | 835.5M/s | ETA 7:44:46 | best -
[b2=29 b1=27 GPU] stage  17.5% (4941099995625/28237773109178) | 836.5M/s | ETA 7:44:09 | best -
[b2=29 b1=27 GPU] stage  17.5% (4942979043817/28237773109178) | 836.3M/s | ETA 7:44:13 | best -
[b2=29 b1=27 GPU] stage  17.5% (4944858092009/28237773109178) | 836.7M/s | ETA 7:43:59 | best -
[b2=29 b1=27 GPU] stage  17.5% (4946737140201/28237773109178) | 835.5M/s | ETA 7:44:36 | best -
[b2=29 b1=27 GPU] stage  17.5% (4948616188393/28237773109178) | 816.9M/s | ETA 7:55:10 | best -
[b2=29 b1=27 GPU] stage  17.5% (4950226801129/28237773109178) | 816.2M/s | ETA 7:55:30 | best -
[b2=29 b1=27 GPU] stage  17.5% (4952105849321/28237773109178) | 833.0M/s | ETA 7:45:54 | best -
[b2=29 b1=27 GPU] stage  17.5% (4953984897513/28237773109178) | 830.2M/s | ETA 7:47:26 | best -
[b2=29 b1=27 GPU] stage  17.6% (4955863945705/28237773109178) | 817.9M/s | ETA 7:54:24 | best -
[b2=29 b1=27 GPU] stage  17.6% (4957474558441/28237773109178) | 802.5M/s | ETA 8:03:30 | best -
[b2=29 b1=27 GPU] stage  17.6% (4959353606633/28237773109178) | 802.5M/s | ETA 8:03:25 | best -
[b2=29 b1=27 GPU] stage  17.6% (4960964219369/28237773109178) | 798.1M/s | ETA 8:06:05 | best -
[b2=29 b1=27 GPU] stage  17.6% (4962843267561/28237773109178) | 821.5M/s | ETA 7:52:12 | best -
[b2=29 b1=27 GPU] stage  17.6% (4964453880297/28237773109178) | 803.0M/s | ETA 8:03:03 | best -
[b2=29 b1=27 GPU] stage  17.6% (4966332928489/28237773109178) | 812.9M/s | ETA 7:57:07 | best -
[b2=29 b1=27 GPU] stage  17.6% (4968211976681/28237773109178) | 816.8M/s | ETA 7:54:47 | best -
[b2=29 b1=27 GPU] stage  17.6% (4970091024873/28237773109178) | 825.9M/s | ETA 7:49:31 | best -
[b2=29 b1=27 GPU] stage  17.6% (4971970073065/28237773109178) | 803.4M/s | ETA 8:02:37 | best -
[b2=29 b1=27 GPU] stage  17.6% (4973849121257/28237773109178) | 828.9M/s | ETA 7:47:44 | best -
[b2=29 b1=27 GPU] stage  17.6% (4975728169449/28237773109178) | 838.3M/s | ETA 7:42:30 | best -
[b2=29 b1=27 GPU] stage  17.6% (4977607217641/28237773109178) | 824.8M/s | ETA 7:49:59 | best -
[b2=29 b1=27 GPU] stage  17.6% (4979486265833/28237773109178) | 814.5M/s | ETA 7:55:56 | best -
[b2=29 b1=27 GPU] stage  17.6% (4981365314025/28237773109178) | 813.3M/s | ETA 7:56:35 | best -
[b2=29 b1=27 GPU] stage  17.6% (4982975926761/28237773109178) | 801.8M/s | ETA 8:03:23 | best -
[b2=29 b1=27 GPU] stage  17.7% (4984854974953/28237773109178) | 835.0M/s | ETA 7:44:07 | best -
[b2=29 b1=27 GPU] stage  17.7% (4986734023145/28237773109178) | 838.4M/s | ETA 7:42:11 | best -
[b2=29 b1=27 GPU] stage  17.7% (4988613071337/28237773109178) | 826.4M/s | ETA 7:48:53 | best -
[b2=29 b1=27 GPU] stage  17.7% (4990492119529/28237773109178) | 816.7M/s | ETA 7:54:23 | best -
[b2=29 b1=27 GPU] stage  17.7% (4992371167721/28237773109178) | 816.4M/s | ETA 7:54:32 | best -
[b2=29 b1=27 GPU] stage  17.7% (4994250215913/28237773109178) | 813.3M/s | ETA 7:56:20 | best -
[b2=29 b1=27 GPU] stage  17.7% (4996129264105/28237773109178) | 807.4M/s | ETA 7:59:44 | best -
[b2=29 b1=27 GPU] stage  17.7% (4998008312297/28237773109178) | 835.3M/s | ETA 7:43:41 | best -
[b2=29 b1=27 GPU] stage  17.7% (4999887360489/28237773109178) | 838.7M/s | ETA 7:41:48 | best -
[b2=29 b1=27 GPU] stage  17.7% (5001766408681/28237773109178) | 828.4M/s | ETA 7:47:30 | best -
[b2=29 b1=27 GPU] stage  17.7% (5003645456873/28237773109178) | 809.0M/s | ETA 7:58:40 | best -
[b2=29 b1=27 GPU] stage  17.7% (5005524505065/28237773109178) | 828.3M/s | ETA 7:47:28 | best -
[b2=29 b1=27 GPU] stage  17.7% (5007403553257/28237773109178) | 837.9M/s | ETA 7:42:04 | best -
[b2=29 b1=27 GPU] stage  17.7% (5009282601449/28237773109178) | 838.5M/s | ETA 7:41:41 | best -
[b2=29 b1=27 GPU] stage  17.7% (5011161649641/28237773109178) | 827.0M/s | ETA 7:48:05 | best -
[b2=29 b1=27 GPU] stage  17.8% (5013040697833/28237773109178) | 834.1M/s | ETA 7:44:03 | best -
[b2=29 b1=27 GPU] stage  17.8% (5014919746025/28237773109178) | 838.6M/s | ETA 7:41:33 | best -
[b2=29 b1=27 GPU] stage  17.8% (5016798794217/28237773109178) | 838.9M/s | ETA 7:41:19 | best -
[b2=29 b1=27 GPU] stage  17.8% (5018677842409/28237773109178) | 815.0M/s | ETA 7:54:50 | best -
[b2=29 b1=27 GPU] stage  17.8% (5020556890601/28237773109178) | 822.1M/s | ETA 7:50:40 | best -
[b2=29 b1=27 GPU] stage  17.8% (5022435938793/28237773109178) | 819.0M/s | ETA 7:52:26 | best -
[b2=29 b1=27 GPU] stage  17.8% (5024046551529/28237773109178) | 805.0M/s | ETA 8:00:35 | best -
[b2=29 b1=27 GPU] stage  17.8% (5025657164265/28237773109178) | 791.7M/s | ETA 8:08:38 | best -
[b2=29 b1=27 GPU] stage  17.8% (5027267777001/28237773109178) | 799.5M/s | ETA 8:03:52 | best -
[b2=29 b1=27 GPU] stage  17.8% (5029146825193/28237773109178) | 823.1M/s | ETA 7:49:57 | best -
[b2=29 b1=27 GPU] stage  17.8% (5031025873385/28237773109178) | 836.8M/s | ETA 7:42:11 | best -
[b2=29 b1=27 GPU] stage  17.8% (5032904921577/28237773109178) | 838.8M/s | ETA 7:41:05 | best -
[b2=29 b1=27 GPU] stage  17.8% (5034783969769/28237773109178) | 839.1M/s | ETA 7:40:52 | best -
[b2=29 b1=27 GPU] stage  17.8% (5036663017961/28237773109178) | 810.8M/s | ETA 7:56:54 | best -
[b2=29 b1=27 GPU] stage  17.8% (5038542066153/28237773109178) | 813.2M/s | ETA 7:55:28 | best -
[b2=29 b1=27 GPU] stage  17.8% (5040421114345/28237773109178) | 816.1M/s | ETA 7:53:44 | best -
[b2=29 b1=27 GPU] stage  17.9% (5042300162537/28237773109178) | 816.3M/s | ETA 7:53:34 | best -
[b2=29 b1=27 GPU] stage  17.9% (5044179210729/28237773109178) | 815.1M/s | ETA 7:54:15 | best -
[b2=29 b1=27 GPU] stage  17.9% (5045789823465/28237773109178) | 801.2M/s | ETA 8:02:26 | best -
[b2=29 b1=27 GPU] stage  17.9% (5047668871657/28237773109178) | 810.8M/s | ETA 7:56:42 | best -
[b2=29 b1=27 GPU] stage  17.9% (5049279484393/28237773109178) | 785.3M/s | ETA 8:12:08 | best -
[b2=29 b1=27 GPU] stage  17.9% (5051158532585/28237773109178) | 830.6M/s | ETA 7:45:14 | best -
[b2=29 b1=27 GPU] stage  17.9% (5053037580777/28237773109178) | 794.4M/s | ETA 8:06:25 | best -
[b2=29 b1=27 GPU] stage  17.9% (5054916628969/28237773109178) | 832.6M/s | ETA 7:44:03 | best -
[b2=29 b1=27 GPU] stage  17.9% (5056795677161/28237773109178) | 838.6M/s | ETA 7:40:42 | best -
[b2=29 b1=27 GPU] stage  17.9% (5058674725353/28237773109178) | 839.8M/s | ETA 7:40:02 | best -
[b2=29 b1=27 GPU] stage  17.9% (5060553773545/28237773109178) | 819.1M/s | ETA 7:51:35 | best -
[b2=29 b1=27 GPU] stage  17.9% (5062432821737/28237773109178) | 831.7M/s | ETA 7:44:26 | best -
[b2=29 b1=27 GPU] stage  17.9% (5064311869929/28237773109178) | 820.3M/s | ETA 7:50:49 | best -
[b2=29 b1=27 GPU] stage  17.9% (5066190918121/28237773109178) | 824.3M/s | ETA 7:48:31 | best -
[b2=29 b1=27 GPU] stage  17.9% (5068069966313/28237773109178) | 817.4M/s | ETA 7:52:24 | best -
[b2=29 b1=27 GPU] stage  18.0% (5069949014505/28237773109178) | 812.9M/s | ETA 7:55:00 | best -
[b2=29 b1=27 GPU] stage  18.0% (5071559627241/28237773109178) | 805.4M/s | ETA 7:59:22 | best -
[b2=29 b1=27 GPU] stage  18.0% (5073438675433/28237773109178) | 835.9M/s | ETA 7:41:51 | best -
[b2=29 b1=27 GPU] stage  18.0% (5075317723625/28237773109178) | 838.5M/s | ETA 7:40:25 | best -
[b2=29 b1=27 GPU] stage  18.0% (5077196771817/28237773109178) | 838.5M/s | ETA 7:40:20 | best -
[b2=29 b1=27 GPU] stage  18.0% (5079075820009/28237773109178) | 839.2M/s | ETA 7:39:56 | best -
[b2=29 b1=27 GPU] stage  18.0% (5080954868201/28237773109178) | 822.9M/s | ETA 7:49:00 | best -
[b2=29 b1=27 GPU] stage  18.0% (5082833916393/28237773109178) | 820.6M/s | ETA 7:50:17 | best -
[b2=29 b1=27 GPU] stage  18.0% (5084444529129/28237773109178) | 804.5M/s | ETA 7:59:40 | best -
[b2=29 b1=27 GPU] stage  18.0% (5086055141865/28237773109178) | 798.7M/s | ETA 8:03:06 | best -
[b2=29 b1=27 GPU] stage  18.0% (5087665754601/28237773109178) | 798.5M/s | ETA 8:03:10 | best -
[b2=29 b1=27 GPU] stage  18.0% (5089544802793/28237773109178) | 823.4M/s | ETA 7:48:32 | best -
[b2=29 b1=27 GPU] stage  18.0% (5091423850985/28237773109178) | 835.7M/s | ETA 7:41:36 | best -
[b2=29 b1=27 GPU] stage  18.0% (5093302899177/28237773109178) | 838.7M/s | ETA 7:39:56 | best -
[b2=29 b1=27 GPU] stage  18.0% (5095181947369/28237773109178) | 838.1M/s | ETA 7:40:12 | best -
[b2=29 b1=27 GPU] stage  18.1% (5097060995561/28237773109178) | 836.6M/s | ETA 7:41:00 | best -
[b2=29 b1=27 GPU] stage  18.1% (5098940043753/28237773109178) | 833.9M/s | ETA 7:42:27 | best -
[b2=29 b1=27 GPU] stage  18.1% (5100819091945/28237773109178) | 808.1M/s | ETA 7:57:12 | best -
[b2=29 b1=27 GPU] stage  18.1% (5102429704681/28237773109178) | 806.5M/s | ETA 7:58:05 | best -
[b2=29 b1=27 GPU] stage  18.1% (5104040317417/28237773109178) | 801.9M/s | ETA 8:00:49 | best -
[b2=29 b1=27 GPU] stage  18.1% (5105919365609/28237773109178) | 814.0M/s | ETA 7:53:39 | best -
[b2=29 b1=27 GPU] stage  18.1% (5107529978345/28237773109178) | 790.3M/s | ETA 8:07:48 | best -
[b2=29 b1=27 GPU] stage  18.1% (5109409026537/28237773109178) | 834.7M/s | ETA 7:41:47 | best -
[b2=29 b1=27 GPU] stage  18.1% (5111288074729/28237773109178) | 839.1M/s | ETA 7:39:21 | best -
[b2=29 b1=27 GPU] stage  18.1% (5113167122921/28237773109178) | 836.6M/s | ETA 7:40:40 | best -
[b2=29 b1=27 GPU] stage  18.1% (5115046171113/28237773109178) | 828.9M/s | ETA 7:44:56 | best -
[b2=29 b1=27 GPU] stage  18.1% (5116925219305/28237773109178) | 815.0M/s | ETA 7:52:50 | best -
[b2=29 b1=27 GPU] stage  18.1% (5118804267497/28237773109178) | 808.5M/s | ETA 7:56:36 | best -
[b2=29 b1=27 GPU] stage  18.1% (5120414880233/28237773109178) | 813.7M/s | ETA 7:53:28 | best -
[b2=29 b1=27 GPU] stage  18.1% (5122025492969/28237773109178) | 801.1M/s | ETA 8:00:53 | best -
[b2=29 b1=27 GPU] stage  18.1% (5123636105705/28237773109178) | 797.5M/s | ETA 8:03:03 | best -
[b2=29 b1=27 GPU] stage  18.2% (5125515153897/28237773109178) | 817.8M/s | ETA 7:51:02 | best -
[b2=29 b1=27 GPU] stage  18.2% (5127394202089/28237773109178) | 821.7M/s | ETA 7:48:43 | best -
[b2=29 b1=27 GPU] stage  18.2% (5129273250281/28237773109178) | 831.6M/s | ETA 7:43:07 | best -
[b2=29 b1=27 GPU] stage  18.2% (5131152298473/28237773109178) | 809.0M/s | ETA 7:56:03 | best -
[b2=29 b1=27 GPU] stage  18.2% (5133031346665/28237773109178) | 825.4M/s | ETA 7:46:32 | best -
[b2=29 b1=27 GPU] stage  18.2% (5134910394857/28237773109178) | 832.3M/s | ETA 7:42:38 | best -
[b2=29 b1=27 GPU] stage  18.2% (5136789443049/28237773109178) | 835.7M/s | ETA 7:40:41 | best -
[b2=29 b1=27 GPU] stage  18.2% (5138668491241/28237773109178) | 834.1M/s | ETA 7:41:33 | best -
[b2=29 b1=27 GPU] stage  18.2% (5140547539433/28237773109178) | 803.2M/s | ETA 7:59:18 | best -
[b2=29 b1=27 GPU] stage  18.2% (5142426587625/28237773109178) | 818.1M/s | ETA 7:50:29 | best -
[b2=29 b1=27 GPU] stage  18.2% (5144305635817/28237773109178) | 836.0M/s | ETA 7:40:22 | best -
[b2=29 b1=27 GPU] stage  18.2% (5146184684009/28237773109178) | 839.1M/s | ETA 7:38:39 | best -
[b2=29 b1=27 GPU] stage  18.2% (5148063732201/28237773109178) | 839.4M/s | ETA 7:38:28 | best -
[b2=29 b1=27 GPU] stage  18.2% (5149942780393/28237773109178) | 839.5M/s | ETA 7:38:23 | best -
[b2=29 b1=27 GPU] stage  18.2% (5151821828585/28237773109178) | 839.2M/s | ETA 7:38:30 | best -
[b2=29 b1=27 GPU] stage  18.3% (5153700876777/28237773109178) | 838.6M/s | ETA 7:38:46 | best -
[b2=29 b1=27 GPU] stage  18.3% (5155579924969/28237773109178) | 839.1M/s | ETA 7:38:29 | best -
[b2=29 b1=27 GPU] stage  18.3% (5157458973161/28237773109178) | 839.1M/s | ETA 7:38:24 | best -
[b2=29 b1=27 GPU] stage  18.3% (5159338021353/28237773109178) | 811.2M/s | ETA 7:54:09 | best -
[b2=29 b1=27 GPU] stage  18.3% (5161217069545/28237773109178) | 827.6M/s | ETA 7:44:44 | best -
[b2=29 b1=27 GPU] stage  18.3% (5163096117737/28237773109178) | 817.4M/s | ETA 7:50:29 | best -
[b2=29 b1=27 GPU] stage  18.3% (5164975165929/28237773109178) | 813.4M/s | ETA 7:52:46 | best -
[b2=29 b1=27 GPU] stage  18.3% (5166854214121/28237773109178) | 805.1M/s | ETA 7:57:34 | best -
[b2=29 b1=27 GPU] stage  18.3% (5168733262313/28237773109178) | 820.8M/s | ETA 7:48:25 | best -
[b2=29 b1=27 GPU] stage  18.3% (5170612310505/28237773109178) | 822.1M/s | ETA 7:47:39 | best -
[b2=29 b1=27 GPU] stage  18.3% (5172491358697/28237773109178) | 818.6M/s | ETA 7:49:35 | best -
[b2=29 b1=27 GPU] stage  18.3% (5174370406889/28237773109178) | 827.8M/s | ETA 7:44:20 | best -
[b2=29 b1=27 GPU] stage  18.3% (5176249455081/28237773109178) | 831.4M/s | ETA 7:42:17 | best -
[b2=29 b1=27 GPU] stage  18.3% (5178128503273/28237773109178) | 823.6M/s | ETA 7:46:37 | best -
[b2=29 b1=27 GPU] stage  18.3% (5180007551465/28237773109178) | 837.9M/s | ETA 7:38:38 | best -
[b2=29 b1=27 GPU] stage  18.4% (5181886599657/28237773109178) | 839.5M/s | ETA 7:37:42 | best -
[b2=29 b1=27 GPU] stage  18.4% (5183765647849/28237773109178) | 837.7M/s | ETA 7:38:39 | best -
[b2=29 b1=27 GPU] stage  18.4% (5185644696041/28237773109178) | 811.2M/s | ETA 7:53:36 | best -
[b2=29 b1=27 GPU] stage  18.4% (5187523744233/28237773109178) | 825.1M/s | ETA 7:45:37 | best -
[b2=29 b1=27 GPU] stage  18.4% (5189134356969/28237773109178) | 804.0M/s | ETA 7:57:47 | best -
[b2=29 b1=27 GPU] stage  18.4% (5191013405161/28237773109178) | 808.1M/s | ETA 7:55:19 | best -
[b2=29 b1=27 GPU] stage  18.4% (5192892453353/28237773109178) | 834.1M/s | ETA 7:40:29 | best -
[b2=29 b1=27 GPU] stage  18.4% (5194771501545/28237773109178) | 822.0M/s | ETA 7:47:13 | best -
[b2=29 b1=27 GPU] stage  18.4% (5196650549737/28237773109178) | 837.4M/s | ETA 7:38:35 | best -
[b2=29 b1=27 GPU] stage  18.4% (5198529597929/28237773109178) | 838.5M/s | ETA 7:37:55 | best -
[b2=29 b1=27 GPU] stage  18.4% (5200408646121/28237773109178) | 818.8M/s | ETA 7:48:55 | best -
[b2=29 b1=27 GPU] stage  18.4% (5202287694313/28237773109178) | 817.7M/s | ETA 7:49:32 | best -
[b2=29 b1=27 GPU] stage  18.4% (5204166742505/28237773109178) | 818.7M/s | ETA 7:48:55 | best -
[b2=29 b1=27 GPU] stage  18.4% (5205777355241/28237773109178) | 797.0M/s | ETA 8:01:39 | best -
[b2=29 b1=27 GPU] stage  18.4% (5207387967977/28237773109178) | 795.2M/s | ETA 8:02:42 | best -
[b2=29 b1=27 GPU] stage  18.4% (5209267016169/28237773109178) | 833.3M/s | ETA 7:40:36 | best -
[b2=29 b1=27 GPU] stage  18.5% (5211146064361/28237773109178) | 838.9M/s | ETA 7:37:27 | best -
[b2=29 b1=27 GPU] stage  18.5% (5213025112553/28237773109178) | 839.4M/s | ETA 7:37:11 | best -
[b2=29 b1=27 GPU] stage  18.5% (5214904160745/28237773109178) | 839.1M/s | ETA 7:37:16 | best -
[b2=29 b1=27 GPU] stage  18.5% (5216783208937/28237773109178) | 839.0M/s | ETA 7:37:18 | best -
[b2=29 b1=27 GPU] stage  18.5% (5218662257129/28237773109178) | 839.1M/s | ETA 7:37:14 | best -
[b2=29 b1=27 GPU] stage  18.5% (5220541305321/28237773109178) | 831.9M/s | ETA 7:41:08 | best -
[b2=29 b1=27 GPU] stage  18.5% (5222151918057/28237773109178) | 801.5M/s | ETA 7:58:33 | best -
[b2=29 b1=27 GPU] stage  18.5% (5224030966249/28237773109178) | 831.1M/s | ETA 7:41:31 | best -
[b2=29 b1=27 GPU] stage  18.5% (5225910014441/28237773109178) | 838.2M/s | ETA 7:37:33 | best -
[b2=29 b1=27 GPU] stage  18.5% (5227789062633/28237773109178) | 838.8M/s | ETA 7:37:12 | best -
[b2=29 b1=27 GPU] stage  18.5% (5229668110825/28237773109178) | 828.9M/s | ETA 7:42:38 | best -
[b2=29 b1=27 GPU] stage  18.5% (5231278723561/28237773109178) | 802.7M/s | ETA 7:57:39 | best -
[b2=29 b1=27 GPU] stage  18.5% (5233157771753/28237773109178) | 817.1M/s | ETA 7:49:14 | best -
[b2=29 b1=27 GPU] stage  18.5% (5234768384489/28237773109178) | 798.8M/s | ETA 7:59:56 | best -
[b2=29 b1=27 GPU] stage  18.5% (5236647432681/28237773109178) | 833.3M/s | ETA 7:40:02 | best -
[b2=29 b1=27 GPU] stage  18.6% (5238526480873/28237773109178) | 838.6M/s | ETA 7:37:06 | best -
[b2=29 b1=27 GPU] stage  18.6% (5240405529065/28237773109178) | 810.2M/s | ETA 7:53:05 | best -
[b2=29 b1=27 GPU] stage  18.6% (5242016141801/28237773109178) | 798.4M/s | ETA 8:00:03 | best -
[b2=29 b1=27 GPU] stage  18.6% (5243895189993/28237773109178) | 829.2M/s | ETA 7:42:11 | best -
[b2=29 b1=27 GPU] stage  18.6% (5245774238185/28237773109178) | 838.7M/s | ETA 7:36:54 | best -
[b2=29 b1=27 GPU] stage  18.6% (5247653286377/28237773109178) | 839.4M/s | ETA 7:36:29 | best -
[b2=29 b1=27 GPU] stage  18.6% (5249532334569/28237773109178) | 839.5M/s | ETA 7:36:23 | best -
[b2=29 b1=27 GPU] stage  18.6% (5251411382761/28237773109178) | 839.7M/s | ETA 7:36:15 | best -
[b2=29 b1=27 GPU] stage  18.6% (5253290430953/28237773109178) | 839.7M/s | ETA 7:36:12 | best -
[b2=29 b1=27 GPU] stage  18.6% (5255169479145/28237773109178) | 838.6M/s | ETA 7:36:44 | best -
[b2=29 b1=27 GPU] stage  18.6% (5257048527337/28237773109178) | 838.9M/s | ETA 7:36:35 | best -
[b2=29 b1=27 GPU] stage  18.6% (5258927575529/28237773109178) | 839.0M/s | ETA 7:36:27 | best -
[b2=29 b1=27 GPU] stage  18.6% (5260806623721/28237773109178) | 839.4M/s | ETA 7:36:11 | best -
[b2=29 b1=27 GPU] stage  18.6% (5262685671913/28237773109178) | 839.1M/s | ETA 7:36:19 | best -
[b2=29 b1=27 GPU] stage  18.6% (5264564720105/28237773109178) | 839.4M/s | ETA 7:36:09 | best -
[b2=29 b1=27 GPU] stage  18.7% (5266443768297/28237773109178) | 814.3M/s | ETA 7:50:09 | best -
[b2=29 b1=27 GPU] stage  18.7% (5268322816489/28237773109178) | 815.0M/s | ETA 7:49:41 | best -
[b2=29 b1=27 GPU] stage  18.7% (5270201864681/28237773109178) | 824.8M/s | ETA 7:44:05 | best -
[b2=29 b1=27 GPU] stage  18.7% (5272080912873/28237773109178) | 832.2M/s | ETA 7:39:56 | best -
[b2=29 b1=27 GPU] stage  18.7% (5273959961065/28237773109178) | 831.5M/s | ETA 7:40:15 | best -
[b2=29 b1=27 GPU] stage  18.7% (5275839009257/28237773109178) | 830.2M/s | ETA 7:40:57 | best -
[b2=29 b1=27 GPU] stage  18.7% (5277718057449/28237773109178) | 833.4M/s | ETA 7:39:10 | best -
[b2=29 b1=27 GPU] stage  18.7% (5279597105641/28237773109178) | 816.5M/s | ETA 7:48:39 | best -
[b2=29 b1=27 GPU] stage  18.7% (5281207718377/28237773109178) | 808.1M/s | ETA 7:53:26 | best -
[b2=29 b1=27 GPU] stage  18.7% (5283086766569/28237773109178) | 836.5M/s | ETA 7:37:19 | best -
[b2=29 b1=27 GPU] stage  18.7% (5284965814761/28237773109178) | 838.7M/s | ETA 7:36:07 | best -
[b2=29 b1=27 GPU] stage  18.7% (5286844862953/28237773109178) | 839.4M/s | ETA 7:35:41 | best -
[b2=29 b1=27 GPU] stage  18.7% (5288723911145/28237773109178) | 807.7M/s | ETA 7:53:31 | best -
[b2=29 b1=27 GPU] stage  18.7% (5290602959337/28237773109178) | 832.0M/s | ETA 7:39:41 | best -
[b2=29 b1=27 GPU] stage  18.7% (5292482007529/28237773109178) | 838.0M/s | ETA 7:36:21 | best -
[b2=29 b1=27 GPU] stage  18.7% (5294361055721/28237773109178) | 838.3M/s | ETA 7:36:10 | best -
[b2=29 b1=27 GPU] stage  18.8% (5295971668457/28237773109178) | 810.5M/s | ETA 7:51:45 | best -
[b2=29 b1=27 GPU] stage  18.8% (5297850716649/28237773109178) | 817.1M/s | ETA 7:47:56 | best -
[b2=29 b1=27 GPU] stage  18.8% (5299461329385/28237773109178) | 801.1M/s | ETA 7:57:13 | best -
[b2=29 b1=27 GPU] stage  18.8% (5301340377577/28237773109178) | 833.3M/s | ETA 7:38:45 | best -
[b2=29 b1=27 GPU] stage  18.8% (5303219425769/28237773109178) | 837.8M/s | ETA 7:36:14 | best -
[b2=29 b1=27 GPU] stage  18.8% (5305098473961/28237773109178) | 838.9M/s | ETA 7:35:36 | best -
[b2=29 b1=27 GPU] stage  18.8% (5306977522153/28237773109178) | 839.2M/s | ETA 7:35:25 | best -
[b2=29 b1=27 GPU] stage  18.8% (5308856570345/28237773109178) | 839.5M/s | ETA 7:35:13 | best -
[b2=29 b1=27 GPU] stage  18.8% (5310735618537/28237773109178) | 817.5M/s | ETA 7:47:24 | best -
[b2=29 b1=27 GPU] stage  18.8% (5312614666729/28237773109178) | 805.4M/s | ETA 7:54:23 | best -
[b2=29 b1=27 GPU] stage  18.8% (5314493714921/28237773109178) | 816.0M/s | ETA 7:48:13 | best -
[b2=29 b1=27 GPU] stage  18.8% (5316104327657/28237773109178) | 805.8M/s | ETA 7:54:07 | best -
[b2=29 b1=27 GPU] stage  18.8% (5317983375849/28237773109178) | 833.7M/s | ETA 7:38:12 | best -
[b2=29 b1=27 GPU] stage  18.8% (5319862424041/28237773109178) | 837.8M/s | ETA 7:35:55 | best -
[b2=29 b1=27 GPU] stage  18.8% (5321741472233/28237773109178) | 827.7M/s | ETA 7:41:25 | best -
[b2=29 b1=27 GPU] stage  18.9% (5323620520425/28237773109178) | 818.1M/s | ETA 7:46:48 | best -
[b2=29 b1=27 GPU] stage  18.9% (5325499568617/28237773109178) | 820.8M/s | ETA 7:45:14 | best -
[b2=29 b1=27 GPU] stage  18.9% (5327378616809/28237773109178) | 835.5M/s | ETA 7:37:00 | best -
[b2=29 b1=27 GPU] stage  18.9% (5329257665001/28237773109178) | 807.8M/s | ETA 7:52:38 | best -
[b2=29 b1=27 GPU] stage  18.9% (5331136713193/28237773109178) | 818.0M/s | ETA 7:46:44 | best -
[b2=29 b1=27 GPU] stage  18.9% (5333015761385/28237773109178) | 812.7M/s | ETA 7:49:41 | best -
[b2=29 b1=27 GPU] stage  18.9% (5334894809577/28237773109178) | 807.2M/s | ETA 7:52:54 | best -
[b2=29 b1=27 GPU] stage  18.9% (5336773857769/28237773109178) | 822.3M/s | ETA 7:44:10 | best -
[b2=29 b1=27 GPU] stage  18.9% (5338652905961/28237773109178) | 823.8M/s | ETA 7:43:17 | best -
[b2=29 b1=27 GPU] stage  18.9% (5340531954153/28237773109178) | 836.5M/s | ETA 7:36:12 | best -
[b2=29 b1=27 GPU] stage  18.9% (5342411002345/28237773109178) | 838.7M/s | ETA 7:34:57 | best -
[b2=29 b1=27 GPU] stage  18.9% (5344290050537/28237773109178) | 802.2M/s | ETA 7:55:37 | best -
[b2=29 b1=27 GPU] stage  18.9% (5345900663273/28237773109178) | 806.5M/s | ETA 7:53:02 | best -
[b2=29 b1=27 GPU] stage  18.9% (5347779711465/28237773109178) | 832.4M/s | ETA 7:38:17 | best -
[b2=29 b1=27 GPU] stage  18.9% (5349658759657/28237773109178) | 817.0M/s | ETA 7:46:54 | best -
[b2=29 b1=27 GPU] stage  19.0% (5351537807849/28237773109178) | 818.3M/s | ETA 7:46:07 | best -
[b2=29 b1=27 GPU] stage  19.0% (5353416856041/28237773109178) | 814.5M/s | ETA 7:48:17 | best -
[b2=29 b1=27 GPU] stage  19.0% (5355295904233/28237773109178) | 815.9M/s | ETA 7:47:25 | best -
[b2=29 b1=27 GPU] stage  19.0% (5357174952425/28237773109178) | 813.4M/s | ETA 7:48:49 | best -
[b2=29 b1=27 GPU] stage  19.0% (5359054000617/28237773109178) | 835.5M/s | ETA 7:36:22 | best -
[b2=29 b1=27 GPU] stage  19.0% (5360933048809/28237773109178) | 838.6M/s | ETA 7:34:40 | best -
[b2=29 b1=27 GPU] stage  19.0% (5362812097001/28237773109178) | 839.1M/s | ETA 7:34:21 | best -
[b2=29 b1=27 GPU] stage  19.0% (5364691145193/28237773109178) | 838.6M/s | ETA 7:34:33 | best -
[b2=29 b1=27 GPU] stage  19.0% (5366570193385/28237773109178) | 813.2M/s | ETA 7:48:44 | best -
[b2=29 b1=27 GPU] stage  19.0% (5368449241577/28237773109178) | 824.8M/s | ETA 7:42:06 | best -
[b2=29 b1=27 GPU] stage  19.0% (5370328289769/28237773109178) | 832.2M/s | ETA 7:37:59 | best -
[b2=29 b1=27 GPU] stage  19.0% (5372207337961/28237773109178) | 831.0M/s | ETA 7:38:37 | best -
[b2=29 b1=27 GPU] stage  19.0% (5374086386153/28237773109178) | 811.0M/s | ETA 7:49:51 | best -
[b2=29 b1=27 GPU] stage  19.0% (5375965434345/28237773109178) | 821.0M/s | ETA 7:44:05 | best -
[b2=29 b1=27 GPU] stage  19.0% (5377844482537/28237773109178) | 829.8M/s | ETA 7:39:09 | best -
[b2=29 b1=27 GPU] stage  19.1% (5379723530729/28237773109178) | 835.0M/s | ETA 7:36:15 | best -
[b2=29 b1=27 GPU] stage  19.1% (5381602578921/28237773109178) | 832.1M/s | ETA 7:37:46 | best -
[b2=29 b1=27 GPU] stage  19.1% (5383481627113/28237773109178) | 830.0M/s | ETA 7:38:54 | best -
[b2=29 b1=27 GPU] stage  19.1% (5385360675305/28237773109178) | 832.8M/s | ETA 7:37:20 | best -
[b2=29 b1=27 GPU] stage  19.1% (5386971288041/28237773109178) | 795.7M/s | ETA 7:58:37 | best -
[b2=29 b1=27 GPU] stage  19.1% (5388850336233/28237773109178) | 817.3M/s | ETA 7:45:56 | best -
[b2=29 b1=27 GPU] stage  19.1% (5390729384425/28237773109178) | 836.6M/s | ETA 7:35:09 | best -
[b2=29 b1=27 GPU] stage  19.1% (5392608432617/28237773109178) | 839.0M/s | ETA 7:33:48 | best -
[b2=29 b1=27 GPU] stage  19.1% (5394487480809/28237773109178) | 839.3M/s | ETA 7:33:38 | best -
[b2=29 b1=27 GPU] stage  19.1% (5396366529001/28237773109178) | 839.6M/s | ETA 7:33:24 | best -
[b2=29 b1=27 GPU] stage  19.1% (5398245577193/28237773109178) | 839.3M/s | ETA 7:33:32 | best -
[b2=29 b1=27 GPU] stage  19.1% (5400124625385/28237773109178) | 839.2M/s | ETA 7:33:33 | best -
[b2=29 b1=27 GPU] stage  19.1% (5402003673577/28237773109178) | 839.6M/s | ETA 7:33:18 | best -
[b2=29 b1=27 GPU] stage  19.1% (5403882721769/28237773109178) | 839.0M/s | ETA 7:33:34 | best -
[b2=29 b1=27 GPU] stage  19.1% (5405761769961/28237773109178) | 838.9M/s | ETA 7:33:35 | best -
[b2=29 b1=27 GPU] stage  19.2% (5407640818153/28237773109178) | 838.6M/s | ETA 7:33:44 | best -
[b2=29 b1=27 GPU] stage  19.2% (5409519866345/28237773109178) | 839.2M/s | ETA 7:33:21 | best -
[b2=29 b1=27 GPU] stage  19.2% (5411398914537/28237773109178) | 839.4M/s | ETA 7:33:12 | best -
[b2=29 b1=27 GPU] stage  19.2% (5413277962729/28237773109178) | 839.7M/s | ETA 7:33:02 | best -
[b2=29 b1=27 GPU] stage  19.2% (5415157010921/28237773109178) | 839.8M/s | ETA 7:32:56 | best -
[b2=29 b1=27 GPU] stage  19.2% (5417036059113/28237773109178) | 839.3M/s | ETA 7:33:09 | best -
[b2=29 b1=27 GPU] stage  19.2% (5418915107305/28237773109178) | 838.9M/s | ETA 7:33:22 | best -
[b2=29 b1=27 GPU] stage  19.2% (5420794155497/28237773109178) | 838.4M/s | ETA 7:33:34 | best -
[b2=29 b1=27 GPU] stage  19.2% (5422673203689/28237773109178) | 839.6M/s | ETA 7:32:55 | best -
[b2=29 b1=27 GPU] stage  19.2% (5424552251881/28237773109178) | 839.0M/s | ETA 7:33:11 | best -
[b2=29 b1=27 GPU] stage  19.2% (5426431300073/28237773109178) | 839.1M/s | ETA 7:33:06 | best -
[b2=29 b1=27 GPU] stage  19.2% (5428310348265/28237773109178) | 839.6M/s | ETA 7:32:47 | best -
[b2=29 b1=27 GPU] stage  19.2% (5430189396457/28237773109178) | 839.8M/s | ETA 7:32:39 | best -
[b2=29 b1=27 GPU] stage  19.2% (5432068444649/28237773109178) | 832.3M/s | ETA 7:36:39 | best -
[b2=29 b1=27 GPU] stage  19.2% (5433947492841/28237773109178) | 822.6M/s | ETA 7:42:00 | best -
[b2=29 b1=27 GPU] stage  19.3% (5435826541033/28237773109178) | 814.5M/s | ETA 7:46:36 | best -
[b2=29 b1=27 GPU] stage  19.3% (5437705589225/28237773109178) | 824.1M/s | ETA 7:41:07 | best -
[b2=29 b1=27 GPU] stage  19.3% (5439584637417/28237773109178) | 832.6M/s | ETA 7:36:22 | best -
[b2=29 b1=27 GPU] stage  19.3% (5441463685609/28237773109178) | 831.3M/s | ETA 7:37:03 | best -
[b2=29 b1=27 GPU] stage  19.3% (5443342733801/28237773109178) | 833.3M/s | ETA 7:35:53 | best -
[b2=29 b1=27 GPU] stage  19.3% (5445221781993/28237773109178) | 831.8M/s | ETA 7:36:42 | best -
[b2=29 b1=27 GPU] stage  19.3% (5446832394729/28237773109178) | 795.2M/s | ETA 7:57:38 | best -
[b2=29 b1=27 GPU] stage  19.3% (5448443007465/28237773109178) | 799.1M/s | ETA 7:55:19 | best -
[b2=29 b1=27 GPU] stage  19.3% (5450322055657/28237773109178) | 832.0M/s | ETA 7:36:29 | best -
[b2=29 b1=27 GPU] stage  19.3% (5452201103849/28237773109178) | 838.8M/s | ETA 7:32:45 | best -
[b2=29 b1=27 GPU] stage  19.3% (5454080152041/28237773109178) | 839.4M/s | ETA 7:32:22 | best -
[b2=29 b1=27 GPU] stage  19.3% (5455959200233/28237773109178) | 838.9M/s | ETA 7:32:36 | best -
[b2=29 b1=27 GPU] stage  19.3% (5457838248425/28237773109178) | 838.9M/s | ETA 7:32:36 | best -
[b2=29 b1=27 GPU] stage  19.3% (5459717296617/28237773109178) | 839.1M/s | ETA 7:32:26 | best -
[b2=29 b1=27 GPU] stage  19.3% (5461596344809/28237773109178) | 839.6M/s | ETA 7:32:08 | best -
[b2=29 b1=27 GPU] stage  19.3% (5463475393001/28237773109178) | 839.1M/s | ETA 7:32:20 | best -
[b2=29 b1=27 GPU] stage  19.4% (5465354441193/28237773109178) | 839.0M/s | ETA 7:32:21 | best -
[b2=29 b1=27 GPU] stage  19.4% (5467233489385/28237773109178) | 839.0M/s | ETA 7:32:18 | best -
[b2=29 b1=27 GPU] stage  19.4% (5469112537577/28237773109178) | 839.4M/s | ETA 7:32:04 | best -
[b2=29 b1=27 GPU] stage  19.4% (5470991585769/28237773109178) | 838.6M/s | ETA 7:32:28 | best -
[b2=29 b1=27 GPU] stage  19.4% (5472870633961/28237773109178) | 839.1M/s | ETA 7:32:09 | best -
[b2=29 b1=27 GPU] stage  19.4% (5474749682153/28237773109178) | 839.9M/s | ETA 7:31:42 | best -
[b2=29 b1=27 GPU] stage  19.4% (5476628730345/28237773109178) | 839.7M/s | ETA 7:31:45 | best -
[b2=29 b1=27 GPU] stage  19.4% (5478507778537/28237773109178) | 839.7M/s | ETA 7:31:44 | best -
[b2=29 b1=27 GPU] stage  19.4% (5480386826729/28237773109178) | 839.5M/s | ETA 7:31:48 | best -
[b2=29 b1=27 GPU] stage  19.4% (5482265874921/28237773109178) | 839.0M/s | ETA 7:32:01 | best -
[b2=29 b1=27 GPU] stage  19.4% (5484144923113/28237773109178) | 839.1M/s | ETA 7:31:57 | best -
[b2=29 b1=27 GPU] stage  19.4% (5486023971305/28237773109178) | 839.5M/s | ETA 7:31:41 | best -
[b2=29 b1=27 GPU] stage  19.4% (5487903019497/28237773109178) | 839.1M/s | ETA 7:31:51 | best -
[b2=29 b1=27 GPU] stage  19.4% (5489782067689/28237773109178) | 839.3M/s | ETA 7:31:43 | best -
[b2=29 b1=27 GPU] stage  19.4% (5491661115881/28237773109178) | 839.1M/s | ETA 7:31:47 | best -
[b2=29 b1=27 GPU] stage  19.5% (5493540164073/28237773109178) | 826.4M/s | ETA 7:38:42 | best -
[b2=29 b1=27 GPU] stage  19.5% (5495419212265/28237773109178) | 822.9M/s | ETA 7:40:38 | best -
[b2=29 b1=27 GPU] stage  19.5% (5497298260457/28237773109178) | 810.3M/s | ETA 7:47:44 | best -
[b2=29 b1=27 GPU] stage  19.5% (5499177308649/28237773109178) | 835.0M/s | ETA 7:33:51 | best -
[b2=29 b1=27 GPU] stage  19.5% (5501056356841/28237773109178) | 838.6M/s | ETA 7:31:53 | best -
[b2=29 b1=27 GPU] stage  19.5% (5502935405033/28237773109178) | 838.8M/s | ETA 7:31:44 | best -
[b2=29 b1=27 GPU] stage  19.5% (5504814453225/28237773109178) | 839.2M/s | ETA 7:31:28 | best -
[b2=29 b1=27 GPU] stage  19.5% (5506693501417/28237773109178) | 817.9M/s | ETA 7:43:13 | best -
[b2=29 b1=27 GPU] stage  19.5% (5508572549609/28237773109178) | 825.0M/s | ETA 7:39:09 | best -
[b2=29 b1=27 GPU] stage  19.5% (5510451597801/28237773109178) | 827.5M/s | ETA 7:37:46 | best -
[b2=29 b1=27 GPU] stage  19.5% (5512330645993/28237773109178) | 828.6M/s | ETA 7:37:07 | best -
[b2=29 b1=27 GPU] stage  19.5% (5514209694185/28237773109178) | 828.5M/s | ETA 7:37:07 | best -
[b2=29 b1=27 GPU] stage  19.5% (5516088742377/28237773109178) | 831.1M/s | ETA 7:35:39 | best -
[b2=29 b1=27 GPU] stage  19.5% (5517967790569/28237773109178) | 829.7M/s | ETA 7:36:21 | best -
[b2=29 b1=27 GPU] stage  19.5% (5519846838761/28237773109178) | 828.4M/s | ETA 7:37:02 | best -
[b2=29 b1=27 GPU] stage  19.6% (5521725886953/28237773109178) | 828.6M/s | ETA 7:36:56 | best -
[b2=29 b1=27 GPU] stage  19.6% (5523604935145/28237773109178) | 826.3M/s | ETA 7:38:08 | best -
[b2=29 b1=27 GPU] stage  19.6% (5525483983337/28237773109178) | 829.4M/s | ETA 7:36:25 | best -
[b2=29 b1=27 GPU] stage  19.6% (5527363031529/28237773109178) | 828.1M/s | ETA 7:37:05 | best -
[b2=29 b1=27 GPU] stage  19.6% (5529242079721/28237773109178) | 829.1M/s | ETA 7:36:28 | best -
[b2=29 b1=27 GPU] stage  19.6% (5531121127913/28237773109178) | 828.6M/s | ETA 7:36:44 | best -
[b2=29 b1=27 GPU] stage  19.6% (5533000176105/28237773109178) | 825.4M/s | ETA 7:38:28 | best -
[b2=29 b1=27 GPU] stage  19.6% (5534879224297/28237773109178) | 828.6M/s | ETA 7:36:38 | best -
[b2=29 b1=27 GPU] stage  19.6% (5536758272489/28237773109178) | 836.2M/s | ETA 7:32:28 | best -
[b2=29 b1=27 GPU] stage  19.6% (5538637320681/28237773109178) | 829.5M/s | ETA 7:36:05 | best -
[b2=29 b1=27 GPU] stage  19.6% (5540516368873/28237773109178) | 830.0M/s | ETA 7:35:44 | best -
[b2=29 b1=27 GPU] stage  19.6% (5542395417065/28237773109178) | 830.4M/s | ETA 7:35:29 | best -
[b2=29 b1=27 GPU] stage  19.6% (5544274465257/28237773109178) | 835.0M/s | ETA 7:32:58 | best -
[b2=29 b1=27 GPU] stage  19.6% (5546153513449/28237773109178) | 828.1M/s | ETA 7:36:41 | best -
[b2=29 b1=27 GPU] stage  19.6% (5548032561641/28237773109178) | 827.2M/s | ETA 7:37:09 | best -
[b2=29 b1=27 GPU] stage  19.7% (5549911609833/28237773109178) | 821.0M/s | ETA 7:40:33 | best -
[b2=29 b1=27 GPU] stage  19.7% (5551522222569/28237773109178) | 800.5M/s | ETA 7:52:19 | best -
[b2=29 b1=27 GPU] stage  19.7% (5553401270761/28237773109178) | 811.3M/s | ETA 7:46:01 | best -
[b2=29 b1=27 GPU] stage  19.7% (5555280318953/28237773109178) | 814.2M/s | ETA 7:44:18 | best -
[b2=29 b1=27 GPU] stage  19.7% (5557159367145/28237773109178) | 813.7M/s | ETA 7:44:33 | best -
[b2=29 b1=27 GPU] stage  19.7% (5559038415337/28237773109178) | 815.4M/s | ETA 7:43:31 | best -
[b2=29 b1=27 GPU] stage  19.7% (5560917463529/28237773109178) | 815.3M/s | ETA 7:43:35 | best -
[b2=29 b1=27 GPU] stage  19.7% (5562796511721/28237773109178) | 814.8M/s | ETA 7:43:48 | best -
[b2=29 b1=27 GPU] stage  19.7% (5564407124457/28237773109178) | 802.8M/s | ETA 7:50:43 | best -
[b2=29 b1=27 GPU] stage  19.7% (5566017737193/28237773109178) | 804.0M/s | ETA 7:49:57 | best -
[b2=29 b1=27 GPU] stage  19.7% (5567896785385/28237773109178) | 813.5M/s | ETA 7:44:28 | best -
[b2=29 b1=27 GPU] stage  19.7% (5569775833577/28237773109178) | 805.2M/s | ETA 7:49:12 | best -
[b2=29 b1=27 GPU] stage  19.7% (5571386446313/28237773109178) | 805.3M/s | ETA 7:49:05 | best -
[b2=29 b1=27 GPU] stage  19.7% (5572997059049/28237773109178) | 803.6M/s | ETA 7:50:02 | best -
[b2=29 b1=27 GPU] stage  19.7% (5574876107241/28237773109178) | 804.6M/s | ETA 7:49:26 | best -
[b2=29 b1=27 GPU] stage  19.7% (5576755155433/28237773109178) | 807.4M/s | ETA 7:47:46 | best -
[b2=29 b1=27 GPU] stage  19.8% (5578365768169/28237773109178) | 806.8M/s | ETA 7:48:06 | best -
[b2=29 b1=27 GPU] stage  19.8% (5580244816361/28237773109178) | 803.8M/s | ETA 7:49:47 | best -
[b2=29 b1=27 GPU] stage  19.8% (5582123864553/28237773109178) | 804.9M/s | ETA 7:49:08 | best -
[b2=29 b1=27 GPU] stage  19.8% (5584002912745/28237773109178) | 807.2M/s | ETA 7:47:43 | best -
[b2=29 b1=27 GPU] stage  19.8% (5585881960937/28237773109178) | 812.1M/s | ETA 7:44:52 | best -
[b2=29 b1=27 GPU] stage  19.8% (5587492573673/28237773109178) | 805.5M/s | ETA 7:48:38 | best -
[b2=29 b1=27 GPU] stage  19.8% (5589371621865/28237773109178) | 806.2M/s | ETA 7:48:11 | best -
[b2=29 b1=27 GPU] stage  19.8% (5591250670057/28237773109178) | 808.0M/s | ETA 7:47:08 | best -
[b2=29 b1=27 GPU] stage  19.8% (5593129718249/28237773109178) | 810.5M/s | ETA 7:45:38 | best -
[b2=29 b1=27 GPU] stage  19.8% (5594740330985/28237773109178) | 805.0M/s | ETA 7:48:46 | best -
[b2=29 b1=27 GPU] stage  19.8% (5596619379177/28237773109178) | 805.6M/s | ETA 7:48:23 | best -
[b2=29 b1=27 GPU] stage  19.8% (5598498427369/28237773109178) | 807.0M/s | ETA 7:47:34 | best -
[b2=29 b1=27 GPU] stage  19.8% (5600377475561/28237773109178) | 808.3M/s | ETA 7:46:47 | best -
[b2=29 b1=27 GPU] stage  19.8% (5601988088297/28237773109178) | 804.0M/s | ETA 7:49:14 | best -
[b2=29 b1=27 GPU] stage  19.8% (5603867136489/28237773109178) | 804.5M/s | ETA 7:48:52 | best -
[b2=29 b1=27 GPU] stage  19.9% (5605746184681/28237773109178) | 806.9M/s | ETA 7:47:27 | best -
[b2=29 b1=27 GPU] stage  19.9% (5607625232873/28237773109178) | 809.4M/s | ETA 7:45:59 | best -
[b2=29 b1=27 GPU] stage  19.9% (5609235845609/28237773109178) | 803.8M/s | ETA 7:49:13 | best -
[b2=29 b1=27 GPU] stage  19.9% (5611114893801/28237773109178) | 805.1M/s | ETA 7:48:25 | best -
[b2=29 b1=27 GPU] stage  19.9% (5612993941993/28237773109178) | 807.7M/s | ETA 7:46:51 | best -
[b2=29 b1=27 GPU] stage  19.9% (5614872990185/28237773109178) | 809.4M/s | ETA 7:45:51 | best -
[b2=29 b1=27 GPU] stage  19.9% (5616483602921/28237773109178) | 804.4M/s | ETA 7:48:41 | best -
[b2=29 b1=27 GPU] stage  19.9% (5618362651113/28237773109178) | 804.1M/s | ETA 7:48:49 | best -
[b2=29 b1=27 GPU] stage  19.9% (5620241699305/28237773109178) | 807.6M/s | ETA 7:46:46 | best -
[b2=29 b1=27 GPU] stage  19.9% (5621852312041/28237773109178) | 805.7M/s | ETA 7:47:51 | best -
[b2=29 b1=27 GPU] stage  19.9% (5623462924777/28237773109178) | 805.3M/s | ETA 7:48:03 | best -
[b2=29 b1=27 GPU] stage  19.9% (5625341972969/28237773109178) | 804.3M/s | ETA 7:48:34 | best -
[b2=29 b1=27 GPU] stage  19.9% (5627221021161/28237773109178) | 807.9M/s | ETA 7:46:28 | best -
[b2=29 b1=27 GPU] stage  19.9% (5629100069353/28237773109178) | 810.0M/s | ETA 7:45:12 | best -
[b2=29 b1=27 GPU] stage  19.9% (5630710682089/28237773109178) | 805.8M/s | ETA 7:47:36 | best -
[b2=29 b1=27 GPU] stage  19.9% (5632589730281/28237773109178) | 803.9M/s | ETA 7:48:39 | best -
[b2=29 b1=27 GPU] stage  20.0% (5634468778473/28237773109178) | 806.1M/s | ETA 7:47:20 | best -
[b2=29 b1=27 GPU] stage  20.0% (5636347826665/28237773109178) | 808.0M/s | ETA 7:46:11 | best -
[b2=29 b1=27 GPU] stage  20.0% (5637958439401/28237773109178) | 804.9M/s | ETA 7:47:56 | best -
[b2=29 b1=27 GPU] stage  20.0% (5639569052137/28237773109178) | 806.0M/s | ETA 7:47:17 | best -
[b2=29 b1=27 GPU] stage  20.0% (5641448100329/28237773109178) | 806.9M/s | ETA 7:46:44 | best -
[b2=29 b1=27 GPU] stage  20.0% (5643327148521/28237773109178) | 810.4M/s | ETA 7:44:41 | best -
[b2=29 b1=27 GPU] stage  20.0% (5644937761257/28237773109178) | 804.1M/s | ETA 7:48:15 | best -
[b2=29 b1=27 GPU] stage  20.0% (5646816809449/28237773109178) | 806.2M/s | ETA 7:47:01 | best -
[b2=29 b1=27 GPU] stage  20.0% (5648695857641/28237773109178) | 807.9M/s | ETA 7:46:00 | best -
[b2=29 b1=27 GPU] stage  20.0% (5650574905833/28237773109178) | 810.9M/s | ETA 7:44:15 | best -
[b2=29 b1=27 GPU] stage  20.0% (5652185518569/28237773109178) | 805.3M/s | ETA 7:47:25 | best -
[b2=29 b1=27 GPU] stage  20.0% (5654064566761/28237773109178) | 806.5M/s | ETA 7:46:43 | best -
[b2=29 b1=27 GPU] stage  20.0% (5655943614953/28237773109178) | 808.7M/s | ETA 7:45:22 | best -
[b2=29 b1=27 GPU] stage  20.0% (5657822663145/28237773109178) | 809.7M/s | ETA 7:44:45 | best -
[b2=29 b1=27 GPU] stage  20.0% (5659433275881/28237773109178) | 805.5M/s | ETA 7:47:09 | best -
[b2=29 b1=27 GPU] stage  20.0% (5661312324073/28237773109178) | 806.7M/s | ETA 7:46:25 | best -
[b2=29 b1=27 GPU] stage  20.1% (5663191372265/28237773109178) | 807.6M/s | ETA 7:45:51 | best -
[b2=29 b1=27 GPU] stage  20.1% (5665070420457/28237773109178) | 808.7M/s | ETA 7:45:11 | best -
[b2=29 b1=27 GPU] stage  20.1% (5666681033193/28237773109178) | 804.3M/s | ETA 7:47:44 | best -
[b2=29 b1=27 GPU] stage  20.1% (5668291645929/28237773109178) | 795.1M/s | ETA 7:53:04 | best -
[b2=29 b1=27 GPU] stage  20.1% (5670170694121/28237773109178) | 807.7M/s | ETA 7:45:40 | best -
[b2=29 b1=27 GPU] stage  20.1% (5671781306857/28237773109178) | 795.9M/s | ETA 7:52:34 | best -
[b2=29 b1=27 GPU] stage  20.1% (5673391919593/28237773109178) | 803.2M/s | ETA 7:48:12 | best -
[b2=29 b1=27 GPU] stage  20.1% (5675270967785/28237773109178) | 807.5M/s | ETA 7:45:42 | best -
[b2=29 b1=27 GPU] stage  20.1% (5676881580521/28237773109178) | 807.3M/s | ETA 7:45:44 | best -
[b2=29 b1=27 GPU] stage  20.1% (5678760628713/28237773109178) | 799.7M/s | ETA 7:50:10 | best -
[b2=29 b1=27 GPU] stage  20.1% (5680371241449/28237773109178) | 797.4M/s | ETA 7:51:27 | best -
[b2=29 b1=27 GPU] stage  20.1% (5681981854185/28237773109178) | 803.2M/s | ETA 7:48:03 | best -
[b2=29 b1=27 GPU] stage  20.1% (5683592466921/28237773109178) | 803.6M/s | ETA 7:47:46 | best -
[b2=29 b1=27 GPU] stage  20.1% (5685471515113/28237773109178) | 805.5M/s | ETA 7:46:38 | best -
[b2=29 b1=27 GPU] stage  20.1% (5687350563305/28237773109178) | 807.5M/s | ETA 7:45:27 | best -
[b2=29 b1=27 GPU] stage  20.1% (5688961176041/28237773109178) | 807.2M/s | ETA 7:45:36 | best -
[b2=29 b1=27 GPU] stage  20.2% (5690571788777/28237773109178) | 803.9M/s | ETA 7:47:27 | best -
[b2=29 b1=27 GPU] stage  20.2% (5692450836969/28237773109178) | 806.5M/s | ETA 7:45:55 | best -
[b2=29 b1=27 GPU] stage  20.2% (5694061449705/28237773109178) | 797.3M/s | ETA 7:51:14 | best -
[b2=29 b1=27 GPU] stage  20.2% (5695672062441/28237773109178) | 797.1M/s | ETA 7:51:18 | best -
[b2=29 b1=27 GPU] stage  20.2% (5697282675177/28237773109178) | 793.8M/s | ETA 7:53:16 | best -
[b2=29 b1=27 GPU] stage  20.2% (5699161723369/28237773109178) | 807.1M/s | ETA 7:45:26 | best -
[b2=29 b1=27 GPU] stage  20.2% (5700772336105/28237773109178) | 805.5M/s | ETA 7:46:17 | best -
[b2=29 b1=27 GPU] stage  20.2% (5702651384297/28237773109178) | 805.0M/s | ETA 7:46:33 | best -
[b2=29 b1=27 GPU] stage  20.2% (5704530432489/28237773109178) | 807.4M/s | ETA 7:45:09 | best -
[b2=29 b1=27 GPU] stage  20.2% (5706141045225/28237773109178) | 804.1M/s | ETA 7:47:00 | best -
[b2=29 b1=27 GPU] stage  20.2% (5708020093417/28237773109178) | 827.8M/s | ETA 7:33:34 | best -
[b2=29 b1=27 GPU] stage  20.2% (5709899141609/28237773109178) | 829.3M/s | ETA 7:32:44 | best -
[b2=29 b1=27 GPU] stage  20.2% (5711778189801/28237773109178) | 830.8M/s | ETA 7:31:54 | best -
[b2=29 b1=27 GPU] stage  20.2% (5713657237993/28237773109178) | 832.9M/s | ETA 7:30:42 | best -
[b2=29 b1=27 GPU] stage  20.2% (5715536286185/28237773109178) | 828.2M/s | ETA 7:33:14 | best -
[b2=29 b1=27 GPU] stage  20.2% (5717415334377/28237773109178) | 825.3M/s | ETA 7:34:48 | best -
[b2=29 b1=27 GPU] stage  20.3% (5719294382569/28237773109178) | 831.6M/s | ETA 7:31:17 | best -
[b2=29 b1=27 GPU] stage  20.3% (5721173430761/28237773109178) | 830.6M/s | ETA 7:31:49 | best -
[b2=29 b1=27 GPU] stage  20.3% (5723052478953/28237773109178) | 829.5M/s | ETA 7:32:23 | best -
[b2=29 b1=27 GPU] stage  20.3% (5724931527145/28237773109178) | 829.0M/s | ETA 7:32:35 | best -
[b2=29 b1=27 GPU] stage  20.3% (5726810575337/28237773109178) | 828.8M/s | ETA 7:32:42 | best -
[b2=29 b1=27 GPU] stage  20.3% (5728689623529/28237773109178) | 831.7M/s | ETA 7:31:03 | best -
[b2=29 b1=27 GPU] stage  20.3% (5730568671721/28237773109178) | 831.4M/s | ETA 7:31:11 | best -
[b2=29 b1=27 GPU] stage  20.3% (5732447719913/28237773109178) | 828.5M/s | ETA 7:32:42 | best -
[b2=29 b1=27 GPU] stage  20.3% (5734326768105/28237773109178) | 833.2M/s | ETA 7:30:07 | best -
[b2=29 b1=27 GPU] stage  20.3% (5736205816297/28237773109178) | 831.0M/s | ETA 7:31:19 | best -
[b2=29 b1=27 GPU] stage  20.3% (5738084864489/28237773109178) | 826.8M/s | ETA 7:33:34 | best -
[b2=29 b1=27 GPU] stage  20.3% (5739963912681/28237773109178) | 828.3M/s | ETA 7:32:39 | best -
[b2=29 b1=27 GPU] stage  20.3% (5741842960873/28237773109178) | 828.7M/s | ETA 7:32:26 | best -
[b2=29 b1=27 GPU] stage  20.3% (5743722009065/28237773109178) | 830.1M/s | ETA 7:31:38 | best -
[b2=29 b1=27 GPU] stage  20.3% (5745601057257/28237773109178) | 829.6M/s | ETA 7:31:53 | best -
[b2=29 b1=27 GPU] stage  20.4% (5747480105449/28237773109178) | 828.0M/s | ETA 7:32:42 | best -
[b2=29 b1=27 GPU] stage  20.4% (5749359153641/28237773109178) | 826.4M/s | ETA 7:33:33 | best -
[b2=29 b1=27 GPU] stage  20.4% (5751238201833/28237773109178) | 825.5M/s | ETA 7:33:58 | best -
[b2=29 b1=27 GPU] stage  20.4% (5753117250025/28237773109178) | 830.3M/s | ETA 7:31:21 | best -
[b2=29 b1=27 GPU] stage  20.4% (5754996298217/28237773109178) | 831.5M/s | ETA 7:30:37 | best -
[b2=29 b1=27 GPU] stage  20.4% (5756875346409/28237773109178) | 825.8M/s | ETA 7:33:43 | best -
[b2=29 b1=27 GPU] stage  20.4% (5758754394601/28237773109178) | 829.5M/s | ETA 7:31:39 | best -
[b2=29 b1=27 GPU] stage  20.4% (5760633442793/28237773109178) | 828.6M/s | ETA 7:32:05 | best -
[b2=29 b1=27 GPU] stage  20.4% (5762512490985/28237773109178) | 830.0M/s | ETA 7:31:19 | best -
[b2=29 b1=27 GPU] stage  20.4% (5764391539177/28237773109178) | 830.9M/s | ETA 7:30:45 | best -
[b2=29 b1=27 GPU] stage  20.4% (5766270587369/28237773109178) | 826.7M/s | ETA 7:33:03 | best -
[b2=29 b1=27 GPU] stage  20.4% (5768149635561/28237773109178) | 825.2M/s | ETA 7:33:50 | best -
[b2=29 b1=27 GPU] stage  20.4% (5770028683753/28237773109178) | 828.1M/s | ETA 7:32:11 | best -
[b2=29 b1=27 GPU] stage  20.4% (5771907731945/28237773109178) | 826.0M/s | ETA 7:33:18 | best -
[b2=29 b1=27 GPU] stage  20.4% (5773786780137/28237773109178) | 826.7M/s | ETA 7:32:54 | best -
[b2=29 b1=27 GPU] stage  20.5% (5775665828329/28237773109178) | 829.0M/s | ETA 7:31:34 | best -
[b2=29 b1=27 GPU] stage  20.5% (5777544876521/28237773109178) | 833.8M/s | ETA 7:28:57 | best -
[b2=29 b1=27 GPU] stage  20.5% (5779423924713/28237773109178) | 829.6M/s | ETA 7:31:12 | best -
[b2=29 b1=27 GPU] stage  20.5% (5781302972905/28237773109178) | 827.9M/s | ETA 7:32:04 | best -
[b2=29 b1=27 GPU] stage  20.5% (5783182021097/28237773109178) | 830.3M/s | ETA 7:30:44 | best -
[b2=29 b1=27 GPU] stage  20.5% (5785061069289/28237773109178) | 813.8M/s | ETA 7:39:50 | best -
[b2=29 b1=27 GPU] stage  20.5% (5786940117481/28237773109178) | 826.4M/s | ETA 7:32:47 | best -
[b2=29 b1=27 GPU] stage  20.5% (5788819165673/28237773109178) | 837.0M/s | ETA 7:27:01 | best -
[b2=29 b1=27 GPU] stage  20.5% (5790698213865/28237773109178) | 827.9M/s | ETA 7:31:53 | best -
[b2=29 b1=27 GPU] stage  20.5% (5792577262057/28237773109178) | 830.6M/s | ETA 7:30:24 | best -
[b2=29 b1=27 GPU] stage  20.5% (5794456310249/28237773109178) | 830.8M/s | ETA 7:30:13 | best -
[b2=29 b1=27 GPU] stage  20.5% (5796335358441/28237773109178) | 828.0M/s | ETA 7:31:41 | best -
[b2=29 b1=27 GPU] stage  20.5% (5798214406633/28237773109178) | 829.1M/s | ETA 7:31:03 | best -
[b2=29 b1=27 GPU] stage  20.5% (5800093454825/28237773109178) | 831.8M/s | ETA 7:29:35 | best -
[b2=29 b1=27 GPU] stage  20.5% (5801972503017/28237773109178) | 827.4M/s | ETA 7:31:54 | best -
[b2=29 b1=27 GPU] stage  20.6% (5803851551209/28237773109178) | 829.9M/s | ETA 7:30:31 | best -
[b2=29 b1=27 GPU] stage  20.6% (5805730599401/28237773109178) | 827.5M/s | ETA 7:31:48 | best -
[b2=29 b1=27 GPU] stage  20.6% (5807609647593/28237773109178) | 834.6M/s | ETA 7:27:56 | best -
[b2=29 b1=27 GPU] stage  20.6% (5809488695785/28237773109178) | 835.2M/s | ETA 7:27:35 | best -
[b2=29 b1=27 GPU] stage  20.6% (5811367743977/28237773109178) | 834.2M/s | ETA 7:28:03 | best -
[b2=29 b1=27 GPU] stage  20.6% (5813246792169/28237773109178) | 828.0M/s | ETA 7:31:22 | best -
[b2=29 b1=27 GPU] stage  20.6% (5815125840361/28237773109178) | 824.5M/s | ETA 7:33:16 | best -
[b2=29 b1=27 GPU] stage  20.6% (5817004888553/28237773109178) | 826.4M/s | ETA 7:32:09 | best -
[b2=29 b1=27 GPU] stage  20.6% (5818883936745/28237773109178) | 828.9M/s | ETA 7:30:47 | best -
[b2=29 b1=27 GPU] stage  20.6% (5820762984937/28237773109178) | 828.6M/s | ETA 7:30:53 | best -
[b2=29 b1=27 GPU] stage  20.6% (5822642033129/28237773109178) | 827.1M/s | ETA 7:31:41 | best -
[b2=29 b1=27 GPU] stage  20.6% (5824521081321/28237773109178) | 826.5M/s | ETA 7:31:57 | best -
[b2=29 b1=27 GPU] stage  20.6% (5826400129513/28237773109178) | 826.6M/s | ETA 7:31:53 | best -
[b2=29 b1=27 GPU] stage  20.6% (5828279177705/28237773109178) | 828.6M/s | ETA 7:30:44 | best -
[b2=29 b1=27 GPU] stage  20.6% (5830158225897/28237773109178) | 830.5M/s | ETA 7:29:41 | best -
[b2=29 b1=27 GPU] stage  20.7% (5832037274089/28237773109178) | 829.7M/s | ETA 7:30:04 | best -
[b2=29 b1=27 GPU] stage  20.7% (5833647886825/28237773109178) | 799.3M/s | ETA 7:47:11 | best -
[b2=29 b1=27 GPU] stage  20.7% (5835526935017/28237773109178) | 826.4M/s | ETA 7:31:46 | best -
[b2=29 b1=27 GPU] stage  20.7% (5837405983209/28237773109178) | 828.7M/s | ETA 7:30:29 | best -
[b2=29 b1=27 GPU] stage  20.7% (5839285031401/28237773109178) | 833.5M/s | ETA 7:27:53 | best -
[b2=29 b1=27 GPU] stage  20.7% (5841164079593/28237773109178) | 826.6M/s | ETA 7:31:35 | best -
[b2=29 b1=27 GPU] stage  20.7% (5843043127785/28237773109178) | 828.5M/s | ETA 7:30:28 | best -
[b2=29 b1=27 GPU] stage  20.7% (5844922175977/28237773109178) | 826.2M/s | ETA 7:31:42 | best -
[b2=29 b1=27 GPU] stage  20.7% (5846801224169/28237773109178) | 829.6M/s | ETA 7:29:48 | best -
[b2=29 b1=27 GPU] stage  20.7% (5848680272361/28237773109178) | 830.7M/s | ETA 7:29:10 | best -
[b2=29 b1=27 GPU] stage  20.7% (5850559320553/28237773109178) | 829.6M/s | ETA 7:29:45 | best -
[b2=29 b1=27 GPU] stage  20.7% (5852438368745/28237773109178) | 832.2M/s | ETA 7:28:19 | best -
[b2=29 b1=27 GPU] stage  20.7% (5854317416937/28237773109178) | 826.2M/s | ETA 7:31:31 | best -
[b2=29 b1=27 GPU] stage  20.7% (5856196465129/28237773109178) | 830.3M/s | ETA 7:29:16 | best -
[b2=29 b1=27 GPU] stage  20.7% (5858075513321/28237773109178) | 830.1M/s | ETA 7:29:21 | best -
[b2=29 b1=27 GPU] stage  20.8% (5859954561513/28237773109178) | 828.9M/s | ETA 7:29:57 | best -
[b2=29 b1=27 GPU] stage  20.8% (5861833609705/28237773109178) | 828.8M/s | ETA 7:29:57 | best -
[b2=29 b1=27 GPU] stage  20.8% (5863712657897/28237773109178) | 826.8M/s | ETA 7:31:02 | best -
[b2=29 b1=27 GPU] stage  20.8% (5865591706089/28237773109178) | 826.2M/s | ETA 7:31:19 | best -
[b2=29 b1=27 GPU] stage  20.8% (5867470754281/28237773109178) | 826.8M/s | ETA 7:30:58 | best -
[b2=29 b1=27 GPU] stage  20.8% (5869349802473/28237773109178) | 833.0M/s | ETA 7:27:33 | best -
[b2=29 b1=27 GPU] stage  20.8% (5871228850665/28237773109178) | 830.0M/s | ETA 7:29:09 | best -
[b2=29 b1=27 GPU] stage  20.8% (5873107898857/28237773109178) | 830.0M/s | ETA 7:29:04 | best -
[b2=29 b1=27 GPU] stage  20.8% (5874986947049/28237773109178) | 831.2M/s | ETA 7:28:25 | best -
[b2=29 b1=27 GPU] stage  20.8% (5876865995241/28237773109178) | 828.5M/s | ETA 7:29:50 | best -
[b2=29 b1=27 GPU] stage  20.8% (5878745043433/28237773109178) | 828.4M/s | ETA 7:29:50 | best -
[b2=29 b1=27 GPU] stage  20.8% (5880624091625/28237773109178) | 826.8M/s | ETA 7:30:38 | best -
[b2=29 b1=27 GPU] stage  20.8% (5882503139817/28237773109178) | 829.6M/s | ETA 7:29:08 | best -
[b2=29 b1=27 GPU] stage  20.8% (5884382188009/28237773109178) | 826.2M/s | ETA 7:30:55 | best -
[b2=29 b1=27 GPU] stage  20.8% (5886261236201/28237773109178) | 829.3M/s | ETA 7:29:10 | best -
[b2=29 b1=27 GPU] stage  20.9% (5888140284393/28237773109178) | 825.9M/s | ETA 7:31:01 | best -
[b2=29 b1=27 GPU] stage  20.9% (5890019332585/28237773109178) | 828.7M/s | ETA 7:29:27 | best -
[b2=29 b1=27 GPU] stage  20.9% (5891898380777/28237773109178) | 837.6M/s | ETA 7:24:38 | best -
[b2=29 b1=27 GPU] stage  20.9% (5893777428969/28237773109178) | 832.0M/s | ETA 7:27:36 | best -
[b2=29 b1=27 GPU] stage  20.9% (5895656477161/28237773109178) | 831.3M/s | ETA 7:27:55 | best -
[b2=29 b1=27 GPU] stage  20.9% (5897535525353/28237773109178) | 832.9M/s | ETA 7:27:03 | best -
[b2=29 b1=27 GPU] stage  20.9% (5899414573545/28237773109178) | 828.7M/s | ETA 7:29:15 | best -
[b2=29 b1=27 GPU] stage  20.9% (5901293621737/28237773109178) | 828.5M/s | ETA 7:29:19 | best -
[b2=29 b1=27 GPU] stage  20.9% (5903172669929/28237773109178) | 829.1M/s | ETA 7:28:59 | best -
[b2=29 b1=27 GPU] stage  20.9% (5905051718121/28237773109178) | 831.7M/s | ETA 7:27:33 | best -
[b2=29 b1=27 GPU] stage  20.9% (5906930766313/28237773109178) | 828.8M/s | ETA 7:29:02 | best -
[b2=29 b1=27 GPU] stage  20.9% (5908809814505/28237773109178) | 828.9M/s | ETA 7:28:59 | best -
[b2=29 b1=27 GPU] stage  20.9% (5910688862697/28237773109178) | 830.7M/s | ETA 7:27:58 | best -
[b2=29 b1=27 GPU] stage  20.9% (5912567910889/28237773109178) | 828.4M/s | ETA 7:29:09 | best -
[b2=29 b1=27 GPU] stage  20.9% (5914446959081/28237773109178) | 828.7M/s | ETA 7:28:57 | best -
[b2=29 b1=27 GPU] stage  21.0% (5916326007273/28237773109178) | 833.2M/s | ETA 7:26:30 | best -
[b2=29 b1=27 GPU] stage  21.0% (5918205055465/28237773109178) | 832.2M/s | ETA 7:26:58 | best -
[b2=29 b1=27 GPU] stage  21.0% (5920084103657/28237773109178) | 832.4M/s | ETA 7:26:50 | best -
[b2=29 b1=27 GPU] stage  21.0% (5921963151849/28237773109178) | 828.0M/s | ETA 7:29:12 | best -
[b2=29 b1=27 GPU] stage  21.0% (5923842200041/28237773109178) | 828.0M/s | ETA 7:29:08 | best -
[b2=29 b1=27 GPU] stage  21.0% (5925721248233/28237773109178) | 829.6M/s | ETA 7:28:13 | best -
[b2=29 b1=27 GPU] stage  21.0% (5927600296425/28237773109178) | 831.8M/s | ETA 7:27:01 | best -
[b2=29 b1=27 GPU] stage  21.0% (5929479344617/28237773109178) | 835.4M/s | ETA 7:25:03 | best -
[b2=29 b1=27 GPU] stage  21.0% (5931358392809/28237773109178) | 826.4M/s | ETA 7:29:51 | best -
[b2=29 b1=27 GPU] stage  21.0% (5933237441001/28237773109178) | 827.7M/s | ETA 7:29:06 | best -
[b2=29 b1=27 GPU] stage  21.0% (5935116489193/28237773109178) | 828.8M/s | ETA 7:28:30 | best -
[b2=29 b1=27 GPU] stage  21.0% (5936995537385/28237773109178) | 828.3M/s | ETA 7:28:44 | best -
[b2=29 b1=27 GPU] stage  21.0% (5938874585577/28237773109178) | 826.5M/s | ETA 7:29:40 | best -
[b2=29 b1=27 GPU] stage  21.0% (5940753633769/28237773109178) | 832.5M/s | ETA 7:26:23 | best -
[b2=29 b1=27 GPU] stage  21.0% (5942632681961/28237773109178) | 829.1M/s | ETA 7:28:09 | best -
[b2=29 b1=27 GPU] stage  21.1% (5944511730153/28237773109178) | 828.0M/s | ETA 7:28:42 | best -
[b2=29 b1=27 GPU] stage  21.1% (5946390778345/28237773109178) | 827.8M/s | ETA 7:28:47 | best -
[b2=29 b1=27 GPU] stage  21.1% (5948269826537/28237773109178) | 835.1M/s | ETA 7:24:50 | best -
[b2=29 b1=27 GPU] stage  21.1% (5950148874729/28237773109178) | 829.6M/s | ETA 7:27:44 | best -
[b2=29 b1=27 GPU] stage  21.1% (5952027922921/28237773109178) | 836.0M/s | ETA 7:24:17 | best -
[b2=29 b1=27 GPU] stage  21.1% (5953906971113/28237773109178) | 828.3M/s | ETA 7:28:24 | best -
[b2=29 b1=27 GPU] stage  21.1% (5955786019305/28237773109178) | 827.0M/s | ETA 7:29:02 | best -
[b2=29 b1=27 GPU] stage  21.1% (5957665067497/28237773109178) | 824.9M/s | ETA 7:30:08 | best -
[b2=29 b1=27 GPU] stage  21.1% (5959544115689/28237773109178) | 827.5M/s | ETA 7:28:42 | best -
[b2=29 b1=27 GPU] stage  21.1% (5961423163881/28237773109178) | 829.6M/s | ETA 7:27:32 | best -
[b2=29 b1=27 GPU] stage  21.1% (5963302212073/28237773109178) | 828.8M/s | ETA 7:27:56 | best -
[b2=29 b1=27 GPU] stage  21.1% (5965181260265/28237773109178) | 831.4M/s | ETA 7:26:28 | best -
[b2=29 b1=27 GPU] stage  21.1% (5967060308457/28237773109178) | 830.3M/s | ETA 7:27:02 | best -
[b2=29 b1=27 GPU] stage  21.1% (5968939356649/28237773109178) | 833.1M/s | ETA 7:25:31 | best -
[b2=29 b1=27 GPU] stage  21.1% (5970818404841/28237773109178) | 826.8M/s | ETA 7:28:52 | best -
[b2=29 b1=27 GPU] stage  21.2% (5972697453033/28237773109178) | 834.6M/s | ETA 7:24:36 | best -
[b2=29 b1=27 GPU] stage  21.2% (5974576501225/28237773109178) | 829.1M/s | ETA 7:27:33 | best -
[b2=29 b1=27 GPU] stage  21.2% (5976455549417/28237773109178) | 828.3M/s | ETA 7:27:57 | best -
[b2=29 b1=27 GPU] stage  21.2% (5978334597609/28237773109178) | 826.6M/s | ETA 7:28:49 | best -
[b2=29 b1=27 GPU] stage  21.2% (5980213645801/28237773109178) | 830.7M/s | ETA 7:26:32 | best -
[b2=29 b1=27 GPU] stage  21.2% (5982092693993/28237773109178) | 831.1M/s | ETA 7:26:18 | best -
[b2=29 b1=27 GPU] stage  21.2% (5983971742185/28237773109178) | 829.8M/s | ETA 7:26:57 | best -
[b2=29 b1=27 GPU] stage  21.2% (5985850790377/28237773109178) | 831.2M/s | ETA 7:26:11 | best -
[b2=29 b1=27 GPU] stage  21.2% (5987729838569/28237773109178) | 831.7M/s | ETA 7:25:53 | best -
[b2=29 b1=27 GPU] stage  21.2% (5989608886761/28237773109178) | 832.7M/s | ETA 7:25:18 | best -
[b2=29 b1=27 GPU] stage  21.2% (5991487934953/28237773109178) | 827.0M/s | ETA 7:28:18 | best -
[b2=29 b1=27 GPU] stage  21.2% (5993366983145/28237773109178) | 829.8M/s | ETA 7:26:47 | best -
[b2=29 b1=27 GPU] stage  21.2% (5995246031337/28237773109178) | 826.7M/s | ETA 7:28:25 | best -
[b2=29 b1=27 GPU] stage  21.2% (5997125079529/28237773109178) | 829.8M/s | ETA 7:26:41 | best -
[b2=29 b1=27 GPU] stage  21.2% (5999004127721/28237773109178) | 831.3M/s | ETA 7:25:50 | best -
[b2=29 b1=27 GPU] stage  21.3% (6000883175913/28237773109178) | 828.4M/s | ETA 7:27:23 | best -
[b2=29 b1=27 GPU] stage  21.3% (6002762224105/28237773109178) | 833.6M/s | ETA 7:24:34 | best -
[b2=29 b1=27 GPU] stage  21.3% (6004641272297/28237773109178) | 829.9M/s | ETA 7:26:29 | best -
[b2=29 b1=27 GPU] stage  21.3% (6006520320489/28237773109178) | 827.8M/s | ETA 7:27:35 | best -
[b2=29 b1=27 GPU] stage  21.3% (6008399368681/28237773109178) | 831.6M/s | ETA 7:25:32 | best -
[b2=29 b1=27 GPU] stage  21.3% (6010278416873/28237773109178) | 829.0M/s | ETA 7:26:53 | best -
[b2=29 b1=27 GPU] stage  21.3% (6012157465065/28237773109178) | 833.5M/s | ETA 7:24:26 | best -
[b2=29 b1=27 GPU] stage  21.3% (6014036513257/28237773109178) | 833.2M/s | ETA 7:24:32 | best -
[b2=29 b1=27 GPU] stage  21.3% (6015915561449/28237773109178) | 835.5M/s | ETA 7:23:17 | best -
[b2=29 b1=27 GPU] stage  21.3% (6017794609641/28237773109178) | 830.7M/s | ETA 7:25:48 | best -
[b2=29 b1=27 GPU] stage  21.3% (6019673657833/28237773109178) | 829.5M/s | ETA 7:26:25 | best -
[b2=29 b1=27 GPU] stage  21.3% (6021552706025/28237773109178) | 828.7M/s | ETA 7:26:48 | best -
[b2=29 b1=27 GPU] stage  21.3% (6023431754217/28237773109178) | 831.0M/s | ETA 7:25:30 | best -
[b2=29 b1=27 GPU] stage  21.3% (6025310802409/28237773109178) | 827.4M/s | ETA 7:27:27 | best -
[b2=29 b1=27 GPU] stage  21.3% (6027189850601/28237773109178) | 826.5M/s | ETA 7:27:52 | best -
[b2=29 b1=27 GPU] stage  21.4% (6029068898793/28237773109178) | 828.3M/s | ETA 7:26:51 | best -
[b2=29 b1=27 GPU] stage  21.4% (6030947946985/28237773109178) | 831.0M/s | ETA 7:25:21 | best -
[b2=29 b1=27 GPU] stage  21.4% (6032826995177/28237773109178) | 831.7M/s | ETA 7:24:59 | best -
[b2=29 b1=27 GPU] stage  21.4% (6034706043369/28237773109178) | 833.4M/s | ETA 7:24:02 | best -
[b2=29 b1=27 GPU] stage  21.4% (6036585091561/28237773109178) | 833.9M/s | ETA 7:23:42 | best -
[b2=29 b1=27 GPU] stage  21.4% (6038464139753/28237773109178) | 827.6M/s | ETA 7:27:05 | best -
[b2=29 b1=27 GPU] stage  21.4% (6040343187945/28237773109178) | 834.8M/s | ETA 7:23:09 | best -
[b2=29 b1=27 GPU] stage  21.4% (6042222236137/28237773109178) | 834.6M/s | ETA 7:23:14 | best -
[b2=29 b1=27 GPU] stage  21.4% (6044101284329/28237773109178) | 836.9M/s | ETA 7:22:00 | best -
[b2=29 b1=27 GPU] stage  21.4% (6045980332521/28237773109178) | 832.5M/s | ETA 7:24:17 | best -
[b2=29 b1=27 GPU] stage  21.4% (6047859380713/28237773109178) | 827.4M/s | ETA 7:26:59 | best -
[b2=29 b1=27 GPU] stage  21.4% (6049738428905/28237773109178) | 827.6M/s | ETA 7:26:51 | best -
[b2=29 b1=27 GPU] stage  21.4% (6051617477097/28237773109178) | 825.6M/s | ETA 7:27:52 | best -
[b2=29 b1=27 GPU] stage  21.4% (6053496525289/28237773109178) | 826.9M/s | ETA 7:27:09 | best -
[b2=29 b1=27 GPU] stage  21.4% (6055375573481/28237773109178) | 828.0M/s | ETA 7:26:31 | best -
[b2=29 b1=27 GPU] stage  21.5% (6057254621673/28237773109178) | 829.4M/s | ETA 7:25:43 | best -
[b2=29 b1=27 GPU] stage  21.5% (6059133669865/28237773109178) | 829.3M/s | ETA 7:25:42 | best -
[b2=29 b1=27 GPU] stage  21.5% (6061012718057/28237773109178) | 830.0M/s | ETA 7:25:17 | best -
[b2=29 b1=27 GPU] stage  21.5% (6062891766249/28237773109178) | 830.2M/s | ETA 7:25:09 | best -
[b2=29 b1=27 GPU] stage  21.5% (6064770814441/28237773109178) | 832.0M/s | ETA 7:24:11 | best -
[b2=29 b1=27 GPU] stage  21.5% (6066649862633/28237773109178) | 828.9M/s | ETA 7:25:48 | best -
[b2=29 b1=27 GPU] stage  21.5% (6068528910825/28237773109178) | 831.0M/s | ETA 7:24:36 | best -
[b2=29 b1=27 GPU] stage  21.5% (6070407959017/28237773109178) | 829.7M/s | ETA 7:25:18 | best -
[b2=29 b1=27 GPU] stage  21.5% (6072287007209/28237773109178) | 832.6M/s | ETA 7:23:40 | best -
[b2=29 b1=27 GPU] stage  21.5% (6074434490857/28237773109178) | 1666.8M/s | ETA 3:41:36 | best -
[b2=29 b1=27 GPU] stage  21.5% (6079266329065/28237773109178) | 2324.7M/s | ETA 2:38:51 | best -
[b2=29 b1=27 GPU] stage  21.5% (6084098167273/28237773109178) | 2319.5M/s | ETA 2:39:11 | best -
[b2=29 b1=27 GPU] stage  21.6% (6088930005481/28237773109178) | 2319.4M/s | ETA 2:39:09 | best -
[b2=29 b1=27 GPU] stage  21.6% (6093761843689/28237773109178) | 2330.8M/s | ETA 2:38:20 | best -
[b2=29 b1=27 GPU] stage  21.6% (6098593681897/28237773109178) | 2325.2M/s | ETA 2:38:41 | best -
[b2=29 b1=27 GPU] stage  21.6% (6103425520105/28237773109178) | 2322.2M/s | ETA 2:38:51 | best -
[b2=29 b1=27 GPU] stage  21.6% (6108257358313/28237773109178) | 2316.9M/s | ETA 2:39:11 | best -
[b2=29 b1=27 GPU] stage  21.6% (6113089196521/28237773109178) | 2324.4M/s | ETA 2:38:38 | best -
[b2=29 b1=27 GPU] stage  21.7% (6117921034729/28237773109178) | 2323.9M/s | ETA 2:38:38 | best -
[b2=29 b1=27 GPU] stage  21.7% (6122752872937/28237773109178) | 2317.8M/s | ETA 2:39:01 | best -
[b2=29 b1=27 GPU] stage  21.7% (6127584711145/28237773109178) | 2328.0M/s | ETA 2:38:17 | best -
[b2=29 b1=27 GPU] stage  21.7% (6132416549353/28237773109178) | 2316.0M/s | ETA 2:39:04 | best -
[b2=29 b1=27 GPU] stage  21.7% (6137248387561/28237773109178) | 2321.7M/s | ETA 2:38:39 | best -
[b2=29 b1=27 GPU] stage  21.8% (6142080225769/28237773109178) | 2325.0M/s | ETA 2:38:23 | best -
[b2=29 b1=27 GPU] stage  21.8% (6146912063977/28237773109178) | 2326.9M/s | ETA 2:38:13 | best -
[b2=29 b1=27 GPU] stage  21.8% (6151743902185/28237773109178) | 2327.4M/s | ETA 2:38:09 | best -
[b2=29 b1=27 GPU] stage  21.8% (6156575740393/28237773109178) | 2313.4M/s | ETA 2:39:05 | best -
[b2=29 b1=27 GPU] stage  21.8% (6161407578601/28237773109178) | 2321.4M/s | ETA 2:38:29 | best -
[b2=29 b1=27 GPU] stage  21.8% (6166239416809/28237773109178) | 2327.9M/s | ETA 2:38:01 | best -
[b2=29 b1=27 GPU] stage  21.9% (6171071255017/28237773109178) | 2313.9M/s | ETA 2:38:56 | best -
[b2=29 b1=27 GPU] stage  21.9% (6175903093225/28237773109178) | 2316.8M/s | ETA 2:38:42 | best -
[b2=29 b1=27 GPU] stage  21.9% (6180734931433/28237773109178) | 2325.5M/s | ETA 2:38:05 | best -
[b2=29 b1=27 GPU] stage  21.9% (6185566769641/28237773109178) | 2328.5M/s | ETA 2:37:50 | best -
[b2=29 b1=27 GPU] stage  21.9% (6190398607849/28237773109178) | 2319.4M/s | ETA 2:38:25 | best -
[b2=29 b1=27 GPU] stage  21.9% (6195230446057/28237773109178) | 2322.7M/s | ETA 2:38:09 | best -
[b2=29 b1=27 GPU] stage  22.0% (6200062284265/28237773109178) | 2326.5M/s | ETA 2:37:52 | best -
[b2=29 b1=27 GPU] stage  22.0% (6204894122473/28237773109178) | 2317.6M/s | ETA 2:38:26 | best -
[b2=29 b1=27 GPU] stage  22.0% (6209725960681/28237773109178) | 2319.6M/s | ETA 2:38:16 | best -
[b2=29 b1=27 GPU] stage  22.0% (6214557798889/28237773109178) | 2314.6M/s | ETA 2:38:35 | best -
[b2=29 b1=27 GPU] stage  22.0% (6219389637097/28237773109178) | 2317.9M/s | ETA 2:38:19 | best -
[b2=29 b1=27 GPU] stage  22.0% (6224221475305/28237773109178) | 2316.6M/s | ETA 2:38:22 | best -
[b2=29 b1=27 GPU] stage  22.1% (6229053313513/28237773109178) | 2314.5M/s | ETA 2:38:28 | best -
[b2=29 b1=27 GPU] stage  22.1% (6233885151721/28237773109178) | 2317.1M/s | ETA 2:38:16 | best -
[b2=29 b1=27 GPU] stage  22.1% (6238716989929/28237773109178) | 2310.9M/s | ETA 2:38:39 | best -
[b2=29 b1=27 GPU] stage  22.1% (6243548828137/28237773109178) | 2316.6M/s | ETA 2:38:14 | best -
[b2=29 b1=27 GPU] stage  22.1% (6248380666345/28237773109178) | 2327.4M/s | ETA 2:37:27 | best -
[b2=29 b1=27 GPU] stage  22.1% (6253212504553/28237773109178) | 2315.3M/s | ETA 2:38:15 | best -
[b2=29 b1=27 GPU] stage  22.2% (6258044342761/28237773109178) | 2324.5M/s | ETA 2:37:35 | best -
[b2=29 b1=27 GPU] stage  22.2% (6262876180969/28237773109178) | 2326.9M/s | ETA 2:37:24 | best -
[b2=29 b1=27 GPU] stage  22.2% (6267708019177/28237773109178) | 2318.8M/s | ETA 2:37:54 | best -
[b2=29 b1=27 GPU] stage  22.2% (6272539857385/28237773109178) | 2313.4M/s | ETA 2:38:14 | best -
[b2=29 b1=27 GPU] stage  22.2% (6277371695593/28237773109178) | 2325.4M/s | ETA 2:37:23 | best -
[b2=29 b1=27 GPU] stage  22.2% (6282203533801/28237773109178) | 2318.9M/s | ETA 2:37:48 | best -
[b2=29 b1=27 GPU] stage  22.3% (6287035372009/28237773109178) | 2325.5M/s | ETA 2:37:19 | best -
[b2=29 b1=27 GPU] stage  22.3% (6291867210217/28237773109178) | 2314.4M/s | ETA 2:38:02 | best -
[b2=29 b1=27 GPU] stage  22.3% (6296699048425/28237773109178) | 2326.2M/s | ETA 2:37:12 | best -
[b2=29 b1=27 GPU] stage  22.3% (6301530886633/28237773109178) | 2329.3M/s | ETA 2:36:57 | best -
[b2=29 b1=27 GPU] stage  22.3% (6306362724841/28237773109178) | 2320.5M/s | ETA 2:37:31 | best -
[b2=29 b1=27 GPU] stage  22.4% (6311194563049/28237773109178) | 2317.5M/s | ETA 2:37:41 | best -
[b2=29 b1=27 GPU] stage  22.4% (6316026401257/28237773109178) | 2328.0M/s | ETA 2:36:56 | best -
[b2=29 b1=27 GPU] stage  22.4% (6320858239465/28237773109178) | 2316.4M/s | ETA 2:37:41 | best -
[b2=29 b1=27 GPU] stage  22.4% (6325690077673/28237773109178) | 2314.8M/s | ETA 2:37:46 | best -
[b2=29 b1=27 GPU] stage  22.4% (6330521915881/28237773109178) | 2314.7M/s | ETA 2:37:44 | best -
[b2=29 b1=27 GPU] stage  22.4% (6335353754089/28237773109178) | 2316.6M/s | ETA 2:37:34 | best -
[b2=29 b1=27 GPU] stage  22.5% (6340185592297/28237773109178) | 2314.8M/s | ETA 2:37:39 | best -
[b2=29 b1=27 GPU] stage  22.5% (6345017430505/28237773109178) | 2325.7M/s | ETA 2:36:53 | best -
[b2=29 b1=27 GPU] stage  22.5% (6349849268713/28237773109178) | 2314.9M/s | ETA 2:37:35 | best -
[b2=29 b1=27 GPU] stage  22.5% (6354681106921/28237773109178) | 2327.0M/s | ETA 2:36:44 | best -
[b2=29 b1=27 GPU] stage  22.5% (6359512945129/28237773109178) | 2314.2M/s | ETA 2:37:34 | best -
[b2=29 b1=27 GPU] stage  22.5% (6364344783337/28237773109178) | 2324.8M/s | ETA 2:36:48 | best -
[b2=29 b1=27 GPU] stage  22.6% (6369176621545/28237773109178) | 2323.1M/s | ETA 2:36:53 | best -
[b2=29 b1=27 GPU] stage  22.6% (6374008459753/28237773109178) | 2329.8M/s | ETA 2:36:24 | best -
[b2=29 b1=27 GPU] stage  22.6% (6378840297961/28237773109178) | 2315.9M/s | ETA 2:37:18 | best -
[b2=29 b1=27 GPU] stage  22.6% (6383672136169/28237773109178) | 2318.8M/s | ETA 2:37:04 | best -
[b2=29 b1=27 GPU] stage  22.6% (6388503974377/28237773109178) | 2323.8M/s | ETA 2:36:42 | best -
[b2=29 b1=27 GPU] stage  22.6% (6393335812585/28237773109178) | 2316.5M/s | ETA 2:37:09 | best -
[b2=29 b1=27 GPU] stage  22.7% (6398167650793/28237773109178) | 2309.9M/s | ETA 2:37:34 | best -
[b2=29 b1=27 GPU] stage  22.7% (6402999489001/28237773109178) | 2319.5M/s | ETA 2:36:53 | best -
[b2=29 b1=27 GPU] stage  22.7% (6407831327209/28237773109178) | 2318.0M/s | ETA 2:36:57 | best -
[b2=29 b1=27 GPU] stage  22.7% (6412663165417/28237773109178) | 2329.3M/s | ETA 2:36:09 | best -
[b2=29 b1=27 GPU] stage  22.7% (6417495003625/28237773109178) | 2328.7M/s | ETA 2:36:10 | best -
[b2=29 b1=27 GPU] stage  22.7% (6422326841833/28237773109178) | 2327.1M/s | ETA 2:36:14 | best -
[b2=29 b1=27 GPU] stage  22.8% (6427158680041/28237773109178) | 2320.2M/s | ETA 2:36:40 | best -
[b2=29 b1=27 GPU] stage  22.8% (6431990518249/28237773109178) | 2325.0M/s | ETA 2:36:18 | best -
[b2=29 b1=27 GPU] stage  22.8% (6436822356457/28237773109178) | 2315.5M/s | ETA 2:36:55 | best -
[b2=29 b1=27 GPU] stage  22.8% (6441654194665/28237773109178) | 2318.4M/s | ETA 2:36:41 | best -
[b2=29 b1=27 GPU] stage  22.8% (6446486032873/28237773109178) | 2315.2M/s | ETA 2:36:52 | best -
[b2=29 b1=27 GPU] stage  22.8% (6451317871081/28237773109178) | 2316.1M/s | ETA 2:36:46 | best -
[b2=29 b1=27 GPU] stage  22.9% (6456149709289/28237773109178) | 2327.1M/s | ETA 2:35:59 | best -
[b2=29 b1=27 GPU] stage  22.9% (6460981547497/28237773109178) | 2328.1M/s | ETA 2:35:53 | best -
[b2=29 b1=27 GPU] stage  22.9% (6465813385705/28237773109178) | 2326.7M/s | ETA 2:35:57 | best -
[b2=29 b1=27 GPU] stage  22.9% (6470645223913/28237773109178) | 2318.7M/s | ETA 2:36:27 | best -
[b2=29 b1=27 GPU] stage  22.9% (6475477062121/28237773109178) | 2320.3M/s | ETA 2:36:19 | best -
[b2=29 b1=27 GPU] stage  22.9% (6480308900329/28237773109178) | 2326.8M/s | ETA 2:35:50 | best -
[b2=29 b1=27 GPU] stage  23.0% (6485140738537/28237773109178) | 2327.1M/s | ETA 2:35:47 | best -
[b2=29 b1=27 GPU] stage  23.0% (6489972576745/28237773109178) | 2314.8M/s | ETA 2:36:35 | best -
[b2=29 b1=27 GPU] stage  23.0% (6494804414953/28237773109178) | 2317.7M/s | ETA 2:36:21 | best -
[b2=29 b1=27 GPU] stage  23.0% (6499636253161/28237773109178) | 2322.8M/s | ETA 2:35:58 | best -
[b2=29 b1=27 GPU] stage  23.0% (6504468091369/28237773109178) | 2326.1M/s | ETA 2:35:43 | best -
[b2=29 b1=27 GPU] stage  23.1% (6509299929577/28237773109178) | 2317.7M/s | ETA 2:36:15 | best -
[b2=29 b1=27 GPU] stage  23.1% (6514131767785/28237773109178) | 2327.0M/s | ETA 2:35:35 | best -
[b2=29 b1=27 GPU] stage  23.1% (6518963605993/28237773109178) | 2329.8M/s | ETA 2:35:21 | best -
[b2=29 b1=27 GPU] stage  23.1% (6523795444201/28237773109178) | 2325.2M/s | ETA 2:35:38 | best -
[b2=29 b1=27 GPU] stage  23.1% (6528627282409/28237773109178) | 2325.7M/s | ETA 2:35:34 | best -
[b2=29 b1=27 GPU] stage  23.1% (6533459120617/28237773109178) | 2322.4M/s | ETA 2:35:45 | best -
[b2=29 b1=27 GPU] stage  23.2% (6538290958825/28237773109178) | 2323.9M/s | ETA 2:35:37 | best -
[b2=29 b1=27 GPU] stage  23.2% (6543122797033/28237773109178) | 2325.6M/s | ETA 2:35:28 | best -
[b2=29 b1=27 GPU] stage  23.2% (6547954635241/28237773109178) | 2326.4M/s | ETA 2:35:23 | best -
[b2=29 b1=27 GPU] stage  23.2% (6552786473449/28237773109178) | 2326.2M/s | ETA 2:35:22 | best -
[b2=29 b1=27 GPU] stage  23.2% (6557618311657/28237773109178) | 2321.0M/s | ETA 2:35:40 | best -
[b2=29 b1=27 GPU] stage  23.2% (6562450149865/28237773109178) | 2321.6M/s | ETA 2:35:36 | best -
[b2=29 b1=27 GPU] stage  23.3% (6567281988073/28237773109178) | 2318.6M/s | ETA 2:35:46 | best -
[b2=29 b1=27 GPU] stage  23.3% (6572113826281/28237773109178) | 2311.3M/s | ETA 2:36:13 | best -
[b2=29 b1=27 GPU] stage  23.3% (6576945664489/28237773109178) | 2324.9M/s | ETA 2:35:16 | best -
[b2=29 b1=27 GPU] stage  23.3% (6581777502697/28237773109178) | 2317.8M/s | ETA 2:35:43 | best -
[b2=29 b1=27 GPU] stage  23.3% (6586609340905/28237773109178) | 2319.7M/s | ETA 2:35:33 | best -
[b2=29 b1=27 GPU] stage  23.3% (6591441179113/28237773109178) | 2327.0M/s | ETA 2:35:02 | best -
[b2=29 b1=27 GPU] stage  23.4% (6596273017321/28237773109178) | 2321.6M/s | ETA 2:35:21 | best -
[b2=29 b1=27 GPU] stage  23.4% (6601104855529/28237773109178) | 2322.4M/s | ETA 2:35:16 | best -
[b2=29 b1=27 GPU] stage  23.4% (6605936693737/28237773109178) | 2313.4M/s | ETA 2:35:50 | best -
[b2=29 b1=27 GPU] stage  23.4% (6610768531945/28237773109178) | 2316.1M/s | ETA 2:35:37 | best -
[b2=29 b1=27 GPU] stage  23.4% (6615600370153/28237773109178) | 2323.8M/s | ETA 2:35:04 | best -
[b2=29 b1=27 GPU] stage  23.4% (6620432208361/28237773109178) | 2322.9M/s | ETA 2:35:06 | best -
[b2=29 b1=27 GPU] stage  23.5% (6625264046569/28237773109178) | 2327.1M/s | ETA 2:34:47 | best -
[b2=29 b1=27 GPU] stage  23.5% (6630095884777/28237773109178) | 2318.8M/s | ETA 2:35:18 | best -
[b2=29 b1=27 GPU] stage  23.5% (6634927722985/28237773109178) | 2326.6M/s | ETA 2:34:45 | best -
[b2=29 b1=27 GPU] stage  23.5% (6639759561193/28237773109178) | 2315.8M/s | ETA 2:35:26 | best -
[b2=29 b1=27 GPU] stage  23.5% (6644591399401/28237773109178) | 2325.6M/s | ETA 2:34:44 | best -
[b2=29 b1=27 GPU] stage  23.5% (6649423237609/28237773109178) | 2323.4M/s | ETA 2:34:51 | best -
[b2=29 b1=27 GPU] stage  23.6% (6654255075817/28237773109178) | 2326.5M/s | ETA 2:34:37 | best -
[b2=29 b1=27 GPU] stage  23.6% (6659086914025/28237773109178) | 2314.1M/s | ETA 2:35:25 | best -
[b2=29 b1=27 GPU] stage  23.6% (6663918752233/28237773109178) | 2313.8M/s | ETA 2:35:24 | best -
[b2=29 b1=27 GPU] stage  23.6% (6668750590441/28237773109178) | 2317.6M/s | ETA 2:35:06 | best -
[b2=29 b1=27 GPU] stage  23.6% (6673582428649/28237773109178) | 2320.2M/s | ETA 2:34:54 | best -
[b2=29 b1=27 GPU] stage  23.7% (6678414266857/28237773109178) | 2320.5M/s | ETA 2:34:50 | best -
[b2=29 b1=27 GPU] stage  23.7% (6683246105065/28237773109178) | 2317.8M/s | ETA 2:34:59 | best -
[b2=29 b1=27 GPU] stage  23.7% (6688077943273/28237773109178) | 2316.7M/s | ETA 2:35:01 | best -
[b2=29 b1=27 GPU] stage  23.7% (6692909781481/28237773109178) | 2318.6M/s | ETA 2:34:52 | best -
[b2=29 b1=27 GPU] stage  23.7% (6697741619689/28237773109178) | 2324.6M/s | ETA 2:34:26 | best -
[b2=29 b1=27 GPU] stage  23.7% (6702573457897/28237773109178) | 2317.2M/s | ETA 2:34:53 | best -
[b2=29 b1=27 GPU] stage  23.8% (6707405296105/28237773109178) | 2323.0M/s | ETA 2:34:28 | best -
[b2=29 b1=27 GPU] stage  23.8% (6712237134313/28237773109178) | 2318.3M/s | ETA 2:34:45 | best -
[b2=29 b1=27 GPU] stage  23.8% (6717068972521/28237773109178) | 2314.8M/s | ETA 2:34:57 | best -
[b2=29 b1=27 GPU] stage  23.8% (6721900810729/28237773109178) | 2323.6M/s | ETA 2:34:19 | best -
[b2=29 b1=27 GPU] stage  23.8% (6726732648937/28237773109178) | 2317.3M/s | ETA 2:34:42 | best -
[b2=29 b1=27 GPU] stage  23.8% (6731564487145/28237773109178) | 2318.4M/s | ETA 2:34:36 | best -
[b2=29 b1=27 GPU] stage  23.9% (6736396325353/28237773109178) | 2318.4M/s | ETA 2:34:34 | best -
[b2=29 b1=27 GPU] stage  23.9% (6741228163561/28237773109178) | 2318.0M/s | ETA 2:34:33 | best -
[b2=29 b1=27 GPU] stage  23.9% (6746060001769/28237773109178) | 2317.0M/s | ETA 2:34:35 | best -
[b2=29 b1=27 GPU] stage  23.9% (6750891839977/28237773109178) | 2320.3M/s | ETA 2:34:20 | best -
[b2=29 b1=27 GPU] stage  23.9% (6755723678185/28237773109178) | 2324.2M/s | ETA 2:34:02 | best -
[b2=29 b1=27 GPU] stage  23.9% (6760555516393/28237773109178) | 2322.2M/s | ETA 2:34:08 | best -
[b2=29 b1=27 GPU] stage  24.0% (6765387354601/28237773109178) | 2323.3M/s | ETA 2:34:02 | best -
[b2=29 b1=27 GPU] stage  24.0% (6770219192809/28237773109178) | 2315.3M/s | ETA 2:34:31 | best -
[b2=29 b1=27 GPU] stage  24.0% (6775051031017/28237773109178) | 2321.9M/s | ETA 2:34:03 | best -
[b2=29 b1=27 GPU] stage  24.0% (6779882869225/28237773109178) | 2317.1M/s | ETA 2:34:20 | best -
[b2=29 b1=27 GPU] stage  24.0% (6784714707433/28237773109178) | 2320.8M/s | ETA 2:34:03 | best -
[b2=29 b1=27 GPU] stage  24.0% (6789546545641/28237773109178) | 2321.1M/s | ETA 2:34:00 | best -
[b2=29 b1=27 GPU] stage  24.1% (6794378383849/28237773109178) | 2315.6M/s | ETA 2:34:20 | best -
[b2=29 b1=27 GPU] stage  24.1% (6799210222057/28237773109178) | 2321.8M/s | ETA 2:33:53 | best -
[b2=29 b1=27 GPU] stage  24.1% (6804042060265/28237773109178) | 2319.5M/s | ETA 2:34:00 | best -
[b2=29 b1=27 GPU] stage  24.1% (6808873898473/28237773109178) | 2324.5M/s | ETA 2:33:38 | best -
[b2=29 b1=27 GPU] stage  24.1% (6813705736681/28237773109178) | 2320.6M/s | ETA 2:33:52 | best -
[b2=29 b1=27 GPU] stage  24.1% (6818537574889/28237773109178) | 2324.3M/s | ETA 2:33:35 | best -
[b2=29 b1=27 GPU] stage  24.2% (6823369413097/28237773109178) | 2314.9M/s | ETA 2:34:10 | best -
[b2=29 b1=27 GPU] stage  24.2% (6828201251305/28237773109178) | 2319.8M/s | ETA 2:33:48 | best -
[b2=29 b1=27 GPU] stage  24.2% (6833033089513/28237773109178) | 2322.2M/s | ETA 2:33:37 | best -
[b2=29 b1=27 GPU] stage  24.2% (6837864927721/28237773109178) | 2316.8M/s | ETA 2:33:56 | best -
[b2=29 b1=27 GPU] stage  24.2% (6842696765929/28237773109178) | 2315.6M/s | ETA 2:33:59 | best -
[b2=29 b1=27 GPU] stage  24.2% (6847528604137/28237773109178) | 2316.0M/s | ETA 2:33:55 | best -
[b2=29 b1=27 GPU] stage  24.3% (6852360442345/28237773109178) | 2317.7M/s | ETA 2:33:47 | best -
[b2=29 b1=27 GPU] stage  24.3% (6857192280553/28237773109178) | 2320.5M/s | ETA 2:33:33 | best -
[b2=29 b1=27 GPU] stage  24.3% (6862024118761/28237773109178) | 2325.8M/s | ETA 2:33:10 | best -
[b2=29 b1=27 GPU] stage  24.3% (6866855956969/28237773109178) | 2319.2M/s | ETA 2:33:34 | best -
[b2=29 b1=27 GPU] stage  24.3% (6871687795177/28237773109178) | 2316.1M/s | ETA 2:33:45 | best -
[b2=29 b1=27 GPU] stage  24.4% (6876519633385/28237773109178) | 2313.3M/s | ETA 2:33:54 | best -
[b2=29 b1=27 GPU] stage  24.4% (6881351471593/28237773109178) | 2313.7M/s | ETA 2:33:50 | best -
[b2=29 b1=27 GPU] stage  24.4% (6886183309801/28237773109178) | 2309.5M/s | ETA 2:34:05 | best -
[b2=29 b1=27 GPU] stage  24.4% (6891015148009/28237773109178) | 2315.6M/s | ETA 2:33:38 | best -
[b2=29 b1=27 GPU] stage  24.4% (6895846986217/28237773109178) | 2316.3M/s | ETA 2:33:33 | best -
[b2=29 b1=27 GPU] stage  24.4% (6900678824425/28237773109178) | 2317.0M/s | ETA 2:33:28 | best -
[b2=29 b1=27 GPU] stage  24.5% (6905510662633/28237773109178) | 2317.1M/s | ETA 2:33:26 | best -
[b2=29 b1=27 GPU] stage  24.5% (6910342500841/28237773109178) | 2249.0M/s | ETA 2:38:03 | best -
[b2=29 b1=27 GPU] stage  24.5% (6915174339049/28237773109178) | 2318.2M/s | ETA 2:33:18 | best -
[b2=29 b1=27 GPU] stage  24.5% (6920006177257/28237773109178) | 2313.5M/s | ETA 2:33:34 | best -
[b2=29 b1=27 GPU] stage  24.5% (6924838015465/28237773109178) | 2314.8M/s | ETA 2:33:27 | best -
[b2=29 b1=27 GPU] stage  24.5% (6929669853673/28237773109178) | 2322.9M/s | ETA 2:32:52 | best -
[b2=29 b1=27 GPU] stage  24.6% (6934501691881/28237773109178) | 2322.4M/s | ETA 2:32:52 | best -
[b2=29 b1=27 GPU] stage  24.6% (6939333530089/28237773109178) | 2312.1M/s | ETA 2:33:31 | best -
[b2=29 b1=27 GPU] stage  24.6% (6944165368297/28237773109178) | 2317.3M/s | ETA 2:33:09 | best -
[b2=29 b1=27 GPU] stage  24.6% (6948997206505/28237773109178) | 2318.1M/s | ETA 2:33:03 | best -
[b2=29 b1=27 GPU] stage  24.6% (6953829044713/28237773109178) | 2325.4M/s | ETA 2:32:32 | best -
[b2=29 b1=27 GPU] stage  24.6% (6958660882921/28237773109178) | 2311.6M/s | ETA 2:33:25 | best -
[b2=29 b1=27 GPU] stage  24.7% (6963492721129/28237773109178) | 2315.4M/s | ETA 2:33:08 | best -
[b2=29 b1=27 GPU] stage  24.7% (6968324559337/28237773109178) | 2316.3M/s | ETA 2:33:02 | best -
[b2=29 b1=27 GPU] stage  24.7% (6973156397545/28237773109178) | 2315.2M/s | ETA 2:33:04 | best -
[b2=29 b1=27 GPU] stage  24.7% (6977988235753/28237773109178) | 2320.3M/s | ETA 2:32:42 | best -
[b2=29 b1=27 GPU] stage  24.7% (6982820073961/28237773109178) | 2320.1M/s | ETA 2:32:41 | best -
[b2=29 b1=27 GPU] stage  24.7% (6987651912169/28237773109178) | 2312.3M/s | ETA 2:33:10 | best -
[b2=29 b1=27 GPU] stage  24.8% (6992483750377/28237773109178) | 2310.8M/s | ETA 2:33:13 | best -
[b2=29 b1=27 GPU] stage  24.8% (6997315588585/28237773109178) | 2317.1M/s | ETA 2:32:46 | best -
[b2=29 b1=27 GPU] stage  24.8% (7002147426793/28237773109178) | 2319.2M/s | ETA 2:32:36 | best -
[b2=29 b1=27 GPU] stage  24.8% (7006979265001/28237773109178) | 2310.7M/s | ETA 2:33:08 | best -
[b2=29 b1=27 GPU] stage  24.8% (7011811103209/28237773109178) | 2312.5M/s | ETA 2:32:58 | best -
[b2=29 b1=27 GPU] stage  24.8% (7016642941417/28237773109178) | 2316.7M/s | ETA 2:32:39 | best -
[b2=29 b1=27 GPU] stage  24.9% (7021474779625/28237773109178) | 2316.3M/s | ETA 2:32:39 | best -
[b2=29 b1=27 GPU] stage  24.9% (7026306617833/28237773109178) | 2316.9M/s | ETA 2:32:35 | best -
[b2=29 b1=27 GPU] stage  24.9% (7031138456041/28237773109178) | 2315.4M/s | ETA 2:32:38 | best -
[b2=29 b1=27 GPU] stage  24.9% (7035970294249/28237773109178) | 2322.3M/s | ETA 2:32:09 | best -
[b2=29 b1=27 GPU] stage  24.9% (7040802132457/28237773109178) | 2307.6M/s | ETA 2:33:05 | best -
[b2=29 b1=27 GPU] stage  25.0% (7045633970665/28237773109178) | 2307.3M/s | ETA 2:33:04 | best -
[b2=29 b1=27 GPU] stage  25.0% (7050465808873/28237773109178) | 2317.2M/s | ETA 2:32:23 | best -
[b2=29 b1=27 GPU] stage  25.0% (7055297647081/28237773109178) | 2316.7M/s | ETA 2:32:23 | best -
[b2=29 b1=27 GPU] stage  25.0% (7060129485289/28237773109178) | 2314.2M/s | ETA 2:32:31 | best -
[b2=29 b1=27 GPU] stage  25.0% (7064961323497/28237773109178) | 2317.5M/s | ETA 2:32:16 | best -
[b2=29 b1=27 GPU] stage  25.0% (7069793161705/28237773109178) | 2327.7M/s | ETA 2:31:34 | best -
[b2=29 b1=27 GPU] stage  25.1% (7074624999913/28237773109178) | 2316.9M/s | ETA 2:32:14 | best -
[b2=29 b1=27 GPU] stage  25.1% (7079456838121/28237773109178) | 2316.9M/s | ETA 2:32:12 | best -
[b2=29 b1=27 GPU] stage  25.1% (7084288676329/28237773109178) | 2312.6M/s | ETA 2:32:26 | best -
[b2=29 b1=27 GPU] stage  25.1% (7089120514537/28237773109178) | 2322.4M/s | ETA 2:31:46 | best -
[b2=29 b1=27 GPU] stage  25.1% (7093952352745/28237773109178) | 2319.2M/s | ETA 2:31:56 | best -
[b2=29 b1=27 GPU] stage  25.1% (7098784190953/28237773109178) | 2314.5M/s | ETA 2:32:13 | best -
[b2=29 b1=27 GPU] stage  25.2% (7103616029161/28237773109178) | 2312.6M/s | ETA 2:32:18 | best -
[b2=29 b1=27 GPU] stage  25.2% (7108447867369/28237773109178) | 2324.2M/s | ETA 2:31:30 | best -
[b2=29 b1=27 GPU] stage  25.2% (7113279705577/28237773109178) | 2315.5M/s | ETA 2:32:03 | best -
[b2=29 b1=27 GPU] stage  25.2% (7118111543785/28237773109178) | 2316.3M/s | ETA 2:31:58 | best -
[b2=29 b1=27 GPU] stage  25.2% (7122943381993/28237773109178) | 2319.7M/s | ETA 2:31:42 | best -
[b2=29 b1=27 GPU] stage  25.2% (7127775220201/28237773109178) | 2315.6M/s | ETA 2:31:56 | best -
[b2=29 b1=27 GPU] stage  25.3% (7132607058409/28237773109178) | 2324.1M/s | ETA 2:31:21 | best -
[b2=29 b1=27 GPU] stage  25.3% (7137438896617/28237773109178) | 2314.3M/s | ETA 2:31:57 | best -
[b2=29 b1=27 GPU] stage  25.3% (7142270734825/28237773109178) | 2327.0M/s | ETA 2:31:05 | best -
[b2=29 b1=27 GPU] stage  25.3% (7147102573033/28237773109178) | 2329.8M/s | ETA 2:30:52 | best -
[b2=29 b1=27 GPU] stage  25.3% (7151934411241/28237773109178) | 2325.7M/s | ETA 2:31:06 | best -
[b2=29 b1=27 GPU] stage  25.3% (7156766249449/28237773109178) | 2314.2M/s | ETA 2:31:49 | best -
[b2=29 b1=27 GPU] stage  25.4% (7161598087657/28237773109178) | 2318.9M/s | ETA 2:31:28 | best -
[b2=29 b1=27 GPU] stage  25.4% (7166429925865/28237773109178) | 2322.7M/s | ETA 2:31:11 | best -
[b2=29 b1=27 GPU] stage  25.4% (7171261764073/28237773109178) | 2317.9M/s | ETA 2:31:28 | best -
[b2=29 b1=27 GPU] stage  25.4% (7176093602281/28237773109178) | 2315.5M/s | ETA 2:31:35 | best -
[b2=29 b1=27 GPU] stage  25.4% (7180925440489/28237773109178) | 2323.5M/s | ETA 2:31:02 | best -
[b2=29 b1=27 GPU] stage  25.4% (7185757278697/28237773109178) | 2312.5M/s | ETA 2:31:43 | best -
[b2=29 b1=27 GPU] stage  25.5% (7190589116905/28237773109178) | 2318.4M/s | ETA 2:31:18 | best -
[b2=29 b1=27 GPU] stage  25.5% (7195420955113/28237773109178) | 2326.0M/s | ETA 2:30:46 | best -
[b2=29 b1=27 GPU] stage  25.5% (7200252793321/28237773109178) | 2313.7M/s | ETA 2:31:32 | best -
[b2=29 b1=27 GPU] stage  25.5% (7205084631529/28237773109178) | 2315.0M/s | ETA 2:31:25 | best -
[b2=29 b1=27 GPU] stage  25.5% (7209916469737/28237773109178) | 2321.9M/s | ETA 2:30:56 | best -
[b2=29 b1=27 GPU] stage  25.5% (7214748307945/28237773109178) | 2311.6M/s | ETA 2:31:34 | best -
[b2=29 b1=27 GPU] stage  25.6% (7219580146153/28237773109178) | 2315.4M/s | ETA 2:31:17 | best -
[b2=29 b1=27 GPU] stage  25.6% (7224411984361/28237773109178) | 2316.8M/s | ETA 2:31:09 | best -
[b2=29 b1=27 GPU] stage  25.6% (7229243822569/28237773109178) | 2315.5M/s | ETA 2:31:13 | best -
[b2=29 b1=27 GPU] stage  25.6% (7234075660777/28237773109178) | 2315.4M/s | ETA 2:31:11 | best -
[b2=29 b1=27 GPU] stage  25.6% (7238907498985/28237773109178) | 2310.8M/s | ETA 2:31:27 | best -
[b2=29 b1=27 GPU] stage  25.7% (7243739337193/28237773109178) | 2318.2M/s | ETA 2:30:56 | best -
[b2=29 b1=27 GPU] stage  25.7% (7248571175401/28237773109178) | 2323.7M/s | ETA 2:30:32 | best -
[b2=29 b1=27 GPU] stage  25.7% (7253403013609/28237773109178) | 2312.3M/s | ETA 2:31:15 | best -
[b2=29 b1=27 GPU] stage  25.7% (7258234851817/28237773109178) | 2324.3M/s | ETA 2:30:26 | best -
[b2=29 b1=27 GPU] stage  25.7% (7263066690025/28237773109178) | 2315.2M/s | ETA 2:30:59 | best -
[b2=29 b1=27 GPU] stage  25.7% (7267898528233/28237773109178) | 2311.9M/s | ETA 2:31:10 | best -
[b2=29 b1=27 GPU] stage  25.8% (7272730366441/28237773109178) | 2312.6M/s | ETA 2:31:05 | best -
[b2=29 b1=27 GPU] stage  25.8% (7277562204649/28237773109178) | 2314.7M/s | ETA 2:30:55 | best -
[b2=29 b1=27 GPU] stage  25.8% (7282394042857/28237773109178) | 2313.7M/s | ETA 2:30:56 | best -
[b2=29 b1=27 GPU] stage  25.8% (7287225881065/28237773109178) | 2314.5M/s | ETA 2:30:51 | best -
[b2=29 b1=27 GPU] stage  25.8% (7292057719273/28237773109178) | 2314.1M/s | ETA 2:30:51 | best -
[b2=29 b1=27 GPU] stage  25.8% (7296889557481/28237773109178) | 2318.6M/s | ETA 2:30:31 | best -
[b2=29 b1=27 GPU] stage  25.9% (7301721395689/28237773109178) | 2325.3M/s | ETA 2:30:03 | best -
[b2=29 b1=27 GPU] stage  25.9% (7306553233897/28237773109178) | 2314.7M/s | ETA 2:30:42 | best -
[b2=29 b1=27 GPU] stage  25.9% (7311385072105/28237773109178) | 2318.3M/s | ETA 2:30:26 | best -
[b2=29 b1=27 GPU] stage  25.9% (7316216910313/28237773109178) | 2310.8M/s | ETA 2:30:53 | best -
[b2=29 b1=27 GPU] stage  25.9% (7321048748521/28237773109178) | 2310.8M/s | ETA 2:30:51 | best -
[b2=29 b1=27 GPU] stage  25.9% (7325880586729/28237773109178) | 2312.2M/s | ETA 2:30:44 | best -
[b2=29 b1=27 GPU] stage  26.0% (7330712424937/28237773109178) | 2311.7M/s | ETA 2:30:44 | best -
[b2=29 b1=27 GPU] stage  26.0% (7335544263145/28237773109178) | 2314.6M/s | ETA 2:30:30 | best -
[b2=29 b1=27 GPU] stage  26.0% (7340376101353/28237773109178) | 2313.0M/s | ETA 2:30:34 | best -
[b2=29 b1=27 GPU] stage  26.0% (7345207939561/28237773109178) | 2318.4M/s | ETA 2:30:11 | best -
[b2=29 b1=27 GPU] stage  26.0% (7350039777769/28237773109178) | 2330.5M/s | ETA 2:29:22 | best -
[b2=29 b1=27 GPU] stage  26.0% (7354871615977/28237773109178) | 2314.5M/s | ETA 2:30:22 | best -
[b2=29 b1=27 GPU] stage  26.1% (7359703454185/28237773109178) | 2317.0M/s | ETA 2:30:11 | best -
[b2=29 b1=27 GPU] stage  26.1% (7364535292393/28237773109178) | 2312.6M/s | ETA 2:30:25 | best -
[b2=29 b1=27 GPU] stage  26.1% (7369367130601/28237773109178) | 2317.1M/s | ETA 2:30:06 | best -
[b2=29 b1=27 GPU] stage  26.1% (7374198968809/28237773109178) | 2312.0M/s | ETA 2:30:23 | best -
[b2=29 b1=27 GPU] stage  26.1% (7379030807017/28237773109178) | 2306.8M/s | ETA 2:30:42 | best -
[b2=29 b1=27 GPU] stage  26.1% (7383862645225/28237773109178) | 2314.5M/s | ETA 2:30:10 | best -
[b2=29 b1=27 GPU] stage  26.2% (7388694483433/28237773109178) | 2314.2M/s | ETA 2:30:09 | best -
[b2=29 b1=27 GPU] stage  26.2% (7393526321641/28237773109178) | 2313.3M/s | ETA 2:30:10 | best -
[b2=29 b1=27 GPU] stage  26.2% (7398358159849/28237773109178) | 2318.4M/s | ETA 2:29:48 | best -
[b2=29 b1=27 GPU] stage  26.2% (7403189998057/28237773109178) | 2312.5M/s | ETA 2:30:09 | best -
[b2=29 b1=27 GPU] stage  26.2% (7408021836265/28237773109178) | 2315.5M/s | ETA 2:29:55 | best -
[b2=29 b1=27 GPU] stage  26.3% (7412853674473/28237773109178) | 2317.3M/s | ETA 2:29:46 | best -
[b2=29 b1=27 GPU] stage  26.3% (7417685512681/28237773109178) | 2317.2M/s | ETA 2:29:45 | best -
[b2=29 b1=27 GPU] stage  26.3% (7422517350889/28237773109178) | 2320.2M/s | ETA 2:29:31 | best -
[b2=29 b1=27 GPU] stage  26.3% (7427349189097/28237773109178) | 2323.3M/s | ETA 2:29:17 | best -
[b2=29 b1=27 GPU] stage  26.3% (7432181027305/28237773109178) | 2307.3M/s | ETA 2:30:17 | best -
[b2=29 b1=27 GPU] stage  26.3% (7437012865513/28237773109178) | 2312.5M/s | ETA 2:29:54 | best -
[b2=29 b1=27 GPU] stage  26.4% (7441844703721/28237773109178) | 2310.8M/s | ETA 2:29:59 | best -
[b2=29 b1=27 GPU] stage  26.4% (7446676541929/28237773109178) | 2313.6M/s | ETA 2:29:46 | best -
[b2=29 b1=27 GPU] stage  26.4% (7451508380137/28237773109178) | 2312.7M/s | ETA 2:29:48 | best -
[b2=29 b1=27 GPU] stage  26.4% (7456340218345/28237773109178) | 2312.3M/s | ETA 2:29:47 | best -
[b2=29 b1=27 GPU] stage  26.4% (7461172056553/28237773109178) | 2311.2M/s | ETA 2:29:49 | best -
[b2=29 b1=27 GPU] stage  26.4% (7466003894761/28237773109178) | 2315.6M/s | ETA 2:29:30 | best -
[b2=29 b1=27 GPU] stage  26.5% (7470835732969/28237773109178) | 2309.5M/s | ETA 2:29:51 | best -
[b2=29 b1=27 GPU] stage  26.5% (7475667571177/28237773109178) | 2309.7M/s | ETA 2:29:48 | best -
[b2=29 b1=27 GPU] stage  26.5% (7480499409385/28237773109178) | 2312.7M/s | ETA 2:29:35 | best -
[b2=29 b1=27 GPU] stage  26.5% (7485331247593/28237773109178) | 2307.4M/s | ETA 2:29:53 | best -
[b2=29 b1=27 GPU] stage  26.5% (7490163085801/28237773109178) | 2315.3M/s | ETA 2:29:21 | best -
[b2=29 b1=27 GPU] stage  26.5% (7494994924009/28237773109178) | 2311.0M/s | ETA 2:29:35 | best -
[b2=29 b1=27 GPU] stage  26.6% (7499826762217/28237773109178) | 2309.5M/s | ETA 2:29:39 | best -
[b2=29 b1=27 GPU] stage  26.6% (7504658600425/28237773109178) | 2311.5M/s | ETA 2:29:29 | best -
[b2=29 b1=27 GPU] stage  26.6% (7509490438633/28237773109178) | 2311.3M/s | ETA 2:29:28 | best -
[b2=29 b1=27 GPU] stage  26.6% (7514322276841/28237773109178) | 2317.4M/s | ETA 2:29:02 | best -
[b2=29 b1=27 GPU] stage  26.6% (7519154115049/28237773109178) | 2320.8M/s | ETA 2:28:47 | best -
[b2=29 b1=27 GPU] stage  26.6% (7523985953257/28237773109178) | 2315.6M/s | ETA 2:29:05 | best -
[b2=29 b1=27 GPU] stage  26.7% (7528817791465/28237773109178) | 2324.4M/s | ETA 2:28:29 | best -
[b2=29 b1=27 GPU] stage  26.7% (7533649629673/28237773109178) | 2331.1M/s | ETA 2:28:01 | best -
[b2=29 b1=27 GPU] stage  26.7% (7538481467881/28237773109178) | 2315.9M/s | ETA 2:28:57 | best -
[b2=29 b1=27 GPU] stage  26.7% (7543313306089/28237773109178) | 2310.1M/s | ETA 2:29:18 | best -
[b2=29 b1=27 GPU] stage  26.7% (7548145144297/28237773109178) | 2311.9M/s | ETA 2:29:09 | best -
[b2=29 b1=27 GPU] stage  26.7% (7552976982505/28237773109178) | 2320.9M/s | ETA 2:28:32 | best -
[b2=29 b1=27 GPU] stage  26.8% (7557808820713/28237773109178) | 2329.5M/s | ETA 2:27:57 | best -
[b2=29 b1=27 GPU] stage  26.8% (7562640658921/28237773109178) | 2312.8M/s | ETA 2:28:59 | best -
[b2=29 b1=27 GPU] stage  26.8% (7567472497129/28237773109178) | 2315.8M/s | ETA 2:28:45 | best -
[b2=29 b1=27 GPU] stage  26.8% (7572304335337/28237773109178) | 2312.7M/s | ETA 2:28:55 | best -
[b2=29 b1=27 GPU] stage  26.8% (7577136173545/28237773109178) | 2310.5M/s | ETA 2:29:02 | best -
[b2=29 b1=27 GPU] stage  26.9% (7581968011753/28237773109178) | 2313.2M/s | ETA 2:28:49 | best -
[b2=29 b1=27 GPU] stage  26.9% (7586799849961/28237773109178) | 2314.3M/s | ETA 2:28:43 | best -
[b2=29 b1=27 GPU] stage  26.9% (7591631688169/28237773109178) | 2320.8M/s | ETA 2:28:16 | best -
[b2=29 b1=27 GPU] stage  26.9% (7596463526377/28237773109178) | 2309.8M/s | ETA 2:28:56 | best -
[b2=29 b1=27 GPU] stage  26.9% (7601295364585/28237773109178) | 2308.3M/s | ETA 2:29:00 | best -
[b2=29 b1=27 GPU] stage  26.9% (7606127202793/28237773109178) | 2315.0M/s | ETA 2:28:32 | best -
[b2=29 b1=27 GPU] stage  27.0% (7610959041001/28237773109178) | 2314.9M/s | ETA 2:28:30 | best -
[b2=29 b1=27 GPU] stage  27.0% (7615790879209/28237773109178) | 2317.5M/s | ETA 2:28:18 | best -
[b2=29 b1=27 GPU] stage  27.0% (7620622717417/28237773109178) | 2316.3M/s | ETA 2:28:20 | best -
[b2=29 b1=27 GPU] stage  27.0% (7625454555625/28237773109178) | 2311.1M/s | ETA 2:28:38 | best -
[b2=29 b1=27 GPU] stage  27.0% (7630286393833/28237773109178) | 2312.7M/s | ETA 2:28:30 | best -
[b2=29 b1=27 GPU] stage  27.0% (7635118232041/28237773109178) | 2318.0M/s | ETA 2:28:08 | best -
[b2=29 b1=27 GPU] stage  27.1% (7639950070249/28237773109178) | 2315.8M/s | ETA 2:28:14 | best -
[b2=29 b1=27 GPU] stage  27.1% (7644781908457/28237773109178) | 2318.6M/s | ETA 2:28:01 | best -
[b2=29 b1=27 GPU] stage  27.1% (7649613746665/28237773109178) | 2308.0M/s | ETA 2:28:40 | best -
[b2=29 b1=27 GPU] stage  27.1% (7654445584873/28237773109178) | 2315.6M/s | ETA 2:28:08 | best -
[b2=29 b1=27 GPU] stage  27.1% (7659277423081/28237773109178) | 2309.2M/s | ETA 2:28:31 | best -
[b2=29 b1=27 GPU] stage  27.1% (7664109261289/28237773109178) | 2313.3M/s | ETA 2:28:13 | best -
[b2=29 b1=27 GPU] stage  27.2% (7668941099497/28237773109178) | 2315.5M/s | ETA 2:28:03 | best -
[b2=29 b1=27 GPU] stage  27.2% (7673772937705/28237773109178) | 2315.0M/s | ETA 2:28:02 | best -
[b2=29 b1=27 GPU] stage  27.2% (7678604775913/28237773109178) | 2314.6M/s | ETA 2:28:02 | best -
[b2=29 b1=27 GPU] stage  27.2% (7683436614121/28237773109178) | 2327.2M/s | ETA 2:27:12 | best -
[b2=29 b1=27 GPU] stage  27.2% (7688268452329/28237773109178) | 2321.1M/s | ETA 2:27:33 | best -
[b2=29 b1=27 GPU] stage  27.2% (7693100290537/28237773109178) | 2321.7M/s | ETA 2:27:28 | best -
[b2=29 b1=27 GPU] stage  27.3% (7697932128745/28237773109178) | 2326.6M/s | ETA 2:27:08 | best -
[b2=29 b1=27 GPU] stage  27.3% (7702763966953/28237773109178) | 2314.3M/s | ETA 2:27:53 | best -
[b2=29 b1=27 GPU] stage  27.3% (7707595805161/28237773109178) | 2318.5M/s | ETA 2:27:34 | best -
[b2=29 b1=27 GPU] stage  27.3% (7712427643369/28237773109178) | 2315.0M/s | ETA 2:27:46 | best -
[b2=29 b1=27 GPU] stage  27.3% (7717259481577/28237773109178) | 2322.9M/s | ETA 2:27:14 | best -
[b2=29 b1=27 GPU] stage  27.3% (7722091319785/28237773109178) | 2315.5M/s | ETA 2:27:40 | best -
[b2=29 b1=27 GPU] stage  27.4% (7726923157993/28237773109178) | 2322.6M/s | ETA 2:27:11 | best -
[b2=29 b1=27 GPU] stage  27.4% (7731754996201/28237773109178) | 2316.9M/s | ETA 2:27:30 | best -
[b2=29 b1=27 GPU] stage  27.4% (7736586834409/28237773109178) | 2323.3M/s | ETA 2:27:04 | best -
[b2=29 b1=27 GPU] stage  27.4% (7741418672617/28237773109178) | 2317.9M/s | ETA 2:27:22 | best -
[b2=29 b1=27 GPU] stage  27.4% (7746250510825/28237773109178) | 2314.4M/s | ETA 2:27:33 | best -
[b2=29 b1=27 GPU] stage  27.4% (7751082349033/28237773109178) | 2319.0M/s | ETA 2:27:14 | best -
[b2=29 b1=27 GPU] stage  27.5% (7755914187241/28237773109178) | 2326.5M/s | ETA 2:26:43 | best -
[b2=29 b1=27 GPU] stage  27.5% (7760746025449/28237773109178) | 2316.2M/s | ETA 2:27:20 | best -
[b2=29 b1=27 GPU] stage  27.5% (7765577863657/28237773109178) | 2314.7M/s | ETA 2:27:24 | best -
[b2=29 b1=27 GPU] stage  27.5% (7770409701865/28237773109178) | 2314.5M/s | ETA 2:27:23 | best -
[b2=29 b1=27 GPU] stage  27.5% (7775241540073/28237773109178) | 2323.6M/s | ETA 2:26:46 | best -
[b2=29 b1=27 GPU] stage  27.6% (7780073378281/28237773109178) | 2314.7M/s | ETA 2:27:18 | best -
[b2=29 b1=27 GPU] stage  27.6% (7784905216489/28237773109178) | 2314.1M/s | ETA 2:27:18 | best -
[b2=29 b1=27 GPU] stage  27.6% (7789737054697/28237773109178) | 2327.6M/s | ETA 2:26:25 | best -
[b2=29 b1=27 GPU] stage  27.6% (7794568892905/28237773109178) | 2327.7M/s | ETA 2:26:22 | best -
[b2=29 b1=27 GPU] stage  27.6% (7799400731113/28237773109178) | 2320.5M/s | ETA 2:26:47 | best -
[b2=29 b1=27 GPU] stage  27.6% (7804232569321/28237773109178) | 2319.0M/s | ETA 2:26:51 | best -
[b2=29 b1=27 GPU] stage  27.7% (7809064407529/28237773109178) | 2334.9M/s | ETA 2:25:49 | best -
[b2=29 b1=27 GPU] stage  27.7% (7813896245737/28237773109178) | 2317.7M/s | ETA 2:26:51 | best -
[b2=29 b1=27 GPU] stage  27.7% (7818728083945/28237773109178) | 2314.5M/s | ETA 2:27:02 | best -
[b2=29 b1=27 GPU] stage  27.7% (7823559922153/28237773109178) | 2321.0M/s | ETA 2:26:35 | best -
[b2=29 b1=27 GPU] stage  27.7% (7828391760361/28237773109178) | 2313.7M/s | ETA 2:27:01 | best -
[b2=29 b1=27 GPU] stage  27.7% (7833223598569/28237773109178) | 2325.2M/s | ETA 2:26:15 | best -
[b2=29 b1=27 GPU] stage  27.8% (7838055436777/28237773109178) | 2321.2M/s | ETA 2:26:28 | best -
[b2=29 b1=27 GPU] stage  27.8% (7842887274985/28237773109178) | 2327.3M/s | ETA 2:26:03 | best -
[b2=29 b1=27 GPU] stage  27.8% (7847719113193/28237773109178) | 2323.9M/s | ETA 2:26:14 | best -
[b2=29 b1=27 GPU] stage  27.8% (7852550951401/28237773109178) | 2317.8M/s | ETA 2:26:35 | best -
[b2=29 b1=27 GPU] stage  27.8% (7857382789609/28237773109178) | 2328.9M/s | ETA 2:25:51 | best -
[b2=29 b1=27 GPU] stage  27.8% (7862214627817/28237773109178) | 2326.0M/s | ETA 2:25:59 | best -
[b2=29 b1=27 GPU] stage  27.9% (7867046466025/28237773109178) | 2314.9M/s | ETA 2:26:39 | best -
[b2=29 b1=27 GPU] stage  27.9% (7871878304233/28237773109178) | 2325.8M/s | ETA 2:25:56 | best -
[b2=29 b1=27 GPU] stage  27.9% (7876710142441/28237773109178) | 2316.8M/s | ETA 2:26:28 | best -
[b2=29 b1=27 GPU] stage  27.9% (7881541980649/28237773109178) | 2324.7M/s | ETA 2:25:56 | best -
[b2=29 b1=27 GPU] stage  27.9% (7886373818857/28237773109178) | 2327.8M/s | ETA 2:25:42 | best -
[b2=29 b1=27 GPU] stage  27.9% (7891205657065/28237773109178) | 2318.0M/s | ETA 2:26:17 | best -
[b2=29 b1=27 GPU] stage  28.0% (7896037495273/28237773109178) | 2319.7M/s | ETA 2:26:09 | best -
[b2=29 b1=27 GPU] stage  28.0% (7900869333481/28237773109178) | 2316.2M/s | ETA 2:26:20 | best -
[b2=29 b1=27 GPU] stage  28.0% (7905701171689/28237773109178) | 2329.2M/s | ETA 2:25:29 | best -
[b2=29 b1=27 GPU] stage  28.0% (7910533009897/28237773109178) | 2329.8M/s | ETA 2:25:24 | best -
[b2=29 b1=27 GPU] stage  28.0% (7915364848105/28237773109178) | 2317.9M/s | ETA 2:26:07 | best -
[b2=29 b1=27 GPU] stage  28.0% (7920196686313/28237773109178) | 2328.5M/s | ETA 2:25:25 | best -
[b2=29 b1=27 GPU] stage  28.1% (7925028524521/28237773109178) | 2321.7M/s | ETA 2:25:49 | best -
[b2=29 b1=27 GPU] stage  28.1% (7929860362729/28237773109178) | 2329.0M/s | ETA 2:25:19 | best -
[b2=29 b1=27 GPU] stage  28.1% (7934692200937/28237773109178) | 2311.3M/s | ETA 2:26:24 | best -
[b2=29 b1=27 GPU] stage  28.1% (7939524039145/28237773109178) | 2324.1M/s | ETA 2:25:33 | best -
[b2=29 b1=27 GPU] stage  28.1% (7944355877353/28237773109178) | 2318.9M/s | ETA 2:25:51 | best -
[b2=29 b1=27 GPU] stage  28.2% (7949187715561/28237773109178) | 2316.4M/s | ETA 2:25:58 | best -
[b2=29 b1=27 GPU] stage  28.2% (7954019553769/28237773109178) | 2319.7M/s | ETA 2:25:44 | best -
[b2=29 b1=27 GPU] stage  28.2% (7958851391977/28237773109178) | 2325.6M/s | ETA 2:25:19 | best -
[b2=29 b1=27 GPU] stage  28.2% (7963683230185/28237773109178) | 2324.7M/s | ETA 2:25:21 | best -
[b2=29 b1=27 GPU] stage  28.2% (7968515068393/28237773109178) | 2326.3M/s | ETA 2:25:13 | best -
[b2=29 b1=27 GPU] stage  28.2% (7973346906601/28237773109178) | 2318.6M/s | ETA 2:25:39 | best -
[b2=29 b1=27 GPU] stage  28.3% (7978178744809/28237773109178) | 2327.6M/s | ETA 2:25:04 | best -
[b2=29 b1=27 GPU] stage  28.3% (7983010583017/28237773109178) | 2312.7M/s | ETA 2:25:57 | best -
[b2=29 b1=27 GPU] stage  28.3% (7987842421225/28237773109178) | 2322.7M/s | ETA 2:25:18 | best -
[b2=29 b1=27 GPU] stage  28.3% (7992674259433/28237773109178) | 2330.5M/s | ETA 2:24:46 | best -
[b2=29 b1=27 GPU] stage  28.3% (7997506097641/28237773109178) | 2316.6M/s | ETA 2:25:37 | best -
[b2=29 b1=27 GPU] stage  28.3% (8002337935849/28237773109178) | 2325.1M/s | ETA 2:25:03 | best -
[b2=29 b1=27 GPU] stage  28.4% (8007169774057/28237773109178) | 2316.7M/s | ETA 2:25:32 | best -
[b2=29 b1=27 GPU] stage  28.4% (8012001612265/28237773109178) | 2317.4M/s | ETA 2:25:27 | best -
[b2=29 b1=27 GPU] stage  28.4% (8016833450473/28237773109178) | 2328.1M/s | ETA 2:24:45 | best -
[b2=29 b1=27 GPU] stage  28.4% (8021665288681/28237773109178) | 2334.3M/s | ETA 2:24:20 | best -
[b2=29 b1=27 GPU] stage  28.4% (8026497126889/28237773109178) | 2330.2M/s | ETA 2:24:33 | best -
[b2=29 b1=27 GPU] stage  28.4% (8031328965097/28237773109178) | 2318.0M/s | ETA 2:25:17 | best -
[b2=29 b1=27 GPU] stage  28.5% (8036160803305/28237773109178) | 2328.3M/s | ETA 2:24:36 | best -
[b2=29 b1=27 GPU] stage  28.5% (8040992641513/28237773109178) | 2312.7M/s | ETA 2:25:32 | best -
[b2=29 b1=27 GPU] stage  28.5% (8045824479721/28237773109178) | 2318.6M/s | ETA 2:25:08 | best -
[b2=29 b1=27 GPU] stage  28.5% (8050656317929/28237773109178) | 2327.3M/s | ETA 2:24:33 | best -
[b2=29 b1=27 GPU] stage  28.5% (8055488156137/28237773109178) | 2318.3M/s | ETA 2:25:05 | best -
[b2=29 b1=27 GPU] stage  28.5% (8060319994345/28237773109178) | 2316.7M/s | ETA 2:25:09 | best -
[b2=29 b1=27 GPU] stage  28.6% (8065151832553/28237773109178) | 2326.6M/s | ETA 2:24:30 | best -
[b2=29 b1=27 GPU] stage  28.6% (8069983670761/28237773109178) | 2327.8M/s | ETA 2:24:23 | best -
[b2=29 b1=27 GPU] stage  28.6% (8074815508969/28237773109178) | 2320.2M/s | ETA 2:24:50 | best -
[b2=29 b1=27 GPU] stage  28.6% (8079647347177/28237773109178) | 2319.4M/s | ETA 2:24:50 | best -
[b2=29 b1=27 GPU] stage  28.6% (8084479185385/28237773109178) | 2328.3M/s | ETA 2:24:15 | best -
[b2=29 b1=27 GPU] stage  28.6% (8089311023593/28237773109178) | 2314.8M/s | ETA 2:25:04 | best -
[b2=29 b1=27 GPU] stage  28.7% (8094142861801/28237773109178) | 2327.1M/s | ETA 2:24:16 | best -
[b2=29 b1=27 GPU] stage  28.7% (8098974700009/28237773109178) | 2311.4M/s | ETA 2:25:12 | best -
[b2=29 b1=27 GPU] stage  28.7% (8103806538217/28237773109178) | 2315.1M/s | ETA 2:24:56 | best -
[b2=29 b1=27 GPU] stage  28.7% (8108638376425/28237773109178) | 2314.2M/s | ETA 2:24:58 | best -
[b2=29 b1=27 GPU] stage  28.7% (8113470214633/28237773109178) | 2313.6M/s | ETA 2:24:58 | best -
[b2=29 b1=27 GPU] stage  28.7% (8118302052841/28237773109178) | 2326.7M/s | ETA 2:24:07 | best -
[b2=29 b1=27 GPU] stage  28.8% (8123133891049/28237773109178) | 2327.0M/s | ETA 2:24:03 | best -
[b2=29 b1=27 GPU] stage  28.8% (8127965729257/28237773109178) | 2312.6M/s | ETA 2:24:55 | best -
[b2=29 b1=27 GPU] stage  28.8% (8132797567465/28237773109178) | 2312.0M/s | ETA 2:24:55 | best -
[b2=29 b1=27 GPU] stage  28.8% (8137629405673/28237773109178) | 2327.2M/s | ETA 2:23:57 | best -
[b2=29 b1=27 GPU] stage  28.8% (8142461243881/28237773109178) | 2318.2M/s | ETA 2:24:28 | best -
[b2=29 b1=27 GPU] stage  28.9% (8147293082089/28237773109178) | 2330.3M/s | ETA 2:23:41 | best -
[b2=29 b1=27 GPU] stage  28.9% (8152124920297/28237773109178) | 2313.4M/s | ETA 2:24:42 | best -
[b2=29 b1=27 GPU] stage  28.9% (8156956758505/28237773109178) | 2325.0M/s | ETA 2:23:56 | best -
[b2=29 b1=27 GPU] stage  28.9% (8161788596713/28237773109178) | 2328.1M/s | ETA 2:23:43 | best -
[b2=29 b1=27 GPU] stage  28.9% (8166620434921/28237773109178) | 2315.6M/s | ETA 2:24:27 | best -
[b2=29 b1=27 GPU] stage  28.9% (8171452273129/28237773109178) | 2326.1M/s | ETA 2:23:46 | best -
[b2=29 b1=27 GPU] stage  29.0% (8176284111337/28237773109178) | 2315.1M/s | ETA 2:24:25 | best -
[b2=29 b1=27 GPU] stage  29.0% (8181115949545/28237773109178) | 2327.4M/s | ETA 2:23:37 | best -
[b2=29 b1=27 GPU] stage  29.0% (8185947787753/28237773109178) | 2314.2M/s | ETA 2:24:24 | best -
[b2=29 b1=27 GPU] stage  29.0% (8190779625961/28237773109178) | 2318.6M/s | ETA 2:24:06 | best -
[b2=29 b1=27 GPU] stage  29.0% (8195611464169/28237773109178) | 2329.0M/s | ETA 2:23:25 | best -
[b2=29 b1=27 GPU] stage  29.0% (8200443302377/28237773109178) | 2325.7M/s | ETA 2:23:35 | best -
[b2=29 b1=27 GPU] stage  29.1% (8205275140585/28237773109178) | 2324.9M/s | ETA 2:23:36 | best -
[b2=29 b1=27 GPU] stage  29.1% (8210106978793/28237773109178) | 2313.2M/s | ETA 2:24:17 | best -
[b2=29 b1=27 GPU] stage  29.1% (8214938817001/28237773109178) | 2323.0M/s | ETA 2:23:39 | best -
[b2=29 b1=27 GPU] stage  29.1% (8219770655209/28237773109178) | 2323.9M/s | ETA 2:23:33 | best -
[b2=29 b1=27 GPU] stage  29.1% (8224602493417/28237773109178) | 2318.8M/s | ETA 2:23:50 | best -
[b2=29 b1=27 GPU] stage  29.1% (8229434331625/28237773109178) | 2318.1M/s | ETA 2:23:51 | best -
[b2=29 b1=27 GPU] stage  29.2% (8234266169833/28237773109178) | 2327.4M/s | ETA 2:23:14 | best -
[b2=29 b1=27 GPU] stage  29.2% (8239098008041/28237773109178) | 2327.5M/s | ETA 2:23:12 | best -
[b2=29 b1=27 GPU] stage  29.2% (8243929846249/28237773109178) | 2318.4M/s | ETA 2:23:43 | best -
[b2=29 b1=27 GPU] stage  29.2% (8248761684457/28237773109178) | 2322.9M/s | ETA 2:23:25 | best -
[b2=29 b1=27 GPU] stage  29.2% (8253593522665/28237773109178) | 2330.0M/s | ETA 2:22:56 | best -
[b2=29 b1=27 GPU] stage  29.2% (8258425360873/28237773109178) | 2324.2M/s | ETA 2:23:16 | best -
[b2=29 b1=27 GPU] stage  29.3% (8263257199081/28237773109178) | 2326.8M/s | ETA 2:23:04 | best -
[b2=29 b1=27 GPU] stage  29.3% (8268089037289/28237773109178) | 2311.8M/s | ETA 2:23:58 | best -
[b2=29 b1=27 GPU] stage  29.3% (8272920875497/28237773109178) | 2317.2M/s | ETA 2:23:35 | best -
[b2=29 b1=27 GPU] stage  29.3% (8277752713705/28237773109178) | 2329.0M/s | ETA 2:22:50 | best -
[b2=29 b1=27 GPU] stage  29.3% (8282584551913/28237773109178) | 2324.6M/s | ETA 2:23:04 | best -
[b2=29 b1=27 GPU] stage  29.3% (8287416390121/28237773109178) | 2319.3M/s | ETA 2:23:22 | best -
[b2=29 b1=27 GPU] stage  29.4% (8292248228329/28237773109178) | 2314.2M/s | ETA 2:23:38 | best -
[b2=29 b1=27 GPU] stage  29.4% (8297080066537/28237773109178) | 2327.8M/s | ETA 2:22:46 | best -
[b2=29 b1=27 GPU] stage  29.4% (8301911904745/28237773109178) | 2326.9M/s | ETA 2:22:47 | best -
[b2=29 b1=27 GPU] stage  29.4% (8306743742953/28237773109178) | 2329.2M/s | ETA 2:22:37 | best -
[b2=29 b1=27 GPU] stage  29.4% (8311575581161/28237773109178) | 2324.4M/s | ETA 2:22:52 | best -
[b2=29 b1=27 GPU] stage  29.5% (8316407419369/28237773109178) | 2314.4M/s | ETA 2:23:27 | best -
[b2=29 b1=27 GPU] stage  29.5% (8321239257577/28237773109178) | 2316.2M/s | ETA 2:23:18 | best -
[b2=29 b1=27 GPU] stage  29.5% (8326071095785/28237773109178) | 2318.6M/s | ETA 2:23:07 | best -
[b2=29 b1=27 GPU] stage  29.5% (8330902933993/28237773109178) | 2318.4M/s | ETA 2:23:06 | best -
[b2=29 b1=27 GPU] stage  29.5% (8335734772201/28237773109178) | 2316.2M/s | ETA 2:23:12 | best -
[b2=29 b1=27 GPU] stage  29.5% (8340566610409/28237773109178) | 2329.2M/s | ETA 2:22:22 | best -
[b2=29 b1=27 GPU] stage  29.6% (8345398448617/28237773109178) | 2324.9M/s | ETA 2:22:36 | best -
[b2=29 b1=27 GPU] stage  29.6% (8350230286825/28237773109178) | 2317.7M/s | ETA 2:23:00 | best -
[b2=29 b1=27 GPU] stage  29.6% (8355062125033/28237773109178) | 2320.3M/s | ETA 2:22:48 | best -
[b2=29 b1=27 GPU] stage  29.6% (8359893963241/28237773109178) | 2317.5M/s | ETA 2:22:57 | best -
[b2=29 b1=27 GPU] stage  29.6% (8364725801449/28237773109178) | 2327.9M/s | ETA 2:22:16 | best -
[b2=29 b1=27 GPU] stage  29.6% (8369557639657/28237773109178) | 2318.2M/s | ETA 2:22:50 | best -
[b2=29 b1=27 GPU] stage  29.7% (8374389477865/28237773109178) | 2317.5M/s | ETA 2:22:50 | best -
[b2=29 b1=27 GPU] stage  29.7% (8379221316073/28237773109178) | 2315.5M/s | ETA 2:22:56 | best -
[b2=29 b1=27 GPU] stage  29.7% (8384053154281/28237773109178) | 2316.4M/s | ETA 2:22:50 | best -
[b2=29 b1=27 GPU] stage  29.7% (8388884992489/28237773109178) | 2312.2M/s | ETA 2:23:04 | best -
[b2=29 b1=27 GPU] stage  29.7% (8393716830697/28237773109178) | 2278.8M/s | ETA 2:25:08 | best -
[b2=29 b1=27 GPU] stage  29.7% (8398548668905/28237773109178) | 2315.1M/s | ETA 2:22:49 | best -
[b2=29 b1=27 GPU] stage  29.8% (8403380507113/28237773109178) | 2316.4M/s | ETA 2:22:42 | best -
[b2=29 b1=27 GPU] stage  29.8% (8408212345321/28237773109178) | 2320.7M/s | ETA 2:22:24 | best -
[b2=29 b1=27 GPU] stage  29.8% (8413044183529/28237773109178) | 2320.8M/s | ETA 2:22:22 | best -
[b2=29 b1=27 GPU] stage  29.8% (8417876021737/28237773109178) | 2315.8M/s | ETA 2:22:38 | best -
[b2=29 b1=27 GPU] stage  29.8% (8422707859945/28237773109178) | 2323.7M/s | ETA 2:22:07 | best -
[b2=29 b1=27 GPU] stage  29.8% (8427539698153/28237773109178) | 2316.1M/s | ETA 2:22:33 | best -
[b2=29 b1=27 GPU] stage  29.9% (8432371536361/28237773109178) | 2313.8M/s | ETA 2:22:39 | best -
[b2=29 b1=27 GPU] stage  29.9% (8437203374569/28237773109178) | 2312.4M/s | ETA 2:22:42 | best -
[b2=29 b1=27 GPU] stage  29.9% (8442035212777/28237773109178) | 2310.4M/s | ETA 2:22:47 | best -
[b2=29 b1=27 GPU] stage  29.9% (8446867050985/28237773109178) | 2316.3M/s | ETA 2:22:24 | best -
[b2=29 b1=27 GPU] stage  29.9% (8451698889193/28237773109178) | 2318.2M/s | ETA 2:22:15 | best -
[b2=29 b1=27 GPU] stage  29.9% (8456530727401/28237773109178) | 2318.3M/s | ETA 2:22:12 | best -
[b2=29 b1=27 GPU] stage  30.0% (8461362565609/28237773109178) | 2314.0M/s | ETA 2:22:26 | best -
[b2=29 b1=27 GPU] stage  30.0% (8466194403817/28237773109178) | 2317.8M/s | ETA 2:22:10 | best -
[b2=29 b1=27 GPU] stage  30.0% (8471026242025/28237773109178) | 2314.5M/s | ETA 2:22:20 | best -
[b2=29 b1=27 GPU] stage  30.0% (8475858080233/28237773109178) | 2322.9M/s | ETA 2:21:47 | best -
[b2=29 b1=27 GPU] stage  30.0% (8480689918441/28237773109178) | 2316.0M/s | ETA 2:22:10 | best -
[b2=29 b1=27 GPU] stage  30.1% (8485521756649/28237773109178) | 2306.0M/s | ETA 2:22:45 | best -
[b2=29 b1=27 GPU] stage  30.1% (8490353594857/28237773109178) | 2310.0M/s | ETA 2:22:28 | best -
[b2=29 b1=27 GPU] stage  30.1% (8495185433065/28237773109178) | 2315.7M/s | ETA 2:22:05 | best -
[b2=29 b1=27 GPU] stage  30.1% (8500017271273/28237773109178) | 2317.5M/s | ETA 2:21:56 | best -
[b2=29 b1=27 GPU] stage  30.1% (8504849109481/28237773109178) | 2316.2M/s | ETA 2:21:59 | best -
[b2=29 b1=27 GPU] stage  30.1% (8509680947689/28237773109178) | 2311.5M/s | ETA 2:22:14 | best -
[b2=29 b1=27 GPU] stage  30.2% (8514512785897/28237773109178) | 2310.2M/s | ETA 2:22:17 | best -
[b2=29 b1=27 GPU] stage  30.2% (8519344624105/28237773109178) | 2316.3M/s | ETA 2:21:52 | best -
[b2=29 b1=27 GPU] stage  30.2% (8524176462313/28237773109178) | 2318.7M/s | ETA 2:21:42 | best -
[b2=29 b1=27 GPU] stage  30.2% (8529008300521/28237773109178) | 2312.5M/s | ETA 2:22:02 | best -
[b2=29 b1=27 GPU] stage  30.2% (8533840138729/28237773109178) | 2314.8M/s | ETA 2:21:52 | best -
[b2=29 b1=27 GPU] stage  30.2% (8538671976937/28237773109178) | 2315.1M/s | ETA 2:21:49 | best -
[b2=29 b1=27 GPU] stage  30.3% (8543503815145/28237773109178) | 2308.6M/s | ETA 2:22:10 | best -
[b2=29 b1=27 GPU] stage  30.3% (8548335653353/28237773109178) | 2316.0M/s | ETA 2:21:41 | best -
[b2=29 b1=27 GPU] stage  30.3% (8553167491561/28237773109178) | 2324.2M/s | ETA 2:21:09 | best -
[b2=29 b1=27 GPU] stage  30.3% (8557999329769/28237773109178) | 2317.9M/s | ETA 2:21:30 | best -
[b2=29 b1=27 GPU] stage  30.3% (8562831167977/28237773109178) | 2308.1M/s | ETA 2:22:04 | best -
[b2=29 b1=27 GPU] stage  30.3% (8567663006185/28237773109178) | 2315.5M/s | ETA 2:21:34 | best -
[b2=29 b1=27 GPU] stage  30.4% (8572494844393/28237773109178) | 2319.8M/s | ETA 2:21:17 | best -
[b2=29 b1=27 GPU] stage  30.4% (8577326682601/28237773109178) | 2314.9M/s | ETA 2:21:32 | best -
[b2=29 b1=27 GPU] stage  30.4% (8582158520809/28237773109178) | 2318.5M/s | ETA 2:21:17 | best -
[b2=29 b1=27 GPU] stage  30.4% (8586990359017/28237773109178) | 2323.5M/s | ETA 2:20:57 | best -
[b2=29 b1=27 GPU] stage  30.4% (8591822197225/28237773109178) | 2317.8M/s | ETA 2:21:16 | best -
[b2=29 b1=27 GPU] stage  30.4% (8596654035433/28237773109178) | 2323.5M/s | ETA 2:20:53 | best -
[b2=29 b1=27 GPU] stage  30.5% (8601485873641/28237773109178) | 2316.9M/s | ETA 2:21:15 | best -
[b2=29 b1=27 GPU] stage  30.5% (8606317711849/28237773109178) | 2321.3M/s | ETA 2:20:57 | best -
[b2=29 b1=27 GPU] stage  30.5% (8611149550057/28237773109178) | 2331.9M/s | ETA 2:20:16 | best -
[b2=29 b1=27 GPU] stage  30.5% (8615981388265/28237773109178) | 2325.4M/s | ETA 2:20:37 | best -
[b2=29 b1=27 GPU] stage  30.5% (8620813226473/28237773109178) | 2322.8M/s | ETA 2:20:45 | best -
[b2=29 b1=27 GPU] stage  30.5% (8625645064681/28237773109178) | 2312.8M/s | ETA 2:21:19 | best -
[b2=29 b1=27 GPU] stage  30.6% (8630476902889/28237773109178) | 2321.5M/s | ETA 2:20:45 | best -
[b2=29 b1=27 GPU] stage  30.6% (8635308741097/28237773109178) | 2327.7M/s | ETA 2:20:21 | best -
[b2=29 b1=27 GPU] stage  30.6% (8640140579305/28237773109178) | 2329.6M/s | ETA 2:20:12 | best -
[b2=29 b1=27 GPU] stage  30.6% (8644703982057/28237773109178) | 2261.5M/s | ETA 2:24:23 | best -
[b2=29 b1=27 GPU] stage  30.6% (8649535820265/28237773109178) | 2321.1M/s | ETA 2:20:39 | best -
[b2=29 b1=27 GPU] stage  30.6% (8654367658473/28237773109178) | 2327.5M/s | ETA 2:20:13 | best -
[b2=29 b1=27 GPU] stage  30.7% (8659199496681/28237773109178) | 2326.1M/s | ETA 2:20:16 | best -
[b2=29 b1=27 GPU] stage  30.7% (8664031334889/28237773109178) | 2305.4M/s | ETA 2:21:30 | best -
[b2=29 b1=27 GPU] stage  30.7% (8668863173097/28237773109178) | 2330.1M/s | ETA 2:19:58 | best -
[b2=29 b1=27 GPU] stage  30.7% (8673695011305/28237773109178) | 2331.6M/s | ETA 2:19:50 | best -
[b2=29 b1=27 GPU] stage  30.7% (8678526849513/28237773109178) | 2329.8M/s | ETA 2:19:55 | best -
[b2=29 b1=27 GPU] stage  30.8% (8683358687721/28237773109178) | 2332.0M/s | ETA 2:19:45 | best -
[b2=29 b1=27 GPU] stage  30.8% (8688190525929/28237773109178) | 2332.5M/s | ETA 2:19:41 | best -
[b2=29 b1=27 GPU] stage  30.8% (8693022364137/28237773109178) | 2331.0M/s | ETA 2:19:44 | best -
[b2=29 b1=27 GPU] stage  30.8% (8697854202345/28237773109178) | 2331.9M/s | ETA 2:19:39 | best -
[b2=29 b1=27 GPU] stage  30.8% (8702686040553/28237773109178) | 2317.3M/s | ETA 2:20:30 | best -
[b2=29 b1=27 GPU] stage  30.8% (8707517878761/28237773109178) | 2333.5M/s | ETA 2:19:29 | best -
[b2=29 b1=27 GPU] stage  30.9% (8712349716969/28237773109178) | 2332.3M/s | ETA 2:19:31 | best -
[b2=29 b1=27 GPU] stage  30.9% (8717181555177/28237773109178) | 2331.4M/s | ETA 2:19:32 | best -
[b2=29 b1=27 GPU] stage  30.9% (8722013393385/28237773109178) | 2328.8M/s | ETA 2:19:40 | best -
[b2=29 b1=27 GPU] stage  30.9% (8726845231593/28237773109178) | 2330.4M/s | ETA 2:19:32 | best -
[b2=29 b1=27 GPU] stage  30.9% (8731677069801/28237773109178) | 2331.7M/s | ETA 2:19:25 | best -
[b2=29 b1=27 GPU] stage  30.9% (8736508908009/28237773109178) | 2332.7M/s | ETA 2:19:19 | best -
[b2=29 b1=27 GPU] stage  31.0% (8741340746217/28237773109178) | 2331.2M/s | ETA 2:19:23 | best -
[b2=29 b1=27 GPU] stage  31.0% (8746172584425/28237773109178) | 2331.2M/s | ETA 2:19:21 | best -
[b2=29 b1=27 GPU] stage  31.0% (8751004422633/28237773109178) | 2329.9M/s | ETA 2:19:23 | best -
[b2=29 b1=27 GPU] stage  31.0% (8755836260841/28237773109178) | 2333.1M/s | ETA 2:19:10 | best -
[b2=29 b1=27 GPU] stage  31.0% (8760668099049/28237773109178) | 2326.9M/s | ETA 2:19:30 | best -
[b2=29 b1=27 GPU] stage  31.0% (8765499937257/28237773109178) | 2329.9M/s | ETA 2:19:17 | best -
[b2=29 b1=27 GPU] stage  31.1% (8770331775465/28237773109178) | 2330.4M/s | ETA 2:19:13 | best -
[b2=29 b1=27 GPU] stage  31.1% (8775163613673/28237773109178) | 2331.8M/s | ETA 2:19:06 | best -
[b2=29 b1=27 GPU] stage  31.1% (8779995451881/28237773109178) | 2332.9M/s | ETA 2:19:00 | best -
[b2=29 b1=27 GPU] stage  31.1% (8784827290089/28237773109178) | 2330.8M/s | ETA 2:19:05 | best -
[b2=29 b1=27 GPU] stage  31.1% (8789659128297/28237773109178) | 2325.6M/s | ETA 2:19:22 | best -
[b2=29 b1=27 GPU] stage  31.1% (8794490966505/28237773109178) | 2329.6M/s | ETA 2:19:06 | best -
[b2=29 b1=27 GPU] stage  31.2% (8799322804713/28237773109178) | 2329.2M/s | ETA 2:19:05 | best -
[b2=29 b1=27 GPU] stage  31.2% (8804154642921/28237773109178) | 2330.4M/s | ETA 2:18:59 | best -
[b2=29 b1=27 GPU] stage  31.2% (8808986481129/28237773109178) | 2333.4M/s | ETA 2:18:46 | best -
[b2=29 b1=27 GPU] stage  31.2% (8813818319337/28237773109178) | 2332.7M/s | ETA 2:18:46 | best -
[b2=29 b1=27 GPU] stage  31.2% (8818650157545/28237773109178) | 2332.1M/s | ETA 2:18:47 | best -
[b2=29 b1=27 GPU] stage  31.2% (8823481995753/28237773109178) | 2328.9M/s | ETA 2:18:56 | best -
[b2=29 b1=27 GPU] stage  31.3% (8828313833961/28237773109178) | 2331.7M/s | ETA 2:18:44 | best -
[b2=29 b1=27 GPU] stage  31.3% (8833145672169/28237773109178) | 2331.9M/s | ETA 2:18:41 | best -
[b2=29 b1=27 GPU] stage  31.3% (8837977510377/28237773109178) | 2328.3M/s | ETA 2:18:52 | best -
[b2=29 b1=27 GPU] stage  31.3% (8842809348585/28237773109178) | 2326.9M/s | ETA 2:18:55 | best -
[b2=29 b1=27 GPU] stage  31.3% (8847641186793/28237773109178) | 2330.2M/s | ETA 2:18:41 | best -
[b2=29 b1=27 GPU] stage  31.3% (8852473025001/28237773109178) | 2332.9M/s | ETA 2:18:29 | best -
[b2=29 b1=27 GPU] stage  31.4% (8857304863209/28237773109178) | 2332.3M/s | ETA 2:18:29 | best -
[b2=29 b1=27 GPU] stage  31.4% (8862136701417/28237773109178) | 2328.9M/s | ETA 2:18:39 | best -
[b2=29 b1=27 GPU] stage  31.4% (8866968539625/28237773109178) | 2330.7M/s | ETA 2:18:31 | best -
[b2=29 b1=27 GPU] stage  31.4% (8871800377833/28237773109178) | 2329.3M/s | ETA 2:18:33 | best -
[b2=29 b1=27 GPU] stage  31.4% (8876632216041/28237773109178) | 2329.6M/s | ETA 2:18:30 | best -
[b2=29 b1=27 GPU] stage  31.5% (8881464054249/28237773109178) | 2330.1M/s | ETA 2:18:27 | best -
[b2=29 b1=27 GPU] stage  31.5% (8886295892457/28237773109178) | 2330.4M/s | ETA 2:18:23 | best -
[b2=29 b1=27 GPU] stage  31.5% (8891127730665/28237773109178) | 2329.5M/s | ETA 2:18:25 | best -
[b2=29 b1=27 GPU] stage  31.5% (8895959568873/28237773109178) | 2327.5M/s | ETA 2:18:30 | best -
[b2=29 b1=27 GPU] stage  31.5% (8900791407081/28237773109178) | 2332.3M/s | ETA 2:18:10 | best -
[b2=29 b1=27 GPU] stage  31.5% (8905623245289/28237773109178) | 2329.4M/s | ETA 2:18:19 | best -
[b2=29 b1=27 GPU] stage  31.6% (8910455083497/28237773109178) | 2331.5M/s | ETA 2:18:09 | best -
[b2=29 b1=27 GPU] stage  31.6% (8915286921705/28237773109178) | 2330.3M/s | ETA 2:18:11 | best -
[b2=29 b1=27 GPU] stage  31.6% (8920118759913/28237773109178) | 2328.6M/s | ETA 2:18:15 | best -
[b2=29 b1=27 GPU] stage  31.6% (8924950598121/28237773109178) | 2331.8M/s | ETA 2:18:02 | best -
[b2=29 b1=27 GPU] stage  31.6% (8929782436329/28237773109178) | 2329.2M/s | ETA 2:18:09 | best -
[b2=29 b1=27 GPU] stage  31.6% (8934614274537/28237773109178) | 2329.2M/s | ETA 2:18:07 | best -
[b2=29 b1=27 GPU] stage  31.7% (8939446112745/28237773109178) | 2332.1M/s | ETA 2:17:55 | best -
[b2=29 b1=27 GPU] stage  31.7% (8944277950953/28237773109178) | 2330.9M/s | ETA 2:17:57 | best -
[b2=29 b1=27 GPU] stage  31.7% (8949109789161/28237773109178) | 2328.6M/s | ETA 2:18:03 | best -
[b2=29 b1=27 GPU] stage  31.7% (8953941627369/28237773109178) | 2330.2M/s | ETA 2:17:55 | best -
[b2=29 b1=27 GPU] stage  31.7% (8958773465577/28237773109178) | 2331.8M/s | ETA 2:17:47 | best -
[b2=29 b1=27 GPU] stage  31.7% (8963605303785/28237773109178) | 2330.5M/s | ETA 2:17:50 | best -
[b2=29 b1=27 GPU] stage  31.8% (8968437141993/28237773109178) | 2330.0M/s | ETA 2:17:49 | best -
[b2=29 b1=27 GPU] stage  31.8% (8973268980201/28237773109178) | 2333.0M/s | ETA 2:17:37 | best -
[b2=29 b1=27 GPU] stage  31.8% (8978100818409/28237773109178) | 2332.0M/s | ETA 2:17:38 | best -
[b2=29 b1=27 GPU] stage  31.8% (8982932656617/28237773109178) | 2326.5M/s | ETA 2:17:56 | best -
[b2=29 b1=27 GPU] stage  31.8% (8987764494825/28237773109178) | 2334.3M/s | ETA 2:17:26 | best -
[b2=29 b1=27 GPU] stage  31.8% (8992596333033/28237773109178) | 2335.0M/s | ETA 2:17:22 | best -
[b2=29 b1=27 GPU] stage  31.9% (8997428171241/28237773109178) | 2331.7M/s | ETA 2:17:31 | best -
[b2=29 b1=27 GPU] stage  31.9% (9002260009449/28237773109178) | 2331.5M/s | ETA 2:17:30 | best -
[b2=29 b1=27 GPU] stage  31.9% (9007091847657/28237773109178) | 2328.0M/s | ETA 2:17:40 | best -
[b2=29 b1=27 GPU] stage  31.9% (9011923685865/28237773109178) | 2330.3M/s | ETA 2:17:30 | best -
[b2=29 b1=27 GPU] stage  31.9% (9016755524073/28237773109178) | 2334.0M/s | ETA 2:17:15 | best -
[b2=29 b1=27 GPU] stage  31.9% (9021587362281/28237773109178) | 2330.9M/s | ETA 2:17:24 | best -
[b2=29 b1=27 GPU] stage  32.0% (9026419200489/28237773109178) | 2330.9M/s | ETA 2:17:22 | best -
[b2=29 b1=27 GPU] stage  32.0% (9031251038697/28237773109178) | 2330.6M/s | ETA 2:17:21 | best -
[b2=29 b1=27 GPU] stage  32.0% (9036082876905/28237773109178) | 2329.4M/s | ETA 2:17:23 | best -
[b2=29 b1=27 GPU] stage  32.0% (9040914715113/28237773109178) | 2333.0M/s | ETA 2:17:08 | best -
[b2=29 b1=27 GPU] stage  32.0% (9045746553321/28237773109178) | 2329.6M/s | ETA 2:17:18 | best -
[b2=29 b1=27 GPU] stage  32.1% (9050578391529/28237773109178) | 2330.6M/s | ETA 2:17:12 | best -
[b2=29 b1=27 GPU] stage  32.1% (9055410229737/28237773109178) | 2331.5M/s | ETA 2:17:07 | best -
[b2=29 b1=27 GPU] stage  32.1% (9060242067945/28237773109178) | 2329.7M/s | ETA 2:17:11 | best -
[b2=29 b1=27 GPU] stage  32.1% (9065073906153/28237773109178) | 2329.0M/s | ETA 2:17:12 | best -
[b2=29 b1=27 GPU] stage  32.1% (9069905744361/28237773109178) | 2332.2M/s | ETA 2:16:58 | best -
[b2=29 b1=27 GPU] stage  32.1% (9074737582569/28237773109178) | 2329.0M/s | ETA 2:17:07 | best -
[b2=29 b1=27 GPU] stage  32.2% (9079569420777/28237773109178) | 2330.2M/s | ETA 2:17:01 | best -
[b2=29 b1=27 GPU] stage  32.2% (9084401258985/28237773109178) | 2328.1M/s | ETA 2:17:07 | best -
[b2=29 b1=27 GPU] stage  32.2% (9089233097193/28237773109178) | 2331.2M/s | ETA 2:16:53 | best -
[b2=29 b1=27 GPU] stage  32.2% (9094064935401/28237773109178) | 2332.6M/s | ETA 2:16:47 | best -
[b2=29 b1=27 GPU] stage  32.2% (9098896773609/28237773109178) | 2332.5M/s | ETA 2:16:45 | best -
[b2=29 b1=27 GPU] stage  32.2% (9103728611817/28237773109178) | 2329.2M/s | ETA 2:16:54 | best -
[b2=29 b1=27 GPU] stage  32.3% (9108560450025/28237773109178) | 2332.5M/s | ETA 2:16:41 | best -
[b2=29 b1=27 GPU] stage  32.3% (9113392288233/28237773109178) | 2332.1M/s | ETA 2:16:40 | best -
[b2=29 b1=27 GPU] stage  32.3% (9118224126441/28237773109178) | 2332.1M/s | ETA 2:16:38 | best -
[b2=29 b1=27 GPU] stage  32.3% (9123055964649/28237773109178) | 2323.7M/s | ETA 2:17:06 | best -
[b2=29 b1=27 GPU] stage  32.3% (9127887802857/28237773109178) | 2328.4M/s | ETA 2:16:47 | best -
[b2=29 b1=27 GPU] stage  32.3% (9132719641065/28237773109178) | 2333.1M/s | ETA 2:16:28 | best -
[b2=29 b1=27 GPU] stage  32.4% (9137551479273/28237773109178) | 2328.3M/s | ETA 2:16:43 | best -
[b2=29 b1=27 GPU] stage  32.4% (9142383317481/28237773109178) | 2331.9M/s | ETA 2:16:28 | best -
[b2=29 b1=27 GPU] stage  32.4% (9147215155689/28237773109178) | 2333.3M/s | ETA 2:16:21 | best -
[b2=29 b1=27 GPU] stage  32.4% (9152046993897/28237773109178) | 2330.8M/s | ETA 2:16:28 | best -
[b2=29 b1=27 GPU] stage  32.4% (9156878832105/28237773109178) | 2330.3M/s | ETA 2:16:28 | best -
[b2=29 b1=27 GPU] stage  32.4% (9161710670313/28237773109178) | 2331.3M/s | ETA 2:16:22 | best -
[b2=29 b1=27 GPU] stage  32.5% (9166542508521/28237773109178) | 2329.4M/s | ETA 2:16:27 | best -
[b2=29 b1=27 GPU] stage  32.5% (9171374346729/28237773109178) | 2334.3M/s | ETA 2:16:08 | best -
[b2=29 b1=27 GPU] stage  32.5% (9176206184937/28237773109178) | 2331.2M/s | ETA 2:16:16 | best -
[b2=29 b1=27 GPU] stage  32.5% (9181038023145/28237773109178) | 2330.7M/s | ETA 2:16:16 | best -
[b2=29 b1=27 GPU] stage  32.5% (9185869861353/28237773109178) | 2329.8M/s | ETA 2:16:17 | best -
[b2=29 b1=27 GPU] stage  32.5% (9190701699561/28237773109178) | 2325.8M/s | ETA 2:16:29 | best -
[b2=29 b1=27 GPU] stage  32.6% (9195533537769/28237773109178) | 2329.5M/s | ETA 2:16:14 | best -
[b2=29 b1=27 GPU] stage  32.6% (9200365375977/28237773109178) | 2330.8M/s | ETA 2:16:07 | best -
[b2=29 b1=27 GPU] stage  32.6% (9205197214185/28237773109178) | 2330.3M/s | ETA 2:16:07 | best -
[b2=29 b1=27 GPU] stage  32.6% (9210029052393/28237773109178) | 2330.0M/s | ETA 2:16:06 | best -
[b2=29 b1=27 GPU] stage  32.6% (9214860890601/28237773109178) | 2328.3M/s | ETA 2:16:10 | best -
[b2=29 b1=27 GPU] stage  32.7% (9219692728809/28237773109178) | 2331.4M/s | ETA 2:15:57 | best -
[b2=29 b1=27 GPU] stage  32.7% (9224524567017/28237773109178) | 2332.4M/s | ETA 2:15:51 | best -
[b2=29 b1=27 GPU] stage  32.7% (9229356405225/28237773109178) | 2334.8M/s | ETA 2:15:41 | best -
[b2=29 b1=27 GPU] stage  32.7% (9234188243433/28237773109178) | 2329.4M/s | ETA 2:15:58 | best -
[b2=29 b1=27 GPU] stage  32.7% (9239020081641/28237773109178) | 2336.9M/s | ETA 2:15:29 | best -
[b2=29 b1=27 GPU] stage  32.7% (9241436000745/28237773109178) | 1055.9M/s | ETA 4:59:49 | best -
[b2=29 b1=27 GPU] stage  32.7% (9243315048937/28237773109178) | 857.5M/s | ETA 6:09:10 | best -
[b2=29 b1=27 GPU] stage  32.7% (9245194097129/28237773109178) | 841.0M/s | ETA 6:16:24 | best -
[b2=29 b1=27 GPU] stage  32.7% (9247073145321/28237773109178) | 837.3M/s | ETA 6:18:00 | best -
[b2=29 b1=27 GPU] stage  32.8% (9248952193513/28237773109178) | 834.8M/s | ETA 6:19:06 | best -
[b2=29 b1=27 GPU] stage  32.8% (9250831241705/28237773109178) | 838.5M/s | ETA 6:17:24 | best -
[b2=29 b1=27 GPU] stage  32.8% (9252710289897/28237773109178) | 839.3M/s | ETA 6:16:59 | best -
[b2=29 b1=27 GPU] stage  32.8% (9254589338089/28237773109178) | 839.4M/s | ETA 6:16:55 | best -
[b2=29 b1=27 GPU] stage  32.8% (9256468386281/28237773109178) | 839.3M/s | ETA 6:16:54 | best -
[b2=29 b1=27 GPU] stage  32.8% (9258347434473/28237773109178) | 838.9M/s | ETA 6:17:02 | best -
[b2=29 b1=27 GPU] stage  32.8% (9260226482665/28237773109178) | 840.0M/s | ETA 6:16:32 | best -
[b2=29 b1=27 GPU] stage  32.8% (9262105530857/28237773109178) | 838.7M/s | ETA 6:17:04 | best -
[b2=29 b1=27 GPU] stage  32.8% (9263984579049/28237773109178) | 839.2M/s | ETA 6:16:50 | best -
[b2=29 b1=27 GPU] stage  32.8% (9265863627241/28237773109178) | 839.1M/s | ETA 6:16:49 | best -
[b2=29 b1=27 GPU] stage  32.8% (9267742675433/28237773109178) | 839.2M/s | ETA 6:16:44 | best -
[b2=29 b1=27 GPU] stage  32.8% (9269621723625/28237773109178) | 839.2M/s | ETA 6:16:41 | best -
[b2=29 b1=27 GPU] stage  32.8% (9271500771817/28237773109178) | 839.5M/s | ETA 6:16:33 | best -
[b2=29 b1=27 GPU] stage  32.8% (9273379820009/28237773109178) | 838.8M/s | ETA 6:16:48 | best -
[b2=29 b1=27 GPU] stage  32.8% (9275258868201/28237773109178) | 839.0M/s | ETA 6:16:42 | best -
[b2=29 b1=27 GPU] stage  32.9% (9277137916393/28237773109178) | 838.7M/s | ETA 6:16:46 | best -
[b2=29 b1=27 GPU] stage  32.9% (9279016964585/28237773109178) | 839.5M/s | ETA 6:16:24 | best -
[b2=29 b1=27 GPU] stage  32.9% (9280896012777/28237773109178) | 839.2M/s | ETA 6:16:30 | best -
[b2=29 b1=27 GPU] stage  32.9% (9282775060969/28237773109178) | 838.7M/s | ETA 6:16:39 | best -
[b2=29 b1=27 GPU] stage  32.9% (9284654109161/28237773109178) | 838.8M/s | ETA 6:16:34 | best -
[b2=29 b1=27 GPU] stage  32.9% (9286533157353/28237773109178) | 839.2M/s | ETA 6:16:23 | best -
[b2=29 b1=27 GPU] stage  32.9% (9288412205545/28237773109178) | 839.1M/s | ETA 6:16:21 | best -
[b2=29 b1=27 GPU] stage  32.9% (9290291253737/28237773109178) | 839.0M/s | ETA 6:16:22 | best -
[b2=29 b1=27 GPU] stage  32.9% (9292170301929/28237773109178) | 839.7M/s | ETA 6:16:03 | best -
[b2=29 b1=27 GPU] stage  32.9% (9294049350121/28237773109178) | 839.1M/s | ETA 6:16:16 | best -
[b2=29 b1=27 GPU] stage  32.9% (9295928398313/28237773109178) | 839.4M/s | ETA 6:16:06 | best -
[b2=29 b1=27 GPU] stage  32.9% (9297807446505/28237773109178) | 830.4M/s | ETA 6:20:06 | best -
[b2=29 b1=27 GPU] stage  32.9% (9299686494697/28237773109178) | 838.2M/s | ETA 6:16:34 | best -
[b2=29 b1=27 GPU] stage  32.9% (9301565542889/28237773109178) | 839.2M/s | ETA 6:16:03 | best -
[b2=29 b1=27 GPU] stage  32.9% (9303444591081/28237773109178) | 839.3M/s | ETA 6:16:00 | best -
[b2=29 b1=27 GPU] stage  33.0% (9305323639273/28237773109178) | 839.4M/s | ETA 6:15:53 | best -
[b2=29 b1=27 GPU] stage  33.0% (9307202687465/28237773109178) | 839.5M/s | ETA 6:15:49 | best -
[b2=29 b1=27 GPU] stage  33.0% (9309081735657/28237773109178) | 839.2M/s | ETA 6:15:56 | best -
[b2=29 b1=27 GPU] stage  33.0% (9310960783849/28237773109178) | 839.2M/s | ETA 6:15:52 | best -
[b2=29 b1=27 GPU] stage  33.0% (9312839832041/28237773109178) | 839.5M/s | ETA 6:15:42 | best -
[b2=29 b1=27 GPU] stage  33.0% (9314718880233/28237773109178) | 839.1M/s | ETA 6:15:50 | best -
[b2=29 b1=27 GPU] stage  33.0% (9316597928425/28237773109178) | 839.6M/s | ETA 6:15:35 | best -
[b2=29 b1=27 GPU] stage  33.0% (9318476976617/28237773109178) | 839.4M/s | ETA 6:15:38 | best -
[b2=29 b1=27 GPU] stage  33.0% (9320356024809/28237773109178) | 839.6M/s | ETA 6:15:31 | best -
[b2=29 b1=27 GPU] stage  33.0% (9322235073001/28237773109178) | 839.1M/s | ETA 6:15:42 | best -
[b2=29 b1=27 GPU] stage  33.0% (9324114121193/28237773109178) | 839.0M/s | ETA 6:15:41 | best -
[b2=29 b1=27 GPU] stage  33.0% (9325993169385/28237773109178) | 839.1M/s | ETA 6:15:37 | best -
[b2=29 b1=27 GPU] stage  33.0% (9327872217577/28237773109178) | 839.1M/s | ETA 6:15:35 | best -
[b2=29 b1=27 GPU] stage  33.0% (9329751265769/28237773109178) | 838.8M/s | ETA 6:15:42 | best -
[b2=29 b1=27 GPU] stage  33.0% (9331630313961/28237773109178) | 838.9M/s | ETA 6:15:36 | best -
[b2=29 b1=27 GPU] stage  33.1% (9333509362153/28237773109178) | 839.4M/s | ETA 6:15:21 | best -
[b2=29 b1=27 GPU] stage  33.1% (9335388410345/28237773109178) | 839.4M/s | ETA 6:15:19 | best -
[b2=29 b1=27 GPU] stage  33.1% (9337267458537/28237773109178) | 839.5M/s | ETA 6:15:13 | best -
[b2=29 b1=27 GPU] stage  33.1% (9339146506729/28237773109178) | 839.3M/s | ETA 6:15:15 | best -
[b2=29 b1=27 GPU] stage  33.1% (9341025554921/28237773109178) | 837.8M/s | ETA 6:15:56 | best -
[b2=29 b1=27 GPU] stage  33.1% (9342904603113/28237773109178) | 838.5M/s | ETA 6:15:33 | best -
[b2=29 b1=27 GPU] stage  33.1% (9344783651305/28237773109178) | 839.2M/s | ETA 6:15:13 | best -
[b2=29 b1=27 GPU] stage  33.1% (9346662699497/28237773109178) | 839.3M/s | ETA 6:15:08 | best -
[b2=29 b1=27 GPU] stage  33.1% (9348541747689/28237773109178) | 835.5M/s | ETA 6:16:47 | best -
[b2=29 b1=27 GPU] stage  33.1% (9350420795881/28237773109178) | 839.3M/s | ETA 6:15:03 | best -
[b2=29 b1=27 GPU] stage  33.1% (9352299844073/28237773109178) | 839.3M/s | ETA 6:15:02 | best -
[b2=29 b1=27 GPU] stage  33.1% (9354178892265/28237773109178) | 839.3M/s | ETA 6:15:00 | best -
[b2=29 b1=27 GPU] stage  33.1% (9356057940457/28237773109178) | 838.8M/s | ETA 6:15:10 | best -
[b2=29 b1=27 GPU] stage  33.1% (9357936988649/28237773109178) | 839.5M/s | ETA 6:14:48 | best -
[b2=29 b1=27 GPU] stage  33.1% (9359816036841/28237773109178) | 839.2M/s | ETA 6:14:54 | best -
[b2=29 b1=27 GPU] stage  33.2% (9361695085033/28237773109178) | 839.5M/s | ETA 6:14:44 | best -
[b2=29 b1=27 GPU] stage  33.2% (9363574133225/28237773109178) | 839.1M/s | ETA 6:14:54 | best -
[b2=29 b1=27 GPU] stage  33.2% (9365453181417/28237773109178) | 839.5M/s | ETA 6:14:40 | best -
[b2=29 b1=27 GPU] stage  33.2% (9367332229609/28237773109178) | 839.7M/s | ETA 6:14:33 | best -
[b2=29 b1=27 GPU] stage  33.2% (9369211277801/28237773109178) | 839.4M/s | ETA 6:14:38 | best -
[b2=29 b1=27 GPU] stage  33.2% (9371090325993/28237773109178) | 838.9M/s | ETA 6:14:50 | best -
[b2=29 b1=27 GPU] stage  33.2% (9372969374185/28237773109178) | 838.8M/s | ETA 6:14:49 | best -
[b2=29 b1=27 GPU] stage  33.2% (9374848422377/28237773109178) | 838.7M/s | ETA 6:14:50 | best -
[b2=29 b1=27 GPU] stage  33.2% (9376727470569/28237773109178) | 839.5M/s | ETA 6:14:27 | best -
[b2=29 b1=27 GPU] stage  33.2% (9378606518761/28237773109178) | 839.3M/s | ETA 6:14:29 | best -
[b2=29 b1=27 GPU] stage  33.2% (9380485566953/28237773109178) | 839.1M/s | ETA 6:14:31 | best -
[b2=29 b1=27 GPU] stage  33.2% (9382364615145/28237773109178) | 839.4M/s | ETA 6:14:23 | best -
[b2=29 b1=27 GPU] stage  33.2% (9384243663337/28237773109178) | 839.2M/s | ETA 6:14:26 | best -
[b2=29 b1=27 GPU] stage  33.2% (9386122711529/28237773109178) | 838.7M/s | ETA 6:14:36 | best -
[b2=29 b1=27 GPU] stage  33.2% (9388001759721/28237773109178) | 838.8M/s | ETA 6:14:33 | best -
[b2=29 b1=27 GPU] stage  33.3% (9389880807913/28237773109178) | 839.1M/s | ETA 6:14:23 | best -
[b2=29 b1=27 GPU] stage  33.3% (9391759856105/28237773109178) | 838.3M/s | ETA 6:14:39 | best -
[b2=29 b1=27 GPU] stage  33.3% (9393638904297/28237773109178) | 839.6M/s | ETA 6:14:04 | best -
[b2=29 b1=27 GPU] stage  33.3% (9395517952489/28237773109178) | 839.6M/s | ETA 6:14:01 | best -
[b2=29 b1=27 GPU] stage  33.3% (9397397000681/28237773109178) | 839.2M/s | ETA 6:14:09 | best -
[b2=29 b1=27 GPU] stage  33.3% (9399276048873/28237773109178) | 835.3M/s | ETA 6:15:52 | best -
[b2=29 b1=27 GPU] stage  33.3% (9401155097065/28237773109178) | 838.7M/s | ETA 6:14:19 | best -
[b2=29 b1=27 GPU] stage  33.3% (9403034145257/28237773109178) | 838.4M/s | ETA 6:14:23 | best -
[b2=29 b1=27 GPU] stage  33.3% (9404913193449/28237773109178) | 839.6M/s | ETA 6:13:50 | best -
[b2=29 b1=27 GPU] stage  33.3% (9406792241641/28237773109178) | 839.3M/s | ETA 6:13:56 | best -
[b2=29 b1=27 GPU] stage  33.3% (9408671289833/28237773109178) | 839.4M/s | ETA 6:13:52 | best -
[b2=29 b1=27 GPU] stage  33.3% (9410550338025/28237773109178) | 839.1M/s | ETA 6:13:56 | best -
[b2=29 b1=27 GPU] stage  33.3% (9412429386217/28237773109178) | 839.1M/s | ETA 6:13:55 | best -
[b2=29 b1=27 GPU] stage  33.3% (9414308434409/28237773109178) | 839.6M/s | ETA 6:13:39 | best -
[b2=29 b1=27 GPU] stage  33.3% (9416187482601/28237773109178) | 839.4M/s | ETA 6:13:42 | best -
[b2=29 b1=27 GPU] stage  33.4% (9418066530793/28237773109178) | 839.3M/s | ETA 6:13:43 | best -
[b2=29 b1=27 GPU] stage  33.4% (9419945578985/28237773109178) | 839.2M/s | ETA 6:13:44 | best -
[b2=29 b1=27 GPU] stage  33.4% (9421824627177/28237773109178) | 839.3M/s | ETA 6:13:38 | best -
[b2=29 b1=27 GPU] stage  33.4% (9423703675369/28237773109178) | 839.4M/s | ETA 6:13:33 | best -
[b2=29 b1=27 GPU] stage  33.4% (9425582723561/28237773109178) | 838.9M/s | ETA 6:13:45 | best -
[b2=29 b1=27 GPU] stage  33.4% (9427461771753/28237773109178) | 839.0M/s | ETA 6:13:38 | best -
[b2=29 b1=27 GPU] stage  33.4% (9429340819945/28237773109178) | 839.0M/s | ETA 6:13:37 | best -
[b2=29 b1=27 GPU] stage  33.4% (9431219868137/28237773109178) | 839.2M/s | ETA 6:13:30 | best -
[b2=29 b1=27 GPU] stage  33.4% (9433098916329/28237773109178) | 839.3M/s | ETA 6:13:26 | best -
[b2=29 b1=27 GPU] stage  33.4% (9434977964521/28237773109178) | 839.5M/s | ETA 6:13:17 | best -
[b2=29 b1=27 GPU] stage  33.4% (9436857012713/28237773109178) | 839.5M/s | ETA 6:13:16 | best -
[b2=29 b1=27 GPU] stage  33.4% (9438736060905/28237773109178) | 839.3M/s | ETA 6:13:18 | best -
[b2=29 b1=27 GPU] stage  33.4% (9440615109097/28237773109178) | 839.6M/s | ETA 6:13:07 | best -
[b2=29 b1=27 GPU] stage  33.4% (9442494157289/28237773109178) | 839.3M/s | ETA 6:13:15 | best -
[b2=29 b1=27 GPU] stage  33.4% (9444373205481/28237773109178) | 839.0M/s | ETA 6:13:18 | best -
[b2=29 b1=27 GPU] stage  33.5% (9446252253673/28237773109178) | 839.2M/s | ETA 6:13:11 | best -
[b2=29 b1=27 GPU] stage  33.5% (9448131301865/28237773109178) | 839.4M/s | ETA 6:13:04 | best -
[b2=29 b1=27 GPU] stage  33.5% (9450010350057/28237773109178) | 836.7M/s | ETA 6:14:15 | best -
[b2=29 b1=27 GPU] stage  33.5% (9451889398249/28237773109178) | 838.6M/s | ETA 6:13:22 | best -
[b2=29 b1=27 GPU] stage  33.5% (9453768446441/28237773109178) | 838.9M/s | ETA 6:13:10 | best -
[b2=29 b1=27 GPU] stage  33.5% (9455647494633/28237773109178) | 838.9M/s | ETA 6:13:08 | best -
[b2=29 b1=27 GPU] stage  33.5% (9457526542825/28237773109178) | 839.4M/s | ETA 6:12:53 | best -
[b2=29 b1=27 GPU] stage  33.5% (9459405591017/28237773109178) | 839.0M/s | ETA 6:13:01 | best -
[b2=29 b1=27 GPU] stage  33.5% (9461284639209/28237773109178) | 839.2M/s | ETA 6:12:53 | best -
[b2=29 b1=27 GPU] stage  33.5% (9463163687401/28237773109178) | 839.5M/s | ETA 6:12:43 | best -
[b2=29 b1=27 GPU] stage  33.5% (9465042735593/28237773109178) | 838.8M/s | ETA 6:13:01 | best -
[b2=29 b1=27 GPU] stage  33.5% (9466921783785/28237773109178) | 839.1M/s | ETA 6:12:51 | best -
[b2=29 b1=27 GPU] stage  33.5% (9468800831977/28237773109178) | 839.8M/s | ETA 6:12:30 | best -
[b2=29 b1=27 GPU] stage  33.5% (9470679880169/28237773109178) | 839.0M/s | ETA 6:12:48 | best -
[b2=29 b1=27 GPU] stage  33.5% (9472558928361/28237773109178) | 839.1M/s | ETA 6:12:44 | best -
[b2=29 b1=27 GPU] stage  33.6% (9474437976553/28237773109178) | 839.2M/s | ETA 6:12:38 | best -
[b2=29 b1=27 GPU] stage  33.6% (9476317024745/28237773109178) | 839.2M/s | ETA 6:12:36 | best -
[b2=29 b1=27 GPU] stage  33.6% (9478196072937/28237773109178) | 839.3M/s | ETA 6:12:31 | best -
[b2=29 b1=27 GPU] stage  33.6% (9480075121129/28237773109178) | 838.8M/s | ETA 6:12:41 | best -
[b2=29 b1=27 GPU] stage  33.6% (9481954169321/28237773109178) | 839.7M/s | ETA 6:12:16 | best -
[b2=29 b1=27 GPU] stage  33.6% (9483833217513/28237773109178) | 839.3M/s | ETA 6:12:23 | best -
[b2=29 b1=27 GPU] stage  33.6% (9485712265705/28237773109178) | 839.7M/s | ETA 6:12:10 | best -
[b2=29 b1=27 GPU] stage  33.6% (9487591313897/28237773109178) | 839.0M/s | ETA 6:12:27 | best -
[b2=29 b1=27 GPU] stage  33.6% (9489470362089/28237773109178) | 839.0M/s | ETA 6:12:24 | best -
[b2=29 b1=27 GPU] stage  33.6% (9491349410281/28237773109178) | 839.3M/s | ETA 6:12:16 | best -
[b2=29 b1=27 GPU] stage  33.6% (9493228458473/28237773109178) | 839.4M/s | ETA 6:12:11 | best -
[b2=29 b1=27 GPU] stage  33.6% (9495107506665/28237773109178) | 839.4M/s | ETA 6:12:09 | best -
[b2=29 b1=27 GPU] stage  33.6% (9496986554857/28237773109178) | 839.9M/s | ETA 6:11:54 | best -
[b2=29 b1=27 GPU] stage  33.6% (9498865603049/28237773109178) | 833.8M/s | ETA 6:14:34 | best -
[b2=29 b1=27 GPU] stage  33.6% (9500744651241/28237773109178) | 837.5M/s | ETA 6:12:52 | best -
[b2=29 b1=27 GPU] stage  33.7% (9502623699433/28237773109178) | 839.3M/s | ETA 6:12:02 | best -
[b2=29 b1=27 GPU] stage  33.7% (9504502747625/28237773109178) | 839.7M/s | ETA 6:11:48 | best -
[b2=29 b1=27 GPU] stage  33.7% (9506381795817/28237773109178) | 839.1M/s | ETA 6:12:03 | best -
[b2=29 b1=27 GPU] stage  33.7% (9508260844009/28237773109178) | 839.6M/s | ETA 6:11:46 | best -
[b2=29 b1=27 GPU] stage  33.7% (9510139892201/28237773109178) | 839.4M/s | ETA 6:11:51 | best -
[b2=29 b1=27 GPU] stage  33.7% (9512018940393/28237773109178) | 839.2M/s | ETA 6:11:52 | best -
[b2=29 b1=27 GPU] stage  33.7% (9513897988585/28237773109178) | 839.1M/s | ETA 6:11:53 | best -
[b2=29 b1=27 GPU] stage  33.7% (9515777036777/28237773109178) | 838.9M/s | ETA 6:11:57 | best -
[b2=29 b1=27 GPU] stage  33.7% (9517656084969/28237773109178) | 839.7M/s | ETA 6:11:34 | best -
[b2=29 b1=27 GPU] stage  33.7% (9519535133161/28237773109178) | 839.3M/s | ETA 6:11:42 | best -
[b2=29 b1=27 GPU] stage  33.7% (9521414181353/28237773109178) | 839.4M/s | ETA 6:11:36 | best -
[b2=29 b1=27 GPU] stage  33.7% (9523293229545/28237773109178) | 838.6M/s | ETA 6:11:55 | best -
[b2=29 b1=27 GPU] stage  33.7% (9525172277737/28237773109178) | 839.0M/s | ETA 6:11:42 | best -
[b2=29 b1=27 GPU] stage  33.7% (9527051325929/28237773109178) | 838.9M/s | ETA 6:11:44 | best -
[b2=29 b1=27 GPU] stage  33.7% (9528930374121/28237773109178) | 838.9M/s | ETA 6:11:41 | best -
[b2=29 b1=27 GPU] stage  33.8% (9530809422313/28237773109178) | 839.8M/s | ETA 6:11:15 | best -
[b2=29 b1=27 GPU] stage  33.8% (9532688470505/28237773109178) | 839.4M/s | ETA 6:11:22 | best -
[b2=29 b1=27 GPU] stage  33.8% (9534567518697/28237773109178) | 839.0M/s | ETA 6:11:33 | best -
[b2=29 b1=27 GPU] stage  33.8% (9536446566889/28237773109178) | 839.5M/s | ETA 6:11:16 | best -
[b2=29 b1=27 GPU] stage  33.8% (9538325615081/28237773109178) | 839.2M/s | ETA 6:11:22 | best -
[b2=29 b1=27 GPU] stage  33.8% (9540204663273/28237773109178) | 839.4M/s | ETA 6:11:15 | best -
[b2=29 b1=27 GPU] stage  33.8% (9542083711465/28237773109178) | 838.9M/s | ETA 6:11:26 | best -
[b2=29 b1=27 GPU] stage  33.8% (9543962759657/28237773109178) | 839.6M/s | ETA 6:11:06 | best -
[b2=29 b1=27 GPU] stage  33.8% (9545841807849/28237773109178) | 839.1M/s | ETA 6:11:14 | best -
[b2=29 b1=27 GPU] stage  33.8% (9547720856041/28237773109178) | 839.3M/s | ETA 6:11:08 | best -
[b2=29 b1=27 GPU] stage  33.8% (9549599904233/28237773109178) | 830.9M/s | ETA 6:14:52 | best -
[b2=29 b1=27 GPU] stage  33.8% (9551478952425/28237773109178) | 838.2M/s | ETA 6:11:34 | best -
[b2=29 b1=27 GPU] stage  33.8% (9553358000617/28237773109178) | 839.2M/s | ETA 6:11:04 | best -
[b2=29 b1=27 GPU] stage  33.8% (9555237048809/28237773109178) | 839.5M/s | ETA 6:10:54 | best -
[b2=29 b1=27 GPU] stage  33.8% (9557116097001/28237773109178) | 838.9M/s | ETA 6:11:06 | best -
[b2=29 b1=27 GPU] stage  33.9% (9558995145193/28237773109178) | 839.2M/s | ETA 6:10:57 | best -
[b2=29 b1=27 GPU] stage  33.9% (9560874193385/28237773109178) | 839.1M/s | ETA 6:10:58 | best -
[b2=29 b1=27 GPU] stage  33.9% (9562753241577/28237773109178) | 838.8M/s | ETA 6:11:03 | best -
[b2=29 b1=27 GPU] stage  33.9% (9564632289769/28237773109178) | 839.1M/s | ETA 6:10:54 | best -
[b2=29 b1=27 GPU] stage  33.9% (9566511337961/28237773109178) | 839.1M/s | ETA 6:10:50 | best -
[b2=29 b1=27 GPU] stage  33.9% (9568390386153/28237773109178) | 839.3M/s | ETA 6:10:44 | best -
[b2=29 b1=27 GPU] stage  33.9% (9570269434345/28237773109178) | 839.1M/s | ETA 6:10:46 | best -
[b2=29 b1=27 GPU] stage  33.9% (9572148482537/28237773109178) | 839.4M/s | ETA 6:10:37 | best -
[b2=29 b1=27 GPU] stage  33.9% (9574027530729/28237773109178) | 838.9M/s | ETA 6:10:48 | best -
[b2=29 b1=27 GPU] stage  33.9% (9575906578921/28237773109178) | 839.0M/s | ETA 6:10:43 | best -
[b2=29 b1=27 GPU] stage  33.9% (9577785627113/28237773109178) | 839.1M/s | ETA 6:10:39 | best -
[b2=29 b1=27 GPU] stage  33.9% (9579664675305/28237773109178) | 839.1M/s | ETA 6:10:37 | best -
[b2=29 b1=27 GPU] stage  33.9% (9581543723497/28237773109178) | 839.1M/s | ETA 6:10:33 | best -
[b2=29 b1=27 GPU] stage  33.9% (9583422771689/28237773109178) | 839.2M/s | ETA 6:10:29 | best -
[b2=29 b1=27 GPU] stage  33.9% (9585301819881/28237773109178) | 839.8M/s | ETA 6:10:10 | best -
[b2=29 b1=27 GPU] stage  34.0% (9587180868073/28237773109178) | 839.7M/s | ETA 6:10:11 | best -
[b2=29 b1=27 GPU] stage  34.0% (9589059916265/28237773109178) | 839.5M/s | ETA 6:10:14 | best -
[b2=29 b1=27 GPU] stage  34.0% (9590938964457/28237773109178) | 838.8M/s | ETA 6:10:29 | best -
[b2=29 b1=27 GPU] stage  34.0% (9592818012649/28237773109178) | 839.4M/s | ETA 6:10:11 | best -
[b2=29 b1=27 GPU] stage  34.0% (9594697060841/28237773109178) | 839.4M/s | ETA 6:10:10 | best -
[b2=29 b1=27 GPU] stage  34.0% (9596576109033/28237773109178) | 839.5M/s | ETA 6:10:04 | best -
[b2=29 b1=27 GPU] stage  34.0% (9598455157225/28237773109178) | 839.2M/s | ETA 6:10:11 | best -
[b2=29 b1=27 GPU] stage  34.0% (9600334205417/28237773109178) | 833.9M/s | ETA 6:12:28 | best -
[b2=29 b1=27 GPU] stage  34.0% (9602213253609/28237773109178) | 839.6M/s | ETA 6:09:56 | best -
[b2=29 b1=27 GPU] stage  34.0% (9604092301801/28237773109178) | 839.4M/s | ETA 6:09:58 | best -
[b2=29 b1=27 GPU] stage  34.0% (9605971349993/28237773109178) | 838.8M/s | ETA 6:10:11 | best -
[b2=29 b1=27 GPU] stage  34.0% (9607850398185/28237773109178) | 839.2M/s | ETA 6:09:58 | best -
[b2=29 b1=27 GPU] stage  34.0% (9609729446377/28237773109178) | 838.8M/s | ETA 6:10:06 | best -
[b2=29 b1=27 GPU] stage  34.0% (9611608494569/28237773109178) | 839.2M/s | ETA 6:09:55 | best -
[b2=29 b1=27 GPU] stage  34.0% (9613487542761/28237773109178) | 839.5M/s | ETA 6:09:45 | best -
[b2=29 b1=27 GPU] stage  34.1% (9615366590953/28237773109178) | 839.3M/s | ETA 6:09:48 | best -
[b2=29 b1=27 GPU] stage  34.1% (9617245639145/28237773109178) | 839.5M/s | ETA 6:09:40 | best -
[b2=29 b1=27 GPU] stage  34.1% (9619124687337/28237773109178) | 838.9M/s | ETA 6:09:53 | best -
[b2=29 b1=27 GPU] stage  34.1% (9621003735529/28237773109178) | 838.6M/s | ETA 6:10:00 | best -
[b2=29 b1=27 GPU] stage  34.1% (9622882783721/28237773109178) | 839.6M/s | ETA 6:09:32 | best -
[b2=29 b1=27 GPU] stage  34.1% (9624761831913/28237773109178) | 839.5M/s | ETA 6:09:30 | best -
[b2=29 b1=27 GPU] stage  34.1% (9626640880105/28237773109178) | 839.3M/s | ETA 6:09:34 | best -
[b2=29 b1=27 GPU] stage  34.1% (9628519928297/28237773109178) | 839.3M/s | ETA 6:09:32 | best -
[b2=29 b1=27 GPU] stage  34.1% (9630398976489/28237773109178) | 839.0M/s | ETA 6:09:38 | best -
[b2=29 b1=27 GPU] stage  34.1% (9632278024681/28237773109178) | 839.1M/s | ETA 6:09:32 | best -
[b2=29 b1=27 GPU] stage  34.1% (9634157072873/28237773109178) | 839.4M/s | ETA 6:09:21 | best -
[b2=29 b1=27 GPU] stage  34.1% (9636036121065/28237773109178) | 839.2M/s | ETA 6:09:25 | best -
[b2=29 b1=27 GPU] stage  34.1% (9637915169257/28237773109178) | 839.5M/s | ETA 6:09:14 | best -
[b2=29 b1=27 GPU] stage  34.1% (9639794217449/28237773109178) | 839.2M/s | ETA 6:09:20 | best -
[b2=29 b1=27 GPU] stage  34.1% (9641673265641/28237773109178) | 839.0M/s | ETA 6:09:23 | best -
[b2=29 b1=27 GPU] stage  34.2% (9643552313833/28237773109178) | 839.2M/s | ETA 6:09:18 | best -
[b2=29 b1=27 GPU] stage  34.2% (9645431362025/28237773109178) | 839.6M/s | ETA 6:09:03 | best -
[b2=29 b1=27 GPU] stage  34.2% (9647310410217/28237773109178) | 838.8M/s | ETA 6:09:23 | best -
[b2=29 b1=27 GPU] stage  34.2% (9649189458409/28237773109178) | 839.2M/s | ETA 6:09:11 | best -
[b2=29 b1=27 GPU] stage  34.2% (9651068506601/28237773109178) | 835.7M/s | ETA 6:10:40 | best -
[b2=29 b1=27 GPU] stage  34.2% (9652947554793/28237773109178) | 838.4M/s | ETA 6:09:26 | best -
[b2=29 b1=27 GPU] stage  34.2% (9654826602985/28237773109178) | 838.9M/s | ETA 6:09:10 | best -
[b2=29 b1=27 GPU] stage  34.2% (9656705651177/28237773109178) | 839.4M/s | ETA 6:08:55 | best -
[b2=29 b1=27 GPU] stage  34.2% (9658584699369/28237773109178) | 839.0M/s | ETA 6:09:05 | best -
[b2=29 b1=27 GPU] stage  34.2% (9660463747561/28237773109178) | 839.4M/s | ETA 6:08:50 | best -
[b2=29 b1=27 GPU] stage  34.2% (9662342795753/28237773109178) | 839.9M/s | ETA 6:08:36 | best -
[b2=29 b1=27 GPU] stage  34.2% (9664221843945/28237773109178) | 839.6M/s | ETA 6:08:42 | best -
[b2=29 b1=27 GPU] stage  34.2% (9666100892137/28237773109178) | 839.3M/s | ETA 6:08:47 | best -
[b2=29 b1=27 GPU] stage  34.2% (9667979940329/28237773109178) | 839.3M/s | ETA 6:08:46 | best -
[b2=29 b1=27 GPU] stage  34.2% (9669858988521/28237773109178) | 839.0M/s | ETA 6:08:52 | best -
[b2=29 b1=27 GPU] stage  34.3% (9671738036713/28237773109178) | 839.2M/s | ETA 6:08:42 | best -
[b2=29 b1=27 GPU] stage  34.3% (9673617084905/28237773109178) | 838.9M/s | ETA 6:08:48 | best -
[b2=29 b1=27 GPU] stage  34.3% (9675496133097/28237773109178) | 839.4M/s | ETA 6:08:34 | best -
[b2=29 b1=27 GPU] stage  34.3% (9677375181289/28237773109178) | 839.2M/s | ETA 6:08:36 | best -
[b2=29 b1=27 GPU] stage  34.3% (9679254229481/28237773109178) | 839.4M/s | ETA 6:08:30 | best -
[b2=29 b1=27 GPU] stage  34.3% (9681133277673/28237773109178) | 839.5M/s | ETA 6:08:24 | best -
[b2=29 b1=27 GPU] stage  34.3% (9683012325865/28237773109178) | 839.3M/s | ETA 6:08:28 | best -
[b2=29 b1=27 GPU] stage  34.3% (9684891374057/28237773109178) | 838.6M/s | ETA 6:08:42 | best -
[b2=29 b1=27 GPU] stage  34.3% (9686770422249/28237773109178) | 839.3M/s | ETA 6:08:22 | best -
[b2=29 b1=27 GPU] stage  34.3% (9688649470441/28237773109178) | 839.2M/s | ETA 6:08:22 | best -
[b2=29 b1=27 GPU] stage  34.3% (9690528518633/28237773109178) | 839.3M/s | ETA 6:08:18 | best -
[b2=29 b1=27 GPU] stage  34.3% (9692407566825/28237773109178) | 839.2M/s | ETA 6:08:18 | best -
[b2=29 b1=27 GPU] stage  34.3% (9694286615017/28237773109178) | 839.9M/s | ETA 6:07:59 | best -
[b2=29 b1=27 GPU] stage  34.3% (9696165663209/28237773109178) | 839.4M/s | ETA 6:08:09 | best -
[b2=29 b1=27 GPU] stage  34.3% (9698044711401/28237773109178) | 839.1M/s | ETA 6:08:14 | best -
[b2=29 b1=27 GPU] stage  34.4% (9699923759593/28237773109178) | 835.0M/s | ETA 6:10:01 | best -
[b2=29 b1=27 GPU] stage  34.4% (9701802807785/28237773109178) | 836.3M/s | ETA 6:09:24 | best -
[b2=29 b1=27 GPU] stage  34.4% (9703681855977/28237773109178) | 838.9M/s | ETA 6:08:13 | best -
[b2=29 b1=27 GPU] stage  34.4% (9705560904169/28237773109178) | 839.0M/s | ETA 6:08:08 | best -
[b2=29 b1=27 GPU] stage  34.4% (9707439952361/28237773109178) | 838.9M/s | ETA 6:08:08 | best -
[b2=29 b1=27 GPU] stage  34.4% (9709319000553/28237773109178) | 839.2M/s | ETA 6:07:58 | best -
[b2=29 b1=27 GPU] stage  34.4% (9711198048745/28237773109178) | 839.4M/s | ETA 6:07:51 | best -
[b2=29 b1=27 GPU] stage  34.4% (9713077096937/28237773109178) | 838.8M/s | ETA 6:08:03 | best -
[b2=29 b1=27 GPU] stage  34.4% (9714956145129/28237773109178) | 839.1M/s | ETA 6:07:55 | best -
[b2=29 b1=27 GPU] stage  34.4% (9716835193321/28237773109178) | 838.8M/s | ETA 6:07:59 | best -
[b2=29 b1=27 GPU] stage  34.4% (9718714241513/28237773109178) | 839.3M/s | ETA 6:07:44 | best -
[b2=29 b1=27 GPU] stage  34.4% (9720593289705/28237773109178) | 839.5M/s | ETA 6:07:36 | best -
[b2=29 b1=27 GPU] stage  34.4% (9722472337897/28237773109178) | 839.9M/s | ETA 6:07:25 | best -
[b2=29 b1=27 GPU] stage  34.4% (9724351386089/28237773109178) | 839.6M/s | ETA 6:07:29 | best -
[b2=29 b1=27 GPU] stage  34.4% (9726230434281/28237773109178) | 839.6M/s | ETA 6:07:29 | best -
[b2=29 b1=27 GPU] stage  34.5% (9728109482473/28237773109178) | 839.1M/s | ETA 6:07:38 | best -
[b2=29 b1=27 GPU] stage  34.5% (9729988530665/28237773109178) | 838.8M/s | ETA 6:07:44 | best -
[b2=29 b1=27 GPU] stage  34.5% (9731867578857/28237773109178) | 838.8M/s | ETA 6:07:42 | best -
[b2=29 b1=27 GPU] stage  34.5% (9733746627049/28237773109178) | 839.2M/s | ETA 6:07:28 | best -
[b2=29 b1=27 GPU] stage  34.5% (9735625675241/28237773109178) | 839.4M/s | ETA 6:07:22 | best -
[b2=29 b1=27 GPU] stage  34.5% (9737504723433/28237773109178) | 839.3M/s | ETA 6:07:21 | best -
[b2=29 b1=27 GPU] stage  34.5% (9739383771625/28237773109178) | 839.6M/s | ETA 6:07:13 | best -
[b2=29 b1=27 GPU] stage  34.5% (9741262819817/28237773109178) | 839.3M/s | ETA 6:07:18 | best -
[b2=29 b1=27 GPU] stage  34.5% (9743141868009/28237773109178) | 839.6M/s | ETA 6:07:07 | best -
[b2=29 b1=27 GPU] stage  34.5% (9745020916201/28237773109178) | 839.2M/s | ETA 6:07:14 | best -
[b2=29 b1=27 GPU] stage  34.5% (9746899964393/28237773109178) | 839.2M/s | ETA 6:07:15 | best -
[b2=29 b1=27 GPU] stage  34.5% (9748779012585/28237773109178) | 839.2M/s | ETA 6:07:11 | best -
[b2=29 b1=27 GPU] stage  34.5% (9750658060777/28237773109178) | 833.8M/s | ETA 6:09:31 | best -
[b2=29 b1=27 GPU] stage  34.5% (9752537108969/28237773109178) | 838.1M/s | ETA 6:07:35 | best -
[b2=29 b1=27 GPU] stage  34.5% (9754416157161/28237773109178) | 839.5M/s | ETA 6:06:56 | best -
[b2=29 b1=27 GPU] stage  34.6% (9756295205353/28237773109178) | 839.5M/s | ETA 6:06:53 | best -
[b2=29 b1=27 GPU] stage  34.6% (9758174253545/28237773109178) | 839.8M/s | ETA 6:06:43 | best -
[b2=29 b1=27 GPU] stage  34.6% (9760053301737/28237773109178) | 839.4M/s | ETA 6:06:53 | best -
[b2=29 b1=27 GPU] stage  34.6% (9761932349929/28237773109178) | 839.1M/s | ETA 6:06:57 | best -
[b2=29 b1=27 GPU] stage  34.6% (9763811398121/28237773109178) | 839.6M/s | ETA 6:06:42 | best -
[b2=29 b1=27 GPU] stage  34.6% (9765690446313/28237773109178) | 839.9M/s | ETA 6:06:34 | best -
[b2=29 b1=27 GPU] stage  34.6% (9767569494505/28237773109178) | 839.5M/s | ETA 6:06:41 | best -
[b2=29 b1=27 GPU] stage  34.6% (9769448542697/28237773109178) | 839.6M/s | ETA 6:06:37 | best -
[b2=29 b1=27 GPU] stage  34.6% (9771327590889/28237773109178) | 839.3M/s | ETA 6:06:41 | best -
[b2=29 b1=27 GPU] stage  34.6% (9773206639081/28237773109178) | 839.5M/s | ETA 6:06:35 | best -
[b2=29 b1=27 GPU] stage  34.6% (9775085687273/28237773109178) | 838.8M/s | ETA 6:06:51 | best -
[b2=29 b1=27 GPU] stage  34.6% (9776964735465/28237773109178) | 838.7M/s | ETA 6:06:50 | best -
[b2=29 b1=27 GPU] stage  34.6% (9778843783657/28237773109178) | 839.2M/s | ETA 6:06:35 | best -
[b2=29 b1=27 GPU] stage  34.6% (9780722831849/28237773109178) | 839.0M/s | ETA 6:06:37 | best -
[b2=29 b1=27 GPU] stage  34.6% (9782601880041/28237773109178) | 839.2M/s | ETA 6:06:32 | best -
[b2=29 b1=27 GPU] stage  34.7% (9784480928233/28237773109178) | 839.6M/s | ETA 6:06:18 | best -
[b2=29 b1=27 GPU] stage  34.7% (9786359976425/28237773109178) | 839.4M/s | ETA 6:06:21 | best -
[b2=29 b1=27 GPU] stage  34.7% (9788239024617/28237773109178) | 839.2M/s | ETA 6:06:25 | best -
[b2=29 b1=27 GPU] stage  34.7% (9790118072809/28237773109178) | 839.7M/s | ETA 6:06:09 | best -
[b2=29 b1=27 GPU] stage  34.7% (9791997121001/28237773109178) | 839.0M/s | ETA 6:06:24 | best -
[b2=29 b1=27 GPU] stage  34.7% (9793876169193/28237773109178) | 838.9M/s | ETA 6:06:25 | best -
[b2=29 b1=27 GPU] stage  34.7% (9795755217385/28237773109178) | 839.0M/s | ETA 6:06:19 | best -
[b2=29 b1=27 GPU] stage  34.7% (9797634265577/28237773109178) | 839.5M/s | ETA 6:06:04 | best -
[b2=29 b1=27 GPU] stage  34.7% (9799513313769/28237773109178) | 839.4M/s | ETA 6:06:06 | best -
[b2=29 b1=27 GPU] stage  34.7% (9801392361961/28237773109178) | 833.6M/s | ETA 6:08:35 | best -
[b2=29 b1=27 GPU] stage  34.7% (9803271410153/28237773109178) | 838.7M/s | ETA 6:06:18 | best -
[b2=29 b1=27 GPU] stage  34.7% (9805150458345/28237773109178) | 839.3M/s | ETA 6:06:01 | best -
[b2=29 b1=27 GPU] stage  34.7% (9807029506537/28237773109178) | 839.3M/s | ETA 6:06:00 | best -
[b2=29 b1=27 GPU] stage  34.7% (9808908554729/28237773109178) | 839.5M/s | ETA 6:05:53 | best -
[b2=29 b1=27 GPU] stage  34.7% (9810787602921/28237773109178) | 839.1M/s | ETA 6:05:59 | best -
[b2=29 b1=27 GPU] stage  34.8% (9812666651113/28237773109178) | 839.4M/s | ETA 6:05:50 | best -
[b2=29 b1=27 GPU] stage  34.8% (9814545699305/28237773109178) | 839.9M/s | ETA 6:05:36 | best -
[b2=29 b1=27 GPU] stage  34.8% (9816424747497/28237773109178) | 839.2M/s | ETA 6:05:52 | best -
[b2=29 b1=27 GPU] stage  34.8% (9818303795689/28237773109178) | 839.2M/s | ETA 6:05:48 | best -
[b2=29 b1=27 GPU] stage  34.8% (9820182843881/28237773109178) | 839.0M/s | ETA 6:05:50 | best -
[b2=29 b1=27 GPU] stage  34.8% (9822061892073/28237773109178) | 839.2M/s | ETA 6:05:43 | best -
[b2=29 b1=27 GPU] stage  34.8% (9823940940265/28237773109178) | 839.4M/s | ETA 6:05:37 | best -
[b2=29 b1=27 GPU] stage  34.8% (9825819988457/28237773109178) | 839.3M/s | ETA 6:05:36 | best -
[b2=29 b1=27 GPU] stage  34.8% (9827699036649/28237773109178) | 839.2M/s | ETA 6:05:38 | best -
[b2=29 b1=27 GPU] stage  34.8% (9829578084841/28237773109178) | 839.3M/s | ETA 6:05:34 | best -
[b2=29 b1=27 GPU] stage  34.8% (9831457133033/28237773109178) | 839.1M/s | ETA 6:05:34 | best -
[b2=29 b1=27 GPU] stage  34.8% (9833336181225/28237773109178) | 839.5M/s | ETA 6:05:23 | best -
[b2=29 b1=27 GPU] stage  34.8% (9835215229417/28237773109178) | 839.8M/s | ETA 6:05:12 | best -
[b2=29 b1=27 GPU] stage  34.8% (9837094277609/28237773109178) | 839.3M/s | ETA 6:05:23 | best -
[b2=29 b1=27 GPU] stage  34.8% (9838973325801/28237773109178) | 839.2M/s | ETA 6:05:24 | best -
[b2=29 b1=27 GPU] stage  34.8% (9840852373993/28237773109178) | 839.0M/s | ETA 6:05:26 | best -
[b2=29 b1=27 GPU] stage  34.9% (9842731422185/28237773109178) | 839.5M/s | ETA 6:05:12 | best -
[b2=29 b1=27 GPU] stage  34.9% (9844610470377/28237773109178) | 839.8M/s | ETA 6:05:02 | best -
[b2=29 b1=27 GPU] stage  34.9% (9846489518569/28237773109178) | 839.4M/s | ETA 6:05:09 | best -
[b2=29 b1=27 GPU] stage  34.9% (9848368566761/28237773109178) | 839.1M/s | ETA 6:05:15 | best -
[b2=29 b1=27 GPU] stage  34.9% (9850247614953/28237773109178) | 839.3M/s | ETA 6:05:06 | best -
[b2=29 b1=27 GPU] stage  34.9% (9852126663145/28237773109178) | 836.4M/s | ETA 6:06:20 | best -
[b2=29 b1=27 GPU] stage  34.9% (9854005711337/28237773109178) | 839.2M/s | ETA 6:05:06 | best -
[b2=29 b1=27 GPU] stage  34.9% (9855884759529/28237773109178) | 839.2M/s | ETA 6:05:04 | best -
[b2=29 b1=27 GPU] stage  34.9% (9857763807721/28237773109178) | 839.2M/s | ETA 6:05:00 | best -
[b2=29 b1=27 GPU] stage  34.9% (9859642855913/28237773109178) | 839.6M/s | ETA 6:04:50 | best -
[b2=29 b1=27 GPU] stage  34.9% (9861521904105/28237773109178) | 839.5M/s | ETA 6:04:49 | best -
[b2=29 b1=27 GPU] stage  34.9% (9863400952297/28237773109178) | 839.7M/s | ETA 6:04:41 | best -
[b2=29 b1=27 GPU] stage  34.9% (9865280000489/28237773109178) | 839.1M/s | ETA 6:04:54 | best -
[b2=29 b1=27 GPU] stage  34.9% (9867159048681/28237773109178) | 838.9M/s | ETA 6:04:58 | best -
[b2=29 b1=27 GPU] stage  34.9% (9869038096873/28237773109178) | 838.9M/s | ETA 6:04:54 | best -
[b2=29 b1=27 GPU] stage  35.0% (9870917145065/28237773109178) | 838.7M/s | ETA 6:04:58 | best -
[b2=29 b1=27 GPU] stage  35.0% (9872796193257/28237773109178) | 838.5M/s | ETA 6:05:02 | best -
[b2=29 b1=27 GPU] stage  35.0% (9874675241449/28237773109178) | 839.3M/s | ETA 6:04:39 | best -
[b2=29 b1=27 GPU] stage  35.0% (9876554289641/28237773109178) | 839.2M/s | ETA 6:04:39 | best -
[b2=29 b1=27 GPU] stage  35.0% (9878433337833/28237773109178) | 838.9M/s | ETA 6:04:46 | best -
[b2=29 b1=27 GPU] stage  35.0% (9880312386025/28237773109178) | 839.6M/s | ETA 6:04:25 | best -
[b2=29 b1=27 GPU] stage  35.0% (9882191434217/28237773109178) | 839.4M/s | ETA 6:04:28 | best -
[b2=29 b1=27 GPU] stage  35.0% (9884070482409/28237773109178) | 838.1M/s | ETA 6:04:59 | best -
[b2=29 b1=27 GPU] stage  35.0% (9885949530601/28237773109178) | 838.8M/s | ETA 6:04:39 | best -
[b2=29 b1=27 GPU] stage  35.0% (9887828578793/28237773109178) | 839.0M/s | ETA 6:04:30 | best -
[b2=29 b1=27 GPU] stage  35.0% (9889707626985/28237773109178) | 838.9M/s | ETA 6:04:31 | best -
[b2=29 b1=27 GPU] stage  35.0% (9891586675177/28237773109178) | 839.3M/s | ETA 6:04:18 | best -
[b2=29 b1=27 GPU] stage  35.0% (9893465723369/28237773109178) | 839.2M/s | ETA 6:04:19 | best -
[b2=29 b1=27 GPU] stage  35.0% (9895344771561/28237773109178) | 838.8M/s | ETA 6:04:28 | best -
[b2=29 b1=27 GPU] stage  35.0% (9897223819753/28237773109178) | 839.4M/s | ETA 6:04:08 | best -
[b2=29 b1=27 GPU] stage  35.1% (9899102867945/28237773109178) | 839.6M/s | ETA 6:04:02 | best -
[b2=29 b1=27 GPU] stage  35.1% (9900981916137/28237773109178) | 837.8M/s | ETA 6:04:47 | best -
[b2=29 b1=27 GPU] stage  35.1% (9902860964329/28237773109178) | 837.2M/s | ETA 6:04:59 | best -
[b2=29 b1=27 GPU] stage  35.1% (9904740012521/28237773109178) | 839.0M/s | ETA 6:04:12 | best -
[b2=29 b1=27 GPU] stage  35.1% (9906619060713/28237773109178) | 838.6M/s | ETA 6:04:18 | best -
[b2=29 b1=27 GPU] stage  35.1% (9908498108905/28237773109178) | 839.2M/s | ETA 6:04:01 | best -
[b2=29 b1=27 GPU] stage  35.1% (9910377157097/28237773109178) | 839.1M/s | ETA 6:04:01 | best -
[b2=29 b1=27 GPU] stage  35.1% (9912256205289/28237773109178) | 838.8M/s | ETA 6:04:08 | best -
[b2=29 b1=27 GPU] stage  35.1% (9914135253481/28237773109178) | 838.6M/s | ETA 6:04:09 | best -
[b2=29 b1=27 GPU] stage  35.1% (9916014301673/28237773109178) | 838.4M/s | ETA 6:04:14 | best -
[b2=29 b1=27 GPU] stage  35.1% (9917893349865/28237773109178) | 839.3M/s | ETA 6:03:47 | best -
[b2=29 b1=27 GPU] stage  35.1% (9919772398057/28237773109178) | 839.3M/s | ETA 6:03:45 | best -
[b2=29 b1=27 GPU] stage  35.1% (9921651446249/28237773109178) | 838.7M/s | ETA 6:03:59 | best -
[b2=29 b1=27 GPU] stage  35.1% (9923530494441/28237773109178) | 839.3M/s | ETA 6:03:39 | best -
[b2=29 b1=27 GPU] stage  35.1% (9925409542633/28237773109178) | 838.9M/s | ETA 6:03:50 | best -
[b2=29 b1=27 GPU] stage  35.2% (9927288590825/28237773109178) | 840.0M/s | ETA 6:03:18 | best -
[b2=29 b1=27 GPU] stage  35.2% (9929167639017/28237773109178) | 839.5M/s | ETA 6:03:27 | best -
[b2=29 b1=27 GPU] stage  35.2% (9931046687209/28237773109178) | 839.3M/s | ETA 6:03:31 | best -
[b2=29 b1=27 GPU] stage  35.2% (9932925735401/28237773109178) | 839.3M/s | ETA 6:03:29 | best -
[b2=29 b1=27 GPU] stage  35.2% (9934804783593/28237773109178) | 839.4M/s | ETA 6:03:23 | best -
[b2=29 b1=27 GPU] stage  35.2% (9936683831785/28237773109178) | 839.1M/s | ETA 6:03:31 | best -
[b2=29 b1=27 GPU] stage  35.2% (9938562879977/28237773109178) | 839.7M/s | ETA 6:03:12 | best -
[b2=29 b1=27 GPU] stage  35.2% (9940441928169/28237773109178) | 838.8M/s | ETA 6:03:33 | best -
[b2=29 b1=27 GPU] stage  35.2% (9942320976361/28237773109178) | 838.9M/s | ETA 6:03:29 | best -
[b2=29 b1=27 GPU] stage  35.2% (9944200024553/28237773109178) | 839.3M/s | ETA 6:03:16 | best -
[b2=29 b1=27 GPU] stage  35.2% (9946079072745/28237773109178) | 839.5M/s | ETA 6:03:08 | best -
[b2=29 b1=27 GPU] stage  35.2% (9947958120937/28237773109178) | 838.7M/s | ETA 6:03:26 | best -
[b2=29 b1=27 GPU] stage  35.2% (9949837169129/28237773109178) | 838.8M/s | ETA 6:03:23 | best -
[b2=29 b1=27 GPU] stage  35.2% (9951716217321/28237773109178) | 836.7M/s | ETA 6:04:14 | best -
[b2=29 b1=27 GPU] stage  35.2% (9953595265513/28237773109178) | 838.6M/s | ETA 6:03:22 | best -
[b2=29 b1=27 GPU] stage  35.3% (9955474313705/28237773109178) | 839.1M/s | ETA 6:03:06 | best -
[b2=29 b1=27 GPU] stage  35.3% (9957353361897/28237773109178) | 839.3M/s | ETA 6:02:59 | best -
[b2=29 b1=27 GPU] stage  35.3% (9959232410089/28237773109178) | 839.3M/s | ETA 6:02:59 | best -
[b2=29 b1=27 GPU] stage  35.3% (9961111458281/28237773109178) | 839.4M/s | ETA 6:02:52 | best -
[b2=29 b1=27 GPU] stage  35.3% (9962990506473/28237773109178) | 839.1M/s | ETA 6:02:59 | best -
[b2=29 b1=27 GPU] stage  35.3% (9964869554665/28237773109178) | 839.3M/s | ETA 6:02:51 | best -
[b2=29 b1=27 GPU] stage  35.3% (9966748602857/28237773109178) | 839.2M/s | ETA 6:02:51 | best -
[b2=29 b1=27 GPU] stage  35.3% (9968627651049/28237773109178) | 839.8M/s | ETA 6:02:33 | best -
[b2=29 b1=27 GPU] stage  35.3% (9970506699241/28237773109178) | 839.8M/s | ETA 6:02:31 | best -
[b2=29 b1=27 GPU] stage  35.3% (9972385747433/28237773109178) | 838.9M/s | ETA 6:02:53 | best -
[b2=29 b1=27 GPU] stage  35.3% (9974264795625/28237773109178) | 839.8M/s | ETA 6:02:27 | best -
[b2=29 b1=27 GPU] stage  35.3% (9976143843817/28237773109178) | 840.0M/s | ETA 6:02:19 | best -
[b2=29 b1=27 GPU] stage  35.3% (9978022892009/28237773109178) | 839.4M/s | ETA 6:02:33 | best -
[b2=29 b1=27 GPU] stage  35.3% (9979901940201/28237773109178) | 838.7M/s | ETA 6:02:49 | best -
[b2=29 b1=27 GPU] stage  35.3% (9981780988393/28237773109178) | 838.8M/s | ETA 6:02:44 | best -
[b2=29 b1=27 GPU] stage  35.4% (9983660036585/28237773109178) | 839.4M/s | ETA 6:02:26 | best -
[b2=29 b1=27 GPU] stage  35.4% (9985539084777/28237773109178) | 839.4M/s | ETA 6:02:25 | best -
[b2=29 b1=27 GPU] stage  35.4% (9987418132969/28237773109178) | 839.5M/s | ETA 6:02:20 | best -
[b2=29 b1=27 GPU] stage  35.4% (9989297181161/28237773109178) | 839.2M/s | ETA 6:02:24 | best -
[b2=29 b1=27 GPU] stage  35.4% (9991176229353/28237773109178) | 839.6M/s | ETA 6:02:12 | best -
[b2=29 b1=27 GPU] stage  35.4% (9993055277545/28237773109178) | 838.9M/s | ETA 6:02:27 | best -
[b2=29 b1=27 GPU] stage  35.4% (9994934325737/28237773109178) | 839.0M/s | ETA 6:02:23 | best -
[b2=29 b1=27 GPU] stage  35.4% (9996813373929/28237773109178) | 839.6M/s | ETA 6:02:04 | best -
[b2=29 b1=27 GPU] stage  35.4% (9998692422121/28237773109178) | 838.8M/s | ETA 6:02:25 | best -
[b2=29 b1=27 GPU] stage  35.4% (10000571470313/28237773109178) | 839.3M/s | ETA 6:02:10 | best -
[b2=29 b1=27 GPU] stage  35.4% (10002450518505/28237773109178) | 835.2M/s | ETA 6:03:53 | best -
[b2=29 b1=27 GPU] stage  35.4% (10004329566697/28237773109178) | 838.5M/s | ETA 6:02:26 | best -
[b2=29 b1=27 GPU] stage  35.4% (10006208614889/28237773109178) | 839.7M/s | ETA 6:01:50 | best -
[b2=29 b1=27 GPU] stage  35.4% (10008087663081/28237773109178) | 839.8M/s | ETA 6:01:46 | best -
[b2=29 b1=27 GPU] stage  35.4% (10009966711273/28237773109178) | 839.2M/s | ETA 6:02:00 | best -
[b2=29 b1=27 GPU] stage  35.5% (10011845759465/28237773109178) | 839.0M/s | ETA 6:02:02 | best -
[b2=29 b1=27 GPU] stage  35.5% (10013724807657/28237773109178) | 839.0M/s | ETA 6:02:00 | best -
[b2=29 b1=27 GPU] stage  35.5% (10015603855849/28237773109178) | 839.4M/s | ETA 6:01:47 | best -
[b2=29 b1=27 GPU] stage  35.5% (10017482904041/28237773109178) | 839.5M/s | ETA 6:01:43 | best -
[b2=29 b1=27 GPU] stage  35.5% (10019361952233/28237773109178) | 839.5M/s | ETA 6:01:41 | best -
[b2=29 b1=27 GPU] stage  35.5% (10021241000425/28237773109178) | 839.0M/s | ETA 6:01:51 | best -
[b2=29 b1=27 GPU] stage  35.5% (10023120048617/28237773109178) | 839.2M/s | ETA 6:01:43 | best -
[b2=29 b1=27 GPU] stage  35.5% (10024999096809/28237773109178) | 838.9M/s | ETA 6:01:50 | best -
[b2=29 b1=27 GPU] stage  35.5% (10026878145001/28237773109178) | 839.6M/s | ETA 6:01:28 | best -
[b2=29 b1=27 GPU] stage  35.5% (10028757193193/28237773109178) | 839.0M/s | ETA 6:01:42 | best -
[b2=29 b1=27 GPU] stage  35.5% (10030636241385/28237773109178) | 839.2M/s | ETA 6:01:34 | best -
[b2=29 b1=27 GPU] stage  35.5% (10032515289577/28237773109178) | 839.4M/s | ETA 6:01:28 | best -
[b2=29 b1=27 GPU] stage  35.5% (10034394337769/28237773109178) | 839.5M/s | ETA 6:01:23 | best -
[b2=29 b1=27 GPU] stage  35.5% (10036273385961/28237773109178) | 839.3M/s | ETA 6:01:26 | best -
[b2=29 b1=27 GPU] stage  35.5% (10038152434153/28237773109178) | 839.7M/s | ETA 6:01:13 | best -
[b2=29 b1=27 GPU] stage  35.6% (10040031482345/28237773109178) | 838.7M/s | ETA 6:01:38 | best -
[b2=29 b1=27 GPU] stage  35.6% (10041910530537/28237773109178) | 839.1M/s | ETA 6:01:25 | best -
[b2=29 b1=27 GPU] stage  35.6% (10043789578729/28237773109178) | 839.2M/s | ETA 6:01:19 | best -
[b2=29 b1=27 GPU] stage  35.6% (10045668626921/28237773109178) | 838.3M/s | ETA 6:01:40 | best -
[b2=29 b1=27 GPU] stage  35.6% (10047547675113/28237773109178) | 839.5M/s | ETA 6:01:06 | best -
[b2=29 b1=27 GPU] stage  35.6% (10049426723305/28237773109178) | 839.4M/s | ETA 6:01:07 | best -
[b2=29 b1=27 GPU] stage  35.6% (10051305771497/28237773109178) | 839.0M/s | ETA 6:01:17 | best -
[b2=29 b1=27 GPU] stage  35.6% (10053184819689/28237773109178) | 834.7M/s | ETA 6:03:06 | best -
[b2=29 b1=27 GPU] stage  35.6% (10055063867881/28237773109178) | 838.4M/s | ETA 6:01:26 | best -
[b2=29 b1=27 GPU] stage  35.6% (10056942916073/28237773109178) | 838.7M/s | ETA 6:01:16 | best -
[b2=29 b1=27 GPU] stage  35.6% (10058821964265/28237773109178) | 838.6M/s | ETA 6:01:17 | best -
[b2=29 b1=27 GPU] stage  35.6% (10060701012457/28237773109178) | 839.7M/s | ETA 6:00:47 | best -
[b2=29 b1=27 GPU] stage  35.6% (10062580060649/28237773109178) | 839.3M/s | ETA 6:00:54 | best -
[b2=29 b1=27 GPU] stage  35.6% (10064459108841/28237773109178) | 839.6M/s | ETA 6:00:45 | best -
[b2=29 b1=27 GPU] stage  35.6% (10066338157033/28237773109178) | 839.4M/s | ETA 6:00:47 | best -
[b2=29 b1=27 GPU] stage  35.7% (10068217205225/28237773109178) | 839.4M/s | ETA 6:00:46 | best -
[b2=29 b1=27 GPU] stage  35.7% (10070096253417/28237773109178) | 839.5M/s | ETA 6:00:42 | best -
[b2=29 b1=27 GPU] stage  35.7% (10071975301609/28237773109178) | 838.7M/s | ETA 6:00:59 | best -
[b2=29 b1=27 GPU] stage  35.7% (10073854349801/28237773109178) | 839.2M/s | ETA 6:00:45 | best -
[b2=29 b1=27 GPU] stage  35.7% (10075733397993/28237773109178) | 839.4M/s | ETA 6:00:38 | best -
[b2=29 b1=27 GPU] stage  35.7% (10077612446185/28237773109178) | 838.8M/s | ETA 6:00:49 | best -
[b2=29 b1=27 GPU] stage  35.7% (10079491494377/28237773109178) | 839.1M/s | ETA 6:00:39 | best -
[b2=29 b1=27 GPU] stage  35.7% (10081370542569/28237773109178) | 839.0M/s | ETA 6:00:41 | best -
[b2=29 b1=27 GPU] stage  35.7% (10083249590761/28237773109178) | 839.1M/s | ETA 6:00:34 | best -
[b2=29 b1=27 GPU] stage  35.7% (10085128638953/28237773109178) | 839.5M/s | ETA 6:00:22 | best -
[b2=29 b1=27 GPU] stage  35.7% (10087007687145/28237773109178) | 839.2M/s | ETA 6:00:27 | best -
[b2=29 b1=27 GPU] stage  35.7% (10088886735337/28237773109178) | 839.4M/s | ETA 6:00:20 | best -
[b2=29 b1=27 GPU] stage  35.7% (10090765783529/28237773109178) | 839.0M/s | ETA 6:00:28 | best -
[b2=29 b1=27 GPU] stage  35.7% (10092644831721/28237773109178) | 839.3M/s | ETA 6:00:18 | best -
[b2=29 b1=27 GPU] stage  35.7% (10094523879913/28237773109178) | 839.1M/s | ETA 6:00:21 | best -
[b2=29 b1=27 GPU] stage  35.8% (10096402928105/28237773109178) | 839.0M/s | ETA 6:00:22 | best -
[b2=29 b1=27 GPU] stage  35.8% (10098281976297/28237773109178) | 838.9M/s | ETA 6:00:22 | best -
[b2=29 b1=27 GPU] stage  35.8% (10100161024489/28237773109178) | 839.0M/s | ETA 6:00:17 | best -
[b2=29 b1=27 GPU] stage  35.8% (10102040072681/28237773109178) | 838.2M/s | ETA 6:00:37 | best -
[b2=29 b1=27 GPU] stage  35.8% (10103919120873/28237773109178) | 836.5M/s | ETA 6:01:17 | best -
[b2=29 b1=27 GPU] stage  35.8% (10105798169065/28237773109178) | 838.8M/s | ETA 6:00:17 | best -
[b2=29 b1=27 GPU] stage  35.8% (10107677217257/28237773109178) | 839.0M/s | ETA 6:00:09 | best -
[b2=29 b1=27 GPU] stage  35.8% (10109556265449/28237773109178) | 839.5M/s | ETA 5:59:52 | best -
[b2=29 b1=27 GPU] stage  35.8% (10111435313641/28237773109178) | 839.1M/s | ETA 6:00:00 | best -
[b2=29 b1=27 GPU] stage  35.8% (10113314361833/28237773109178) | 839.5M/s | ETA 5:59:50 | best -
[b2=29 b1=27 GPU] stage  35.8% (10115193410025/28237773109178) | 839.1M/s | ETA 5:59:58 | best -
[b2=29 b1=27 GPU] stage  35.8% (10117072458217/28237773109178) | 839.1M/s | ETA 5:59:54 | best -
[b2=29 b1=27 GPU] stage  35.8% (10118951506409/28237773109178) | 839.1M/s | ETA 5:59:53 | best -
[b2=29 b1=27 GPU] stage  35.8% (10120830554601/28237773109178) | 839.2M/s | ETA 5:59:47 | best -
[b2=29 b1=27 GPU] stage  35.8% (10122709602793/28237773109178) | 838.9M/s | ETA 5:59:53 | best -
[b2=29 b1=27 GPU] stage  35.9% (10124588650985/28237773109178) | 838.7M/s | ETA 5:59:55 | best -
[b2=29 b1=27 GPU] stage  35.9% (10126467699177/28237773109178) | 839.0M/s | ETA 5:59:47 | best -
[b2=29 b1=27 GPU] stage  35.9% (10128346747369/28237773109178) | 839.4M/s | ETA 5:59:34 | best -
[b2=29 b1=27 GPU] stage  35.9% (10130225795561/28237773109178) | 839.7M/s | ETA 5:59:24 | best -
[b2=29 b1=27 GPU] stage  35.9% (10132104843753/28237773109178) | 839.3M/s | ETA 5:59:31 | best -
[b2=29 b1=27 GPU] stage  35.9% (10133983891945/28237773109178) | 839.2M/s | ETA 5:59:32 | best -
[b2=29 b1=27 GPU] stage  35.9% (10135862940137/28237773109178) | 838.8M/s | ETA 5:59:41 | best -
[b2=29 b1=27 GPU] stage  35.9% (10137741988329/28237773109178) | 839.4M/s | ETA 5:59:23 | best -
[b2=29 b1=27 GPU] stage  35.9% (10139621036521/28237773109178) | 839.7M/s | ETA 5:59:12 | best -
[b2=29 b1=27 GPU] stage  35.9% (10141500084713/28237773109178) | 839.4M/s | ETA 5:59:18 | best -
[b2=29 b1=27 GPU] stage  35.9% (10143379132905/28237773109178) | 839.7M/s | ETA 5:59:09 | best -
[b2=29 b1=27 GPU] stage  35.9% (10145258181097/28237773109178) | 839.0M/s | ETA 5:59:24 | best -
[b2=29 b1=27 GPU] stage  35.9% (10147137229289/28237773109178) | 839.1M/s | ETA 5:59:18 | best -
[b2=29 b1=27 GPU] stage  35.9% (10149016277481/28237773109178) | 838.7M/s | ETA 5:59:26 | best -
[b2=29 b1=27 GPU] stage  35.9% (10150895325673/28237773109178) | 839.7M/s | ETA 5:59:00 | best -
[b2=29 b1=27 GPU] stage  36.0% (10152774373865/28237773109178) | 836.4M/s | ETA 6:00:22 | best -
[b2=29 b1=27 GPU] stage  36.0% (10154653422057/28237773109178) | 838.0M/s | ETA 5:59:37 | best -
[b2=29 b1=27 GPU] stage  36.0% (10156532470249/28237773109178) | 838.8M/s | ETA 5:59:17 | best -
[b2=29 b1=27 GPU] stage  36.0% (10158411518441/28237773109178) | 839.2M/s | ETA 5:59:03 | best -
[b2=29 b1=27 GPU] stage  36.0% (10160290566633/28237773109178) | 839.7M/s | ETA 5:58:48 | best -
[b2=29 b1=27 GPU] stage  36.0% (10162169614825/28237773109178) | 839.5M/s | ETA 5:58:52 | best -
[b2=29 b1=27 GPU] stage  36.0% (10164048663017/28237773109178) | 839.1M/s | ETA 5:58:58 | best -
[b2=29 b1=27 GPU] stage  36.0% (10165927711209/28237773109178) | 839.5M/s | ETA 5:58:46 | best -
[b2=29 b1=27 GPU] stage  36.0% (10167806759401/28237773109178) | 839.3M/s | ETA 5:58:49 | best -
[b2=29 b1=27 GPU] stage  36.0% (10169685807593/28237773109178) | 839.5M/s | ETA 5:58:41 | best -
[b2=29 b1=27 GPU] stage  36.0% (10171564855785/28237773109178) | 838.7M/s | ETA 5:58:59 | best -
[b2=29 b1=27 GPU] stage  36.0% (10173443903977/28237773109178) | 839.2M/s | ETA 5:58:46 | best -
[b2=29 b1=27 GPU] stage  36.0% (10175322952169/28237773109178) | 839.9M/s | ETA 5:58:25 | best -
[b2=29 b1=27 GPU] stage  36.0% (10177202000361/28237773109178) | 840.2M/s | ETA 5:58:16 | best -
[b2=29 b1=27 GPU] stage  36.0% (10179081048553/28237773109178) | 839.3M/s | ETA 5:58:37 | best -
[b2=29 b1=27 GPU] stage  36.1% (10180960096745/28237773109178) | 838.7M/s | ETA 5:58:49 | best -
[b2=29 b1=27 GPU] stage  36.1% (10182839144937/28237773109178) | 839.1M/s | ETA 5:58:37 | best -
[b2=29 b1=27 GPU] stage  36.1% (10184718193129/28237773109178) | 839.0M/s | ETA 5:58:36 | best -
[b2=29 b1=27 GPU] stage  36.1% (10186597241321/28237773109178) | 838.9M/s | ETA 5:58:38 | best -
[b2=29 b1=27 GPU] stage  36.1% (10188476289513/28237773109178) | 839.3M/s | ETA 5:58:25 | best -
[b2=29 b1=27 GPU] stage  36.1% (10190355337705/28237773109178) | 839.2M/s | ETA 5:58:24 | best -
[b2=29 b1=27 GPU] stage  36.1% (10192234385897/28237773109178) | 839.1M/s | ETA 5:58:27 | best -
[b2=29 b1=27 GPU] stage  36.1% (10194113434089/28237773109178) | 838.9M/s | ETA 5:58:28 | best -
[b2=29 b1=27 GPU] stage  36.1% (10195992482281/28237773109178) | 838.3M/s | ETA 5:58:41 | best -
[b2=29 b1=27 GPU] stage  36.1% (10197871530473/28237773109178) | 839.5M/s | ETA 5:58:09 | best -
[b2=29 b1=27 GPU] stage  36.1% (10199750578665/28237773109178) | 839.2M/s | ETA 5:58:13 | best -
[b2=29 b1=27 GPU] stage  36.1% (10201629626857/28237773109178) | 839.4M/s | ETA 5:58:07 | best -
[b2=29 b1=27 GPU] stage  36.1% (10203508675049/28237773109178) | 832.8M/s | ETA 6:00:55 | best -
[b2=29 b1=27 GPU] stage  36.1% (10205387723241/28237773109178) | 838.3M/s | ETA 5:58:29 | best -
[b2=29 b1=27 GPU] stage  36.1% (10207266771433/28237773109178) | 839.1M/s | ETA 5:58:06 | best -
[b2=29 b1=27 GPU] stage  36.2% (10209145819625/28237773109178) | 839.3M/s | ETA 5:58:00 | best -
[b2=29 b1=27 GPU] stage  36.2% (10211024867817/28237773109178) | 839.2M/s | ETA 5:57:59 | best -
[b2=29 b1=27 GPU] stage  36.2% (10212903916009/28237773109178) | 839.0M/s | ETA 5:58:04 | best -
[b2=29 b1=27 GPU] stage  36.2% (10214782964201/28237773109178) | 839.4M/s | ETA 5:57:51 | best -
[b2=29 b1=27 GPU] stage  36.2% (10216662012393/28237773109178) | 839.2M/s | ETA 5:57:54 | best -
[b2=29 b1=27 GPU] stage  36.2% (10218541060585/28237773109178) | 839.0M/s | ETA 5:57:55 | best -
[b2=29 b1=27 GPU] stage  36.2% (10220420108777/28237773109178) | 839.2M/s | ETA 5:57:50 | best -
[b2=29 b1=27 GPU] stage  36.2% (10222299156969/28237773109178) | 839.1M/s | ETA 5:57:49 | best -
[b2=29 b1=27 GPU] stage  36.2% (10224178205161/28237773109178) | 839.9M/s | ETA 5:57:27 | best -
[b2=29 b1=27 GPU] stage  36.2% (10226057253353/28237773109178) | 839.5M/s | ETA 5:57:35 | best -
[b2=29 b1=27 GPU] stage  36.2% (10227936301545/28237773109178) | 839.3M/s | ETA 5:57:37 | best -
[b2=29 b1=27 GPU] stage  36.2% (10229815349737/28237773109178) | 839.4M/s | ETA 5:57:34 | best -
[b2=29 b1=27 GPU] stage  36.2% (10231694397929/28237773109178) | 839.2M/s | ETA 5:57:35 | best -
[b2=29 b1=27 GPU] stage  36.2% (10233573446121/28237773109178) | 839.6M/s | ETA 5:57:23 | best -
[b2=29 b1=27 GPU] stage  36.2% (10235452494313/28237773109178) | 839.4M/s | ETA 5:57:26 | best -
[b2=29 b1=27 GPU] stage  36.3% (10237331542505/28237773109178) | 838.9M/s | ETA 5:57:38 | best -
[b2=29 b1=27 GPU] stage  36.3% (10239210590697/28237773109178) | 839.5M/s | ETA 5:57:19 | best -
[b2=29 b1=27 GPU] stage  36.3% (10241089638889/28237773109178) | 839.1M/s | ETA 5:57:27 | best -
[b2=29 b1=27 GPU] stage  36.3% (10242968687081/28237773109178) | 839.1M/s | ETA 5:57:25 | best -
[b2=29 b1=27 GPU] stage  36.3% (10244847735273/28237773109178) | 838.9M/s | ETA 5:57:28 | best -
[b2=29 b1=27 GPU] stage  36.3% (10246726783465/28237773109178) | 839.0M/s | ETA 5:57:23 | best -
[b2=29 b1=27 GPU] stage  36.3% (10248605831657/28237773109178) | 838.6M/s | ETA 5:57:31 | best -
[b2=29 b1=27 GPU] stage  36.3% (10250484879849/28237773109178) | 839.3M/s | ETA 5:57:12 | best -
[b2=29 b1=27 GPU] stage  36.3% (10252363928041/28237773109178) | 839.3M/s | ETA 5:57:08 | best -
[b2=29 b1=27 GPU] stage  36.3% (10254242976233/28237773109178) | 833.5M/s | ETA 5:59:36 | best -
[b2=29 b1=27 GPU] stage  36.3% (10256122024425/28237773109178) | 839.2M/s | ETA 5:57:08 | best -
[b2=29 b1=27 GPU] stage  36.3% (10258001072617/28237773109178) | 839.1M/s | ETA 5:57:06 | best -
[b2=29 b1=27 GPU] stage  36.3% (10259880120809/28237773109178) | 838.9M/s | ETA 5:57:09 | best -
[b2=29 b1=27 GPU] stage  36.3% (10261759169001/28237773109178) | 839.0M/s | ETA 5:57:06 | best -
[b2=29 b1=27 GPU] stage  36.3% (10263638217193/28237773109178) | 839.7M/s | ETA 5:56:44 | best -
[b2=29 b1=27 GPU] stage  36.4% (10265517265385/28237773109178) | 839.3M/s | ETA 5:56:52 | best -
[b2=29 b1=27 GPU] stage  36.4% (10267396313577/28237773109178) | 839.3M/s | ETA 5:56:52 | best -
[b2=29 b1=27 GPU] stage  36.4% (10269275361769/28237773109178) | 838.9M/s | ETA 5:56:59 | best -
[b2=29 b1=27 GPU] stage  36.4% (10271154409961/28237773109178) | 839.3M/s | ETA 5:56:46 | best -
[b2=29 b1=27 GPU] stage  36.4% (10273033458153/28237773109178) | 839.1M/s | ETA 5:56:49 | best -
[b2=29 b1=27 GPU] stage  36.4% (10274912506345/28237773109178) | 838.7M/s | ETA 5:56:57 | best -
[b2=29 b1=27 GPU] stage  36.4% (10276791554537/28237773109178) | 838.6M/s | ETA 5:56:56 | best -
[b2=29 b1=27 GPU] stage  36.4% (10278670602729/28237773109178) | 838.3M/s | ETA 5:57:02 | best -
[b2=29 b1=27 GPU] stage  36.4% (10280549650921/28237773109178) | 838.8M/s | ETA 5:56:47 | best -
[b2=29 b1=27 GPU] stage  36.4% (10282428699113/28237773109178) | 839.6M/s | ETA 5:56:25 | best -
[b2=29 b1=27 GPU] stage  36.4% (10284307747305/28237773109178) | 839.5M/s | ETA 5:56:26 | best -
[b2=29 b1=27 GPU] stage  36.4% (10286186795497/28237773109178) | 839.3M/s | ETA 5:56:28 | best -
[b2=29 b1=27 GPU] stage  36.4% (10288065843689/28237773109178) | 839.4M/s | ETA 5:56:23 | best -
[b2=29 b1=27 GPU] stage  36.4% (10289944891881/28237773109178) | 838.9M/s | ETA 5:56:34 | best -
[b2=29 b1=27 GPU] stage  36.4% (10291823940073/28237773109178) | 839.3M/s | ETA 5:56:21 | best -
[b2=29 b1=27 GPU] stage  36.5% (10293702988265/28237773109178) | 839.8M/s | ETA 5:56:05 | best -
[b2=29 b1=27 GPU] stage  36.5% (10295582036457/28237773109178) | 839.2M/s | ETA 5:56:19 | best -
[b2=29 b1=27 GPU] stage  36.5% (10297461084649/28237773109178) | 839.2M/s | ETA 5:56:16 | best -
[b2=29 b1=27 GPU] stage  36.5% (10299340132841/28237773109178) | 838.7M/s | ETA 5:56:28 | best -
[b2=29 b1=27 GPU] stage  36.5% (10301219181033/28237773109178) | 839.3M/s | ETA 5:56:11 | best -
[b2=29 b1=27 GPU] stage  36.5% (10303098229225/28237773109178) | 839.5M/s | ETA 5:56:02 | best -
[b2=29 b1=27 GPU] stage  36.5% (10304977277417/28237773109178) | 836.1M/s | ETA 5:57:28 | best -
[b2=29 b1=27 GPU] stage  36.5% (10306856325609/28237773109178) | 839.2M/s | ETA 5:56:05 | best -
[b2=29 b1=27 GPU] stage  36.5% (10308735373801/28237773109178) | 838.7M/s | ETA 5:56:16 | best -
[b2=29 b1=27 GPU] stage  36.5% (10310614421993/28237773109178) | 839.5M/s | ETA 5:55:55 | best -
[b2=29 b1=27 GPU] stage  36.5% (10312493470185/28237773109178) | 839.6M/s | ETA 5:55:49 | best -
[b2=29 b1=27 GPU] stage  36.5% (10314372518377/28237773109178) | 839.5M/s | ETA 5:55:50 | best -
[b2=29 b1=27 GPU] stage  36.5% (10316251566569/28237773109178) | 839.4M/s | ETA 5:55:49 | best -
[b2=29 b1=27 GPU] stage  36.5% (10318130614761/28237773109178) | 838.9M/s | ETA 5:56:01 | best -
[b2=29 b1=27 GPU] stage  36.5% (10320009662953/28237773109178) | 839.2M/s | ETA 5:55:50 | best -
[b2=29 b1=27 GPU] stage  36.6% (10321888711145/28237773109178) | 839.0M/s | ETA 5:55:55 | best -
[b2=29 b1=27 GPU] stage  36.6% (10323767759337/28237773109178) | 839.6M/s | ETA 5:55:35 | best -
[b2=29 b1=27 GPU] stage  36.6% (10325646807529/28237773109178) | 839.1M/s | ETA 5:55:47 | best -
[b2=29 b1=27 GPU] stage  36.6% (10327525855721/28237773109178) | 839.0M/s | ETA 5:55:46 | best -
[b2=29 b1=27 GPU] stage  36.6% (10329404903913/28237773109178) | 839.3M/s | ETA 5:55:36 | best -
[b2=29 b1=27 GPU] stage  36.6% (10331283952105/28237773109178) | 839.4M/s | ETA 5:55:32 | best -
[b2=29 b1=27 GPU] stage  36.6% (10333163000297/28237773109178) | 839.5M/s | ETA 5:55:27 | best -
[b2=29 b1=27 GPU] stage  36.6% (10335042048489/28237773109178) | 839.1M/s | ETA 5:55:35 | best -
[b2=29 b1=27 GPU] stage  36.6% (10336921096681/28237773109178) | 838.6M/s | ETA 5:55:46 | best -
[b2=29 b1=27 GPU] stage  36.6% (10338800144873/28237773109178) | 839.9M/s | ETA 5:55:10 | best -
[b2=29 b1=27 GPU] stage  36.6% (10340679193065/28237773109178) | 839.3M/s | ETA 5:55:23 | best -
[b2=29 b1=27 GPU] stage  36.6% (10342558241257/28237773109178) | 839.1M/s | ETA 5:55:27 | best -
[b2=29 b1=27 GPU] stage  36.6% (10344437289449/28237773109178) | 838.9M/s | ETA 5:55:29 | best -
[b2=29 b1=27 GPU] stage  36.6% (10346316337641/28237773109178) | 839.5M/s | ETA 5:55:13 | best -
[b2=29 b1=27 GPU] stage  36.6% (10348195385833/28237773109178) | 838.9M/s | ETA 5:55:24 | best -
[b2=29 b1=27 GPU] stage  36.7% (10350074434025/28237773109178) | 839.3M/s | ETA 5:55:11 | best -
[b2=29 b1=27 GPU] stage  36.7% (10351953482217/28237773109178) | 838.4M/s | ETA 5:55:33 | best -
[b2=29 b1=27 GPU] stage  36.7% (10353832530409/28237773109178) | 836.3M/s | ETA 5:56:24 | best -
[b2=29 b1=27 GPU] stage  36.7% (10355711578601/28237773109178) | 838.2M/s | ETA 5:55:34 | best -
[b2=29 b1=27 GPU] stage  36.7% (10357590626793/28237773109178) | 838.6M/s | ETA 5:55:21 | best -
[b2=29 b1=27 GPU] stage  36.7% (10359469674985/28237773109178) | 839.1M/s | ETA 5:55:07 | best -
[b2=29 b1=27 GPU] stage  36.7% (10361348723177/28237773109178) | 838.8M/s | ETA 5:55:12 | best -
[b2=29 b1=27 GPU] stage  36.7% (10363227771369/28237773109178) | 839.5M/s | ETA 5:54:51 | best -
[b2=29 b1=27 GPU] stage  36.7% (10365106819561/28237773109178) | 838.9M/s | ETA 5:55:04 | best -
[b2=29 b1=27 GPU] stage  36.7% (10366985867753/28237773109178) | 838.7M/s | ETA 5:55:07 | best -
[b2=29 b1=27 GPU] stage  36.7% (10368864915945/28237773109178) | 839.2M/s | ETA 5:54:51 | best -
[b2=29 b1=27 GPU] stage  36.7% (10370743964137/28237773109178) | 839.2M/s | ETA 5:54:50 | best -
[b2=29 b1=27 GPU] stage  36.7% (10372623012329/28237773109178) | 839.0M/s | ETA 5:54:54 | best -
[b2=29 b1=27 GPU] stage  36.7% (10374502060521/28237773109178) | 839.5M/s | ETA 5:54:37 | best -
[b2=29 b1=27 GPU] stage  36.7% (10376381108713/28237773109178) | 839.5M/s | ETA 5:54:37 | best -
[b2=29 b1=27 GPU] stage  36.8% (10378260156905/28237773109178) | 839.3M/s | ETA 5:54:39 | best -
[b2=29 b1=27 GPU] stage  36.8% (10380139205097/28237773109178) | 839.2M/s | ETA 5:54:40 | best -
[b2=29 b1=27 GPU] stage  36.8% (10382018253289/28237773109178) | 839.1M/s | ETA 5:54:39 | best -
[b2=29 b1=27 GPU] stage  36.8% (10383897301481/28237773109178) | 838.9M/s | ETA 5:54:43 | best -
[b2=29 b1=27 GPU] stage  36.8% (10385776349673/28237773109178) | 838.8M/s | ETA 5:54:43 | best -
[b2=29 b1=27 GPU] stage  36.8% (10387655397865/28237773109178) | 839.4M/s | ETA 5:54:25 | best -
[b2=29 b1=27 GPU] stage  36.8% (10389534446057/28237773109178) | 839.5M/s | ETA 5:54:19 | best -
[b2=29 b1=27 GPU] stage  36.8% (10391413494249/28237773109178) | 839.0M/s | ETA 5:54:30 | best -
[b2=29 b1=27 GPU] stage  36.8% (10393292542441/28237773109178) | 839.5M/s | ETA 5:54:15 | best -
[b2=29 b1=27 GPU] stage  36.8% (10395171590633/28237773109178) | 839.5M/s | ETA 5:54:14 | best -
[b2=29 b1=27 GPU] stage  36.8% (10397050638825/28237773109178) | 839.5M/s | ETA 5:54:10 | best -
[b2=29 b1=27 GPU] stage  36.8% (10398929687017/28237773109178) | 838.8M/s | ETA 5:54:28 | best -
[b2=29 b1=27 GPU] stage  36.8% (10400808735209/28237773109178) | 838.6M/s | ETA 5:54:28 | best -
[b2=29 b1=27 GPU] stage  36.8% (10402687783401/28237773109178) | 839.1M/s | ETA 5:54:16 | best -
[b2=29 b1=27 GPU] stage  36.8% (10404566831593/28237773109178) | 835.2M/s | ETA 5:55:53 | best -
[b2=29 b1=27 GPU] stage  36.9% (10406445879785/28237773109178) | 838.5M/s | ETA 5:54:25 | best -
[b2=29 b1=27 GPU] stage  36.9% (10408324927977/28237773109178) | 839.4M/s | ETA 5:54:00 | best -
[b2=29 b1=27 GPU] stage  36.9% (10410203976169/28237773109178) | 839.7M/s | ETA 5:53:51 | best -
[b2=29 b1=27 GPU] stage  36.9% (10412083024361/28237773109178) | 839.4M/s | ETA 5:53:57 | best -
[b2=29 b1=27 GPU] stage  36.9% (10413962072553/28237773109178) | 839.3M/s | ETA 5:53:56 | best -
[b2=29 b1=27 GPU] stage  36.9% (10415841120745/28237773109178) | 839.1M/s | ETA 5:53:59 | best -
[b2=29 b1=27 GPU] stage  36.9% (10417720168937/28237773109178) | 839.2M/s | ETA 5:53:54 | best -
[b2=29 b1=27 GPU] stage  36.9% (10419599217129/28237773109178) | 838.8M/s | ETA 5:54:01 | best -
[b2=29 b1=27 GPU] stage  36.9% (10421478265321/28237773109178) | 839.5M/s | ETA 5:53:42 | best -
[b2=29 b1=27 GPU] stage  36.9% (10423357313513/28237773109178) | 839.3M/s | ETA 5:53:46 | best -
[b2=29 b1=27 GPU] stage  36.9% (10425236361705/28237773109178) | 839.4M/s | ETA 5:53:41 | best -
[b2=29 b1=27 GPU] stage  36.9% (10427115409897/28237773109178) | 839.7M/s | ETA 5:53:30 | best -
[b2=29 b1=27 GPU] stage  36.9% (10428994458089/28237773109178) | 838.6M/s | ETA 5:53:56 | best -
[b2=29 b1=27 GPU] stage  36.9% (10430873506281/28237773109178) | 839.3M/s | ETA 5:53:36 | best -
[b2=29 b1=27 GPU] stage  36.9% (10432752554473/28237773109178) | 839.1M/s | ETA 5:53:40 | best -
[b2=29 b1=27 GPU] stage  37.0% (10434631602665/28237773109178) | 839.0M/s | ETA 5:53:40 | best -
[b2=29 b1=27 GPU] stage  37.0% (10436510650857/28237773109178) | 839.1M/s | ETA 5:53:34 | best -
[b2=29 b1=27 GPU] stage  37.0% (10438389699049/28237773109178) | 838.8M/s | ETA 5:53:38 | best -
[b2=29 b1=27 GPU] stage  37.0% (10440268747241/28237773109178) | 838.9M/s | ETA 5:53:34 | best -
[b2=29 b1=27 GPU] stage  37.0% (10442147795433/28237773109178) | 839.4M/s | ETA 5:53:21 | best -
[b2=29 b1=27 GPU] stage  37.0% (10444026843625/28237773109178) | 839.6M/s | ETA 5:53:13 | best -
[b2=29 b1=27 GPU] stage  37.0% (10445905891817/28237773109178) | 838.7M/s | ETA 5:53:34 | best -
[b2=29 b1=27 GPU] stage  37.0% (10447784940009/28237773109178) | 839.2M/s | ETA 5:53:18 | best -
[b2=29 b1=27 GPU] stage  37.0% (10449663988201/28237773109178) | 839.7M/s | ETA 5:53:02 | best -
[b2=29 b1=27 GPU] stage  37.0% (10451543036393/28237773109178) | 839.3M/s | ETA 5:53:12 | best -
[b2=29 b1=27 GPU] stage  37.0% (10453422084585/28237773109178) | 839.5M/s | ETA 5:53:05 | best -
[b2=29 b1=27 GPU] stage  37.0% (10455301132777/28237773109178) | 834.2M/s | ETA 5:55:15 | best -
[b2=29 b1=27 GPU] stage  37.0% (10457180180969/28237773109178) | 839.0M/s | ETA 5:53:13 | best -
[b2=29 b1=27 GPU] stage  37.0% (10459059229161/28237773109178) | 839.6M/s | ETA 5:52:54 | best -
[b2=29 b1=27 GPU] stage  37.0% (10460938277353/28237773109178) | 838.7M/s | ETA 5:53:16 | best -
[b2=29 b1=27 GPU] stage  37.1% (10462817325545/28237773109178) | 839.0M/s | ETA 5:53:04 | best -
[b2=29 b1=27 GPU] stage  37.1% (10464696373737/28237773109178) | 839.3M/s | ETA 5:52:56 | best -
[b2=29 b1=27 GPU] stage  37.1% (10466575421929/28237773109178) | 838.7M/s | ETA 5:53:09 | best -
[b2=29 b1=27 GPU] stage  37.1% (10468454470121/28237773109178) | 838.8M/s | ETA 5:53:03 | best -
[b2=29 b1=27 GPU] stage  37.1% (10470333518313/28237773109178) | 838.8M/s | ETA 5:53:02 | best -
[b2=29 b1=27 GPU] stage  37.1% (10472212566505/28237773109178) | 839.5M/s | ETA 5:52:41 | best -
[b2=29 b1=27 GPU] stage  37.1% (10474091614697/28237773109178) | 839.4M/s | ETA 5:52:42 | best -
[b2=29 b1=27 GPU] stage  37.1% (10475970662889/28237773109178) | 839.3M/s | ETA 5:52:41 | best -
[b2=29 b1=27 GPU] stage  37.1% (10477849711081/28237773109178) | 839.3M/s | ETA 5:52:40 | best -
[b2=29 b1=27 GPU] stage  37.1% (10479728759273/28237773109178) | 839.3M/s | ETA 5:52:37 | best -
[b2=29 b1=27 GPU] stage  37.1% (10481607807465/28237773109178) | 839.2M/s | ETA 5:52:39 | best -
[b2=29 b1=27 GPU] stage  37.1% (10483486855657/28237773109178) | 839.0M/s | ETA 5:52:40 | best -
[b2=29 b1=27 GPU] stage  37.1% (10485365903849/28237773109178) | 839.4M/s | ETA 5:52:28 | best -
[b2=29 b1=27 GPU] stage  37.1% (10487244952041/28237773109178) | 839.2M/s | ETA 5:52:32 | best -
[b2=29 b1=27 GPU] stage  37.1% (10489124000233/28237773109178) | 839.1M/s | ETA 5:52:32 | best -
[b2=29 b1=27 GPU] stage  37.2% (10491003048425/28237773109178) | 839.9M/s | ETA 5:52:09 | best -
[b2=29 b1=27 GPU] stage  37.2% (10492882096617/28237773109178) | 838.9M/s | ETA 5:52:33 | best -
[b2=29 b1=27 GPU] stage  37.2% (10494761144809/28237773109178) | 838.5M/s | ETA 5:52:41 | best -
[b2=29 b1=27 GPU] stage  37.2% (10496640193001/28237773109178) | 839.0M/s | ETA 5:52:26 | best -
[b2=29 b1=27 GPU] stage  37.2% (10498519241193/28237773109178) | 838.2M/s | ETA 5:52:42 | best -
[b2=29 b1=27 GPU] stage  37.2% (10500398289385/28237773109178) | 839.5M/s | ETA 5:52:08 | best -
[b2=29 b1=27 GPU] stage  37.2% (10502277337577/28237773109178) | 839.2M/s | ETA 5:52:13 | best -
[b2=29 b1=27 GPU] stage  37.2% (10504156385769/28237773109178) | 839.6M/s | ETA 5:52:00 | best -
[b2=29 b1=27 GPU] stage  37.2% (10506035433961/28237773109178) | 835.9M/s | ETA 5:53:31 | best -
[b2=29 b1=27 GPU] stage  37.2% (10507914482153/28237773109178) | 838.5M/s | ETA 5:52:25 | best -
[b2=29 b1=27 GPU] stage  37.2% (10509793530345/28237773109178) | 839.1M/s | ETA 5:52:08 | best -
[b2=29 b1=27 GPU] stage  37.2% (10511672578537/28237773109178) | 838.5M/s | ETA 5:52:20 | best -
[b2=29 b1=27 GPU] stage  37.2% (10513551626729/28237773109178) | 838.7M/s | ETA 5:52:12 | best -
[b2=29 b1=27 GPU] stage  37.2% (10515430674921/28237773109178) | 839.4M/s | ETA 5:51:53 | best -
[b2=29 b1=27 GPU] stage  37.2% (10517309723113/28237773109178) | 839.5M/s | ETA 5:51:47 | best -
[b2=29 b1=27 GPU] stage  37.3% (10519188771305/28237773109178) | 839.7M/s | ETA 5:51:42 | best -
[b2=29 b1=27 GPU] stage  37.3% (10521067819497/28237773109178) | 839.4M/s | ETA 5:51:47 | best -
[b2=29 b1=27 GPU] stage  37.3% (10522946867689/28237773109178) | 839.1M/s | ETA 5:51:52 | best -
[b2=29 b1=27 GPU] stage  37.3% (10524825915881/28237773109178) | 839.0M/s | ETA 5:51:50 | best -
[b2=29 b1=27 GPU] stage  37.3% (10526704964073/28237773109178) | 839.3M/s | ETA 5:51:42 | best -
[b2=29 b1=27 GPU] stage  37.3% (10528584012265/28237773109178) | 839.5M/s | ETA 5:51:35 | best -
[b2=29 b1=27 GPU] stage  37.3% (10530463060457/28237773109178) | 839.2M/s | ETA 5:51:40 | best -
[b2=29 b1=27 GPU] stage  37.3% (10532342108649/28237773109178) | 838.3M/s | ETA 5:52:01 | best -
[b2=29 b1=27 GPU] stage  37.3% (10534221156841/28237773109178) | 838.9M/s | ETA 5:51:42 | best -
[b2=29 b1=27 GPU] stage  37.3% (10536100205033/28237773109178) | 839.1M/s | ETA 5:51:35 | best -
[b2=29 b1=27 GPU] stage  37.3% (10537979253225/28237773109178) | 838.7M/s | ETA 5:51:43 | best -
[b2=29 b1=27 GPU] stage  37.3% (10539858301417/28237773109178) | 839.0M/s | ETA 5:51:33 | best -
[b2=29 b1=27 GPU] stage  37.3% (10541737349609/28237773109178) | 839.5M/s | ETA 5:51:18 | best -
[b2=29 b1=27 GPU] stage  37.3% (10543616397801/28237773109178) | 839.4M/s | ETA 5:51:19 | best -
[b2=29 b1=27 GPU] stage  37.3% (10545495445993/28237773109178) | 839.6M/s | ETA 5:51:13 | best -
[b2=29 b1=27 GPU] stage  37.4% (10547374494185/28237773109178) | 839.1M/s | ETA 5:51:22 | best -
[b2=29 b1=27 GPU] stage  37.4% (10549253542377/28237773109178) | 839.4M/s | ETA 5:51:12 | best -
[b2=29 b1=27 GPU] stage  37.4% (10551132590569/28237773109178) | 838.9M/s | ETA 5:51:23 | best -
[b2=29 b1=27 GPU] stage  37.4% (10553011638761/28237773109178) | 839.2M/s | ETA 5:51:12 | best -
[b2=29 b1=27 GPU] stage  37.4% (10554890686953/28237773109178) | 837.5M/s | ETA 5:51:52 | best -
[b2=29 b1=27 GPU] stage  37.4% (10556769735145/28237773109178) | 836.8M/s | ETA 5:52:10 | best -
[b2=29 b1=27 GPU] stage  37.4% (10558648783337/28237773109178) | 839.1M/s | ETA 5:51:09 | best -
[b2=29 b1=27 GPU] stage  37.4% (10560527831529/28237773109178) | 838.9M/s | ETA 5:51:12 | best -
[b2=29 b1=27 GPU] stage  37.4% (10562406879721/28237773109178) | 839.2M/s | ETA 5:51:02 | best -
[b2=29 b1=27 GPU] stage  37.4% (10564285927913/28237773109178) | 839.3M/s | ETA 5:50:56 | best -
[b2=29 b1=27 GPU] stage  37.4% (10566164976105/28237773109178) | 839.2M/s | ETA 5:50:57 | best -
[b2=29 b1=27 GPU] stage  37.4% (10568044024297/28237773109178) | 839.2M/s | ETA 5:50:55 | best -
[b2=29 b1=27 GPU] stage  37.4% (10569923072489/28237773109178) | 839.5M/s | ETA 5:50:46 | best -
[b2=29 b1=27 GPU] stage  37.4% (10571802120681/28237773109178) | 838.3M/s | ETA 5:51:13 | best -
[b2=29 b1=27 GPU] stage  37.4% (10573681168873/28237773109178) | 839.3M/s | ETA 5:50:46 | best -
[b2=29 b1=27 GPU] stage  37.5% (10575560217065/28237773109178) | 838.9M/s | ETA 5:50:53 | best -
[b2=29 b1=27 GPU] stage  37.5% (10577439265257/28237773109178) | 839.7M/s | ETA 5:50:32 | best -
[b2=29 b1=27 GPU] stage  37.5% (10579318313449/28237773109178) | 839.8M/s | ETA 5:50:28 | best -
[b2=29 b1=27 GPU] stage  37.5% (10581197361641/28237773109178) | 839.8M/s | ETA 5:50:25 | best -
[b2=29 b1=27 GPU] stage  37.5% (10583076409833/28237773109178) | 838.6M/s | ETA 5:50:52 | best -
[b2=29 b1=27 GPU] stage  37.5% (10584955458025/28237773109178) | 839.0M/s | ETA 5:50:40 | best -
[b2=29 b1=27 GPU] stage  37.5% (10586834506217/28237773109178) | 839.2M/s | ETA 5:50:32 | best -
[b2=29 b1=27 GPU] stage  37.5% (10588713554409/28237773109178) | 838.9M/s | ETA 5:50:38 | best -
[b2=29 b1=27 GPU] stage  37.5% (10590592602601/28237773109178) | 838.8M/s | ETA 5:50:38 | best -
[b2=29 b1=27 GPU] stage  37.5% (10592471650793/28237773109178) | 839.6M/s | ETA 5:50:16 | best -
[b2=29 b1=27 GPU] stage  37.5% (10594350698985/28237773109178) | 839.2M/s | ETA 5:50:24 | best -
[b2=29 b1=27 GPU] stage  37.5% (10596229747177/28237773109178) | 838.8M/s | ETA 5:50:31 | best -
[b2=29 b1=27 GPU] stage  37.5% (10598108795369/28237773109178) | 839.7M/s | ETA 5:50:06 | best -
[b2=29 b1=27 GPU] stage  37.5% (10599987843561/28237773109178) | 839.2M/s | ETA 5:50:17 | best -
[b2=29 b1=27 GPU] stage  37.5% (10601866891753/28237773109178) | 838.8M/s | ETA 5:50:25 | best -
[b2=29 b1=27 GPU] stage  37.6% (10603745939945/28237773109178) | 839.0M/s | ETA 5:50:18 | best -
[b2=29 b1=27 GPU] stage  37.6% (10605624988137/28237773109178) | 833.1M/s | ETA 5:52:43 | best -
[b2=29 b1=27 GPU] stage  37.6% (10607504036329/28237773109178) | 838.0M/s | ETA 5:50:38 | best -
[b2=29 b1=27 GPU] stage  37.6% (10609383084521/28237773109178) | 839.1M/s | ETA 5:50:09 | best -
[b2=29 b1=27 GPU] stage  37.6% (10611262132713/28237773109178) | 839.5M/s | ETA 5:49:56 | best -
[b2=29 b1=27 GPU] stage  37.6% (10613141180905/28237773109178) | 839.6M/s | ETA 5:49:51 | best -
[b2=29 b1=27 GPU] stage  37.6% (10615020229097/28237773109178) | 839.5M/s | ETA 5:49:52 | best -
[b2=29 b1=27 GPU] stage  37.6% (10616899277289/28237773109178) | 839.2M/s | ETA 5:49:57 | best -
[b2=29 b1=27 GPU] stage  37.6% (10618778325481/28237773109178) | 839.3M/s | ETA 5:49:52 | best -
[b2=29 b1=27 GPU] stage  37.6% (10620657373673/28237773109178) | 839.2M/s | ETA 5:49:52 | best -
[b2=29 b1=27 GPU] stage  37.6% (10622536421865/28237773109178) | 838.6M/s | ETA 5:50:04 | best -
[b2=29 b1=27 GPU] stage  37.6% (10624415470057/28237773109178) | 839.7M/s | ETA 5:49:35 | best -
[b2=29 b1=27 GPU] stage  37.6% (10626294518249/28237773109178) | 839.5M/s | ETA 5:49:39 | best -
[b2=29 b1=27 GPU] stage  37.6% (10628173566441/28237773109178) | 839.4M/s | ETA 5:49:39 | best -
[b2=29 b1=27 GPU] stage  37.6% (10630052614633/28237773109178) | 839.1M/s | ETA 5:49:44 | best -
[b2=29 b1=27 GPU] stage  37.7% (10631931662825/28237773109178) | 838.6M/s | ETA 5:49:54 | best -
[b2=29 b1=27 GPU] stage  37.7% (10633810711017/28237773109178) | 839.7M/s | ETA 5:49:25 | best -
[b2=29 b1=27 GPU] stage  37.7% (10635689759209/28237773109178) | 838.8M/s | ETA 5:49:43 | best -
[b2=29 b1=27 GPU] stage  37.7% (10637568807401/28237773109178) | 838.7M/s | ETA 5:49:45 | best -
[b2=29 b1=27 GPU] stage  37.7% (10639447855593/28237773109178) | 839.1M/s | ETA 5:49:32 | best -
[b2=29 b1=27 GPU] stage  37.7% (10641326903785/28237773109178) | 839.4M/s | ETA 5:49:23 | best -
[b2=29 b1=27 GPU] stage  37.7% (10643205951977/28237773109178) | 839.5M/s | ETA 5:49:18 | best -
[b2=29 b1=27 GPU] stage  37.7% (10645085000169/28237773109178) | 839.6M/s | ETA 5:49:14 | best -
[b2=29 b1=27 GPU] stage  37.7% (10646964048361/28237773109178) | 838.5M/s | ETA 5:49:37 | best -
[b2=29 b1=27 GPU] stage  37.7% (10648843096553/28237773109178) | 839.2M/s | ETA 5:49:20 | best -
[b2=29 b1=27 GPU] stage  37.7% (10650722144745/28237773109178) | 838.8M/s | ETA 5:49:25 | best -
[b2=29 b1=27 GPU] stage  37.7% (10652601192937/28237773109178) | 839.0M/s | ETA 5:49:19 | best -
[b2=29 b1=27 GPU] stage  37.7% (10654480241129/28237773109178) | 838.9M/s | ETA 5:49:18 | best -
[b2=29 b1=27 GPU] stage  37.7% (10656359289321/28237773109178) | 834.9M/s | ETA 5:50:57 | best -
[b2=29 b1=27 GPU] stage  37.7% (10658238337513/28237773109178) | 838.1M/s | ETA 5:49:36 | best -
[b2=29 b1=27 GPU] stage  37.8% (10660117385705/28237773109178) | 839.0M/s | ETA 5:49:11 | best -
[b2=29 b1=27 GPU] stage  37.8% (10661996433897/28237773109178) | 839.5M/s | ETA 5:48:57 | best -
[b2=29 b1=27 GPU] stage  37.8% (10663875482089/28237773109178) | 838.4M/s | ETA 5:49:20 | best -
[b2=29 b1=27 GPU] stage  37.8% (10665754530281/28237773109178) | 839.0M/s | ETA 5:49:04 | best -
[b2=29 b1=27 GPU] stage  37.8% (10667633578473/28237773109178) | 839.3M/s | ETA 5:48:54 | best -
[b2=29 b1=27 GPU] stage  37.8% (10669512626665/28237773109178) | 839.3M/s | ETA 5:48:51 | best -
[b2=29 b1=27 GPU] stage  37.8% (10671391674857/28237773109178) | 839.0M/s | ETA 5:48:58 | best -
[b2=29 b1=27 GPU] stage  37.8% (10673270723049/28237773109178) | 839.4M/s | ETA 5:48:45 | best -
[b2=29 b1=27 GPU] stage  37.8% (10675149771241/28237773109178) | 839.2M/s | ETA 5:48:48 | best -
[b2=29 b1=27 GPU] stage  37.8% (10677028819433/28237773109178) | 839.3M/s | ETA 5:48:43 | best -
[b2=29 b1=27 GPU] stage  37.8% (10678907867625/28237773109178) | 838.8M/s | ETA 5:48:52 | best -
[b2=29 b1=27 GPU] stage  37.8% (10680786915817/28237773109178) | 838.6M/s | ETA 5:48:56 | best -
[b2=29 b1=27 GPU] stage  37.8% (10682665964009/28237773109178) | 839.1M/s | ETA 5:48:42 | best -
[b2=29 b1=27 GPU] stage  37.8% (10684545012201/28237773109178) | 839.2M/s | ETA 5:48:37 | best -
[b2=29 b1=27 GPU] stage  37.8% (10686424060393/28237773109178) | 839.1M/s | ETA 5:48:35 | best -
[b2=29 b1=27 GPU] stage  37.9% (10688303108585/28237773109178) | 839.5M/s | ETA 5:48:24 | best -
[b2=29 b1=27 GPU] stage  37.9% (10690182156777/28237773109178) | 839.7M/s | ETA 5:48:17 | best -
[b2=29 b1=27 GPU] stage  37.9% (10692061204969/28237773109178) | 839.6M/s | ETA 5:48:17 | best -
[b2=29 b1=27 GPU] stage  37.9% (10693940253161/28237773109178) | 838.3M/s | ETA 5:48:48 | best -
[b2=29 b1=27 GPU] stage  37.9% (10695819301353/28237773109178) | 838.7M/s | ETA 5:48:34 | best -
[b2=29 b1=27 GPU] stage  37.9% (10697698349545/28237773109178) | 838.7M/s | ETA 5:48:33 | best -
[b2=29 b1=27 GPU] stage  37.9% (10699577397737/28237773109178) | 839.2M/s | ETA 5:48:19 | best -
[b2=29 b1=27 GPU] stage  37.9% (10701456445929/28237773109178) | 839.8M/s | ETA 5:48:02 | best -
[b2=29 b1=27 GPU] stage  37.9% (10703335494121/28237773109178) | 838.8M/s | ETA 5:48:24 | best -
[b2=29 b1=27 GPU] stage  37.9% (10705214542313/28237773109178) | 838.7M/s | ETA 5:48:23 | best -
[b2=29 b1=27 GPU] stage  37.9% (10707093590505/28237773109178) | 834.4M/s | ETA 5:50:10 | best -
[b2=29 b1=27 GPU] stage  37.9% (10708972638697/28237773109178) | 838.6M/s | ETA 5:48:22 | best -
[b2=29 b1=27 GPU] stage  37.9% (10710851686889/28237773109178) | 839.1M/s | ETA 5:48:08 | best -
[b2=29 b1=27 GPU] stage  37.9% (10712730735081/28237773109178) | 839.3M/s | ETA 5:48:00 | best -
[b2=29 b1=27 GPU] stage  37.9% (10714609783273/28237773109178) | 839.1M/s | ETA 5:48:03 | best -
[b2=29 b1=27 GPU] stage  38.0% (10716488831465/28237773109178) | 839.1M/s | ETA 5:48:00 | best -
[b2=29 b1=27 GPU] stage  38.0% (10718367879657/28237773109178) | 838.9M/s | ETA 5:48:03 | best -
[b2=29 b1=27 GPU] stage  38.0% (10720246927849/28237773109178) | 839.4M/s | ETA 5:47:49 | best -
[b2=29 b1=27 GPU] stage  38.0% (10722125976041/28237773109178) | 839.3M/s | ETA 5:47:49 | best -
[b2=29 b1=27 GPU] stage  38.0% (10724005024233/28237773109178) | 839.1M/s | ETA 5:47:51 | best -
[b2=29 b1=27 GPU] stage  38.0% (10725884072425/28237773109178) | 839.0M/s | ETA 5:47:51 | best -
[b2=29 b1=27 GPU] stage  38.0% (10727763120617/28237773109178) | 838.8M/s | ETA 5:47:54 | best -
[b2=29 b1=27 GPU] stage  38.0% (10729642168809/28237773109178) | 839.2M/s | ETA 5:47:43 | best -
[b2=29 b1=27 GPU] stage  38.0% (10731521217001/28237773109178) | 839.0M/s | ETA 5:47:46 | best -
[b2=29 b1=27 GPU] stage  38.0% (10733400265193/28237773109178) | 839.6M/s | ETA 5:47:27 | best -
[b2=29 b1=27 GPU] stage  38.0% (10735279313385/28237773109178) | 839.1M/s | ETA 5:47:39 | best -
[b2=29 b1=27 GPU] stage  38.0% (10737158361577/28237773109178) | 839.5M/s | ETA 5:47:25 | best -
[b2=29 b1=27 GPU] stage  38.0% (10739037409769/28237773109178) | 839.5M/s | ETA 5:47:25 | best -
[b2=29 b1=27 GPU] stage  38.0% (10740916457961/28237773109178) | 839.5M/s | ETA 5:47:22 | best -
[b2=29 b1=27 GPU] stage  38.0% (10742795506153/28237773109178) | 839.8M/s | ETA 5:47:11 | best -
[b2=29 b1=27 GPU] stage  38.1% (10744674554345/28237773109178) | 839.1M/s | ETA 5:47:26 | best -
[b2=29 b1=27 GPU] stage  38.1% (10746553602537/28237773109178) | 839.0M/s | ETA 5:47:26 | best -
[b2=29 b1=27 GPU] stage  38.1% (10748432650729/28237773109178) | 838.9M/s | ETA 5:47:27 | best -
[b2=29 b1=27 GPU] stage  38.1% (10750311698921/28237773109178) | 839.8M/s | ETA 5:47:04 | best -
[b2=29 b1=27 GPU] stage  38.1% (10752190747113/28237773109178) | 839.1M/s | ETA 5:47:17 | best -
[b2=29 b1=27 GPU] stage  38.1% (10754069795305/28237773109178) | 839.3M/s | ETA 5:47:11 | best -
[b2=29 b1=27 GPU] stage  38.1% (10755948843497/28237773109178) | 837.9M/s | ETA 5:47:43 | best -
[b2=29 b1=27 GPU] stage  38.1% (10757827891689/28237773109178) | 835.4M/s | ETA 5:48:42 | best -
[b2=29 b1=27 GPU] stage  38.1% (10759706939881/28237773109178) | 838.9M/s | ETA 5:47:15 | best -
[b2=29 b1=27 GPU] stage  38.1% (10761585988073/28237773109178) | 839.4M/s | ETA 5:47:00 | best -
[b2=29 b1=27 GPU] stage  38.1% (10763465036265/28237773109178) | 839.4M/s | ETA 5:46:56 | best -
[b2=29 b1=27 GPU] stage  38.1% (10765344084457/28237773109178) | 839.1M/s | ETA 5:47:02 | best -
[b2=29 b1=27 GPU] stage  38.1% (10767223132649/28237773109178) | 839.8M/s | ETA 5:46:42 | best -
[b2=29 b1=27 GPU] stage  38.1% (10769102180841/28237773109178) | 839.9M/s | ETA 5:46:38 | best -
[b2=29 b1=27 GPU] stage  38.1% (10770981229033/28237773109178) | 839.6M/s | ETA 5:46:44 | best -
[b2=29 b1=27 GPU] stage  38.2% (10772860277225/28237773109178) | 839.3M/s | ETA 5:46:50 | best -
[b2=29 b1=27 GPU] stage  38.2% (10774739325417/28237773109178) | 839.4M/s | ETA 5:46:43 | best -
[b2=29 b1=27 GPU] stage  38.2% (10776618373609/28237773109178) | 839.5M/s | ETA 5:46:39 | best -
[b2=29 b1=27 GPU] stage  38.2% (10778497421801/28237773109178) | 839.4M/s | ETA 5:46:40 | best -
[b2=29 b1=27 GPU] stage  38.2% (10780376469993/28237773109178) | 839.3M/s | ETA 5:46:40 | best -
[b2=29 b1=27 GPU] stage  38.2% (10782255518185/28237773109178) | 839.2M/s | ETA 5:46:40 | best -
[b2=29 b1=27 GPU] stage  38.2% (10784134566377/28237773109178) | 838.8M/s | ETA 5:46:47 | best -
[b2=29 b1=27 GPU] stage  38.2% (10786013614569/28237773109178) | 839.2M/s | ETA 5:46:34 | best -
[b2=29 b1=27 GPU] stage  38.2% (10787892662761/28237773109178) | 839.3M/s | ETA 5:46:29 | best -
[b2=29 b1=27 GPU] stage  38.2% (10789771710953/28237773109178) | 839.6M/s | ETA 5:46:21 | best -
[b2=29 b1=27 GPU] stage  38.2% (10791650759145/28237773109178) | 839.4M/s | ETA 5:46:22 | best -
[b2=29 b1=27 GPU] stage  38.2% (10793529807337/28237773109178) | 839.2M/s | ETA 5:46:26 | best -
[b2=29 b1=27 GPU] stage  38.2% (10795408855529/28237773109178) | 839.3M/s | ETA 5:46:23 | best -
[b2=29 b1=27 GPU] stage  38.2% (10797287903721/28237773109178) | 839.5M/s | ETA 5:46:15 | best -
[b2=29 b1=27 GPU] stage  38.2% (10799166951913/28237773109178) | 839.4M/s | ETA 5:46:16 | best -
[b2=29 b1=27 GPU] stage  38.3% (10801046000105/28237773109178) | 838.7M/s | ETA 5:46:29 | best -
[b2=29 b1=27 GPU] stage  38.3% (10802925048297/28237773109178) | 838.6M/s | ETA 5:46:31 | best -
[b2=29 b1=27 GPU] stage  38.3% (10804804096489/28237773109178) | 839.0M/s | ETA 5:46:17 | best -
[b2=29 b1=27 GPU] stage  38.3% (10806683144681/28237773109178) | 831.4M/s | ETA 5:49:26 | best -
[b2=29 b1=27 GPU] stage  38.3% (10808562192873/28237773109178) | 837.2M/s | ETA 5:46:58 | best -
[b2=29 b1=27 GPU] stage  38.3% (10810441241065/28237773109178) | 839.2M/s | ETA 5:46:06 | best -
[b2=29 b1=27 GPU] stage  38.3% (10812320289257/28237773109178) | 839.5M/s | ETA 5:45:56 | best -
[b2=29 b1=27 GPU] stage  38.3% (10814199337449/28237773109178) | 839.5M/s | ETA 5:45:55 | best -
[b2=29 b1=27 GPU] stage  38.3% (10816078385641/28237773109178) | 839.7M/s | ETA 5:45:47 | best -
[b2=29 b1=27 GPU] stage  38.3% (10817957433833/28237773109178) | 839.5M/s | ETA 5:45:51 | best -
[b2=29 b1=27 GPU] stage  38.3% (10819836482025/28237773109178) | 839.0M/s | ETA 5:45:59 | best -
[b2=29 b1=27 GPU] stage  38.3% (10821715530217/28237773109178) | 839.0M/s | ETA 5:45:57 | best -
[b2=29 b1=27 GPU] stage  38.3% (10823863013865/28237773109178) | 1668.1M/s | ETA 2:53:59 | best -
[b2=29 b1=27 GPU] stage  38.3% (10828694852073/28237773109178) | 2329.3M/s | ETA 2:04:33 | best -
[b2=29 b1=27 GPU] stage  38.4% (10833526690281/28237773109178) | 2331.8M/s | ETA 2:04:23 | best -
[b2=29 b1=27 GPU] stage  38.4% (10838358528489/28237773109178) | 2329.4M/s | ETA 2:04:29 | best -
[b2=29 b1=27 GPU] stage  38.4% (10843190366697/28237773109178) | 2327.9M/s | ETA 2:04:32 | best -
[b2=29 b1=27 GPU] stage  38.4% (10848022204905/28237773109178) | 2329.7M/s | ETA 2:04:24 | best -
[b2=29 b1=27 GPU] stage  38.4% (10852854043113/28237773109178) | 2329.6M/s | ETA 2:04:22 | best -
[b2=29 b1=27 GPU] stage  38.5% (10857685881321/28237773109178) | 2331.5M/s | ETA 2:04:14 | best -
[b2=29 b1=27 GPU] stage  38.5% (10862517719529/28237773109178) | 2328.0M/s | ETA 2:04:23 | best -
[b2=29 b1=27 GPU] stage  38.5% (10867349557737/28237773109178) | 2330.6M/s | ETA 2:04:13 | best -
[b2=29 b1=27 GPU] stage  38.5% (10872181395945/28237773109178) | 2332.3M/s | ETA 2:04:05 | best -
[b2=29 b1=27 GPU] stage  38.5% (10877013234153/28237773109178) | 2327.1M/s | ETA 2:04:20 | best -
[b2=29 b1=27 GPU] stage  38.5% (10881845072361/28237773109178) | 2330.9M/s | ETA 2:04:06 | best -
[b2=29 b1=27 GPU] stage  38.6% (10886676910569/28237773109178) | 2332.7M/s | ETA 2:03:58 | best -
[b2=29 b1=27 GPU] stage  38.6% (10891508748777/28237773109178) | 2329.5M/s | ETA 2:04:06 | best -
[b2=29 b1=27 GPU] stage  38.6% (10896340586985/28237773109178) | 2332.6M/s | ETA 2:03:54 | best -
[b2=29 b1=27 GPU] stage  38.6% (10901172425193/28237773109178) | 2329.9M/s | ETA 2:04:00 | best -
[b2=29 b1=27 GPU] stage  38.6% (10906004263401/28237773109178) | 2330.2M/s | ETA 2:03:57 | best -
[b2=29 b1=27 GPU] stage  38.6% (10910836101609/28237773109178) | 2331.6M/s | ETA 2:03:51 | best -
[b2=29 b1=27 GPU] stage  38.7% (10915667939817/28237773109178) | 2324.9M/s | ETA 2:04:10 | best -
[b2=29 b1=27 GPU] stage  38.7% (10920499778025/28237773109178) | 2330.1M/s | ETA 2:03:51 | best -
[b2=29 b1=27 GPU] stage  38.7% (10925331616233/28237773109178) | 2330.6M/s | ETA 2:03:48 | best -
[b2=29 b1=27 GPU] stage  38.7% (10930163454441/28237773109178) | 2331.5M/s | ETA 2:03:43 | best -
[b2=29 b1=27 GPU] stage  38.7% (10934995292649/28237773109178) | 2330.4M/s | ETA 2:03:44 | best -
[b2=29 b1=27 GPU] stage  38.7% (10939827130857/28237773109178) | 2331.9M/s | ETA 2:03:37 | best -
[b2=29 b1=27 GPU] stage  38.8% (10944658969065/28237773109178) | 2329.9M/s | ETA 2:03:42 | best -
[b2=29 b1=27 GPU] stage  38.8% (10949490807273/28237773109178) | 2333.3M/s | ETA 2:03:29 | best -
[b2=29 b1=27 GPU] stage  38.8% (10954322645481/28237773109178) | 2331.7M/s | ETA 2:03:32 | best -
[b2=29 b1=27 GPU] stage  38.8% (10959154483689/28237773109178) | 2329.5M/s | ETA 2:03:37 | best -
[b2=29 b1=27 GPU] stage  38.8% (10963986321897/28237773109178) | 2326.4M/s | ETA 2:03:45 | best -
[b2=29 b1=27 GPU] stage  38.8% (10968818160105/28237773109178) | 2330.8M/s | ETA 2:03:29 | best -
[b2=29 b1=27 GPU] stage  38.9% (10973649998313/28237773109178) | 2332.2M/s | ETA 2:03:22 | best -
[b2=29 b1=27 GPU] stage  38.9% (10978481836521/28237773109178) | 2328.3M/s | ETA 2:03:32 | best -
[b2=29 b1=27 GPU] stage  38.9% (10983313674729/28237773109178) | 2328.1M/s | ETA 2:03:31 | best -
[b2=29 b1=27 GPU] stage  38.9% (10988145512937/28237773109178) | 2329.7M/s | ETA 2:03:24 | best -
[b2=29 b1=27 GPU] stage  38.9% (10992977351145/28237773109178) | 2333.2M/s | ETA 2:03:11 | best -
[b2=29 b1=27 GPU] stage  38.9% (10997809189353/28237773109178) | 2332.0M/s | ETA 2:03:12 | best -
[b2=29 b1=27 GPU] stage  39.0% (11002641027561/28237773109178) | 2329.2M/s | ETA 2:03:19 | best -
[b2=29 b1=27 GPU] stage  39.0% (11007472865769/28237773109178) | 2334.4M/s | ETA 2:03:01 | best -
[b2=29 b1=27 GPU] stage  39.0% (11012304703977/28237773109178) | 2328.9M/s | ETA 2:03:16 | best -
[b2=29 b1=27 GPU] stage  39.0% (11017136542185/28237773109178) | 2329.4M/s | ETA 2:03:12 | best -
[b2=29 b1=27 GPU] stage  39.0% (11021968380393/28237773109178) | 2331.3M/s | ETA 2:03:04 | best -
[b2=29 b1=27 GPU] stage  39.0% (11026800218601/28237773109178) | 2330.2M/s | ETA 2:03:05 | best -
[b2=29 b1=27 GPU] stage  39.1% (11031632056809/28237773109178) | 2330.6M/s | ETA 2:03:02 | best -
[b2=29 b1=27 GPU] stage  39.1% (11036463895017/28237773109178) | 2328.0M/s | ETA 2:03:08 | best -
[b2=29 b1=27 GPU] stage  39.1% (11041295733225/28237773109178) | 2326.5M/s | ETA 2:03:11 | best -
[b2=29 b1=27 GPU] stage  39.1% (11046127571433/28237773109178) | 2327.2M/s | ETA 2:03:07 | best -
[b2=29 b1=27 GPU] stage  39.1% (11050959409641/28237773109178) | 2326.9M/s | ETA 2:03:06 | best -
[b2=29 b1=27 GPU] stage  39.2% (11055791247849/28237773109178) | 2324.3M/s | ETA 2:03:12 | best -
[b2=29 b1=27 GPU] stage  39.2% (11060623086057/28237773109178) | 2329.3M/s | ETA 2:02:54 | best -
[b2=29 b1=27 GPU] stage  39.2% (11065454924265/28237773109178) | 2328.1M/s | ETA 2:02:56 | best -
[b2=29 b1=27 GPU] stage  39.2% (11070286762473/28237773109178) | 2331.1M/s | ETA 2:02:44 | best -
[b2=29 b1=27 GPU] stage  39.2% (11075118600681/28237773109178) | 2331.2M/s | ETA 2:02:42 | best -
[b2=29 b1=27 GPU] stage  39.2% (11079950438889/28237773109178) | 2329.6M/s | ETA 2:02:45 | best -
[b2=29 b1=27 GPU] stage  39.3% (11084782277097/28237773109178) | 2328.1M/s | ETA 2:02:47 | best -
[b2=29 b1=27 GPU] stage  39.3% (11089614115305/28237773109178) | 2330.5M/s | ETA 2:02:38 | best -
[b2=29 b1=27 GPU] stage  39.3% (11094445953513/28237773109178) | 2330.7M/s | ETA 2:02:35 | best -
[b2=29 b1=27 GPU] stage  39.3% (11099277791721/28237773109178) | 2329.2M/s | ETA 2:02:38 | best -
[b2=29 b1=27 GPU] stage  39.3% (11104109629929/28237773109178) | 2326.8M/s | ETA 2:02:43 | best -
[b2=29 b1=27 GPU] stage  39.3% (11108941468137/28237773109178) | 2330.9M/s | ETA 2:02:28 | best -
[b2=29 b1=27 GPU] stage  39.4% (11113773306345/28237773109178) | 2332.7M/s | ETA 2:02:20 | best -
[b2=29 b1=27 GPU] stage  39.4% (11118605144553/28237773109178) | 2328.9M/s | ETA 2:02:30 | best -
[b2=29 b1=27 GPU] stage  39.4% (11123436982761/28237773109178) | 2329.2M/s | ETA 2:02:27 | best -
[b2=29 b1=27 GPU] stage  39.4% (11128268820969/28237773109178) | 2327.7M/s | ETA 2:02:30 | best -
[b2=29 b1=27 GPU] stage  39.4% (11133100659177/28237773109178) | 2329.6M/s | ETA 2:02:22 | best -
[b2=29 b1=27 GPU] stage  39.4% (11137932497385/28237773109178) | 2329.9M/s | ETA 2:02:19 | best -
[b2=29 b1=27 GPU] stage  39.5% (11142764335593/28237773109178) | 2334.6M/s | ETA 2:02:02 | best -
[b2=29 b1=27 GPU] stage  39.5% (11147596173801/28237773109178) | 2328.8M/s | ETA 2:02:18 | best -
[b2=29 b1=27 GPU] stage  39.5% (11152428012009/28237773109178) | 2332.4M/s | ETA 2:02:05 | best -
[b2=29 b1=27 GPU] stage  39.5% (11157259850217/28237773109178) | 2331.7M/s | ETA 2:02:05 | best -
[b2=29 b1=27 GPU] stage  39.5% (11162091688425/28237773109178) | 2326.9M/s | ETA 2:02:18 | best -
[b2=29 b1=27 GPU] stage  39.5% (11166923526633/28237773109178) | 2331.2M/s | ETA 2:02:02 | best -
[b2=29 b1=27 GPU] stage  39.6% (11171755364841/28237773109178) | 2330.7M/s | ETA 2:02:02 | best -
[b2=29 b1=27 GPU] stage  39.6% (11176587203049/28237773109178) | 2331.6M/s | ETA 2:01:57 | best -
[b2=29 b1=27 GPU] stage  39.6% (11181419041257/28237773109178) | 2330.6M/s | ETA 2:01:58 | best -
[b2=29 b1=27 GPU] stage  39.6% (11186250879465/28237773109178) | 2329.2M/s | ETA 2:02:00 | best -
[b2=29 b1=27 GPU] stage  39.6% (11191082717673/28237773109178) | 2328.7M/s | ETA 2:02:00 | best -
[b2=29 b1=27 GPU] stage  39.6% (11195914555881/28237773109178) | 2327.9M/s | ETA 2:02:00 | best -
[b2=29 b1=27 GPU] stage  39.7% (11200746394089/28237773109178) | 2331.0M/s | ETA 2:01:48 | best -
[b2=29 b1=27 GPU] stage  39.7% (11205578232297/28237773109178) | 2332.5M/s | ETA 2:01:42 | best -
[b2=29 b1=27 GPU] stage  39.7% (11210410070505/28237773109178) | 2332.2M/s | ETA 2:01:40 | best -
[b2=29 b1=27 GPU] stage  39.7% (11215241908713/28237773109178) | 2330.2M/s | ETA 2:01:45 | best -
[b2=29 b1=27 GPU] stage  39.7% (11220073746921/28237773109178) | 2328.5M/s | ETA 2:01:48 | best -
[b2=29 b1=27 GPU] stage  39.8% (11224905585129/28237773109178) | 2329.3M/s | ETA 2:01:43 | best -
[b2=29 b1=27 GPU] stage  39.8% (11229737423337/28237773109178) | 2331.2M/s | ETA 2:01:35 | best -
[b2=29 b1=27 GPU] stage  39.8% (11234569261545/28237773109178) | 2330.9M/s | ETA 2:01:34 | best -
[b2=29 b1=27 GPU] stage  39.8% (11239401099753/28237773109178) | 2332.0M/s | ETA 2:01:29 | best -
[b2=29 b1=27 GPU] stage  39.8% (11244232937961/28237773109178) | 2328.1M/s | ETA 2:01:39 | best -
[b2=29 b1=27 GPU] stage  39.8% (11249064776169/28237773109178) | 2330.1M/s | ETA 2:01:31 | best -
[b2=29 b1=27 GPU] stage  39.9% (11253896614377/28237773109178) | 2331.1M/s | ETA 2:01:25 | best -
[b2=29 b1=27 GPU] stage  39.9% (11258728452585/28237773109178) | 2331.6M/s | ETA 2:01:22 | best -
[b2=29 b1=27 GPU] stage  39.9% (11263560290793/28237773109178) | 2332.5M/s | ETA 2:01:17 | best -
[b2=29 b1=27 GPU] stage  39.9% (11268392129001/28237773109178) | 2327.7M/s | ETA 2:01:30 | best -
[b2=29 b1=27 GPU] stage  39.9% (11273223967209/28237773109178) | 2330.8M/s | ETA 2:01:18 | best -
[b2=29 b1=27 GPU] stage  39.9% (11278055805417/28237773109178) | 2332.9M/s | ETA 2:01:09 | best -
[b2=29 b1=27 GPU] stage  40.0% (11282887643625/28237773109178) | 2331.1M/s | ETA 2:01:13 | best -
[b2=29 b1=27 GPU] stage  40.0% (11287719481833/28237773109178) | 2327.8M/s | ETA 2:01:21 | best -
[b2=29 b1=27 GPU] stage  40.0% (11292551320041/28237773109178) | 2326.1M/s | ETA 2:01:24 | best -
[b2=29 b1=27 GPU] stage  40.0% (11297383158249/28237773109178) | 2327.7M/s | ETA 2:01:17 | best -
[b2=29 b1=27 GPU] stage  40.0% (11302214996457/28237773109178) | 2330.7M/s | ETA 2:01:06 | best -
[b2=29 b1=27 GPU] stage  40.0% (11307046834665/28237773109178) | 2331.3M/s | ETA 2:01:02 | best -
[b2=29 b1=27 GPU] stage  40.1% (11311878672873/28237773109178) | 2325.5M/s | ETA 2:01:18 | best -
[b2=29 b1=27 GPU] stage  40.1% (11316710511081/28237773109178) | 2331.0M/s | ETA 2:00:59 | best -
[b2=29 b1=27 GPU] stage  40.1% (11321542349289/28237773109178) | 2329.9M/s | ETA 2:01:00 | best -
[b2=29 b1=27 GPU] stage  40.1% (11326374187497/28237773109178) | 2332.0M/s | ETA 2:00:51 | best -
[b2=29 b1=27 GPU] stage  40.1% (11331206025705/28237773109178) | 2331.4M/s | ETA 2:00:51 | best -
[b2=29 b1=27 GPU] stage  40.1% (11336037863913/28237773109178) | 2327.1M/s | ETA 2:01:02 | best -
[b2=29 b1=27 GPU] stage  40.2% (11340869702121/28237773109178) | 2328.6M/s | ETA 2:00:56 | best -
[b2=29 b1=27 GPU] stage  40.2% (11345701540329/28237773109178) | 2333.0M/s | ETA 2:00:40 | best -
[b2=29 b1=27 GPU] stage  40.2% (11350533378537/28237773109178) | 2328.2M/s | ETA 2:00:53 | best -
[b2=29 b1=27 GPU] stage  40.2% (11355365216745/28237773109178) | 2329.6M/s | ETA 2:00:46 | best -
[b2=29 b1=27 GPU] stage  40.2% (11360197054953/28237773109178) | 2332.2M/s | ETA 2:00:36 | best -
[b2=29 b1=27 GPU] stage  40.2% (11365028893161/28237773109178) | 2330.3M/s | ETA 2:00:40 | best -
[b2=29 b1=27 GPU] stage  40.3% (11369860731369/28237773109178) | 2331.4M/s | ETA 2:00:35 | best -
[b2=29 b1=27 GPU] stage  40.3% (11374692569577/28237773109178) | 2329.3M/s | ETA 2:00:39 | best -
[b2=29 b1=27 GPU] stage  40.3% (11379524407785/28237773109178) | 2330.0M/s | ETA 2:00:35 | best -
[b2=29 b1=27 GPU] stage  40.3% (11384356245993/28237773109178) | 2328.4M/s | ETA 2:00:38 | best -
[b2=29 b1=27 GPU] stage  40.3% (11389188084201/28237773109178) | 2330.2M/s | ETA 2:00:30 | best -
[b2=29 b1=27 GPU] stage  40.4% (11394019922409/28237773109178) | 2332.1M/s | ETA 2:00:22 | best -
[b2=29 b1=27 GPU] stage  40.4% (11398851760617/28237773109178) | 2329.1M/s | ETA 2:00:29 | best -
[b2=29 b1=27 GPU] stage  40.4% (11403683598825/28237773109178) | 2330.3M/s | ETA 2:00:24 | best -
[b2=29 b1=27 GPU] stage  40.4% (11408515437033/28237773109178) | 2330.5M/s | ETA 2:00:21 | best -
[b2=29 b1=27 GPU] stage  40.4% (11413347275241/28237773109178) | 2327.9M/s | ETA 2:00:27 | best -
[b2=29 b1=27 GPU] stage  40.4% (11418179113449/28237773109178) | 2328.1M/s | ETA 2:00:24 | best -
[b2=29 b1=27 GPU] stage  40.5% (11423010951657/28237773109178) | 2328.0M/s | ETA 2:00:22 | best -
[b2=29 b1=27 GPU] stage  40.5% (11427842789865/28237773109178) | 2327.0M/s | ETA 2:00:23 | best -
[b2=29 b1=27 GPU] stage  40.5% (11432674628073/28237773109178) | 2329.6M/s | ETA 2:00:13 | best -
[b2=29 b1=27 GPU] stage  40.5% (11437506466281/28237773109178) | 2327.3M/s | ETA 2:00:18 | best -
[b2=29 b1=27 GPU] stage  40.5% (11442338304489/28237773109178) | 2331.9M/s | ETA 2:00:02 | best -
[b2=29 b1=27 GPU] stage  40.5% (11447170142697/28237773109178) | 2329.7M/s | ETA 2:00:07 | best -
[b2=29 b1=27 GPU] stage  40.6% (11452001980905/28237773109178) | 2330.9M/s | ETA 2:00:01 | best -
[b2=29 b1=27 GPU] stage  40.6% (11456833819113/28237773109178) | 2329.0M/s | ETA 2:00:05 | best -
[b2=29 b1=27 GPU] stage  40.6% (11461665657321/28237773109178) | 2330.2M/s | ETA 1:59:59 | best -
[b2=29 b1=27 GPU] stage  40.6% (11466497495529/28237773109178) | 2326.5M/s | ETA 2:00:08 | best -
[b2=29 b1=27 GPU] stage  40.6% (11471329333737/28237773109178) | 2329.2M/s | ETA 1:59:58 | best -
[b2=29 b1=27 GPU] stage  40.6% (11476161171945/28237773109178) | 2321.5M/s | ETA 2:00:20 | best -
[b2=29 b1=27 GPU] stage  40.7% (11480993010153/28237773109178) | 2329.3M/s | ETA 1:59:53 | best -
[b2=29 b1=27 GPU] stage  40.7% (11485824848361/28237773109178) | 2328.4M/s | ETA 1:59:54 | best -
[b2=29 b1=27 GPU] stage  40.7% (11490656686569/28237773109178) | 2330.7M/s | ETA 1:59:45 | best -
[b2=29 b1=27 GPU] stage  40.7% (11495488524777/28237773109178) | 2331.1M/s | ETA 1:59:42 | best -
[b2=29 b1=27 GPU] stage  40.7% (11500320362985/28237773109178) | 2331.1M/s | ETA 1:59:40 | best -
[b2=29 b1=27 GPU] stage  40.7% (11505152201193/28237773109178) | 2330.2M/s | ETA 1:59:40 | best -
[b2=29 b1=27 GPU] stage  40.8% (11509984039401/28237773109178) | 2333.3M/s | ETA 1:59:29 | best -
[b2=29 b1=27 GPU] stage  40.8% (11514815877609/28237773109178) | 2327.6M/s | ETA 1:59:44 | best -
[b2=29 b1=27 GPU] stage  40.8% (11519647715817/28237773109178) | 2331.5M/s | ETA 1:59:30 | best -
[b2=29 b1=27 GPU] stage  40.8% (11524479554025/28237773109178) | 2328.9M/s | ETA 1:59:36 | best -
[b2=29 b1=27 GPU] stage  40.8% (11529311392233/28237773109178) | 2333.0M/s | ETA 1:59:21 | best -
[b2=29 b1=27 GPU] stage  40.8% (11534143230441/28237773109178) | 2335.4M/s | ETA 1:59:12 | best -
[b2=29 b1=27 GPU] stage  40.9% (11538975068649/28237773109178) | 2328.4M/s | ETA 1:59:31 | best -
[b2=29 b1=27 GPU] stage  40.9% (11543806906857/28237773109178) | 2332.3M/s | ETA 1:59:17 | best -
[b2=29 b1=27 GPU] stage  40.9% (11548638745065/28237773109178) | 2330.2M/s | ETA 1:59:22 | best -
[b2=29 b1=27 GPU] stage  40.9% (11553470583273/28237773109178) | 2329.3M/s | ETA 1:59:22 | best -
[b2=29 b1=27 GPU] stage  40.9% (11558302421481/28237773109178) | 2329.7M/s | ETA 1:59:19 | best -
[b2=29 b1=27 GPU] stage  40.9% (11563134259689/28237773109178) | 2330.8M/s | ETA 1:59:14 | best -
[b2=29 b1=27 GPU] stage  41.0% (11567966097897/28237773109178) | 2329.7M/s | ETA 1:59:15 | best -
[b2=29 b1=27 GPU] stage  41.0% (11572797936105/28237773109178) | 2329.9M/s | ETA 1:59:12 | best -
[b2=29 b1=27 GPU] stage  41.0% (11577629774313/28237773109178) | 2330.7M/s | ETA 1:59:08 | best -
[b2=29 b1=27 GPU] stage  41.0% (11582461612521/28237773109178) | 2329.1M/s | ETA 1:59:11 | best -
[b2=29 b1=27 GPU] stage  41.0% (11587293450729/28237773109178) | 2327.5M/s | ETA 1:59:13 | best -
[b2=29 b1=27 GPU] stage  41.1% (11592125288937/28237773109178) | 2332.0M/s | ETA 1:58:58 | best -
[b2=29 b1=27 GPU] stage  41.1% (11596957127145/28237773109178) | 2327.5M/s | ETA 1:59:09 | best -
[b2=29 b1=27 GPU] stage  41.1% (11601788965353/28237773109178) | 2331.1M/s | ETA 1:58:56 | best -
[b2=29 b1=27 GPU] stage  41.1% (11606620803561/28237773109178) | 2329.5M/s | ETA 1:58:59 | best -
[b2=29 b1=27 GPU] stage  41.1% (11611452641769/28237773109178) | 2332.0M/s | ETA 1:58:49 | best -
[b2=29 b1=27 GPU] stage  41.1% (11616284479977/28237773109178) | 2331.0M/s | ETA 1:58:50 | best -
[b2=29 b1=27 GPU] stage  41.2% (11621116318185/28237773109178) | 2333.1M/s | ETA 1:58:41 | best -
[b2=29 b1=27 GPU] stage  41.2% (11625948156393/28237773109178) | 2329.6M/s | ETA 1:58:50 | best -
[b2=29 b1=27 GPU] stage  41.2% (11630779994601/28237773109178) | 2328.8M/s | ETA 1:58:51 | best -
[b2=29 b1=27 GPU] stage  41.2% (11635611832809/28237773109178) | 2328.3M/s | ETA 1:58:50 | best -
[b2=29 b1=27 GPU] stage  41.2% (11640443671017/28237773109178) | 2333.0M/s | ETA 1:58:34 | best -
[b2=29 b1=27 GPU] stage  41.2% (11645275509225/28237773109178) | 2330.3M/s | ETA 1:58:40 | best -
[b2=29 b1=27 GPU] stage  41.3% (11650107347433/28237773109178) | 2330.5M/s | ETA 1:58:37 | best -
[b2=29 b1=27 GPU] stage  41.3% (11654939185641/28237773109178) | 2325.5M/s | ETA 1:58:50 | best -
[b2=29 b1=27 GPU] stage  41.3% (11659771023849/28237773109178) | 2332.1M/s | ETA 1:58:28 | best -
[b2=29 b1=27 GPU] stage  41.3% (11664602862057/28237773109178) | 2333.0M/s | ETA 1:58:23 | best -
[b2=29 b1=27 GPU] stage  41.3% (11669434700265/28237773109178) | 2330.6M/s | ETA 1:58:29 | best -
[b2=29 b1=27 GPU] stage  41.3% (11674266538473/28237773109178) | 2330.2M/s | ETA 1:58:28 | best -
[b2=29 b1=27 GPU] stage  41.4% (11679098376681/28237773109178) | 2328.8M/s | ETA 1:58:30 | best -
[b2=29 b1=27 GPU] stage  41.4% (11683930214889/28237773109178) | 2332.2M/s | ETA 1:58:17 | best -
[b2=29 b1=27 GPU] stage  41.4% (11688762053097/28237773109178) | 2329.8M/s | ETA 1:58:23 | best -
[b2=29 b1=27 GPU] stage  41.4% (11693593891305/28237773109178) | 2332.2M/s | ETA 1:58:13 | best -
[b2=29 b1=27 GPU] stage  41.4% (11698425729513/28237773109178) | 2329.8M/s | ETA 1:58:18 | best -
[b2=29 b1=27 GPU] stage  41.4% (11703257567721/28237773109178) | 2330.3M/s | ETA 1:58:15 | best -
[b2=29 b1=27 GPU] stage  41.5% (11708089405929/28237773109178) | 2330.8M/s | ETA 1:58:11 | best -
[b2=29 b1=27 GPU] stage  41.5% (11712921244137/28237773109178) | 2328.3M/s | ETA 1:58:17 | best -
[b2=29 b1=27 GPU] stage  41.5% (11717753082345/28237773109178) | 2331.6M/s | ETA 1:58:05 | best -
[b2=29 b1=27 GPU] stage  41.5% (11722584920553/28237773109178) | 2330.1M/s | ETA 1:58:07 | best -
[b2=29 b1=27 GPU] stage  41.5% (11727416758761/28237773109178) | 2332.4M/s | ETA 1:57:58 | best -
[b2=29 b1=27 GPU] stage  41.5% (11732248596969/28237773109178) | 2331.1M/s | ETA 1:58:00 | best -
[b2=29 b1=27 GPU] stage  41.6% (11737080435177/28237773109178) | 2326.1M/s | ETA 1:58:13 | best -
[b2=29 b1=27 GPU] stage  41.6% (11741912273385/28237773109178) | 2332.1M/s | ETA 1:57:53 | best -
[b2=29 b1=27 GPU] stage  41.6% (11746744111593/28237773109178) | 2330.4M/s | ETA 1:57:56 | best -
[b2=29 b1=27 GPU] stage  41.6% (11751575949801/28237773109178) | 2324.4M/s | ETA 1:58:12 | best -
[b2=29 b1=27 GPU] stage  41.6% (11756407788009/28237773109178) | 2327.0M/s | ETA 1:58:02 | best -
[b2=29 b1=27 GPU] stage  41.7% (11761239626217/28237773109178) | 2328.0M/s | ETA 1:57:57 | best -
[b2=29 b1=27 GPU] stage  41.7% (11766071464425/28237773109178) | 2331.4M/s | ETA 1:57:45 | best -
[b2=29 b1=27 GPU] stage  41.7% (11770903302633/28237773109178) | 2329.8M/s | ETA 1:57:48 | best -
[b2=29 b1=27 GPU] stage  41.7% (11775735140841/28237773109178) | 2330.2M/s | ETA 1:57:44 | best -
[b2=29 b1=27 GPU] stage  41.7% (11780566979049/28237773109178) | 2331.0M/s | ETA 1:57:40 | best -
[b2=29 b1=27 GPU] stage  41.7% (11785398817257/28237773109178) | 2331.3M/s | ETA 1:57:37 | best -
[b2=29 b1=27 GPU] stage  41.8% (11790230655465/28237773109178) | 2329.7M/s | ETA 1:57:39 | best -
[b2=29 b1=27 GPU] stage  41.8% (11795062493673/28237773109178) | 2327.9M/s | ETA 1:57:43 | best -
[b2=29 b1=27 GPU] stage  41.8% (11799894331881/28237773109178) | 2327.9M/s | ETA 1:57:41 | best -
[b2=29 b1=27 GPU] stage  41.8% (11804726170089/28237773109178) | 2327.6M/s | ETA 1:57:40 | best -
[b2=29 b1=27 GPU] stage  41.8% (11809558008297/28237773109178) | 2331.4M/s | ETA 1:57:26 | best -
[b2=29 b1=27 GPU] stage  41.8% (11814389846505/28237773109178) | 2326.4M/s | ETA 1:57:39 | best -
[b2=29 b1=27 GPU] stage  41.9% (11819221684713/28237773109178) | 2328.3M/s | ETA 1:57:31 | best -
[b2=29 b1=27 GPU] stage  41.9% (11824053522921/28237773109178) | 2327.4M/s | ETA 1:57:32 | best -
[b2=29 b1=27 GPU] stage  41.9% (11828885361129/28237773109178) | 2330.1M/s | ETA 1:57:22 | best -
[b2=29 b1=27 GPU] stage  41.9% (11833717199337/28237773109178) | 2330.2M/s | ETA 1:57:19 | best -
[b2=29 b1=27 GPU] stage  41.9% (11838549037545/28237773109178) | 2329.4M/s | ETA 1:57:20 | best -
[b2=29 b1=27 GPU] stage  41.9% (11843380875753/28237773109178) | 2330.3M/s | ETA 1:57:15 | best -
[b2=29 b1=27 GPU] stage  42.0% (11848212713961/28237773109178) | 2327.1M/s | ETA 1:57:22 | best -
[b2=29 b1=27 GPU] stage  42.0% (11853044552169/28237773109178) | 2328.9M/s | ETA 1:57:15 | best -
[b2=29 b1=27 GPU] stage  42.0% (11857876390377/28237773109178) | 2332.2M/s | ETA 1:57:03 | best -
[b2=29 b1=27 GPU] stage  42.0% (11862708228585/28237773109178) | 2330.0M/s | ETA 1:57:07 | best -
[b2=29 b1=27 GPU] stage  42.0% (11867540066793/28237773109178) | 2335.2M/s | ETA 1:56:50 | best -
[b2=29 b1=27 GPU] stage  42.0% (11872371905001/28237773109178) | 2325.9M/s | ETA 1:57:16 | best -
[b2=29 b1=27 GPU] stage  42.1% (11877203743209/28237773109178) | 2329.6M/s | ETA 1:57:02 | best -
[b2=29 b1=27 GPU] stage  42.1% (11882035581417/28237773109178) | 2331.3M/s | ETA 1:56:55 | best -
[b2=29 b1=27 GPU] stage  42.1% (11886867419625/28237773109178) | 2332.0M/s | ETA 1:56:51 | best -
[b2=29 b1=27 GPU] stage  42.1% (11891699257833/28237773109178) | 2330.3M/s | ETA 1:56:54 | best -
[b2=29 b1=27 GPU] stage  42.1% (11896531096041/28237773109178) | 2329.1M/s | ETA 1:56:56 | best -
[b2=29 b1=27 GPU] stage  42.1% (11901362934249/28237773109178) | 2330.3M/s | ETA 1:56:50 | best -
[b2=29 b1=27 GPU] stage  42.2% (11906194772457/28237773109178) | 2332.5M/s | ETA 1:56:41 | best -
[b2=29 b1=27 GPU] stage  42.2% (11911026610665/28237773109178) | 2332.0M/s | ETA 1:56:41 | best -
[b2=29 b1=27 GPU] stage  42.2% (11915858448873/28237773109178) | 2329.3M/s | ETA 1:56:47 | best -
[b2=29 b1=27 GPU] stage  42.2% (11920690287081/28237773109178) | 2327.4M/s | ETA 1:56:50 | best -
[b2=29 b1=27 GPU] stage  42.2% (11925522125289/28237773109178) | 2331.1M/s | ETA 1:56:37 | best -
[b2=29 b1=27 GPU] stage  42.2% (11930353963497/28237773109178) | 2330.6M/s | ETA 1:56:37 | best -
[b2=29 b1=27 GPU] stage  42.3% (11935185801705/28237773109178) | 2329.1M/s | ETA 1:56:39 | best -
[b2=29 b1=27 GPU] stage  42.3% (11940017639913/28237773109178) | 2334.5M/s | ETA 1:56:21 | best -
[b2=29 b1=27 GPU] stage  42.3% (11944849478121/28237773109178) | 2329.1M/s | ETA 1:56:35 | best -
[b2=29 b1=27 GPU] stage  42.3% (11949681316329/28237773109178) | 2327.4M/s | ETA 1:56:38 | best -
[b2=29 b1=27 GPU] stage  42.3% (11954513154537/28237773109178) | 2332.5M/s | ETA 1:56:21 | best -
[b2=29 b1=27 GPU] stage  42.4% (11959344992745/28237773109178) | 2327.8M/s | ETA 1:56:32 | best -
[b2=29 b1=27 GPU] stage  42.4% (11964176830953/28237773109178) | 2328.1M/s | ETA 1:56:30 | best -
[b2=29 b1=27 GPU] stage  42.4% (11969008669161/28237773109178) | 2330.4M/s | ETA 1:56:21 | best -
[b2=29 b1=27 GPU] stage  42.4% (11973840507369/28237773109178) | 2327.8M/s | ETA 1:56:26 | best -
[b2=29 b1=27 GPU] stage  42.4% (11978672345577/28237773109178) | 2331.7M/s | ETA 1:56:12 | best -
[b2=29 b1=27 GPU] stage  42.4% (11983504183785/28237773109178) | 2330.4M/s | ETA 1:56:14 | best -
[b2=29 b1=27 GPU] stage  42.5% (11988336021993/28237773109178) | 2331.6M/s | ETA 1:56:09 | best -
[b2=29 b1=27 GPU] stage  42.5% (11993167860201/28237773109178) | 2326.6M/s | ETA 1:56:22 | best -
[b2=29 b1=27 GPU] stage  42.5% (11997999698409/28237773109178) | 2329.4M/s | ETA 1:56:11 | best -
[b2=29 b1=27 GPU] stage  42.5% (12002831536617/28237773109178) | 2333.7M/s | ETA 1:55:56 | best -
[b2=29 b1=27 GPU] stage  42.5% (12007663374825/28237773109178) | 2327.8M/s | ETA 1:56:12 | best -
[b2=29 b1=27 GPU] stage  42.5% (12012495213033/28237773109178) | 2332.2M/s | ETA 1:55:56 | best -
[b2=29 b1=27 GPU] stage  42.6% (12017327051241/28237773109178) | 2333.4M/s | ETA 1:55:51 | best -
[b2=29 b1=27 GPU] stage  42.6% (12022158889449/28237773109178) | 2331.9M/s | ETA 1:55:53 | best -
[b2=29 b1=27 GPU] stage  42.6% (12026990727657/28237773109178) | 2328.3M/s | ETA 1:56:02 | best -
[b2=29 b1=27 GPU] stage  42.6% (12031822565865/28237773109178) | 2330.2M/s | ETA 1:55:54 | best -
[b2=29 b1=27 GPU] stage  42.6% (12036654404073/28237773109178) | 2331.1M/s | ETA 1:55:49 | best -
[b2=29 b1=27 GPU] stage  42.6% (12041486242281/28237773109178) | 2330.5M/s | ETA 1:55:49 | best -
[b2=29 b1=27 GPU] stage  42.7% (12046318080489/28237773109178) | 2331.2M/s | ETA 1:55:45 | best -
[b2=29 b1=27 GPU] stage  42.7% (12051149918697/28237773109178) | 2328.1M/s | ETA 1:55:52 | best -
[b2=29 b1=27 GPU] stage  42.7% (12055981756905/28237773109178) | 2325.8M/s | ETA 1:55:57 | best -
[b2=29 b1=27 GPU] stage  42.7% (12060813595113/28237773109178) | 2332.2M/s | ETA 1:55:36 | best -
[b2=29 b1=27 GPU] stage  42.7% (12065645433321/28237773109178) | 2331.4M/s | ETA 1:55:36 | best -
[b2=29 b1=27 GPU] stage  42.7% (12070477271529/28237773109178) | 2334.3M/s | ETA 1:55:25 | best -
[b2=29 b1=27 GPU] stage  42.8% (12075309109737/28237773109178) | 2336.3M/s | ETA 1:55:18 | best -
[b2=29 b1=27 GPU] stage  42.8% (12080140947945/28237773109178) | 2333.0M/s | ETA 1:55:25 | best -
[b2=29 b1=27 GPU] stage  42.8% (12084972786153/28237773109178) | 2331.8M/s | ETA 1:55:27 | best -
[b2=29 b1=27 GPU] stage  42.8% (12089804624361/28237773109178) | 2326.3M/s | ETA 1:55:41 | best -
[b2=29 b1=27 GPU] stage  42.8% (12094636462569/28237773109178) | 2332.3M/s | ETA 1:55:21 | best -
[b2=29 b1=27 GPU] stage  42.8% (12099468300777/28237773109178) | 2329.3M/s | ETA 1:55:28 | best -
[b2=29 b1=27 GPU] stage  42.9% (12104300138985/28237773109178) | 2326.9M/s | ETA 1:55:33 | best -
[b2=29 b1=27 GPU] stage  42.9% (12109131977193/28237773109178) | 2328.2M/s | ETA 1:55:27 | best -
[b2=29 b1=27 GPU] stage  42.9% (12113963815401/28237773109178) | 2332.6M/s | ETA 1:55:12 | best -
[b2=29 b1=27 GPU] stage  42.9% (12118795653609/28237773109178) | 2328.3M/s | ETA 1:55:23 | best -
[b2=29 b1=27 GPU] stage  42.9% (12123627491817/28237773109178) | 2330.7M/s | ETA 1:55:13 | best -
[b2=29 b1=27 GPU] stage  43.0% (12128459330025/28237773109178) | 2328.6M/s | ETA 1:55:18 | best -
[b2=29 b1=27 GPU] stage  43.0% (12133291168233/28237773109178) | 2327.6M/s | ETA 1:55:18 | best -
[b2=29 b1=27 GPU] stage  43.0% (12138123006441/28237773109178) | 2331.4M/s | ETA 1:55:05 | best -
[b2=29 b1=27 GPU] stage  43.0% (12142954844649/28237773109178) | 2334.9M/s | ETA 1:54:53 | best -
[b2=29 b1=27 GPU] stage  43.0% (12147786682857/28237773109178) | 2334.1M/s | ETA 1:54:53 | best -
[b2=29 b1=27 GPU] stage  43.0% (12152618521065/28237773109178) | 2330.5M/s | ETA 1:55:02 | best -
[b2=29 b1=27 GPU] stage  43.1% (12157450359273/28237773109178) | 2328.3M/s | ETA 1:55:06 | best -
[b2=29 b1=27 GPU] stage  43.1% (12162282197481/28237773109178) | 2332.9M/s | ETA 1:54:50 | best -
[b2=29 b1=27 GPU] stage  43.1% (12167114035689/28237773109178) | 2327.0M/s | ETA 1:55:06 | best -
[b2=29 b1=27 GPU] stage  43.1% (12171945873897/28237773109178) | 2324.7M/s | ETA 1:55:10 | best -
[b2=29 b1=27 GPU] stage  43.1% (12176777712105/28237773109178) | 2329.8M/s | ETA 1:54:53 | best -
[b2=29 b1=27 GPU] stage  43.1% (12181609550313/28237773109178) | 2328.9M/s | ETA 1:54:54 | best -
[b2=29 b1=27 GPU] stage  43.2% (12186441388521/28237773109178) | 2328.5M/s | ETA 1:54:53 | best -
[b2=29 b1=27 GPU] stage  43.2% (12191273226729/28237773109178) | 2331.7M/s | ETA 1:54:41 | best -
[b2=29 b1=27 GPU] stage  43.2% (12196105064937/28237773109178) | 2330.8M/s | ETA 1:54:42 | best -
[b2=29 b1=27 GPU] stage  43.2% (12200936903145/28237773109178) | 2328.4M/s | ETA 1:54:47 | best -
[b2=29 b1=27 GPU] stage  43.2% (12205768741353/28237773109178) | 2329.2M/s | ETA 1:54:43 | best -
[b2=29 b1=27 GPU] stage  43.2% (12210600579561/28237773109178) | 2327.9M/s | ETA 1:54:44 | best -
[b2=29 b1=27 GPU] stage  43.3% (12215432417769/28237773109178) | 2328.3M/s | ETA 1:54:41 | best -
[b2=29 b1=27 GPU] stage  43.3% (12220264255977/28237773109178) | 2327.8M/s | ETA 1:54:40 | best -
[b2=29 b1=27 GPU] stage  43.3% (12225096094185/28237773109178) | 2329.9M/s | ETA 1:54:32 | best -
[b2=29 b1=27 GPU] stage  43.3% (12229927932393/28237773109178) | 2328.7M/s | ETA 1:54:34 | best -
[b2=29 b1=27 GPU] stage  43.3% (12234759770601/28237773109178) | 2328.3M/s | ETA 1:54:33 | best -
[b2=29 b1=27 GPU] stage  43.3% (12239591608809/28237773109178) | 2332.0M/s | ETA 1:54:20 | best -
[b2=29 b1=27 GPU] stage  43.4% (12244423447017/28237773109178) | 2332.8M/s | ETA 1:54:16 | best -
[b2=29 b1=27 GPU] stage  43.4% (12249255285225/28237773109178) | 2328.3M/s | ETA 1:54:27 | best -
[b2=29 b1=27 GPU] stage  43.4% (12254087123433/28237773109178) | 2329.3M/s | ETA 1:54:21 | best -
[b2=29 b1=27 GPU] stage  43.4% (12258918961641/28237773109178) | 2327.7M/s | ETA 1:54:24 | best -
[b2=29 b1=27 GPU] stage  43.4% (12263750799849/28237773109178) | 2327.8M/s | ETA 1:54:22 | best -
[b2=29 b1=27 GPU] stage  43.4% (12268582638057/28237773109178) | 2329.8M/s | ETA 1:54:14 | best -
[b2=29 b1=27 GPU] stage  43.5% (12273414476265/28237773109178) | 2327.2M/s | ETA 1:54:19 | best -
[b2=29 b1=27 GPU] stage  43.5% (12278246314473/28237773109178) | 2329.5M/s | ETA 1:54:10 | best -
[b2=29 b1=27 GPU] stage  43.5% (12283078152681/28237773109178) | 2329.4M/s | ETA 1:54:09 | best -
[b2=29 b1=27 GPU] stage  43.5% (12287909990889/28237773109178) | 2332.0M/s | ETA 1:53:59 | best -
[b2=29 b1=27 GPU] stage  43.5% (12292741829097/28237773109178) | 2336.3M/s | ETA 1:53:44 | best -
[b2=29 b1=27 GPU] stage  43.6% (12297573667305/28237773109178) | 2327.3M/s | ETA 1:54:09 | best -
[b2=29 b1=27 GPU] stage  43.6% (12302405505513/28237773109178) | 2330.3M/s | ETA 1:53:58 | best -
[b2=29 b1=27 GPU] stage  43.6% (12307237343721/28237773109178) | 2327.9M/s | ETA 1:54:03 | best -
[b2=29 b1=27 GPU] stage  43.6% (12312069181929/28237773109178) | 2323.9M/s | ETA 1:54:13 | best -
[b2=29 b1=27 GPU] stage  43.6% (12316901020137/28237773109178) | 2330.6M/s | ETA 1:53:51 | best -
[b2=29 b1=27 GPU] stage  43.6% (12321732858345/28237773109178) | 2330.9M/s | ETA 1:53:48 | best -
[b2=29 b1=27 GPU] stage  43.7% (12326564696553/28237773109178) | 2327.4M/s | ETA 1:53:56 | best -
[b2=29 b1=27 GPU] stage  43.7% (12331396534761/28237773109178) | 2329.2M/s | ETA 1:53:49 | best -
[b2=29 b1=27 GPU] stage  43.7% (12336228372969/28237773109178) | 2330.7M/s | ETA 1:53:42 | best -
[b2=29 b1=27 GPU] stage  43.7% (12341060211177/28237773109178) | 2329.4M/s | ETA 1:53:44 | best -
[b2=29 b1=27 GPU] stage  43.7% (12345892049385/28237773109178) | 2328.5M/s | ETA 1:53:44 | best -
[b2=29 b1=27 GPU] stage  43.7% (12350723887593/28237773109178) | 2332.1M/s | ETA 1:53:32 | best -
[b2=29 b1=27 GPU] stage  43.8% (12355555725801/28237773109178) | 2327.4M/s | ETA 1:53:44 | best -
[b2=29 b1=27 GPU] stage  43.8% (12360387564009/28237773109178) | 2327.4M/s | ETA 1:53:41 | best -
[b2=29 b1=27 GPU] stage  43.8% (12365219402217/28237773109178) | 2329.7M/s | ETA 1:53:32 | best -
[b2=29 b1=27 GPU] stage  43.8% (12370051240425/28237773109178) | 2331.8M/s | ETA 1:53:24 | best -
[b2=29 b1=27 GPU] stage  43.8% (12374883078633/28237773109178) | 2327.1M/s | ETA 1:53:36 | best -
[b2=29 b1=27 GPU] stage  43.8% (12379714916841/28237773109178) | 2330.3M/s | ETA 1:53:25 | best -
[b2=29 b1=27 GPU] stage  43.9% (12384546755049/28237773109178) | 2332.0M/s | ETA 1:53:18 | best -
[b2=29 b1=27 GPU] stage  43.9% (12389378593257/28237773109178) | 2329.1M/s | ETA 1:53:24 | best -
[b2=29 b1=27 GPU] stage  43.9% (12394210431465/28237773109178) | 2330.7M/s | ETA 1:53:17 | best -
[b2=29 b1=27 GPU] stage  43.9% (12399042269673/28237773109178) | 2329.2M/s | ETA 1:53:20 | best -
[b2=29 b1=27 GPU] stage  43.9% (12403874107881/28237773109178) | 2333.2M/s | ETA 1:53:06 | best -
[b2=29 b1=27 GPU] stage  43.9% (12408705946089/28237773109178) | 2333.8M/s | ETA 1:53:02 | best -
[b2=29 b1=27 GPU] stage  44.0% (12413537784297/28237773109178) | 2330.5M/s | ETA 1:53:10 | best -
[b2=29 b1=27 GPU] stage  44.0% (12418369622505/28237773109178) | 2331.3M/s | ETA 1:53:05 | best -
[b2=29 b1=27 GPU] stage  44.0% (12423201460713/28237773109178) | 2332.6M/s | ETA 1:52:59 | best -
[b2=29 b1=27 GPU] stage  44.0% (12428033298921/28237773109178) | 2333.2M/s | ETA 1:52:56 | best -
[b2=29 b1=27 GPU] stage  44.0% (12432865137129/28237773109178) | 2330.2M/s | ETA 1:53:02 | best -
[b2=29 b1=27 GPU] stage  44.0% (12437696975337/28237773109178) | 2329.5M/s | ETA 1:53:02 | best -
[b2=29 b1=27 GPU] stage  44.1% (12442528813545/28237773109178) | 2327.1M/s | ETA 1:53:07 | best -
[b2=29 b1=27 GPU] stage  44.1% (12447360651753/28237773109178) | 2330.1M/s | ETA 1:52:56 | best -
[b2=29 b1=27 GPU] stage  44.1% (12452192489961/28237773109178) | 2327.5M/s | ETA 1:53:02 | best -
[b2=29 b1=27 GPU] stage  44.1% (12457024328169/28237773109178) | 2332.7M/s | ETA 1:52:45 | best -
[b2=29 b1=27 GPU] stage  44.1% (12461856166377/28237773109178) | 2329.4M/s | ETA 1:52:52 | best -
[b2=29 b1=27 GPU] stage  44.1% (12466688004585/28237773109178) | 2327.3M/s | ETA 1:52:56 | best -
[b2=29 b1=27 GPU] stage  44.2% (12471519842793/28237773109178) | 2330.3M/s | ETA 1:52:45 | best -
[b2=29 b1=27 GPU] stage  44.2% (12476351681001/28237773109178) | 2329.6M/s | ETA 1:52:45 | best -
[b2=29 b1=27 GPU] stage  44.2% (12481183519209/28237773109178) | 2331.0M/s | ETA 1:52:39 | best -
[b2=29 b1=27 GPU] stage  44.2% (12486015357417/28237773109178) | 2333.0M/s | ETA 1:52:31 | best -
[b2=29 b1=27 GPU] stage  44.2% (12490847195625/28237773109178) | 2330.4M/s | ETA 1:52:37 | best -
[b2=29 b1=27 GPU] stage  44.3% (12495679033833/28237773109178) | 2331.2M/s | ETA 1:52:32 | best -
[b2=29 b1=27 GPU] stage  44.3% (12500510872041/28237773109178) | 2331.4M/s | ETA 1:52:30 | best -
[b2=29 b1=27 GPU] stage  44.3% (12505342710249/28237773109178) | 2328.6M/s | ETA 1:52:36 | best -
[b2=29 b1=27 GPU] stage  44.3% (12510174548457/28237773109178) | 2327.9M/s | ETA 1:52:35 | best -
[b2=29 b1=27 GPU] stage  44.3% (12515006386665/28237773109178) | 2331.9M/s | ETA 1:52:22 | best -
[b2=29 b1=27 GPU] stage  44.3% (12519838224873/28237773109178) | 2327.2M/s | ETA 1:52:33 | best -
[b2=29 b1=27 GPU] stage  44.4% (12524670063081/28237773109178) | 2335.1M/s | ETA 1:52:09 | best -
[b2=29 b1=27 GPU] stage  44.4% (12529501901289/28237773109178) | 2330.4M/s | ETA 1:52:20 | best -
[b2=29 b1=27 GPU] stage  44.4% (12534333739497/28237773109178) | 2329.8M/s | ETA 1:52:20 | best -
[b2=29 b1=27 GPU] stage  44.4% (12539165577705/28237773109178) | 2328.1M/s | ETA 1:52:23 | best -
[b2=29 b1=27 GPU] stage  44.4% (12543997415913/28237773109178) | 2329.7M/s | ETA 1:52:16 | best -
[b2=29 b1=27 GPU] stage  44.4% (12548829254121/28237773109178) | 2333.3M/s | ETA 1:52:04 | best -
[b2=29 b1=27 GPU] stage  44.5% (12553661092329/28237773109178) | 2332.0M/s | ETA 1:52:05 | best -
[b2=29 b1=27 GPU] stage  44.5% (12558492930537/28237773109178) | 2330.0M/s | ETA 1:52:09 | best -
[b2=29 b1=27 GPU] stage  44.5% (12563324768745/28237773109178) | 2326.4M/s | ETA 1:52:17 | best -
[b2=29 b1=27 GPU] stage  44.5% (12568156606953/28237773109178) | 2328.5M/s | ETA 1:52:09 | best -
[b2=29 b1=27 GPU] stage  44.5% (12572988445161/28237773109178) | 2331.0M/s | ETA 1:52:00 | best -
[b2=29 b1=27 GPU] stage  44.5% (12577820283369/28237773109178) | 2331.0M/s | ETA 1:51:58 | best -
[b2=29 b1=27 GPU] stage  44.6% (12582652121577/28237773109178) | 2331.9M/s | ETA 1:51:53 | best -
[b2=29 b1=27 GPU] stage  44.6% (12587483959785/28237773109178) | 2332.5M/s | ETA 1:51:49 | best -
[b2=29 b1=27 GPU] stage  44.6% (12592315797993/28237773109178) | 2326.8M/s | ETA 1:52:03 | best -
[b2=29 b1=27 GPU] stage  44.6% (12597147636201/28237773109178) | 2329.5M/s | ETA 1:51:54 | best -
[b2=29 b1=27 GPU] stage  44.6% (12601979474409/28237773109178) | 2328.8M/s | ETA 1:51:54 | best -
[b2=29 b1=27 GPU] stage  44.6% (12606811312617/28237773109178) | 2331.4M/s | ETA 1:51:44 | best -
[b2=29 b1=27 GPU] stage  44.7% (12611643150825/28237773109178) | 2333.6M/s | ETA 1:51:36 | best -
[b2=29 b1=27 GPU] stage  44.7% (12616474989033/28237773109178) | 2329.9M/s | ETA 1:51:44 | best -
[b2=29 b1=27 GPU] stage  44.7% (12621306827241/28237773109178) | 2329.1M/s | ETA 1:51:44 | best -
[b2=29 b1=27 GPU] stage  44.7% (12626138665449/28237773109178) | 2328.4M/s | ETA 1:51:44 | best -
[b2=29 b1=27 GPU] stage  44.7% (12630970503657/28237773109178) | 2330.5M/s | ETA 1:51:36 | best -
[b2=29 b1=27 GPU] stage  44.7% (12635802341865/28237773109178) | 2333.8M/s | ETA 1:51:25 | best -
[b2=29 b1=27 GPU] stage  44.8% (12640634180073/28237773109178) | 2332.4M/s | ETA 1:51:27 | best -
[b2=29 b1=27 GPU] stage  44.8% (12645466018281/28237773109178) | 2331.3M/s | ETA 1:51:28 | best -
[b2=29 b1=27 GPU] stage  44.8% (12650297856489/28237773109178) | 2332.4M/s | ETA 1:51:23 | best -
[b2=29 b1=27 GPU] stage  44.8% (12655129694697/28237773109178) | 2331.3M/s | ETA 1:51:24 | best -
[b2=29 b1=27 GPU] stage  44.8% (12659961532905/28237773109178) | 2330.8M/s | ETA 1:51:23 | best -
[b2=29 b1=27 GPU] stage  44.9% (12664793371113/28237773109178) | 2333.7M/s | ETA 1:51:13 | best -
[b2=29 b1=27 GPU] stage  44.9% (12669625209321/28237773109178) | 2327.8M/s | ETA 1:51:28 | best -
[b2=29 b1=27 GPU] stage  44.9% (12674457047529/28237773109178) | 2332.4M/s | ETA 1:51:12 | best -
[b2=29 b1=27 GPU] stage  44.9% (12679288885737/28237773109178) | 2331.7M/s | ETA 1:51:12 | best -
[b2=29 b1=27 GPU] stage  44.9% (12684120723945/28237773109178) | 2330.4M/s | ETA 1:51:14 | best -
[b2=29 b1=27 GPU] stage  44.9% (12688952562153/28237773109178) | 2331.4M/s | ETA 1:51:09 | best -
[b2=29 b1=27 GPU] stage  45.0% (12693784400361/28237773109178) | 2328.0M/s | ETA 1:51:16 | best -
[b2=29 b1=27 GPU] stage  45.0% (12698616238569/28237773109178) | 2328.5M/s | ETA 1:51:13 | best -
[b2=29 b1=27 GPU] stage  45.0% (12703448076777/28237773109178) | 2329.5M/s | ETA 1:51:08 | best -
[b2=29 b1=27 GPU] stage  45.0% (12708279914985/28237773109178) | 2330.1M/s | ETA 1:51:04 | best -
[b2=29 b1=27 GPU] stage  45.0% (12713111753193/28237773109178) | 2333.7M/s | ETA 1:50:52 | best -
[b2=29 b1=27 GPU] stage  45.0% (12717943591401/28237773109178) | 2333.2M/s | ETA 1:50:51 | best -
[b2=29 b1=27 GPU] stage  45.1% (12722775429609/28237773109178) | 2333.6M/s | ETA 1:50:48 | best -
[b2=29 b1=27 GPU] stage  45.1% (12727607267817/28237773109178) | 2332.9M/s | ETA 1:50:48 | best -
[b2=29 b1=27 GPU] stage  45.1% (12732439106025/28237773109178) | 2327.5M/s | ETA 1:51:01 | best -
[b2=29 b1=27 GPU] stage  45.1% (12737270944233/28237773109178) | 2330.7M/s | ETA 1:50:50 | best -
[b2=29 b1=27 GPU] stage  45.1% (12742102782441/28237773109178) | 2333.5M/s | ETA 1:50:40 | best -
[b2=29 b1=27 GPU] stage  45.1% (12746934620649/28237773109178) | 2330.3M/s | ETA 1:50:47 | best -
[b2=29 b1=27 GPU] stage  45.2% (12751766458857/28237773109178) | 2331.0M/s | ETA 1:50:43 | best -
[b2=29 b1=27 GPU] stage  45.2% (12756598297065/28237773109178) | 2333.1M/s | ETA 1:50:35 | best -
[b2=29 b1=27 GPU] stage  45.2% (12761430135273/28237773109178) | 2328.9M/s | ETA 1:50:45 | best -
[b2=29 b1=27 GPU] stage  45.2% (12766261973481/28237773109178) | 2329.4M/s | ETA 1:50:41 | best -
[b2=29 b1=27 GPU] stage  45.2% (12771093811689/28237773109178) | 2330.9M/s | ETA 1:50:35 | best -
[b2=29 b1=27 GPU] stage  45.2% (12775925649897/28237773109178) | 2331.6M/s | ETA 1:50:31 | best -
[b2=29 b1=27 GPU] stage  45.3% (12780757488105/28237773109178) | 2332.3M/s | ETA 1:50:27 | best -
[b2=29 b1=27 GPU] stage  45.3% (12785589326313/28237773109178) | 2327.9M/s | ETA 1:50:37 | best -
[b2=29 b1=27 GPU] stage  45.3% (12790421164521/28237773109178) | 2330.6M/s | ETA 1:50:28 | best -
[b2=29 b1=27 GPU] stage  45.3% (12795253002729/28237773109178) | 2332.4M/s | ETA 1:50:20 | best -
[b2=29 b1=27 GPU] stage  45.3% (12800084840937/28237773109178) | 2330.4M/s | ETA 1:50:24 | best -
[b2=29 b1=27 GPU] stage  45.3% (12804916679145/28237773109178) | 2330.6M/s | ETA 1:50:21 | best -
[b2=29 b1=27 GPU] stage  45.4% (12809748517353/28237773109178) | 2327.8M/s | ETA 1:50:27 | best -
[b2=29 b1=27 GPU] stage  45.4% (12814580355561/28237773109178) | 2334.5M/s | ETA 1:50:06 | best -
[b2=29 b1=27 GPU] stage  45.4% (12819412193769/28237773109178) | 2332.7M/s | ETA 1:50:09 | best -
[b2=29 b1=27 GPU] stage  45.4% (12824244031977/28237773109178) | 2327.6M/s | ETA 1:50:21 | best -
[b2=29 b1=27 GPU] stage  45.4% (12829075870185/28237773109178) | 2332.4M/s | ETA 1:50:06 | best -
[b2=29 b1=27 GPU] stage  45.4% (12833907708393/28237773109178) | 2330.5M/s | ETA 1:50:09 | best -
[b2=29 b1=27 GPU] stage  45.5% (12838739546601/28237773109178) | 2329.8M/s | ETA 1:50:09 | best -
[b2=29 b1=27 GPU] stage  45.5% (12843571384809/28237773109178) | 2329.8M/s | ETA 1:50:07 | best -
[b2=29 b1=27 GPU] stage  45.5% (12848403223017/28237773109178) | 2332.1M/s | ETA 1:49:58 | best -
[b2=29 b1=27 GPU] stage  45.5% (12853235061225/28237773109178) | 2330.8M/s | ETA 1:50:00 | best -
[b2=29 b1=27 GPU] stage  45.5% (12858066899433/28237773109178) | 2330.4M/s | ETA 1:49:59 | best -
[b2=29 b1=27 GPU] stage  45.6% (12862898737641/28237773109178) | 2329.1M/s | ETA 1:50:01 | best -
[b2=29 b1=27 GPU] stage  45.6% (12867730575849/28237773109178) | 2329.2M/s | ETA 1:49:58 | best -
[b2=29 b1=27 GPU] stage  45.6% (12872562414057/28237773109178) | 2326.4M/s | ETA 1:50:04 | best -
[b2=29 b1=27 GPU] stage  45.6% (12877394252265/28237773109178) | 2334.0M/s | ETA 1:49:41 | best -
[b2=29 b1=27 GPU] stage  45.6% (12882226090473/28237773109178) | 2331.3M/s | ETA 1:49:46 | best -
[b2=29 b1=27 GPU] stage  45.6% (12887057928681/28237773109178) | 2331.0M/s | ETA 1:49:45 | best -
[b2=29 b1=27 GPU] stage  45.7% (12891889766889/28237773109178) | 2331.6M/s | ETA 1:49:41 | best -
[b2=29 b1=27 GPU] stage  45.7% (12896721605097/28237773109178) | 2330.5M/s | ETA 1:49:42 | best -
[b2=29 b1=27 GPU] stage  45.7% (12901553443305/28237773109178) | 2332.4M/s | ETA 1:49:35 | best -
[b2=29 b1=27 GPU] stage  45.7% (12906385281513/28237773109178) | 2329.6M/s | ETA 1:49:41 | best -
[b2=29 b1=27 GPU] stage  45.7% (12911217119721/28237773109178) | 2327.7M/s | ETA 1:49:44 | best -
[b2=29 b1=27 GPU] stage  45.7% (12916048957929/28237773109178) | 2333.3M/s | ETA 1:49:26 | best -
[b2=29 b1=27 GPU] stage  45.8% (12920880796137/28237773109178) | 2332.5M/s | ETA 1:49:26 | best -
[b2=29 b1=27 GPU] stage  45.8% (12925712634345/28237773109178) | 2330.2M/s | ETA 1:49:30 | best -
[b2=29 b1=27 GPU] stage  45.8% (12930544472553/28237773109178) | 2330.1M/s | ETA 1:49:29 | best -
[b2=29 b1=27 GPU] stage  45.8% (12935376310761/28237773109178) | 2331.4M/s | ETA 1:49:23 | best -
[b2=29 b1=27 GPU] stage  45.8% (12940208148969/28237773109178) | 2328.5M/s | ETA 1:49:29 | best -
[b2=29 b1=27 GPU] stage  45.8% (12945039987177/28237773109178) | 2327.7M/s | ETA 1:49:30 | best -
[b2=29 b1=27 GPU] stage  45.9% (12949871825385/28237773109178) | 2329.2M/s | ETA 1:49:23 | best -
[b2=29 b1=27 GPU] stage  45.9% (12954703663593/28237773109178) | 2329.2M/s | ETA 1:49:21 | best -
[b2=29 b1=27 GPU] stage  45.9% (12959535501801/28237773109178) | 2334.8M/s | ETA 1:49:03 | best -
[b2=29 b1=27 GPU] stage  45.9% (12964367340009/28237773109178) | 2334.0M/s | ETA 1:49:04 | best -
[b2=29 b1=27 GPU] stage  45.9% (12969199178217/28237773109178) | 2329.9M/s | ETA 1:49:13 | best -
[b2=29 b1=27 GPU] stage  45.9% (12974031016425/28237773109178) | 2331.0M/s | ETA 1:49:08 | best -
[b2=29 b1=27 GPU] stage  46.0% (12978862854633/28237773109178) | 2332.9M/s | ETA 1:49:00 | best -
[b2=29 b1=27 GPU] stage  46.0% (12983694692841/28237773109178) | 2332.6M/s | ETA 1:48:59 | best -
[b2=29 b1=27 GPU] stage  46.0% (12988526531049/28237773109178) | 2329.6M/s | ETA 1:49:05 | best -
[b2=29 b1=27 GPU] stage  46.0% (12993358369257/28237773109178) | 2331.1M/s | ETA 1:48:59 | best -
[b2=29 b1=27 GPU] stage  46.0% (12998190207465/28237773109178) | 2332.1M/s | ETA 1:48:54 | best -
[b2=29 b1=27 GPU] stage  46.0% (13003022045673/28237773109178) | 2329.9M/s | ETA 1:48:58 | best -
[b2=29 b1=27 GPU] stage  46.1% (13007853883881/28237773109178) | 2331.0M/s | ETA 1:48:53 | best -
[b2=29 b1=27 GPU] stage  46.1% (13012685722089/28237773109178) | 2327.9M/s | ETA 1:49:00 | best -
[b2=29 b1=27 GPU] stage  46.1% (13017517560297/28237773109178) | 2331.1M/s | ETA 1:48:49 | best -
[b2=29 b1=27 GPU] stage  46.1% (13022349398505/28237773109178) | 2332.0M/s | ETA 1:48:44 | best -
[b2=29 b1=27 GPU] stage  46.1% (13027181236713/28237773109178) | 2333.8M/s | ETA 1:48:37 | best -
[b2=29 b1=27 GPU] stage  46.2% (13032013074921/28237773109178) | 2333.9M/s | ETA 1:48:35 | best -
[b2=29 b1=27 GPU] stage  46.2% (13036844913129/28237773109178) | 2330.8M/s | ETA 1:48:41 | best -
[b2=29 b1=27 GPU] stage  46.2% (13041676751337/28237773109178) | 2330.7M/s | ETA 1:48:39 | best -
[b2=29 b1=27 GPU] stage  46.2% (13046508589545/28237773109178) | 2334.3M/s | ETA 1:48:27 | best -
[b2=29 b1=27 GPU] stage  46.2% (13051340427753/28237773109178) | 2330.5M/s | ETA 1:48:36 | best -
[b2=29 b1=27 GPU] stage  46.2% (13056172265961/28237773109178) | 2330.8M/s | ETA 1:48:33 | best -
[b2=29 b1=27 GPU] stage  46.3% (13061004104169/28237773109178) | 2331.3M/s | ETA 1:48:29 | best -
[b2=29 b1=27 GPU] stage  46.3% (13065835942377/28237773109178) | 2330.8M/s | ETA 1:48:29 | best -
[b2=29 b1=27 GPU] stage  46.3% (13070667780585/28237773109178) | 2329.7M/s | ETA 1:48:30 | best -
[b2=29 b1=27 GPU] stage  46.3% (13075499618793/28237773109178) | 2329.8M/s | ETA 1:48:27 | best -
[b2=29 b1=27 GPU] stage  46.3% (13080331457001/28237773109178) | 2331.4M/s | ETA 1:48:21 | best -
[b2=29 b1=27 GPU] stage  46.3% (13085163295209/28237773109178) | 2331.2M/s | ETA 1:48:19 | best -
[b2=29 b1=27 GPU] stage  46.4% (13089995133417/28237773109178) | 2329.5M/s | ETA 1:48:22 | best -
[b2=29 b1=27 GPU] stage  46.4% (13094826971625/28237773109178) | 2329.1M/s | ETA 1:48:21 | best -
[b2=29 b1=27 GPU] stage  46.4% (13099658809833/28237773109178) | 2331.1M/s | ETA 1:48:14 | best -
[b2=29 b1=27 GPU] stage  46.4% (13104490648041/28237773109178) | 2330.8M/s | ETA 1:48:12 | best -
[b2=29 b1=27 GPU] stage  46.4% (13109322486249/28237773109178) | 2329.2M/s | ETA 1:48:15 | best -
[b2=29 b1=27 GPU] stage  46.4% (13114154324457/28237773109178) | 2327.5M/s | ETA 1:48:17 | best -
[b2=29 b1=27 GPU] stage  46.5% (13118986162665/28237773109178) | 2329.9M/s | ETA 1:48:08 | best -
[b2=29 b1=27 GPU] stage  46.5% (13123818000873/28237773109178) | 2333.2M/s | ETA 1:47:57 | best -
[b2=29 b1=27 GPU] stage  46.5% (13128649839081/28237773109178) | 2331.0M/s | ETA 1:48:01 | best -
[b2=29 b1=27 GPU] stage  46.5% (13133481677289/28237773109178) | 2329.7M/s | ETA 1:48:03 | best -
[b2=29 b1=27 GPU] stage  46.5% (13138313515497/28237773109178) | 2329.4M/s | ETA 1:48:02 | best -
[b2=29 b1=27 GPU] stage  46.5% (13143145353705/28237773109178) | 2328.8M/s | ETA 1:48:01 | best -
[b2=29 b1=27 GPU] stage  46.6% (13147977191913/28237773109178) | 2326.8M/s | ETA 1:48:05 | best -
[b2=29 b1=27 GPU] stage  46.6% (13152809030121/28237773109178) | 2331.0M/s | ETA 1:47:51 | best -
[b2=29 b1=27 GPU] stage  46.6% (13157640868329/28237773109178) | 2331.9M/s | ETA 1:47:47 | best -
[b2=29 b1=27 GPU] stage  46.6% (13162472706537/28237773109178) | 2330.0M/s | ETA 1:47:50 | best -
[b2=29 b1=27 GPU] stage  46.6% (13167304544745/28237773109178) | 2332.3M/s | ETA 1:47:41 | best -
[b2=29 b1=27 GPU] stage  46.6% (13172136382953/28237773109178) | 2332.3M/s | ETA 1:47:39 | best -
[b2=29 b1=27 GPU] stage  46.7% (13176968221161/28237773109178) | 2328.8M/s | ETA 1:47:47 | best -
[b2=29 b1=27 GPU] stage  46.7% (13181800059369/28237773109178) | 2330.0M/s | ETA 1:47:41 | best -
[b2=29 b1=27 GPU] stage  46.7% (13186631897577/28237773109178) | 2327.2M/s | ETA 1:47:47 | best -
[b2=29 b1=27 GPU] stage  46.7% (13191463735785/28237773109178) | 2332.6M/s | ETA 1:47:30 | best -
[b2=29 b1=27 GPU] stage  46.7% (13196295573993/28237773109178) | 2332.2M/s | ETA 1:47:29 | best -
[b2=29 b1=27 GPU] stage  46.7% (13201127412201/28237773109178) | 2332.0M/s | ETA 1:47:27 | best -
[b2=29 b1=27 GPU] stage  46.8% (13205959250409/28237773109178) | 2330.6M/s | ETA 1:47:29 | best -
[b2=29 b1=27 GPU] stage  46.8% (13210791088617/28237773109178) | 2331.2M/s | ETA 1:47:25 | best -
[b2=29 b1=27 GPU] stage  46.8% (13215622926825/28237773109178) | 2332.0M/s | ETA 1:47:21 | best -
[b2=29 b1=27 GPU] stage  46.8% (13220454765033/28237773109178) | 2333.1M/s | ETA 1:47:16 | best -
[b2=29 b1=27 GPU] stage  46.8% (13225286603241/28237773109178) | 2328.2M/s | ETA 1:47:28 | best -
[b2=29 b1=27 GPU] stage  46.9% (13230118441449/28237773109178) | 2333.0M/s | ETA 1:47:12 | best -
[b2=29 b1=27 GPU] stage  46.9% (13234950279657/28237773109178) | 2327.7M/s | ETA 1:47:25 | best -
[b2=29 b1=27 GPU] stage  46.9% (13239782117865/28237773109178) | 2331.1M/s | ETA 1:47:13 | best -
[b2=29 b1=27 GPU] stage  46.9% (13244613956073/28237773109178) | 2331.2M/s | ETA 1:47:11 | best -
[b2=29 b1=27 GPU] stage  46.9% (13249445794281/28237773109178) | 2332.7M/s | ETA 1:47:05 | best -
[b2=29 b1=27 GPU] stage  46.9% (13254277632489/28237773109178) | 2331.6M/s | ETA 1:47:06 | best -
[b2=29 b1=27 GPU] stage  47.0% (13259109470697/28237773109178) | 2329.5M/s | ETA 1:47:10 | best -
[b2=29 b1=27 GPU] stage  47.0% (13263941308905/28237773109178) | 2330.1M/s | ETA 1:47:06 | best -
[b2=29 b1=27 GPU] stage  47.0% (13268773147113/28237773109178) | 2332.8M/s | ETA 1:46:56 | best -
[b2=29 b1=27 GPU] stage  47.0% (13273604985321/28237773109178) | 2334.3M/s | ETA 1:46:50 | best -
[b2=29 b1=27 GPU] stage  47.0% (13278436823529/28237773109178) | 2328.8M/s | ETA 1:47:03 | best -
[b2=29 b1=27 GPU] stage  47.0% (13283268661737/28237773109178) | 2331.8M/s | ETA 1:46:53 | best -
[b2=29 b1=27 GPU] stage  47.1% (13288100499945/28237773109178) | 2325.4M/s | ETA 1:47:08 | best -
[b2=29 b1=27 GPU] stage  47.1% (13292932338153/28237773109178) | 2325.1M/s | ETA 1:47:07 | best -
[b2=29 b1=27 GPU] stage  47.1% (13297764176361/28237773109178) | 2330.0M/s | ETA 1:46:51 | best -
[b2=29 b1=27 GPU] stage  47.1% (13302596014569/28237773109178) | 2329.4M/s | ETA 1:46:51 | best -
[b2=29 b1=27 GPU] stage  47.1% (13307427852777/28237773109178) | 2329.5M/s | ETA 1:46:49 | best -
[b2=29 b1=27 GPU] stage  47.1% (13312259690985/28237773109178) | 2335.6M/s | ETA 1:46:30 | best -
[b2=29 b1=27 GPU] stage  47.2% (13317091529193/28237773109178) | 2334.2M/s | ETA 1:46:32 | best -
[b2=29 b1=27 GPU] stage  47.2% (13321923367401/28237773109178) | 2330.6M/s | ETA 1:46:40 | best -
[b2=29 b1=27 GPU] stage  47.2% (13326755205609/28237773109178) | 2330.0M/s | ETA 1:46:39 | best -
[b2=29 b1=27 GPU] stage  47.2% (13331587043817/28237773109178) | 2331.9M/s | ETA 1:46:32 | best -
[b2=29 b1=27 GPU] stage  47.2% (13336418882025/28237773109178) | 2328.4M/s | ETA 1:46:39 | best -
[b2=29 b1=27 GPU] stage  47.2% (13341250720233/28237773109178) | 2333.2M/s | ETA 1:46:24 | best -
[b2=29 b1=27 GPU] stage  47.3% (13346082558441/28237773109178) | 2333.0M/s | ETA 1:46:22 | best -
[b2=29 b1=27 GPU] stage  47.3% (13350914396649/28237773109178) | 2331.8M/s | ETA 1:46:24 | best -
[b2=29 b1=27 GPU] stage  47.3% (13355746234857/28237773109178) | 2330.5M/s | ETA 1:46:25 | best -
[b2=29 b1=27 GPU] stage  47.3% (13360578073065/28237773109178) | 2329.2M/s | ETA 1:46:27 | best -
[b2=29 b1=27 GPU] stage  47.3% (13365409911273/28237773109178) | 2334.4M/s | ETA 1:46:10 | best -
[b2=29 b1=27 GPU] stage  47.3% (13370241749481/28237773109178) | 2332.0M/s | ETA 1:46:15 | best -
[b2=29 b1=27 GPU] stage  47.4% (13375073587689/28237773109178) | 2331.7M/s | ETA 1:46:14 | best -
[b2=29 b1=27 GPU] stage  47.4% (13379905425897/28237773109178) | 2333.1M/s | ETA 1:46:08 | best -
[b2=29 b1=27 GPU] stage  47.4% (13384737264105/28237773109178) | 2332.3M/s | ETA 1:46:08 | best -
[b2=29 b1=27 GPU] stage  47.4% (13389569102313/28237773109178) | 2332.0M/s | ETA 1:46:07 | best -
[b2=29 b1=27 GPU] stage  47.4% (13394400940521/28237773109178) | 2334.5M/s | ETA 1:45:58 | best -
[b2=29 b1=27 GPU] stage  47.5% (13399232778729/28237773109178) | 2329.6M/s | ETA 1:46:09 | best -
[b2=29 b1=27 GPU] stage  47.5% (13404064616937/28237773109178) | 2329.4M/s | ETA 1:46:08 | best -
[b2=29 b1=27 GPU] stage  47.5% (13408896455145/28237773109178) | 2329.1M/s | ETA 1:46:06 | best -
[b2=29 b1=27 GPU] stage  47.5% (13413728293353/28237773109178) | 2330.5M/s | ETA 1:46:00 | best -
[b2=29 b1=27 GPU] stage  47.5% (13418560131561/28237773109178) | 2332.5M/s | ETA 1:45:53 | best -
[b2=29 b1=27 GPU] stage  47.5% (13423391969769/28237773109178) | 2331.7M/s | ETA 1:45:53 | best -
[b2=29 b1=27 GPU] stage  47.6% (13428223807977/28237773109178) | 2328.5M/s | ETA 1:46:00 | best -
[b2=29 b1=27 GPU] stage  47.6% (13433055646185/28237773109178) | 2330.5M/s | ETA 1:45:52 | best -
[b2=29 b1=27 GPU] stage  47.6% (13437887484393/28237773109178) | 2331.7M/s | ETA 1:45:47 | best -
[b2=29 b1=27 GPU] stage  47.6% (13442719322601/28237773109178) | 2330.2M/s | ETA 1:45:49 | best -
[b2=29 b1=27 GPU] stage  47.6% (13447551160809/28237773109178) | 2329.5M/s | ETA 1:45:49 | best -
[b2=29 b1=27 GPU] stage  47.6% (13452382999017/28237773109178) | 2330.1M/s | ETA 1:45:45 | best -
[b2=29 b1=27 GPU] stage  47.7% (13457214837225/28237773109178) | 2329.9M/s | ETA 1:45:43 | best -
[b2=29 b1=27 GPU] stage  47.7% (13462046675433/28237773109178) | 2331.2M/s | ETA 1:45:38 | best -
[b2=29 b1=27 GPU] stage  47.7% (13466878513641/28237773109178) | 2330.8M/s | ETA 1:45:37 | best -
[b2=29 b1=27 GPU] stage  47.7% (13471710351849/28237773109178) | 2328.1M/s | ETA 1:45:42 | best -
[b2=29 b1=27 GPU] stage  47.7% (13476542190057/28237773109178) | 2334.0M/s | ETA 1:45:24 | best -
[b2=29 b1=27 GPU] stage  47.7% (13481374028265/28237773109178) | 2331.3M/s | ETA 1:45:29 | best -
[b2=29 b1=27 GPU] stage  47.8% (13486205866473/28237773109178) | 2331.6M/s | ETA 1:45:26 | best -
[b2=29 b1=27 GPU] stage  47.8% (13491037704681/28237773109178) | 2333.2M/s | ETA 1:45:20 | best -
[b2=29 b1=27 GPU] stage  47.8% (13495869542889/28237773109178) | 2327.4M/s | ETA 1:45:34 | best -
[b2=29 b1=27 GPU] stage  47.8% (13500701381097/28237773109178) | 2328.5M/s | ETA 1:45:28 | best -
[b2=29 b1=27 GPU] stage  47.8% (13505533219305/28237773109178) | 2329.2M/s | ETA 1:45:24 | best -
[b2=29 b1=27 GPU] stage  47.8% (13510365057513/28237773109178) | 2328.9M/s | ETA 1:45:23 | best -
[b2=29 b1=27 GPU] stage  47.9% (13515196895721/28237773109178) | 2329.2M/s | ETA 1:45:20 | best -
[b2=29 b1=27 GPU] stage  47.9% (13520028733929/28237773109178) | 2329.4M/s | ETA 1:45:18 | best -
[b2=29 b1=27 GPU] stage  47.9% (13524860572137/28237773109178) | 2335.0M/s | ETA 1:45:00 | best -
[b2=29 b1=27 GPU] stage  47.9% (13529692410345/28237773109178) | 2328.5M/s | ETA 1:45:16 | best -
[b2=29 b1=27 GPU] stage  47.9% (13534524248553/28237773109178) | 2331.1M/s | ETA 1:45:07 | best -
[b2=29 b1=27 GPU] stage  47.9% (13539356086761/28237773109178) | 2330.9M/s | ETA 1:45:05 | best -
[b2=29 b1=27 GPU] stage  48.0% (13544187924969/28237773109178) | 2327.0M/s | ETA 1:45:14 | best -
[b2=29 b1=27 GPU] stage  48.0% (13549019763177/28237773109178) | 2330.4M/s | ETA 1:45:03 | best -
[b2=29 b1=27 GPU] stage  48.0% (13553851601385/28237773109178) | 2332.1M/s | ETA 1:44:56 | best -
[b2=29 b1=27 GPU] stage  48.0% (13558683439593/28237773109178) | 2328.4M/s | ETA 1:45:04 | best -
[b2=29 b1=27 GPU] stage  48.0% (13563515277801/28237773109178) | 2332.0M/s | ETA 1:44:52 | best -
[b2=29 b1=27 GPU] stage  48.1% (13568347116009/28237773109178) | 2322.0M/s | ETA 1:45:17 | best -
[b2=29 b1=27 GPU] stage  48.1% (13573178954217/28237773109178) | 2329.6M/s | ETA 1:44:54 | best -
[b2=29 b1=27 GPU] stage  48.1% (13578010792425/28237773109178) | 2329.7M/s | ETA 1:44:52 | best -
[b2=29 b1=27 GPU] stage  48.1% (13582842630633/28237773109178) | 2330.7M/s | ETA 1:44:47 | best -
[b2=29 b1=27 GPU] stage  48.1% (13587674468841/28237773109178) | 2329.5M/s | ETA 1:44:48 | best -
[b2=29 b1=27 GPU] stage  48.1% (13592506307049/28237773109178) | 2331.1M/s | ETA 1:44:42 | best -
[b2=29 b1=27 GPU] stage  48.2% (13597338145257/28237773109178) | 2333.5M/s | ETA 1:44:33 | best -
[b2=29 b1=27 GPU] stage  48.2% (13602169983465/28237773109178) | 2331.6M/s | ETA 1:44:37 | best -
[b2=29 b1=27 GPU] stage  48.2% (13607001821673/28237773109178) | 2327.5M/s | ETA 1:44:46 | best -
[b2=29 b1=27 GPU] stage  48.2% (13611833659881/28237773109178) | 2331.3M/s | ETA 1:44:33 | best -
[b2=29 b1=27 GPU] stage  48.2% (13616665498089/28237773109178) | 2332.7M/s | ETA 1:44:27 | best -
[b2=29 b1=27 GPU] stage  48.2% (13621497336297/28237773109178) | 2329.5M/s | ETA 1:44:34 | best -
[b2=29 b1=27 GPU] stage  48.3% (13626329174505/28237773109178) | 2331.9M/s | ETA 1:44:25 | best -
[b2=29 b1=27 GPU] stage  48.3% (13631161012713/28237773109178) | 2331.9M/s | ETA 1:44:23 | best -
[b2=29 b1=27 GPU] stage  48.3% (13635992850921/28237773109178) | 2328.0M/s | ETA 1:44:32 | best -
[b2=29 b1=27 GPU] stage  48.3% (13640824689129/28237773109178) | 2329.6M/s | ETA 1:44:25 | best -
[b2=29 b1=27 GPU] stage  48.3% (13645656527337/28237773109178) | 2330.9M/s | ETA 1:44:20 | best -
[b2=29 b1=27 GPU] stage  48.3% (13650488365545/28237773109178) | 2330.2M/s | ETA 1:44:20 | best -
[b2=29 b1=27 GPU] stage  48.4% (13655320203753/28237773109178) | 2333.7M/s | ETA 1:44:08 | best -
[b2=29 b1=27 GPU] stage  48.4% (13660152041961/28237773109178) | 2330.0M/s | ETA 1:44:16 | best -
[b2=29 b1=27 GPU] stage  48.4% (13664983880169/28237773109178) | 2325.9M/s | ETA 1:44:25 | best -
[b2=29 b1=27 GPU] stage  48.4% (13669815718377/28237773109178) | 2328.4M/s | ETA 1:44:16 | best -
[b2=29 b1=27 GPU] stage  48.4% (13674647556585/28237773109178) | 2330.7M/s | ETA 1:44:08 | best -
[b2=29 b1=27 GPU] stage  48.4% (13679479394793/28237773109178) | 2335.8M/s | ETA 1:43:52 | best -
[b2=29 b1=27 GPU] stage  48.5% (13684311233001/28237773109178) | 2329.2M/s | ETA 1:44:08 | best -
[b2=29 b1=27 GPU] stage  48.5% (13689143071209/28237773109178) | 2328.2M/s | ETA 1:44:08 | best -
[b2=29 b1=27 GPU] stage  48.5% (13693974909417/28237773109178) | 2330.0M/s | ETA 1:44:01 | best -
[b2=29 b1=27 GPU] stage  48.5% (13698806747625/28237773109178) | 2329.3M/s | ETA 1:44:01 | best -
[b2=29 b1=27 GPU] stage  48.5% (13703638585833/28237773109178) | 2335.1M/s | ETA 1:43:44 | best -
[b2=29 b1=27 GPU] stage  48.5% (13708470424041/28237773109178) | 2323.4M/s | ETA 1:44:13 | best -
[b2=29 b1=27 GPU] stage  48.6% (13713302262249/28237773109178) | 2331.8M/s | ETA 1:43:48 | best -
[b2=29 b1=27 GPU] stage  48.6% (13718134100457/28237773109178) | 2331.4M/s | ETA 1:43:47 | best -
[b2=29 b1=27 GPU] stage  48.6% (13722965938665/28237773109178) | 2328.9M/s | ETA 1:43:52 | best -
[b2=29 b1=27 GPU] stage  48.6% (13727797776873/28237773109178) | 2334.2M/s | ETA 1:43:36 | best -
[b2=29 b1=27 GPU] stage  48.6% (13732629615081/28237773109178) | 2329.4M/s | ETA 1:43:46 | best -
[b2=29 b1=27 GPU] stage  48.6% (13737461453289/28237773109178) | 2332.3M/s | ETA 1:43:37 | best -
[b2=29 b1=27 GPU] stage  48.7% (13742293291497/28237773109178) | 2329.5M/s | ETA 1:43:42 | best -
[b2=29 b1=27 GPU] stage  48.7% (13747125129705/28237773109178) | 2331.0M/s | ETA 1:43:36 | best -
[b2=29 b1=27 GPU] stage  48.7% (13751956967913/28237773109178) | 2332.8M/s | ETA 1:43:29 | best -
[b2=29 b1=27 GPU] stage  48.7% (13756788806121/28237773109178) | 2328.8M/s | ETA 1:43:38 | best -
[b2=29 b1=27 GPU] stage  48.7% (13761620644329/28237773109178) | 2329.5M/s | ETA 1:43:34 | best -
[b2=29 b1=27 GPU] stage  48.8% (13766452482537/28237773109178) | 2328.6M/s | ETA 1:43:34 | best -
[b2=29 b1=27 GPU] stage  48.8% (13771284320745/28237773109178) | 2331.8M/s | ETA 1:43:24 | best -
[b2=29 b1=27 GPU] stage  48.8% (13776116158953/28237773109178) | 2331.3M/s | ETA 1:43:23 | best -
[b2=29 b1=27 GPU] stage  48.8% (13780947997161/28237773109178) | 2330.1M/s | ETA 1:43:24 | best -
[b2=29 b1=27 GPU] stage  48.8% (13785779835369/28237773109178) | 2331.7M/s | ETA 1:43:18 | best -
[b2=29 b1=27 GPU] stage  48.8% (13790611673577/28237773109178) | 2332.5M/s | ETA 1:43:13 | best -
[b2=29 b1=27 GPU] stage  48.9% (13795443511785/28237773109178) | 2328.4M/s | ETA 1:43:22 | best -
[b2=29 b1=27 GPU] stage  48.9% (13800275349993/28237773109178) | 2327.7M/s | ETA 1:43:22 | best -
[b2=29 b1=27 GPU] stage  48.9% (13805107188201/28237773109178) | 2331.7M/s | ETA 1:43:09 | best -
[b2=29 b1=27 GPU] stage  48.9% (13809939026409/28237773109178) | 2330.5M/s | ETA 1:43:10 | best -
[b2=29 b1=27 GPU] stage  48.9% (13814770864617/28237773109178) | 2331.3M/s | ETA 1:43:06 | best -
[b2=29 b1=27 GPU] stage  48.9% (13819602702825/28237773109178) | 2330.5M/s | ETA 1:43:06 | best -
[b2=29 b1=27 GPU] stage  49.0% (13824434541033/28237773109178) | 2333.1M/s | ETA 1:42:57 | best -
[b2=29 b1=27 GPU] stage  49.0% (13829266379241/28237773109178) | 2333.8M/s | ETA 1:42:53 | best -
[b2=29 b1=27 GPU] stage  49.0% (13834098217449/28237773109178) | 2331.9M/s | ETA 1:42:56 | best -
[b2=29 b1=27 GPU] stage  49.0% (13838930055657/28237773109178) | 2331.0M/s | ETA 1:42:57 | best -
[b2=29 b1=27 GPU] stage  49.0% (13843761893865/28237773109178) | 2330.7M/s | ETA 1:42:55 | best -
[b2=29 b1=27 GPU] stage  49.0% (13848593732073/28237773109178) | 2323.0M/s | ETA 1:43:14 | best -
[b2=29 b1=27 GPU] stage  49.1% (13853425570281/28237773109178) | 2335.3M/s | ETA 1:42:39 | best -
[b2=29 b1=27 GPU] stage  49.1% (13858257408489/28237773109178) | 2329.7M/s | ETA 1:42:52 | best -
[b2=29 b1=27 GPU] stage  49.1% (13863089246697/28237773109178) | 2332.1M/s | ETA 1:42:43 | best -
[b2=29 b1=27 GPU] stage  49.1% (13867921084905/28237773109178) | 2328.4M/s | ETA 1:42:51 | best -
[b2=29 b1=27 GPU] stage  49.1% (13872752923113/28237773109178) | 2328.6M/s | ETA 1:42:49 | best -
[b2=29 b1=27 GPU] stage  49.1% (13877584761321/28237773109178) | 2331.2M/s | ETA 1:42:39 | best -
[b2=29 b1=27 GPU] stage  49.2% (13882416599529/28237773109178) | 2332.7M/s | ETA 1:42:34 | best -
[b2=29 b1=27 GPU] stage  49.2% (13887248437737/28237773109178) | 2330.7M/s | ETA 1:42:37 | best -
[b2=29 b1=27 GPU] stage  49.2% (13892080275945/28237773109178) | 2329.6M/s | ETA 1:42:38 | best -
[b2=29 b1=27 GPU] stage  49.2% (13896912114153/28237773109178) | 2331.0M/s | ETA 1:42:32 | best -
[b2=29 b1=27 GPU] stage  49.2% (13901743952361/28237773109178) | 2329.7M/s | ETA 1:42:33 | best -
[b2=29 b1=27 GPU] stage  49.2% (13906575790569/28237773109178) | 2329.3M/s | ETA 1:42:32 | best -
[b2=29 b1=27 GPU] stage  49.3% (13911407628777/28237773109178) | 2331.8M/s | ETA 1:42:24 | best -
[b2=29 b1=27 GPU] stage  49.3% (13916239466985/28237773109178) | 2328.6M/s | ETA 1:42:30 | best -
[b2=29 b1=27 GPU] stage  49.3% (13921071305193/28237773109178) | 2329.9M/s | ETA 1:42:24 | best -
[b2=29 b1=27 GPU] stage  49.3% (13925903143401/28237773109178) | 2330.8M/s | ETA 1:42:20 | best -
[b2=29 b1=27 GPU] stage  49.3% (13930734981609/28237773109178) | 2332.9M/s | ETA 1:42:12 | best -
[b2=29 b1=27 GPU] stage  49.4% (13935566819817/28237773109178) | 2330.4M/s | ETA 1:42:17 | best -
[b2=29 b1=27 GPU] stage  49.4% (13940398658025/28237773109178) | 2332.0M/s | ETA 1:42:10 | best -
[b2=29 b1=27 GPU] stage  49.4% (13945230496233/28237773109178) | 2329.7M/s | ETA 1:42:14 | best -
[b2=29 b1=27 GPU] stage  49.4% (13950062334441/28237773109178) | 2329.9M/s | ETA 1:42:12 | best -
[b2=29 b1=27 GPU] stage  49.4% (13954894172649/28237773109178) | 2331.0M/s | ETA 1:42:07 | best -
[b2=29 b1=27 GPU] stage  49.4% (13959726010857/28237773109178) | 2331.9M/s | ETA 1:42:03 | best -
[b2=29 b1=27 GPU] stage  49.5% (13964557849065/28237773109178) | 2331.7M/s | ETA 1:42:01 | best -
[b2=29 b1=27 GPU] stage  49.5% (13969389687273/28237773109178) | 2333.5M/s | ETA 1:41:54 | best -
[b2=29 b1=27 GPU] stage  49.5% (13974221525481/28237773109178) | 2332.4M/s | ETA 1:41:55 | best -
[b2=29 b1=27 GPU] stage  49.5% (13979053363689/28237773109178) | 2333.9M/s | ETA 1:41:49 | best -
[b2=29 b1=27 GPU] stage  49.5% (13983885201897/28237773109178) | 2331.2M/s | ETA 1:41:54 | best -
[b2=29 b1=27 GPU] stage  49.5% (13988717040105/28237773109178) | 2325.3M/s | ETA 1:42:07 | best -
[b2=29 b1=27 GPU] stage  49.5% (13991132959209/28237773109178) | 992.5M/s | ETA 3:59:14 | best -
[b2=29 b1=27 GPU] stage  49.6% (13993012007401/28237773109178) | 851.9M/s | ETA 4:38:41 | best -
[b2=29 b1=27 GPU] stage  49.6% (13994891055593/28237773109178) | 840.1M/s | ETA 4:42:33 | best -
[b2=29 b1=27 GPU] stage  49.6% (13996770103785/28237773109178) | 839.2M/s | ETA 4:42:50 | best -
[b2=29 b1=27 GPU] stage  49.6% (13998649151977/28237773109178) | 838.8M/s | ETA 4:42:54 | best -
[b2=29 b1=27 GPU] stage  49.6% (14000528200169/28237773109178) | 838.8M/s | ETA 4:42:54 | best -
[b2=29 b1=27 GPU] stage  49.6% (14002407248361/28237773109178) | 838.7M/s | ETA 4:42:52 | best -
[b2=29 b1=27 GPU] stage  49.6% (14004286296553/28237773109178) | 839.5M/s | ETA 4:42:34 | best -
[b2=29 b1=27 GPU] stage  49.6% (14006165344745/28237773109178) | 839.5M/s | ETA 4:42:32 | best -
[b2=29 b1=27 GPU] stage  49.6% (14008044392937/28237773109178) | 839.6M/s | ETA 4:42:28 | best -
[b2=29 b1=27 GPU] stage  49.6% (14009923441129/28237773109178) | 839.0M/s | ETA 4:42:37 | best -
[b2=29 b1=27 GPU] stage  49.6% (14011802489321/28237773109178) | 839.3M/s | ETA 4:42:30 | best -
[b2=29 b1=27 GPU] stage  49.6% (14013681537513/28237773109178) | 838.9M/s | ETA 4:42:35 | best -
[b2=29 b1=27 GPU] stage  49.6% (14015560585705/28237773109178) | 838.8M/s | ETA 4:42:35 | best -
[b2=29 b1=27 GPU] stage  49.6% (14017439633897/28237773109178) | 839.1M/s | ETA 4:42:26 | best -
[b2=29 b1=27 GPU] stage  49.6% (14019318682089/28237773109178) | 839.6M/s | ETA 4:42:15 | best -
[b2=29 b1=27 GPU] stage  49.7% (14021197730281/28237773109178) | 839.5M/s | ETA 4:42:15 | best -
[b2=29 b1=27 GPU] stage  49.7% (14023076778473/28237773109178) | 839.7M/s | ETA 4:42:09 | best -
[b2=29 b1=27 GPU] stage  49.7% (14024955826665/28237773109178) | 839.7M/s | ETA 4:42:06 | best -
[b2=29 b1=27 GPU] stage  49.7% (14026834874857/28237773109178) | 839.1M/s | ETA 4:42:15 | best -
[b2=29 b1=27 GPU] stage  49.7% (14028713923049/28237773109178) | 839.0M/s | ETA 4:42:15 | best -
[b2=29 b1=27 GPU] stage  49.7% (14030592971241/28237773109178) | 839.3M/s | ETA 4:42:06 | best -
[b2=29 b1=27 GPU] stage  49.7% (14032472019433/28237773109178) | 838.8M/s | ETA 4:42:15 | best -
[b2=29 b1=27 GPU] stage  49.7% (14034351067625/28237773109178) | 839.5M/s | ETA 4:41:58 | best -
[b2=29 b1=27 GPU] stage  49.7% (14036230115817/28237773109178) | 839.2M/s | ETA 4:42:01 | best -
[b2=29 b1=27 GPU] stage  49.7% (14038109164009/28237773109178) | 839.4M/s | ETA 4:41:56 | best -
[b2=29 b1=27 GPU] stage  49.7% (14039988212201/28237773109178) | 834.7M/s | ETA 4:43:29 | best -
[b2=29 b1=27 GPU] stage  49.7% (14041867260393/28237773109178) | 838.9M/s | ETA 4:42:01 | best -
[b2=29 b1=27 GPU] stage  49.7% (14043746308585/28237773109178) | 838.9M/s | ETA 4:41:59 | best -
[b2=29 b1=27 GPU] stage  49.7% (14045625356777/28237773109178) | 838.8M/s | ETA 4:41:59 | best -
[b2=29 b1=27 GPU] stage  49.7% (14047504404969/28237773109178) | 839.7M/s | ETA 4:41:39 | best -
[b2=29 b1=27 GPU] stage  49.8% (14049383453161/28237773109178) | 839.3M/s | ETA 4:41:44 | best -
[b2=29 b1=27 GPU] stage  49.8% (14051262501353/28237773109178) | 839.5M/s | ETA 4:41:38 | best -
[b2=29 b1=27 GPU] stage  49.8% (14053141549545/28237773109178) | 839.4M/s | ETA 4:41:37 | best -
[b2=29 b1=27 GPU] stage  49.8% (14055020597737/28237773109178) | 839.5M/s | ETA 4:41:33 | best -
[b2=29 b1=27 GPU] stage  49.8% (14056899645929/28237773109178) | 839.3M/s | ETA 4:41:36 | best -
[b2=29 b1=27 GPU] stage  49.8% (14058778694121/28237773109178) | 838.8M/s | ETA 4:41:44 | best -
[b2=29 b1=27 GPU] stage  49.8% (14060657742313/28237773109178) | 838.7M/s | ETA 4:41:43 | best -
[b2=29 b1=27 GPU] stage  49.8% (14062536790505/28237773109178) | 838.5M/s | ETA 4:41:46 | best -
[b2=29 b1=27 GPU] stage  49.8% (14064415838697/28237773109178) | 839.2M/s | ETA 4:41:28 | best -
[b2=29 b1=27 GPU] stage  49.8% (14066294886889/28237773109178) | 839.1M/s | ETA 4:41:28 | best -
[b2=29 b1=27 GPU] stage  49.8% (14068173935081/28237773109178) | 839.6M/s | ETA 4:41:16 | best -
[b2=29 b1=27 GPU] stage  49.8% (14070052983273/28237773109178) | 839.6M/s | ETA 4:41:14 | best -
[b2=29 b1=27 GPU] stage  49.8% (14071932031465/28237773109178) | 839.3M/s | ETA 4:41:17 | best -
[b2=29 b1=27 GPU] stage  49.8% (14073811079657/28237773109178) | 839.6M/s | ETA 4:41:09 | best -
[b2=29 b1=27 GPU] stage  49.8% (14075690127849/28237773109178) | 839.9M/s | ETA 4:41:01 | best -
[b2=29 b1=27 GPU] stage  49.9% (14077569176041/28237773109178) | 839.4M/s | ETA 4:41:09 | best -
[b2=29 b1=27 GPU] stage  49.9% (14079448224233/28237773109178) | 839.1M/s | ETA 4:41:13 | best -
[b2=29 b1=27 GPU] stage  49.9% (14081327272425/28237773109178) | 839.3M/s | ETA 4:41:07 | best -
[b2=29 b1=27 GPU] stage  49.9% (14083206320617/28237773109178) | 839.1M/s | ETA 4:41:09 | best -
[b2=29 b1=27 GPU] stage  49.9% (14085085368809/28237773109178) | 839.4M/s | ETA 4:40:59 | best -
[b2=29 b1=27 GPU] stage  49.9% (14086964417001/28237773109178) | 839.2M/s | ETA 4:41:02 | best -
[b2=29 b1=27 GPU] stage  49.9% (14088843465193/28237773109178) | 838.8M/s | ETA 4:41:08 | best -
[b2=29 b1=27 GPU] stage  49.9% (14090722513385/28237773109178) | 835.5M/s | ETA 4:42:12 | best -
[b2=29 b1=27 GPU] stage  49.9% (14092601561577/28237773109178) | 838.2M/s | ETA 4:41:15 | best -
[b2=29 b1=27 GPU] stage  49.9% (14094480609769/28237773109178) | 839.1M/s | ETA 4:40:55 | best -
[b2=29 b1=27 GPU] stage  49.9% (14096359657961/28237773109178) | 838.6M/s | ETA 4:41:02 | best -
[b2=29 b1=27 GPU] stage  49.9% (14098238706153/28237773109178) | 839.3M/s | ETA 4:40:47 | best -
[b2=29 b1=27 GPU] stage  49.9% (14100117754345/28237773109178) | 839.1M/s | ETA 4:40:47 | best -
[b2=29 b1=27 GPU] stage  49.9% (14101996802537/28237773109178) | 839.4M/s | ETA 4:40:40 | best -
[b2=29 b1=27 GPU] stage  49.9% (14103875850729/28237773109178) | 839.3M/s | ETA 4:40:40 | best -
[b2=29 b1=27 GPU] stage  50.0% (14105754898921/28237773109178) | 839.2M/s | ETA 4:40:40 | best -
[b2=29 b1=27 GPU] stage  50.0% (14107633947113/28237773109178) | 839.4M/s | ETA 4:40:33 | best -
[b2=29 b1=27 GPU] stage  50.0% (14109512995305/28237773109178) | 839.3M/s | ETA 4:40:33 | best -
[b2=29 b1=27 GPU] stage  50.0% (14111392043497/28237773109178) | 839.1M/s | ETA 4:40:34 | best -
[b2=29 b1=27 GPU] stage  50.0% (14113271091689/28237773109178) | 839.0M/s | ETA 4:40:34 | best -
[b2=29 b1=27 GPU] stage  50.0% (14115150139881/28237773109178) | 839.1M/s | ETA 4:40:30 | best -
[b2=29 b1=27 GPU] stage  50.0% (14117029188073/28237773109178) | 839.4M/s | ETA 4:40:23 | best -
[b2=29 b1=27 GPU] stage  50.0% (14118908236265/28237773109178) | 839.1M/s | ETA 4:40:26 | best -
[b2=29 b1=27 GPU] stage  50.0% (14120787284457/28237773109178) | 839.1M/s | ETA 4:40:24 | best -
[b2=29 b1=27 GPU] stage  50.0% (14122666332649/28237773109178) | 839.1M/s | ETA 4:40:21 | best -
[b2=29 b1=27 GPU] stage  50.0% (14124545380841/28237773109178) | 839.1M/s | ETA 4:40:18 | best -
[b2=29 b1=27 GPU] stage  50.0% (14126424429033/28237773109178) | 838.7M/s | ETA 4:40:25 | best -
[b2=29 b1=27 GPU] stage  50.0% (14128303477225/28237773109178) | 839.2M/s | ETA 4:40:13 | best -
[b2=29 b1=27 GPU] stage  50.0% (14130182525417/28237773109178) | 839.6M/s | ETA 4:40:02 | best -
[b2=29 b1=27 GPU] stage  50.0% (14132061573609/28237773109178) | 839.2M/s | ETA 4:40:08 | best -
[b2=29 b1=27 GPU] stage  50.1% (14133940621801/28237773109178) | 839.7M/s | ETA 4:39:57 | best -
[b2=29 b1=27 GPU] stage  50.1% (14135819669993/28237773109178) | 839.0M/s | ETA 4:40:08 | best -
[b2=29 b1=27 GPU] stage  50.1% (14137698718185/28237773109178) | 839.2M/s | ETA 4:40:02 | best -
[b2=29 b1=27 GPU] stage  50.1% (14139577766377/28237773109178) | 833.0M/s | ETA 4:42:03 | best -
[b2=29 b1=27 GPU] stage  50.1% (14141456814569/28237773109178) | 837.6M/s | ETA 4:40:29 | best -
[b2=29 b1=27 GPU] stage  50.1% (14143335862761/28237773109178) | 839.0M/s | ETA 4:39:59 | best -
[b2=29 b1=27 GPU] stage  50.1% (14145214910953/28237773109178) | 839.2M/s | ETA 4:39:51 | best -
[b2=29 b1=27 GPU] stage  50.1% (14147093959145/28237773109178) | 839.7M/s | ETA 4:39:39 | best -
[b2=29 b1=27 GPU] stage  50.1% (14148973007337/28237773109178) | 838.9M/s | ETA 4:39:53 | best -
[b2=29 b1=27 GPU] stage  50.1% (14150852055529/28237773109178) | 839.4M/s | ETA 4:39:41 | best -
[b2=29 b1=27 GPU] stage  50.1% (14152731103721/28237773109178) | 839.4M/s | ETA 4:39:40 | best -
[b2=29 b1=27 GPU] stage  50.1% (14154610151913/28237773109178) | 839.4M/s | ETA 4:39:36 | best -
[b2=29 b1=27 GPU] stage  50.1% (14156489200105/28237773109178) | 839.5M/s | ETA 4:39:32 | best -
[b2=29 b1=27 GPU] stage  50.1% (14158368248297/28237773109178) | 839.1M/s | ETA 4:39:39 | best -
[b2=29 b1=27 GPU] stage  50.1% (14160247296489/28237773109178) | 839.5M/s | ETA 4:39:28 | best -
[b2=29 b1=27 GPU] stage  50.2% (14162126344681/28237773109178) | 839.5M/s | ETA 4:39:26 | best -
[b2=29 b1=27 GPU] stage  50.2% (14164005392873/28237773109178) | 839.4M/s | ETA 4:39:26 | best -
[b2=29 b1=27 GPU] stage  50.2% (14165884441065/28237773109178) | 839.6M/s | ETA 4:39:21 | best -
[b2=29 b1=27 GPU] stage  50.2% (14167763489257/28237773109178) | 838.5M/s | ETA 4:39:39 | best -
[b2=29 b1=27 GPU] stage  50.2% (14169642537449/28237773109178) | 839.2M/s | ETA 4:39:23 | best -
[b2=29 b1=27 GPU] stage  50.2% (14171521585641/28237773109178) | 839.4M/s | ETA 4:39:16 | best -
[b2=29 b1=27 GPU] stage  50.2% (14173400633833/28237773109178) | 839.2M/s | ETA 4:39:18 | best -
[b2=29 b1=27 GPU] stage  50.2% (14175279682025/28237773109178) | 839.3M/s | ETA 4:39:15 | best -
[b2=29 b1=27 GPU] stage  50.2% (14177158730217/28237773109178) | 839.6M/s | ETA 4:39:07 | best -
[b2=29 b1=27 GPU] stage  50.2% (14179037778409/28237773109178) | 839.4M/s | ETA 4:39:07 | best -
[b2=29 b1=27 GPU] stage  50.2% (14180916826601/28237773109178) | 839.3M/s | ETA 4:39:09 | best -
[b2=29 b1=27 GPU] stage  50.2% (14182795874793/28237773109178) | 839.2M/s | ETA 4:39:07 | best -
[b2=29 b1=27 GPU] stage  50.2% (14184674922985/28237773109178) | 839.2M/s | ETA 4:39:05 | best -
[b2=29 b1=27 GPU] stage  50.2% (14186553971177/28237773109178) | 839.1M/s | ETA 4:39:04 | best -
[b2=29 b1=27 GPU] stage  50.2% (14188433019369/28237773109178) | 838.7M/s | ETA 4:39:11 | best -
[b2=29 b1=27 GPU] stage  50.3% (14190312067561/28237773109178) | 836.1M/s | ETA 4:40:01 | best -
[b2=29 b1=27 GPU] stage  50.3% (14192191115753/28237773109178) | 839.0M/s | ETA 4:39:01 | best -
[b2=29 b1=27 GPU] stage  50.3% (14194070163945/28237773109178) | 839.6M/s | ETA 4:38:46 | best -
[b2=29 b1=27 GPU] stage  50.3% (14195949212137/28237773109178) | 839.3M/s | ETA 4:38:50 | best -
[b2=29 b1=27 GPU] stage  50.3% (14197828260329/28237773109178) | 839.3M/s | ETA 4:38:48 | best -
[b2=29 b1=27 GPU] stage  50.3% (14199707308521/28237773109178) | 838.7M/s | ETA 4:38:57 | best -
[b2=29 b1=27 GPU] stage  50.3% (14201586356713/28237773109178) | 839.1M/s | ETA 4:38:46 | best -
[b2=29 b1=27 GPU] stage  50.3% (14203465404905/28237773109178) | 839.8M/s | ETA 4:38:31 | best -
[b2=29 b1=27 GPU] stage  50.3% (14205344453097/28237773109178) | 839.1M/s | ETA 4:38:43 | best -
[b2=29 b1=27 GPU] stage  50.3% (14207223501289/28237773109178) | 838.9M/s | ETA 4:38:45 | best -
[b2=29 b1=27 GPU] stage  50.3% (14209102549481/28237773109178) | 839.3M/s | ETA 4:38:34 | best -
[b2=29 b1=27 GPU] stage  50.3% (14210981597673/28237773109178) | 839.5M/s | ETA 4:38:28 | best -
[b2=29 b1=27 GPU] stage  50.3% (14212860645865/28237773109178) | 839.5M/s | ETA 4:38:25 | best -
[b2=29 b1=27 GPU] stage  50.3% (14214739694057/28237773109178) | 839.2M/s | ETA 4:38:30 | best -
[b2=29 b1=27 GPU] stage  50.3% (14216618742249/28237773109178) | 838.9M/s | ETA 4:38:33 | best -
[b2=29 b1=27 GPU] stage  50.4% (14218497790441/28237773109178) | 839.6M/s | ETA 4:38:17 | best -
[b2=29 b1=27 GPU] stage  50.4% (14220376838633/28237773109178) | 839.0M/s | ETA 4:38:27 | best -
[b2=29 b1=27 GPU] stage  50.4% (14222255886825/28237773109178) | 838.7M/s | ETA 4:38:31 | best -
[b2=29 b1=27 GPU] stage  50.4% (14224134935017/28237773109178) | 839.4M/s | ETA 4:38:15 | best -
[b2=29 b1=27 GPU] stage  50.4% (14226013983209/28237773109178) | 839.3M/s | ETA 4:38:14 | best -
[b2=29 b1=27 GPU] stage  50.4% (14227893031401/28237773109178) | 839.0M/s | ETA 4:38:18 | best -
[b2=29 b1=27 GPU] stage  50.4% (14229772079593/28237773109178) | 839.3M/s | ETA 4:38:09 | best -
[b2=29 b1=27 GPU] stage  50.4% (14231651127785/28237773109178) | 839.3M/s | ETA 4:38:08 | best -
[b2=29 b1=27 GPU] stage  50.4% (14233530175977/28237773109178) | 838.3M/s | ETA 4:38:24 | best -
[b2=29 b1=27 GPU] stage  50.4% (14235409224169/28237773109178) | 839.0M/s | ETA 4:38:08 | best -
[b2=29 b1=27 GPU] stage  50.4% (14237288272361/28237773109178) | 839.3M/s | ETA 4:38:01 | best -
[b2=29 b1=27 GPU] stage  50.4% (14239167320553/28237773109178) | 839.5M/s | ETA 4:37:54 | best -
[b2=29 b1=27 GPU] stage  50.4% (14241046368745/28237773109178) | 830.9M/s | ETA 4:40:45 | best -
[b2=29 b1=27 GPU] stage  50.4% (14242925416937/28237773109178) | 838.5M/s | ETA 4:38:11 | best -
[b2=29 b1=27 GPU] stage  50.4% (14244804465129/28237773109178) | 838.7M/s | ETA 4:38:03 | best -
[b2=29 b1=27 GPU] stage  50.5% (14246683513321/28237773109178) | 839.4M/s | ETA 4:37:47 | best -
[b2=29 b1=27 GPU] stage  50.5% (14248562561513/28237773109178) | 839.6M/s | ETA 4:37:42 | best -
[b2=29 b1=27 GPU] stage  50.5% (14250441609705/28237773109178) | 839.1M/s | ETA 4:37:48 | best -
[b2=29 b1=27 GPU] stage  50.5% (14252320657897/28237773109178) | 839.3M/s | ETA 4:37:43 | best -
[b2=29 b1=27 GPU] stage  50.5% (14254199706089/28237773109178) | 838.9M/s | ETA 4:37:48 | best -
[b2=29 b1=27 GPU] stage  50.5% (14256078754281/28237773109178) | 839.2M/s | ETA 4:37:39 | best -
[b2=29 b1=27 GPU] stage  50.5% (14257957802473/28237773109178) | 839.9M/s | ETA 4:37:25 | best -
[b2=29 b1=27 GPU] stage  50.5% (14259836850665/28237773109178) | 839.2M/s | ETA 4:37:37 | best -
[b2=29 b1=27 GPU] stage  50.5% (14261715898857/28237773109178) | 838.7M/s | ETA 4:37:43 | best -
[b2=29 b1=27 GPU] stage  50.5% (14263594947049/28237773109178) | 839.5M/s | ETA 4:37:26 | best -
[b2=29 b1=27 GPU] stage  50.5% (14265473995241/28237773109178) | 839.0M/s | ETA 4:37:33 | best -
[b2=29 b1=27 GPU] stage  50.5% (14267353043433/28237773109178) | 839.4M/s | ETA 4:37:23 | best -
[b2=29 b1=27 GPU] stage  50.5% (14269232091625/28237773109178) | 839.0M/s | ETA 4:37:29 | best -
[b2=29 b1=27 GPU] stage  50.5% (14271111139817/28237773109178) | 839.5M/s | ETA 4:37:16 | best -
[b2=29 b1=27 GPU] stage  50.5% (14272990188009/28237773109178) | 839.9M/s | ETA 4:37:07 | best -
[b2=29 b1=27 GPU] stage  50.6% (14274869236201/28237773109178) | 839.1M/s | ETA 4:37:19 | best -
[b2=29 b1=27 GPU] stage  50.6% (14276748284393/28237773109178) | 838.9M/s | ETA 4:37:21 | best -
[b2=29 b1=27 GPU] stage  50.6% (14278627332585/28237773109178) | 839.3M/s | ETA 4:37:11 | best -
[b2=29 b1=27 GPU] stage  50.6% (14280506380777/28237773109178) | 839.3M/s | ETA 4:37:09 | best -
[b2=29 b1=27 GPU] stage  50.6% (14282385428969/28237773109178) | 839.0M/s | ETA 4:37:13 | best -
[b2=29 b1=27 GPU] stage  50.6% (14284264477161/28237773109178) | 839.3M/s | ETA 4:37:05 | best -
[b2=29 b1=27 GPU] stage  50.6% (14286143525353/28237773109178) | 839.2M/s | ETA 4:37:04 | best -
[b2=29 b1=27 GPU] stage  50.6% (14288022573545/28237773109178) | 839.3M/s | ETA 4:37:01 | best -
[b2=29 b1=27 GPU] stage  50.6% (14289901621737/28237773109178) | 839.1M/s | ETA 4:37:01 | best -
[b2=29 b1=27 GPU] stage  50.6% (14291780669929/28237773109178) | 834.2M/s | ETA 4:38:38 | best -
[b2=29 b1=27 GPU] stage  50.6% (14293659718121/28237773109178) | 838.8M/s | ETA 4:37:03 | best -
[b2=29 b1=27 GPU] stage  50.6% (14295538766313/28237773109178) | 839.5M/s | ETA 4:36:48 | best -
[b2=29 b1=27 GPU] stage  50.6% (14297417814505/28237773109178) | 839.6M/s | ETA 4:36:43 | best -
[b2=29 b1=27 GPU] stage  50.6% (14299296862697/28237773109178) | 839.8M/s | ETA 4:36:37 | best -
[b2=29 b1=27 GPU] stage  50.6% (14301175910889/28237773109178) | 839.9M/s | ETA 4:36:33 | best -
[b2=29 b1=27 GPU] stage  50.7% (14303054959081/28237773109178) | 839.8M/s | ETA 4:36:31 | best -
[b2=29 b1=27 GPU] stage  50.7% (14304934007273/28237773109178) | 839.1M/s | ETA 4:36:44 | best -
[b2=29 b1=27 GPU] stage  50.7% (14306813055465/28237773109178) | 839.5M/s | ETA 4:36:34 | best -
[b2=29 b1=27 GPU] stage  50.7% (14308692103657/28237773109178) | 838.1M/s | ETA 4:36:59 | best -
[b2=29 b1=27 GPU] stage  50.7% (14310571151849/28237773109178) | 839.2M/s | ETA 4:36:35 | best -
[b2=29 b1=27 GPU] stage  50.7% (14312450200041/28237773109178) | 839.7M/s | ETA 4:36:22 | best -
[b2=29 b1=27 GPU] stage  50.7% (14314329248233/28237773109178) | 839.1M/s | ETA 4:36:32 | best -
[b2=29 b1=27 GPU] stage  50.7% (14316208296425/28237773109178) | 839.1M/s | ETA 4:36:31 | best -
[b2=29 b1=27 GPU] stage  50.7% (14318087344617/28237773109178) | 839.2M/s | ETA 4:36:25 | best -
[b2=29 b1=27 GPU] stage  50.7% (14319966392809/28237773109178) | 839.3M/s | ETA 4:36:23 | best -
[b2=29 b1=27 GPU] stage  50.7% (14321845441001/28237773109178) | 839.4M/s | ETA 4:36:19 | best -
[b2=29 b1=27 GPU] stage  50.7% (14323724489193/28237773109178) | 839.4M/s | ETA 4:36:16 | best -
[b2=29 b1=27 GPU] stage  50.7% (14325603537385/28237773109178) | 839.2M/s | ETA 4:36:17 | best -
[b2=29 b1=27 GPU] stage  50.7% (14327482585577/28237773109178) | 839.0M/s | ETA 4:36:18 | best -
[b2=29 b1=27 GPU] stage  50.7% (14329361633769/28237773109178) | 839.2M/s | ETA 4:36:13 | best -
[b2=29 b1=27 GPU] stage  50.8% (14331240681961/28237773109178) | 839.1M/s | ETA 4:36:12 | best -
[b2=29 b1=27 GPU] stage  50.8% (14333119730153/28237773109178) | 838.9M/s | ETA 4:36:14 | best -
[b2=29 b1=27 GPU] stage  50.8% (14334998778345/28237773109178) | 839.5M/s | ETA 4:36:01 | best -
[b2=29 b1=27 GPU] stage  50.8% (14336877826537/28237773109178) | 839.1M/s | ETA 4:36:06 | best -
[b2=29 b1=27 GPU] stage  50.8% (14338756874729/28237773109178) | 839.0M/s | ETA 4:36:05 | best -
[b2=29 b1=27 GPU] stage  50.8% (14340635922921/28237773109178) | 832.2M/s | ETA 4:38:18 | best -
[b2=29 b1=27 GPU] stage  50.8% (14342514971113/28237773109178) | 836.8M/s | ETA 4:36:45 | best -
[b2=29 b1=27 GPU] stage  50.8% (14344394019305/28237773109178) | 839.3M/s | ETA 4:35:53 | best -
[b2=29 b1=27 GPU] stage  50.8% (14346273067497/28237773109178) | 839.6M/s | ETA 4:35:44 | best -
[b2=29 b1=27 GPU] stage  50.8% (14348152115689/28237773109178) | 840.1M/s | ETA 4:35:33 | best -
[b2=29 b1=27 GPU] stage  50.8% (14350031163881/28237773109178) | 838.4M/s | ETA 4:36:04 | best -
[b2=29 b1=27 GPU] stage  50.8% (14351910212073/28237773109178) | 839.3M/s | ETA 4:35:43 | best -
[b2=29 b1=27 GPU] stage  50.8% (14353789260265/28237773109178) | 839.1M/s | ETA 4:35:46 | best -
[b2=29 b1=27 GPU] stage  50.8% (14355668308457/28237773109178) | 839.0M/s | ETA 4:35:46 | best -
[b2=29 b1=27 GPU] stage  50.8% (14357547356649/28237773109178) | 838.9M/s | ETA 4:35:44 | best -
[b2=29 b1=27 GPU] stage  50.9% (14359426404841/28237773109178) | 839.4M/s | ETA 4:35:34 | best -
[b2=29 b1=27 GPU] stage  50.9% (14361305453033/28237773109178) | 839.4M/s | ETA 4:35:30 | best -
[b2=29 b1=27 GPU] stage  50.9% (14363184501225/28237773109178) | 839.6M/s | ETA 4:35:24 | best -
[b2=29 b1=27 GPU] stage  50.9% (14365063549417/28237773109178) | 839.4M/s | ETA 4:35:26 | best -
[b2=29 b1=27 GPU] stage  50.9% (14366942597609/28237773109178) | 839.9M/s | ETA 4:35:15 | best -
[b2=29 b1=27 GPU] stage  50.9% (14368821645801/28237773109178) | 839.4M/s | ETA 4:35:23 | best -
[b2=29 b1=27 GPU] stage  50.9% (14370700693993/28237773109178) | 839.8M/s | ETA 4:35:11 | best -
[b2=29 b1=27 GPU] stage  50.9% (14372579742185/28237773109178) | 839.5M/s | ETA 4:35:16 | best -
[b2=29 b1=27 GPU] stage  50.9% (14374458790377/28237773109178) | 839.1M/s | ETA 4:35:20 | best -
[b2=29 b1=27 GPU] stage  50.9% (14376337838569/28237773109178) | 839.7M/s | ETA 4:35:08 | best -
[b2=29 b1=27 GPU] stage  50.9% (14378216886761/28237773109178) | 839.3M/s | ETA 4:35:13 | best -
[b2=29 b1=27 GPU] stage  50.9% (14380095934953/28237773109178) | 839.2M/s | ETA 4:35:13 | best -
[b2=29 b1=27 GPU] stage  50.9% (14381974983145/28237773109178) | 839.1M/s | ETA 4:35:12 | best -
[b2=29 b1=27 GPU] stage  50.9% (14383854031337/28237773109178) | 839.4M/s | ETA 4:35:04 | best -
[b2=29 b1=27 GPU] stage  50.9% (14385733079529/28237773109178) | 839.2M/s | ETA 4:35:06 | best -
[b2=29 b1=27 GPU] stage  51.0% (14387612127721/28237773109178) | 839.1M/s | ETA 4:35:05 | best -
[b2=29 b1=27 GPU] stage  51.0% (14389491175913/28237773109178) | 839.5M/s | ETA 4:34:56 | best -
[b2=29 b1=27 GPU] stage  51.0% (14391370224105/28237773109178) | 834.3M/s | ETA 4:36:36 | best -
[b2=29 b1=27 GPU] stage  51.0% (14393249272297/28237773109178) | 839.0M/s | ETA 4:35:00 | best -
[b2=29 b1=27 GPU] stage  51.0% (14395128320489/28237773109178) | 839.5M/s | ETA 4:34:48 | best -
[b2=29 b1=27 GPU] stage  51.0% (14397007368681/28237773109178) | 839.1M/s | ETA 4:34:54 | best -
[b2=29 b1=27 GPU] stage  51.0% (14398886416873/28237773109178) | 839.2M/s | ETA 4:34:51 | best -
[b2=29 b1=27 GPU] stage  51.0% (14400765465065/28237773109178) | 839.4M/s | ETA 4:34:44 | best -
[b2=29 b1=27 GPU] stage  51.0% (14402644513257/28237773109178) | 839.0M/s | ETA 4:34:49 | best -
[b2=29 b1=27 GPU] stage  51.0% (14404523561449/28237773109178) | 839.3M/s | ETA 4:34:41 | best -
[b2=29 b1=27 GPU] stage  51.0% (14406402609641/28237773109178) | 839.7M/s | ETA 4:34:32 | best -
[b2=29 b1=27 GPU] stage  51.0% (14408281657833/28237773109178) | 839.1M/s | ETA 4:34:41 | best -
[b2=29 b1=27 GPU] stage  51.0% (14410160706025/28237773109178) | 839.9M/s | ETA 4:34:23 | best -
[b2=29 b1=27 GPU] stage  51.0% (14412039754217/28237773109178) | 839.3M/s | ETA 4:34:32 | best -
[b2=29 b1=27 GPU] stage  51.0% (14413918802409/28237773109178) | 839.5M/s | ETA 4:34:26 | best -
[b2=29 b1=27 GPU] stage  51.1% (14415797850601/28237773109178) | 839.3M/s | ETA 4:34:27 | best -
[b2=29 b1=27 GPU] stage  51.1% (14417676898793/28237773109178) | 839.1M/s | ETA 4:34:30 | best -
[b2=29 b1=27 GPU] stage  51.1% (14419555946985/28237773109178) | 839.2M/s | ETA 4:34:26 | best -
[b2=29 b1=27 GPU] stage  51.1% (14421434995177/28237773109178) | 839.2M/s | ETA 4:34:22 | best -
[b2=29 b1=27 GPU] stage  51.1% (14423314043369/28237773109178) | 839.2M/s | ETA 4:34:21 | best -
[b2=29 b1=27 GPU] stage  51.1% (14425193091561/28237773109178) | 839.1M/s | ETA 4:34:20 | best -
[b2=29 b1=27 GPU] stage  51.1% (14427072139753/28237773109178) | 839.8M/s | ETA 4:34:04 | best -
[b2=29 b1=27 GPU] stage  51.1% (14428951187945/28237773109178) | 839.1M/s | ETA 4:34:16 | best -
[b2=29 b1=27 GPU] stage  51.1% (14430830236137/28237773109178) | 838.8M/s | ETA 4:34:21 | best -
[b2=29 b1=27 GPU] stage  51.1% (14432709284329/28237773109178) | 839.0M/s | ETA 4:34:14 | best -
[b2=29 b1=27 GPU] stage  51.1% (14434588332521/28237773109178) | 839.3M/s | ETA 4:34:06 | best -
[b2=29 b1=27 GPU] stage  51.1% (14436467380713/28237773109178) | 839.6M/s | ETA 4:33:58 | best -
[b2=29 b1=27 GPU] stage  51.1% (14438346428905/28237773109178) | 839.2M/s | ETA 4:34:03 | best -
[b2=29 b1=27 GPU] stage  51.1% (14440225477097/28237773109178) | 839.6M/s | ETA 4:33:53 | best -
[b2=29 b1=27 GPU] stage  51.1% (14442104525289/28237773109178) | 834.1M/s | ETA 4:35:40 | best -
[b2=29 b1=27 GPU] stage  51.2% (14443983573481/28237773109178) | 838.8M/s | ETA 4:34:03 | best -
[b2=29 b1=27 GPU] stage  51.2% (14445862621673/28237773109178) | 839.2M/s | ETA 4:33:53 | best -
[b2=29 b1=27 GPU] stage  51.2% (14447741669865/28237773109178) | 838.9M/s | ETA 4:33:57 | best -
[b2=29 b1=27 GPU] stage  51.2% (14449620718057/28237773109178) | 838.8M/s | ETA 4:33:58 | best -
[b2=29 b1=27 GPU] stage  51.2% (14451499766249/28237773109178) | 839.2M/s | ETA 4:33:47 | best -
[b2=29 b1=27 GPU] stage  51.2% (14453378814441/28237773109178) | 839.3M/s | ETA 4:33:43 | best -
[b2=29 b1=27 GPU] stage  51.2% (14455257862633/28237773109178) | 839.1M/s | ETA 4:33:45 | best -
[b2=29 b1=27 GPU] stage  51.2% (14457136910825/28237773109178) | 838.9M/s | ETA 4:33:47 | best -
[b2=29 b1=27 GPU] stage  51.2% (14459015959017/28237773109178) | 839.1M/s | ETA 4:33:40 | best -
[b2=29 b1=27 GPU] stage  51.2% (14460895007209/28237773109178) | 839.6M/s | ETA 4:33:28 | best -
[b2=29 b1=27 GPU] stage  51.2% (14462774055401/28237773109178) | 838.9M/s | ETA 4:33:40 | best -
[b2=29 b1=27 GPU] stage  51.2% (14464653103593/28237773109178) | 839.0M/s | ETA 4:33:36 | best -
[b2=29 b1=27 GPU] stage  51.2% (14466532151785/28237773109178) | 839.6M/s | ETA 4:33:22 | best -
[b2=29 b1=27 GPU] stage  51.2% (14468411199977/28237773109178) | 839.5M/s | ETA 4:33:21 | best -
[b2=29 b1=27 GPU] stage  51.2% (14470290248169/28237773109178) | 839.4M/s | ETA 4:33:21 | best -
[b2=29 b1=27 GPU] stage  51.3% (14472169296361/28237773109178) | 839.6M/s | ETA 4:33:16 | best -
[b2=29 b1=27 GPU] stage  51.3% (14474048344553/28237773109178) | 839.1M/s | ETA 4:33:22 | best -
[b2=29 b1=27 GPU] stage  51.3% (14475927392745/28237773109178) | 839.5M/s | ETA 4:33:13 | best -
[b2=29 b1=27 GPU] stage  51.3% (14477806440937/28237773109178) | 839.7M/s | ETA 4:33:07 | best -
[b2=29 b1=27 GPU] stage  51.3% (14479685489129/28237773109178) | 838.7M/s | ETA 4:33:24 | best -
[b2=29 b1=27 GPU] stage  51.3% (14481564537321/28237773109178) | 839.7M/s | ETA 4:33:01 | best -
[b2=29 b1=27 GPU] stage  51.3% (14483443585513/28237773109178) | 838.3M/s | ETA 4:33:26 | best -
[b2=29 b1=27 GPU] stage  51.3% (14485322633705/28237773109178) | 839.0M/s | ETA 4:33:12 | best -
[b2=29 b1=27 GPU] stage  51.3% (14487201681897/28237773109178) | 839.8M/s | ETA 4:32:54 | best -
[b2=29 b1=27 GPU] stage  51.3% (14489080730089/28237773109178) | 839.9M/s | ETA 4:32:50 | best -
[b2=29 b1=27 GPU] stage  51.3% (14490959778281/28237773109178) | 839.3M/s | ETA 4:32:58 | best -
[b2=29 b1=27 GPU] stage  51.3% (14492838826473/28237773109178) | 835.7M/s | ETA 4:34:06 | best -
[b2=29 b1=27 GPU] stage  51.3% (14494717874665/28237773109178) | 838.4M/s | ETA 4:33:11 | best -
[b2=29 b1=27 GPU] stage  51.3% (14496596922857/28237773109178) | 839.2M/s | ETA 4:32:53 | best -
[b2=29 b1=27 GPU] stage  51.3% (14498475971049/28237773109178) | 839.3M/s | ETA 4:32:49 | best -
[b2=29 b1=27 GPU] stage  51.4% (14500355019241/28237773109178) | 839.1M/s | ETA 4:32:52 | best -
[b2=29 b1=27 GPU] stage  51.4% (14502234067433/28237773109178) | 839.1M/s | ETA 4:32:48 | best -
[b2=29 b1=27 GPU] stage  51.4% (14504113115625/28237773109178) | 839.1M/s | ETA 4:32:46 | best -
[b2=29 b1=27 GPU] stage  51.4% (14505992163817/28237773109178) | 838.8M/s | ETA 4:32:49 | best -
[b2=29 b1=27 GPU] stage  51.4% (14507871212009/28237773109178) | 839.0M/s | ETA 4:32:44 | best -
[b2=29 b1=27 GPU] stage  51.4% (14509750260201/28237773109178) | 838.7M/s | ETA 4:32:48 | best -
[b2=29 b1=27 GPU] stage  51.4% (14511629308393/28237773109178) | 839.5M/s | ETA 4:32:30 | best -
[b2=29 b1=27 GPU] stage  51.4% (14513508356585/28237773109178) | 839.2M/s | ETA 4:32:34 | best -
[b2=29 b1=27 GPU] stage  51.4% (14515387404777/28237773109178) | 839.5M/s | ETA 4:32:26 | best -
[b2=29 b1=27 GPU] stage  51.4% (14517266452969/28237773109178) | 839.2M/s | ETA 4:32:30 | best -
[b2=29 b1=27 GPU] stage  51.4% (14519145501161/28237773109178) | 839.4M/s | ETA 4:32:22 | best -
[b2=29 b1=27 GPU] stage  51.4% (14521024549353/28237773109178) | 839.2M/s | ETA 4:32:24 | best -
[b2=29 b1=27 GPU] stage  51.4% (14522903597545/28237773109178) | 839.3M/s | ETA 4:32:20 | best -
[b2=29 b1=27 GPU] stage  51.4% (14524782645737/28237773109178) | 838.7M/s | ETA 4:32:29 | best -
[b2=29 b1=27 GPU] stage  51.4% (14526661693929/28237773109178) | 839.1M/s | ETA 4:32:19 | best -
[b2=29 b1=27 GPU] stage  51.5% (14528540742121/28237773109178) | 838.6M/s | ETA 4:32:27 | best -
[b2=29 b1=27 GPU] stage  51.5% (14530419790313/28237773109178) | 839.2M/s | ETA 4:32:12 | best -
[b2=29 b1=27 GPU] stage  51.5% (14532298838505/28237773109178) | 839.5M/s | ETA 4:32:05 | best -
[b2=29 b1=27 GPU] stage  51.5% (14534177886697/28237773109178) | 839.4M/s | ETA 4:32:04 | best -
[b2=29 b1=27 GPU] stage  51.5% (14536056934889/28237773109178) | 838.9M/s | ETA 4:32:13 | best -
[b2=29 b1=27 GPU] stage  51.5% (14537935983081/28237773109178) | 839.0M/s | ETA 4:32:08 | best -
[b2=29 b1=27 GPU] stage  51.5% (14539815031273/28237773109178) | 839.6M/s | ETA 4:31:55 | best -
[b2=29 b1=27 GPU] stage  51.5% (14541694079465/28237773109178) | 834.7M/s | ETA 4:33:28 | best -
[b2=29 b1=27 GPU] stage  51.5% (14543573127657/28237773109178) | 837.0M/s | ETA 4:32:41 | best -
[b2=29 b1=27 GPU] stage  51.5% (14545452175849/28237773109178) | 838.9M/s | ETA 4:32:01 | best -
[b2=29 b1=27 GPU] stage  51.5% (14547331224041/28237773109178) | 839.1M/s | ETA 4:31:54 | best -
[b2=29 b1=27 GPU] stage  51.5% (14549210272233/28237773109178) | 838.5M/s | ETA 4:32:05 | best -
[b2=29 b1=27 GPU] stage  51.5% (14551089320425/28237773109178) | 839.6M/s | ETA 4:31:40 | best -
[b2=29 b1=27 GPU] stage  51.5% (14552968368617/28237773109178) | 839.5M/s | ETA 4:31:41 | best -
[b2=29 b1=27 GPU] stage  51.5% (14554847416809/28237773109178) | 839.5M/s | ETA 4:31:38 | best -
[b2=29 b1=27 GPU] stage  51.6% (14556726465001/28237773109178) | 839.3M/s | ETA 4:31:41 | best -
[b2=29 b1=27 GPU] stage  51.6% (14558605513193/28237773109178) | 839.0M/s | ETA 4:31:43 | best -
[b2=29 b1=27 GPU] stage  51.6% (14560484561385/28237773109178) | 838.9M/s | ETA 4:31:43 | best -
[b2=29 b1=27 GPU] stage  51.6% (14562363609577/28237773109178) | 839.2M/s | ETA 4:31:35 | best -
[b2=29 b1=27 GPU] stage  51.6% (14564242657769/28237773109178) | 839.1M/s | ETA 4:31:36 | best -
[b2=29 b1=27 GPU] stage  51.6% (14566121705961/28237773109178) | 838.8M/s | ETA 4:31:38 | best -
[b2=29 b1=27 GPU] stage  51.6% (14568000754153/28237773109178) | 839.4M/s | ETA 4:31:24 | best -
[b2=29 b1=27 GPU] stage  51.6% (14569879802345/28237773109178) | 839.8M/s | ETA 4:31:14 | best -
[b2=29 b1=27 GPU] stage  51.6% (14571758850537/28237773109178) | 839.6M/s | ETA 4:31:17 | best -
[b2=29 b1=27 GPU] stage  51.6% (14573637898729/28237773109178) | 839.9M/s | ETA 4:31:09 | best -
[b2=29 b1=27 GPU] stage  51.6% (14575516946921/28237773109178) | 839.0M/s | ETA 4:31:23 | best -
[b2=29 b1=27 GPU] stage  51.6% (14577395995113/28237773109178) | 839.2M/s | ETA 4:31:18 | best -
[b2=29 b1=27 GPU] stage  51.6% (14579275043305/28237773109178) | 839.4M/s | ETA 4:31:11 | best -
[b2=29 b1=27 GPU] stage  51.6% (14581154091497/28237773109178) | 840.0M/s | ETA 4:30:57 | best -
[b2=29 b1=27 GPU] stage  51.6% (14583033139689/28237773109178) | 839.6M/s | ETA 4:31:04 | best -
[b2=29 b1=27 GPU] stage  51.7% (14584912187881/28237773109178) | 839.4M/s | ETA 4:31:04 | best -
[b2=29 b1=27 GPU] stage  51.7% (14586791236073/28237773109178) | 839.0M/s | ETA 4:31:10 | best -
[b2=29 b1=27 GPU] stage  51.7% (14588670284265/28237773109178) | 839.0M/s | ETA 4:31:07 | best -
[b2=29 b1=27 GPU] stage  51.7% (14590549332457/28237773109178) | 839.3M/s | ETA 4:30:59 | best -
[b2=29 b1=27 GPU] stage  51.7% (14592428380649/28237773109178) | 832.3M/s | ETA 4:33:14 | best -
[b2=29 b1=27 GPU] stage  51.7% (14594038993385/28237773109178) | 781.2M/s | ETA 4:51:04 | best -
[b2=29 b1=27 GPU] stage  51.7% (14595918041577/28237773109178) | 808.1M/s | ETA 4:41:21 | best -
[b2=29 b1=27 GPU] stage  51.7% (14597797089769/28237773109178) | 826.7M/s | ETA 4:34:58 | best -
[b2=29 b1=27 GPU] stage  51.7% (14599676137961/28237773109178) | 829.2M/s | ETA 4:34:07 | best -
[b2=29 b1=27 GPU] stage  51.7% (14601555186153/28237773109178) | 829.9M/s | ETA 4:33:50 | best -
[b2=29 b1=27 GPU] stage  51.7% (14603434234345/28237773109178) | 826.4M/s | ETA 4:34:58 | best -
[b2=29 b1=27 GPU] stage  51.7% (14605313282537/28237773109178) | 827.3M/s | ETA 4:34:38 | best -
[b2=29 b1=27 GPU] stage  51.7% (14607192330729/28237773109178) | 780.7M/s | ETA 4:50:59 | best -
[b2=29 b1=27 GPU] stage  51.7% (14609071378921/28237773109178) | 822.8M/s | ETA 4:36:04 | best -
[b2=29 b1=27 GPU] stage  51.7% (14610950427113/28237773109178) | 834.5M/s | ETA 4:32:09 | best -
[b2=29 b1=27 GPU] stage  51.7% (14612829475305/28237773109178) | 835.7M/s | ETA 4:31:43 | best -
[b2=29 b1=27 GPU] stage  51.8% (14614708523497/28237773109178) | 835.9M/s | ETA 4:31:37 | best -
[b2=29 b1=27 GPU] stage  51.8% (14616587571689/28237773109178) | 835.1M/s | ETA 4:31:50 | best -
[b2=29 b1=27 GPU] stage  51.8% (14618466619881/28237773109178) | 835.0M/s | ETA 4:31:50 | best -
[b2=29 b1=27 GPU] stage  51.8% (14620345668073/28237773109178) | 833.6M/s | ETA 4:32:15 | best -
[b2=29 b1=27 GPU] stage  51.8% (14622224716265/28237773109178) | 834.8M/s | ETA 4:31:49 | best -
[b2=29 b1=27 GPU] stage  51.8% (14624103764457/28237773109178) | 834.6M/s | ETA 4:31:51 | best -
[b2=29 b1=27 GPU] stage  51.8% (14625982812649/28237773109178) | 835.7M/s | ETA 4:31:28 | best -
[b2=29 b1=27 GPU] stage  51.8% (14627861860841/28237773109178) | 836.9M/s | ETA 4:31:02 | best -
[b2=29 b1=27 GPU] stage  51.8% (14629740909033/28237773109178) | 834.1M/s | ETA 4:31:54 | best -
[b2=29 b1=27 GPU] stage  51.8% (14631619957225/28237773109178) | 833.9M/s | ETA 4:31:56 | best -
[b2=29 b1=27 GPU] stage  51.8% (14633499005417/28237773109178) | 836.5M/s | ETA 4:31:03 | best -
[b2=29 b1=27 GPU] stage  51.8% (14635378053609/28237773109178) | 835.7M/s | ETA 4:31:16 | best -
[b2=29 b1=27 GPU] stage  51.8% (14637257101801/28237773109178) | 835.2M/s | ETA 4:31:24 | best -
[b2=29 b1=27 GPU] stage  51.8% (14639136149993/28237773109178) | 834.9M/s | ETA 4:31:27 | best -
[b2=29 b1=27 GPU] stage  51.8% (14641015198185/28237773109178) | 836.1M/s | ETA 4:31:01 | best -
[b2=29 b1=27 GPU] stage  51.9% (14642894246377/28237773109178) | 834.7M/s | ETA 4:31:27 | best -
[b2=29 b1=27 GPU] stage  51.9% (14644773294569/28237773109178) | 836.3M/s | ETA 4:30:53 | best -
[b2=29 b1=27 GPU] stage  51.9% (14646652342761/28237773109178) | 833.6M/s | ETA 4:31:44 | best -
[b2=29 b1=27 GPU] stage  51.9% (14648531390953/28237773109178) | 835.5M/s | ETA 4:31:05 | best -
[b2=29 b1=27 GPU] stage  51.9% (14650410439145/28237773109178) | 832.4M/s | ETA 4:32:03 | best -
[b2=29 b1=27 GPU] stage  51.9% (14652289487337/28237773109178) | 830.6M/s | ETA 4:32:35 | best -
[b2=29 b1=27 GPU] stage  51.9% (14654168535529/28237773109178) | 831.5M/s | ETA 4:32:16 | best -
[b2=29 b1=27 GPU] stage  51.9% (14656047583721/28237773109178) | 833.6M/s | ETA 4:31:32 | best -
[b2=29 b1=27 GPU] stage  51.9% (14657926631913/28237773109178) | 831.1M/s | ETA 4:32:19 | best -
[b2=29 b1=27 GPU] stage  51.9% (14659805680105/28237773109178) | 832.1M/s | ETA 4:31:57 | best -
[b2=29 b1=27 GPU] stage  51.9% (14661684728297/28237773109178) | 830.4M/s | ETA 4:32:29 | best -
[b2=29 b1=27 GPU] stage  51.9% (14663563776489/28237773109178) | 830.4M/s | ETA 4:32:27 | best -
[b2=29 b1=27 GPU] stage  51.9% (14665442824681/28237773109178) | 834.7M/s | ETA 4:30:59 | best -
[b2=29 b1=27 GPU] stage  51.9% (14667321872873/28237773109178) | 829.4M/s | ETA 4:32:42 | best -
[b2=29 b1=27 GPU] stage  51.9% (14669200921065/28237773109178) | 831.4M/s | ETA 4:31:59 | best -
[b2=29 b1=27 GPU] stage  52.0% (14671079969257/28237773109178) | 831.9M/s | ETA 4:31:48 | best -
[b2=29 b1=27 GPU] stage  52.0% (14672959017449/28237773109178) | 831.2M/s | ETA 4:31:58 | best -
[b2=29 b1=27 GPU] stage  52.0% (14674838065641/28237773109178) | 831.2M/s | ETA 4:31:58 | best -
[b2=29 b1=27 GPU] stage  52.0% (14676717113833/28237773109178) | 833.4M/s | ETA 4:31:11 | best -
[b2=29 b1=27 GPU] stage  52.0% (14678596162025/28237773109178) | 835.8M/s | ETA 4:30:23 | best -
[b2=29 b1=27 GPU] stage  52.0% (14680475210217/28237773109178) | 836.8M/s | ETA 4:30:00 | best -
[b2=29 b1=27 GPU] stage  52.0% (14682354258409/28237773109178) | 821.6M/s | ETA 4:34:57 | best -
[b2=29 b1=27 GPU] stage  52.0% (14684233306601/28237773109178) | 815.7M/s | ETA 4:36:55 | best -
[b2=29 b1=27 GPU] stage  52.0% (14686112354793/28237773109178) | 817.1M/s | ETA 4:36:25 | best -
[b2=29 b1=27 GPU] stage  52.0% (14687991402985/28237773109178) | 816.3M/s | ETA 4:36:38 | best -
[b2=29 b1=27 GPU] stage  52.0% (14689870451177/28237773109178) | 815.5M/s | ETA 4:36:52 | best -
[b2=29 b1=27 GPU] stage  52.0% (14691749499369/28237773109178) | 815.6M/s | ETA 4:36:48 | best -
[b2=29 b1=27 GPU] stage  52.0% (14693628547561/28237773109178) | 817.4M/s | ETA 4:36:10 | best -
[b2=29 b1=27 GPU] stage  52.0% (14695507595753/28237773109178) | 816.4M/s | ETA 4:36:28 | best -
[b2=29 b1=27 GPU] stage  52.0% (14697386643945/28237773109178) | 816.6M/s | ETA 4:36:21 | best -
[b2=29 b1=27 GPU] stage  52.1% (14699265692137/28237773109178) | 816.7M/s | ETA 4:36:16 | best -
[b2=29 b1=27 GPU] stage  52.1% (14701144740329/28237773109178) | 814.8M/s | ETA 4:36:53 | best -
[b2=29 b1=27 GPU] stage  52.1% (14703023788521/28237773109178) | 815.6M/s | ETA 4:36:34 | best -
[b2=29 b1=27 GPU] stage  52.1% (14704902836713/28237773109178) | 817.4M/s | ETA 4:35:55 | best -
[b2=29 b1=27 GPU] stage  52.1% (14706781884905/28237773109178) | 809.4M/s | ETA 4:38:37 | best -
[b2=29 b1=27 GPU] stage  52.1% (14708392497641/28237773109178) | 803.5M/s | ETA 4:40:37 | best -
[b2=29 b1=27 GPU] stage  52.1% (14710003110377/28237773109178) | 804.8M/s | ETA 4:40:09 | best -
[b2=29 b1=27 GPU] stage  52.1% (14711882158569/28237773109178) | 807.3M/s | ETA 4:39:14 | best -
[b2=29 b1=27 GPU] stage  52.1% (14713761206761/28237773109178) | 807.5M/s | ETA 4:39:07 | best -
[b2=29 b1=27 GPU] stage  52.1% (14715371819497/28237773109178) | 803.5M/s | ETA 4:40:28 | best -
[b2=29 b1=27 GPU] stage  52.1% (14716982432233/28237773109178) | 805.0M/s | ETA 4:39:55 | best -
[b2=29 b1=27 GPU] stage  52.1% (14718861480425/28237773109178) | 806.2M/s | ETA 4:39:28 | best -
[b2=29 b1=27 GPU] stage  52.1% (14720740528617/28237773109178) | 808.0M/s | ETA 4:38:48 | best -
[b2=29 b1=27 GPU] stage  52.1% (14722619576809/28237773109178) | 810.9M/s | ETA 4:37:45 | best -
[b2=29 b1=27 GPU] stage  52.1% (14724230189545/28237773109178) | 805.9M/s | ETA 4:39:28 | best -
[b2=29 b1=27 GPU] stage  52.2% (14726109237737/28237773109178) | 807.3M/s | ETA 4:38:57 | best -
[b2=29 b1=27 GPU] stage  52.2% (14727988285929/28237773109178) | 802.9M/s | ETA 4:40:25 | best -
[b2=29 b1=27 GPU] stage  52.2% (14729867334121/28237773109178) | 818.9M/s | ETA 4:34:55 | best -
[b2=29 b1=27 GPU] stage  52.2% (14731477946857/28237773109178) | 802.8M/s | ETA 4:40:24 | best -
[b2=29 b1=27 GPU] stage  52.2% (14733356995049/28237773109178) | 808.3M/s | ETA 4:38:27 | best -
[b2=29 b1=27 GPU] stage  52.2% (14735236043241/28237773109178) | 812.6M/s | ETA 4:36:56 | best -
[b2=29 b1=27 GPU] stage  52.2% (14737115091433/28237773109178) | 819.8M/s | ETA 4:34:28 | best -
[b2=29 b1=27 GPU] stage  52.2% (14738725704169/28237773109178) | 807.3M/s | ETA 4:38:40 | best -
[b2=29 b1=27 GPU] stage  52.2% (14740604752361/28237773109178) | 809.5M/s | ETA 4:37:52 | best -
[b2=29 b1=27 GPU] stage  52.2% (14742483800553/28237773109178) | 812.5M/s | ETA 4:36:49 | best -
[b2=29 b1=27 GPU] stage  52.2% (14744362848745/28237773109178) | 822.4M/s | ETA 4:33:27 | best -
[b2=29 b1=27 GPU] stage  52.2% (14746241896937/28237773109178) | 813.1M/s | ETA 4:36:31 | best -
[b2=29 b1=27 GPU] stage  52.2% (14748120945129/28237773109178) | 808.5M/s | ETA 4:38:04 | best -
[b2=29 b1=27 GPU] stage  52.2% (14749999993321/28237773109178) | 812.4M/s | ETA 4:36:42 | best -
[b2=29 b1=27 GPU] stage  52.2% (14751879041513/28237773109178) | 819.2M/s | ETA 4:34:21 | best -
[b2=29 b1=27 GPU] stage  52.2% (14753758089705/28237773109178) | 817.0M/s | ETA 4:35:04 | best -
[b2=29 b1=27 GPU] stage  52.3% (14755637137897/28237773109178) | 809.0M/s | ETA 4:37:45 | best -
[b2=29 b1=27 GPU] stage  52.3% (14757516186089/28237773109178) | 811.5M/s | ETA 4:36:51 | best -
[b2=29 b1=27 GPU] stage  52.3% (14759395234281/28237773109178) | 816.7M/s | ETA 4:35:03 | best -
[b2=29 b1=27 GPU] stage  52.3% (14761274282473/28237773109178) | 819.7M/s | ETA 4:34:00 | best -
[b2=29 b1=27 GPU] stage  52.3% (14763153330665/28237773109178) | 807.8M/s | ETA 4:38:01 | best -
[b2=29 b1=27 GPU] stage  52.3% (14765032378857/28237773109178) | 809.4M/s | ETA 4:37:25 | best -
[b2=29 b1=27 GPU] stage  52.3% (14766911427049/28237773109178) | 813.5M/s | ETA 4:35:59 | best -
[b2=29 b1=27 GPU] stage  52.3% (14768790475241/28237773109178) | 821.1M/s | ETA 4:33:24 | best -
[b2=29 b1=27 GPU] stage  52.3% (14770401087977/28237773109178) | 808.4M/s | ETA 4:37:39 | best -
[b2=29 b1=27 GPU] stage  52.3% (14772280136169/28237773109178) | 810.3M/s | ETA 4:36:57 | best -
[b2=29 b1=27 GPU] stage  52.3% (14774159184361/28237773109178) | 813.9M/s | ETA 4:35:41 | best -
[b2=29 b1=27 GPU] stage  52.3% (14776038232553/28237773109178) | 820.0M/s | ETA 4:33:36 | best -
[b2=29 b1=27 GPU] stage  52.3% (14777917280745/28237773109178) | 812.7M/s | ETA 4:36:02 | best -
[b2=29 b1=27 GPU] stage  52.3% (14779796328937/28237773109178) | 808.6M/s | ETA 4:37:24 | best -
[b2=29 b1=27 GPU] stage  52.3% (14781675377129/28237773109178) | 813.0M/s | ETA 4:35:52 | best -
[b2=29 b1=27 GPU] stage  52.4% (14783554425321/28237773109178) | 818.3M/s | ETA 4:34:01 | best -
[b2=29 b1=27 GPU] stage  52.4% (14785433473513/28237773109178) | 816.1M/s | ETA 4:34:43 | best -
[b2=29 b1=27 GPU] stage  52.4% (14787312521705/28237773109178) | 808.5M/s | ETA 4:37:15 | best -
[b2=29 b1=27 GPU] stage  52.4% (14789191569897/28237773109178) | 810.1M/s | ETA 4:36:42 | best -
[b2=29 b1=27 GPU] stage  52.4% (14791070618089/28237773109178) | 816.9M/s | ETA 4:34:20 | best -
[b2=29 b1=27 GPU] stage  52.4% (14792949666281/28237773109178) | 820.9M/s | ETA 4:32:57 | best -
[b2=29 b1=27 GPU] stage  52.4% (14794828714473/28237773109178) | 808.7M/s | ETA 4:37:03 | best -
[b2=29 b1=27 GPU] stage  52.4% (14796707762665/28237773109178) | 810.0M/s | ETA 4:36:33 | best -
[b2=29 b1=27 GPU] stage  52.4% (14798586810857/28237773109178) | 813.8M/s | ETA 4:35:13 | best -
[b2=29 b1=27 GPU] stage  52.4% (14800465859049/28237773109178) | 822.4M/s | ETA 4:32:19 | best -
[b2=29 b1=27 GPU] stage  52.4% (14802344907241/28237773109178) | 813.4M/s | ETA 4:35:17 | best -
[b2=29 b1=27 GPU] stage  52.4% (14804223955433/28237773109178) | 809.4M/s | ETA 4:36:37 | best -
[b2=29 b1=27 GPU] stage  52.4% (14806103003625/28237773109178) | 811.9M/s | ETA 4:35:44 | best -
[b2=29 b1=27 GPU] stage  52.4% (14807982051817/28237773109178) | 818.2M/s | ETA 4:33:34 | best -
[b2=29 b1=27 GPU] stage  52.4% (14809861100009/28237773109178) | 816.7M/s | ETA 4:34:01 | best -
[b2=29 b1=27 GPU] stage  52.5% (14811740148201/28237773109178) | 808.3M/s | ETA 4:36:50 | best -
[b2=29 b1=27 GPU] stage  52.5% (14813619196393/28237773109178) | 811.5M/s | ETA 4:35:41 | best -
[b2=29 b1=27 GPU] stage  52.5% (14815498244585/28237773109178) | 815.2M/s | ETA 4:34:24 | best -
[b2=29 b1=27 GPU] stage  52.5% (14817377292777/28237773109178) | 818.3M/s | ETA 4:33:20 | best -
[b2=29 b1=27 GPU] stage  52.5% (14819256340969/28237773109178) | 808.0M/s | ETA 4:36:47 | best -
[b2=29 b1=27 GPU] stage  52.5% (14821135389161/28237773109178) | 810.0M/s | ETA 4:36:03 | best -
[b2=29 b1=27 GPU] stage  52.5% (14823014437353/28237773109178) | 814.4M/s | ETA 4:34:31 | best -
[b2=29 b1=27 GPU] stage  52.5% (14824893485545/28237773109178) | 823.8M/s | ETA 4:31:21 | best -
[b2=29 b1=27 GPU] stage  52.5% (14826772533737/28237773109178) | 814.9M/s | ETA 4:34:17 | best -
[b2=29 b1=27 GPU] stage  52.5% (14828651581929/28237773109178) | 808.0M/s | ETA 4:36:36 | best -
[b2=29 b1=27 GPU] stage  52.5% (14830530630121/28237773109178) | 811.3M/s | ETA 4:35:26 | best -
[b2=29 b1=27 GPU] stage  52.5% (14832409678313/28237773109178) | 817.9M/s | ETA 4:33:09 | best -
[b2=29 b1=27 GPU] stage  52.5% (14834288726505/28237773109178) | 817.7M/s | ETA 4:33:12 | best -
[b2=29 b1=27 GPU] stage  52.5% (14836167774697/28237773109178) | 808.7M/s | ETA 4:36:12 | best -
[b2=29 b1=27 GPU] stage  52.5% (14838046822889/28237773109178) | 811.3M/s | ETA 4:35:16 | best -
[b2=29 b1=27 GPU] stage  52.6% (14839925871081/28237773109178) | 814.6M/s | ETA 4:34:08 | best -
[b2=29 b1=27 GPU] stage  52.6% (14841804919273/28237773109178) | 818.1M/s | ETA 4:32:55 | best -
[b2=29 b1=27 GPU] stage  52.6% (14843683967465/28237773109178) | 808.9M/s | ETA 4:35:58 | best -
[b2=29 b1=27 GPU] stage  52.6% (14845563015657/28237773109178) | 809.7M/s | ETA 4:35:40 | best -
[b2=29 b1=27 GPU] stage  52.6% (14847442063849/28237773109178) | 812.6M/s | ETA 4:34:37 | best -
[b2=29 b1=27 GPU] stage  52.6% (14849321112041/28237773109178) | 821.4M/s | ETA 4:31:40 | best -
[b2=29 b1=27 GPU] stage  52.6% (14850931724777/28237773109178) | 807.6M/s | ETA 4:36:15 | best -
[b2=29 b1=27 GPU] stage  52.6% (14852810772969/28237773109178) | 810.0M/s | ETA 4:35:23 | best -
[b2=29 b1=27 GPU] stage  52.6% (14854689821161/28237773109178) | 813.7M/s | ETA 4:34:08 | best -
[b2=29 b1=27 GPU] stage  52.6% (14856568869353/28237773109178) | 821.7M/s | ETA 4:31:24 | best -
[b2=29 b1=27 GPU] stage  52.6% (14858447917545/28237773109178) | 813.3M/s | ETA 4:34:11 | best -
[b2=29 b1=27 GPU] stage  52.6% (14860326965737/28237773109178) | 808.6M/s | ETA 4:35:44 | best -
[b2=29 b1=27 GPU] stage  52.6% (14862206013929/28237773109178) | 811.4M/s | ETA 4:34:43 | best -
[b2=29 b1=27 GPU] stage  52.6% (14864085062121/28237773109178) | 818.9M/s | ETA 4:32:11 | best -
[b2=29 b1=27 GPU] stage  52.6% (14865964110313/28237773109178) | 819.0M/s | ETA 4:32:06 | best -
[b2=29 b1=27 GPU] stage  52.7% (14867843158505/28237773109178) | 808.2M/s | ETA 4:35:43 | best -
[b2=29 b1=27 GPU] stage  52.7% (14869722206697/28237773109178) | 811.2M/s | ETA 4:34:38 | best -
[b2=29 b1=27 GPU] stage  52.7% (14871601254889/28237773109178) | 815.3M/s | ETA 4:33:14 | best -
[b2=29 b1=27 GPU] stage  52.7% (14873480303081/28237773109178) | 818.6M/s | ETA 4:32:06 | best -
[b2=29 b1=27 GPU] stage  52.7% (14875359351273/28237773109178) | 808.4M/s | ETA 4:35:29 | best -
[b2=29 b1=27 GPU] stage  52.7% (14877238399465/28237773109178) | 809.7M/s | ETA 4:35:00 | best -
[b2=29 b1=27 GPU] stage  52.7% (14879117447657/28237773109178) | 813.0M/s | ETA 4:33:51 | best -
[b2=29 b1=27 GPU] stage  52.7% (14880996495849/28237773109178) | 819.8M/s | ETA 4:31:32 | best -
[b2=29 b1=27 GPU] stage  52.7% (14882607108585/28237773109178) | 806.8M/s | ETA 4:35:52 | best -
[b2=29 b1=27 GPU] stage  52.7% (14884486156777/28237773109178) | 810.2M/s | ETA 4:34:40 | best -
[b2=29 b1=27 GPU] stage  52.7% (14886365204969/28237773109178) | 814.3M/s | ETA 4:33:16 | best -
[b2=29 b1=27 GPU] stage  52.7% (14888244253161/28237773109178) | 824.1M/s | ETA 4:29:59 | best -
[b2=29 b1=27 GPU] stage  52.7% (14889854865897/28237773109178) | 807.7M/s | ETA 4:35:26 | best -
[b2=29 b1=27 GPU] stage  52.7% (14891733914089/28237773109178) | 810.1M/s | ETA 4:34:33 | best -
[b2=29 b1=27 GPU] stage  52.7% (14893612962281/28237773109178) | 815.6M/s | ETA 4:32:40 | best -
[b2=29 b1=27 GPU] stage  52.8% (14895492010473/28237773109178) | 820.0M/s | ETA 4:31:10 | best -
[b2=29 b1=27 GPU] stage  52.8% (14897371058665/28237773109178) | 810.2M/s | ETA 4:34:26 | best -
[b2=29 b1=27 GPU] stage  52.8% (14899250106857/28237773109178) | 808.9M/s | ETA 4:34:49 | best -
[b2=29 b1=27 GPU] stage  52.8% (14901129155049/28237773109178) | 813.5M/s | ETA 4:33:13 | best -
[b2=29 b1=27 GPU] stage  52.8% (14903008203241/28237773109178) | 820.0M/s | ETA 4:31:01 | best -
[b2=29 b1=27 GPU] stage  52.8% (14904887251433/28237773109178) | 814.3M/s | ETA 4:32:53 | best -
[b2=29 b1=27 GPU] stage  52.8% (14906766299625/28237773109178) | 808.4M/s | ETA 4:34:50 | best -
[b2=29 b1=27 GPU] stage  52.8% (14908645347817/28237773109178) | 811.3M/s | ETA 4:33:49 | best -
[b2=29 b1=27 GPU] stage  52.8% (14910524396009/28237773109178) | 817.3M/s | ETA 4:31:47 | best -
[b2=29 b1=27 GPU] stage  52.8% (14912403444201/28237773109178) | 818.0M/s | ETA 4:31:30 | best -
[b2=29 b1=27 GPU] stage  52.8% (14914282492393/28237773109178) | 807.7M/s | ETA 4:34:56 | best -
[b2=29 b1=27 GPU] stage  52.8% (14916161540585/28237773109178) | 810.4M/s | ETA 4:33:57 | best -
[b2=29 b1=27 GPU] stage  52.8% (14918040588777/28237773109178) | 813.5M/s | ETA 4:32:52 | best -
[b2=29 b1=27 GPU] stage  52.8% (14919919636969/28237773109178) | 821.2M/s | ETA 4:30:18 | best -
[b2=29 b1=27 GPU] stage  52.8% (14921798685161/28237773109178) | 811.6M/s | ETA 4:33:27 | best -
[b2=29 b1=27 GPU] stage  52.9% (14923677733353/28237773109178) | 808.6M/s | ETA 4:34:26 | best -
[b2=29 b1=27 GPU] stage  52.9% (14925556781545/28237773109178) | 812.7M/s | ETA 4:32:59 | best -
[b2=29 b1=27 GPU] stage  52.9% (14927435829737/28237773109178) | 819.9M/s | ETA 4:30:34 | best -
[b2=29 b1=27 GPU] stage  52.9% (14929314877929/28237773109178) | 815.8M/s | ETA 4:31:52 | best -
[b2=29 b1=27 GPU] stage  52.9% (14931193926121/28237773109178) | 808.8M/s | ETA 4:34:11 | best -
[b2=29 b1=27 GPU] stage  52.9% (14933072974313/28237773109178) | 811.4M/s | ETA 4:33:17 | best -
[b2=29 b1=27 GPU] stage  52.9% (14934952022505/28237773109178) | 817.0M/s | ETA 4:31:23 | best -
[b2=29 b1=27 GPU] stage  52.9% (14936831070697/28237773109178) | 818.0M/s | ETA 4:31:00 | best -
[b2=29 b1=27 GPU] stage  52.9% (14938710118889/28237773109178) | 808.7M/s | ETA 4:34:04 | best -
[b2=29 b1=27 GPU] stage  52.9% (14940589167081/28237773109178) | 810.0M/s | ETA 4:33:36 | best -
[b2=29 b1=27 GPU] stage  52.9% (14942468215273/28237773109178) | 814.2M/s | ETA 4:32:09 | best -
[b2=29 b1=27 GPU] stage  52.9% (14944347263465/28237773109178) | 822.6M/s | ETA 4:29:19 | best -
[b2=29 b1=27 GPU] stage  52.9% (14946226311657/28237773109178) | 813.3M/s | ETA 4:32:23 | best -
[b2=29 b1=27 GPU] stage  52.9% (14948105359849/28237773109178) | 808.3M/s | ETA 4:34:02 | best -
[b2=29 b1=27 GPU] stage  52.9% (14949984408041/28237773109178) | 812.1M/s | ETA 4:32:42 | best -
[b2=29 b1=27 GPU] stage  52.9% (14951863456233/28237773109178) | 817.9M/s | ETA 4:30:44 | best -
[b2=29 b1=27 GPU] stage  53.0% (14953742504425/28237773109178) | 817.3M/s | ETA 4:30:52 | best -
[b2=29 b1=27 GPU] stage  53.0% (14955621552617/28237773109178) | 808.1M/s | ETA 4:33:57 | best -
[b2=29 b1=27 GPU] stage  53.0% (14957500600809/28237773109178) | 811.0M/s | ETA 4:32:55 | best -
[b2=29 b1=27 GPU] stage  53.0% (14959379649001/28237773109178) | 815.8M/s | ETA 4:31:15 | best -
[b2=29 b1=27 GPU] stage  53.0% (14961258697193/28237773109178) | 819.8M/s | ETA 4:29:54 | best -
[b2=29 b1=27 GPU] stage  53.0% (14963137745385/28237773109178) | 807.8M/s | ETA 4:33:53 | best -
[b2=29 b1=27 GPU] stage  53.0% (14965016793577/28237773109178) | 810.2M/s | ETA 4:33:03 | best -
[b2=29 b1=27 GPU] stage  53.0% (14966895841769/28237773109178) | 813.4M/s | ETA 4:31:56 | best -
[b2=29 b1=27 GPU] stage  53.0% (14968774889961/28237773109178) | 822.3M/s | ETA 4:28:57 | best -
[b2=29 b1=27 GPU] stage  53.0% (14970385502697/28237773109178) | 807.5M/s | ETA 4:33:49 | best -
[b2=29 b1=27 GPU] stage  53.0% (14972264550889/28237773109178) | 810.2M/s | ETA 4:32:53 | best -
[b2=29 b1=27 GPU] stage  53.0% (14974143599081/28237773109178) | 812.6M/s | ETA 4:32:02 | best -
[b2=29 b1=27 GPU] stage  53.0% (14976022647273/28237773109178) | 820.3M/s | ETA 4:29:26 | best -
[b2=29 b1=27 GPU] stage  53.0% (14977901695465/28237773109178) | 812.4M/s | ETA 4:32:02 | best -
[b2=29 b1=27 GPU] stage  53.0% (14979780743657/28237773109178) | 808.1M/s | ETA 4:33:25 | best -
[b2=29 b1=27 GPU] stage  53.1% (14981659791849/28237773109178) | 812.7M/s | ETA 4:31:50 | best -
[b2=29 b1=27 GPU] stage  53.1% (14983538840041/28237773109178) | 817.7M/s | ETA 4:30:08 | best -
[b2=29 b1=27 GPU] stage  53.1% (14985417888233/28237773109178) | 816.1M/s | ETA 4:30:38 | best -
[b2=29 b1=27 GPU] stage  53.1% (14987296936425/28237773109178) | 808.9M/s | ETA 4:33:01 | best -
[b2=29 b1=27 GPU] stage  53.1% (14989175984617/28237773109178) | 811.1M/s | ETA 4:32:14 | best -
[b2=29 b1=27 GPU] stage  53.1% (14991055032809/28237773109178) | 815.3M/s | ETA 4:30:48 | best -
[b2=29 b1=27 GPU] stage  53.1% (14992934081001/28237773109178) | 818.6M/s | ETA 4:29:39 | best -
[b2=29 b1=27 GPU] stage  53.1% (14994813129193/28237773109178) | 807.6M/s | ETA 4:33:18 | best -
[b2=29 b1=27 GPU] stage  53.1% (14996692177385/28237773109178) | 810.0M/s | ETA 4:32:26 | best -
[b2=29 b1=27 GPU] stage  53.1% (14998571225577/28237773109178) | 814.5M/s | ETA 4:30:53 | best -
[b2=29 b1=27 GPU] stage  53.1% (15000450273769/28237773109178) | 822.6M/s | ETA 4:28:11 | best -
[b2=29 b1=27 GPU] stage  53.1% (15002060886505/28237773109178) | 807.0M/s | ETA 4:33:21 | best -
[b2=29 b1=27 GPU] stage  53.1% (15003939934697/28237773109178) | 809.4M/s | ETA 4:32:29 | best -
[b2=29 b1=27 GPU] stage  53.1% (15005818982889/28237773109178) | 814.4M/s | ETA 4:30:47 | best -
[b2=29 b1=27 GPU] stage  53.1% (15007698031081/28237773109178) | 822.9M/s | ETA 4:27:57 | best -
[b2=29 b1=27 GPU] stage  53.2% (15009577079273/28237773109178) | 811.8M/s | ETA 4:31:35 | best -
[b2=29 b1=27 GPU] stage  53.2% (15011456127465/28237773109178) | 808.8M/s | ETA 4:32:32 | best -
[b2=29 b1=27 GPU] stage  53.2% (15013335175657/28237773109178) | 812.5M/s | ETA 4:31:16 | best -
[b2=29 b1=27 GPU] stage  53.2% (15015214223849/28237773109178) | 819.7M/s | ETA 4:28:50 | best -
[b2=29 b1=27 GPU] stage  53.2% (15017093272041/28237773109178) | 816.9M/s | ETA 4:29:44 | best -
[b2=29 b1=27 GPU] stage  53.2% (15018972320233/28237773109178) | 809.5M/s | ETA 4:32:08 | best -
[b2=29 b1=27 GPU] stage  53.2% (15020851368425/28237773109178) | 811.4M/s | ETA 4:31:30 | best -
[b2=29 b1=27 GPU] stage  53.2% (15022730416617/28237773109178) | 817.3M/s | ETA 4:29:29 | best -
[b2=29 b1=27 GPU] stage  53.2% (15024609464809/28237773109178) | 817.3M/s | ETA 4:29:26 | best -
[b2=29 b1=27 GPU] stage  53.2% (15026488513001/28237773109178) | 808.2M/s | ETA 4:32:25 | best -
[b2=29 b1=27 GPU] stage  53.2% (15028367561193/28237773109178) | 810.6M/s | ETA 4:31:36 | best -
[b2=29 b1=27 GPU] stage  53.2% (15030246609385/28237773109178) | 814.0M/s | ETA 4:30:26 | best -
[b2=29 b1=27 GPU] stage  53.2% (15032125657577/28237773109178) | 824.7M/s | ETA 4:26:53 | best -
[b2=29 b1=27 GPU] stage  53.2% (15034004705769/28237773109178) | 813.1M/s | ETA 4:30:39 | best -
[b2=29 b1=27 GPU] stage  53.2% (15035883753961/28237773109178) | 809.3M/s | ETA 4:31:53 | best -
[b2=29 b1=27 GPU] stage  53.3% (15037762802153/28237773109178) | 811.1M/s | ETA 4:31:14 | best -
[b2=29 b1=27 GPU] stage  53.3% (15039641850345/28237773109178) | 817.5M/s | ETA 4:29:05 | best -
[b2=29 b1=27 GPU] stage  53.3% (15041520898537/28237773109178) | 816.7M/s | ETA 4:29:18 | best -
[b2=29 b1=27 GPU] stage  53.3% (15043399946729/28237773109178) | 807.8M/s | ETA 4:32:13 | best -
[b2=29 b1=27 GPU] stage  53.3% (15045278994921/28237773109178) | 810.1M/s | ETA 4:31:25 | best -
[b2=29 b1=27 GPU] stage  53.3% (15047158043113/28237773109178) | 814.5M/s | ETA 4:29:54 | best -
[b2=29 b1=27 GPU] stage  53.3% (15049037091305/28237773109178) | 819.2M/s | ETA 4:28:20 | best -
[b2=29 b1=27 GPU] stage  53.3% (15050916139497/28237773109178) | 808.3M/s | ETA 4:31:54 | best -
[b2=29 b1=27 GPU] stage  53.3% (15052795187689/28237773109178) | 810.0M/s | ETA 4:31:17 | best -
[b2=29 b1=27 GPU] stage  53.3% (15054674235881/28237773109178) | 812.7M/s | ETA 4:30:21 | best -
[b2=29 b1=27 GPU] stage  53.3% (15056553284073/28237773109178) | 822.2M/s | ETA 4:27:11 | best -
[b2=29 b1=27 GPU] stage  53.3% (15058432332265/28237773109178) | 814.9M/s | ETA 4:29:32 | best -
[b2=29 b1=27 GPU] stage  53.3% (15060311380457/28237773109178) | 808.8M/s | ETA 4:31:32 | best -
[b2=29 b1=27 GPU] stage  53.3% (15062190428649/28237773109178) | 811.5M/s | ETA 4:30:36 | best -
[b2=29 b1=27 GPU] stage  53.3% (15064069476841/28237773109178) | 816.0M/s | ETA 4:29:03 | best -
[b2=29 b1=27 GPU] stage  53.4% (15065948525033/28237773109178) | 818.2M/s | ETA 4:28:17 | best -
[b2=29 b1=27 GPU] stage  53.4% (15067827573225/28237773109178) | 809.1M/s | ETA 4:31:17 | best -
[b2=29 b1=27 GPU] stage  53.4% (15069706621417/28237773109178) | 810.9M/s | ETA 4:30:38 | best -
[b2=29 b1=27 GPU] stage  53.4% (15071585669609/28237773109178) | 814.6M/s | ETA 4:29:22 | best -
[b2=29 b1=27 GPU] stage  53.4% (15073464717801/28237773109178) | 822.1M/s | ETA 4:26:53 | best -
[b2=29 b1=27 GPU] stage  53.4% (15075343765993/28237773109178) | 809.2M/s | ETA 4:31:06 | best -
[b2=29 b1=27 GPU] stage  53.4% (15077222814185/28237773109178) | 808.6M/s | ETA 4:31:15 | best -
[b2=29 b1=27 GPU] stage  53.4% (15079101862377/28237773109178) | 812.2M/s | ETA 4:30:01 | best -
[b2=29 b1=27 GPU] stage  53.4% (15080980910569/28237773109178) | 821.9M/s | ETA 4:26:47 | best -
[b2=29 b1=27 GPU] stage  53.4% (15082591523305/28237773109178) | 807.5M/s | ETA 4:31:31 | best -
[b2=29 b1=27 GPU] stage  53.4% (15084470571497/28237773109178) | 810.0M/s | ETA 4:30:38 | best -
[b2=29 b1=27 GPU] stage  53.4% (15086349619689/28237773109178) | 814.0M/s | ETA 4:29:16 | best -
[b2=29 b1=27 GPU] stage  53.4% (15088228667881/28237773109178) | 823.0M/s | ETA 4:26:18 | best -
[b2=29 b1=27 GPU] stage  53.4% (15089839280617/28237773109178) | 807.9M/s | ETA 4:31:13 | best -
[b2=29 b1=27 GPU] stage  53.4% (15091718328809/28237773109178) | 810.1M/s | ETA 4:30:28 | best -
[b2=29 b1=27 GPU] stage  53.5% (15093597377001/28237773109178) | 813.5M/s | ETA 4:29:18 | best -
[b2=29 b1=27 GPU] stage  53.5% (15095476425193/28237773109178) | 823.5M/s | ETA 4:25:59 | best -
[b2=29 b1=27 GPU] stage  53.5% (15097355473385/28237773109178) | 811.8M/s | ETA 4:29:45 | best -
[b2=29 b1=27 GPU] stage  53.5% (15099234521577/28237773109178) | 808.5M/s | ETA 4:30:51 | best -
[b2=29 b1=27 GPU] stage  53.5% (15101113569769/28237773109178) | 811.0M/s | ETA 4:29:58 | best -
[b2=29 b1=27 GPU] stage  53.5% (15102992617961/28237773109178) | 820.1M/s | ETA 4:26:55 | best -
[b2=29 b1=27 GPU] stage  53.5% (15104871666153/28237773109178) | 814.8M/s | ETA 4:28:38 | best -
[b2=29 b1=27 GPU] stage  53.5% (15106750714345/28237773109178) | 807.4M/s | ETA 4:31:02 | best -
[b2=29 b1=27 GPU] stage  53.5% (15108629762537/28237773109178) | 810.0M/s | ETA 4:30:08 | best -
[b2=29 b1=27 GPU] stage  53.5% (15110508810729/28237773109178) | 815.4M/s | ETA 4:28:19 | best -
[b2=29 b1=27 GPU] stage  53.5% (15112387858921/28237773109178) | 816.7M/s | ETA 4:27:50 | best -
[b2=29 b1=27 GPU] stage  53.5% (15114266907113/28237773109178) | 807.9M/s | ETA 4:30:43 | best -
[b2=29 b1=27 GPU] stage  53.5% (15116145955305/28237773109178) | 809.5M/s | ETA 4:30:09 | best -
[b2=29 b1=27 GPU] stage  53.5% (15118025003497/28237773109178) | 812.8M/s | ETA 4:29:01 | best -
[b2=29 b1=27 GPU] stage  53.5% (15119904051689/28237773109178) | 820.8M/s | ETA 4:26:22 | best -
[b2=29 b1=27 GPU] stage  53.6% (15121514664425/28237773109178) | 807.7M/s | ETA 4:30:38 | best -
[b2=29 b1=27 GPU] stage  53.6% (15123393712617/28237773109178) | 809.5M/s | ETA 4:30:01 | best -
[b2=29 b1=27 GPU] stage  53.6% (15125272760809/28237773109178) | 814.0M/s | ETA 4:28:29 | best -
[b2=29 b1=27 GPU] stage  53.6% (15127151809001/28237773109178) | 821.3M/s | ETA 4:26:03 | best -
[b2=29 b1=27 GPU] stage  53.6% (15129030857193/28237773109178) | 811.6M/s | ETA 4:29:12 | best -
[b2=29 b1=27 GPU] stage  53.6% (15130909905385/28237773109178) | 809.0M/s | ETA 4:30:00 | best -
[b2=29 b1=27 GPU] stage  53.6% (15132788953577/28237773109178) | 812.2M/s | ETA 4:28:55 | best -
[b2=29 b1=27 GPU] stage  53.6% (15134668001769/28237773109178) | 818.4M/s | ETA 4:26:49 | best -
[b2=29 b1=27 GPU] stage  53.6% (15136547049961/28237773109178) | 817.2M/s | ETA 4:27:12 | best -
[b2=29 b1=27 GPU] stage  53.6% (15138426098153/28237773109178) | 809.1M/s | ETA 4:29:50 | best -
[b2=29 b1=27 GPU] stage  53.6% (15140305146345/28237773109178) | 811.0M/s | ETA 4:29:10 | best -
[b2=29 b1=27 GPU] stage  53.6% (15142184194537/28237773109178) | 815.8M/s | ETA 4:27:33 | best -
[b2=29 b1=27 GPU] stage  53.6% (15144063242729/28237773109178) | 817.3M/s | ETA 4:27:00 | best -
[b2=29 b1=27 GPU] stage  53.6% (15145942290921/28237773109178) | 808.5M/s | ETA 4:29:53 | best -
[b2=29 b1=27 GPU] stage  53.6% (15147821339113/28237773109178) | 810.2M/s | ETA 4:29:17 | best -
[b2=29 b1=27 GPU] stage  53.7% (15149700387305/28237773109178) | 814.3M/s | ETA 4:27:52 | best -
[b2=29 b1=27 GPU] stage  53.7% (15151579435497/28237773109178) | 823.9M/s | ETA 4:24:44 | best -
[b2=29 b1=27 GPU] stage  53.7% (15153190048233/28237773109178) | 807.8M/s | ETA 4:29:57 | best -
[b2=29 b1=27 GPU] stage  53.7% (15155069096425/28237773109178) | 809.9M/s | ETA 4:29:13 | best -
[b2=29 b1=27 GPU] stage  53.7% (15156948144617/28237773109178) | 815.7M/s | ETA 4:27:15 | best -
[b2=29 b1=27 GPU] stage  53.7% (15158827192809/28237773109178) | 820.8M/s | ETA 4:25:34 | best -
[b2=29 b1=27 GPU] stage  53.7% (15160706241001/28237773109178) | 810.4M/s | ETA 4:28:57 | best -
[b2=29 b1=27 GPU] stage  53.7% (15162585289193/28237773109178) | 809.1M/s | ETA 4:29:21 | best -
[b2=29 b1=27 GPU] stage  53.7% (15164464337385/28237773109178) | 812.2M/s | ETA 4:28:16 | best -
[b2=29 b1=27 GPU] stage  53.7% (15166343385577/28237773109178) | 821.3M/s | ETA 4:25:15 | best -
[b2=29 b1=27 GPU] stage  53.7% (15168222433769/28237773109178) | 814.4M/s | ETA 4:27:27 | best -
[b2=29 b1=27 GPU] stage  53.7% (15170101481961/28237773109178) | 808.2M/s | ETA 4:29:29 | best -
[b2=29 b1=27 GPU] stage  53.7% (15171980530153/28237773109178) | 810.5M/s | ETA 4:28:41 | best -
[b2=29 b1=27 GPU] stage  53.7% (15173859578345/28237773109178) | 816.1M/s | ETA 4:26:46 | best -
[b2=29 b1=27 GPU] stage  53.7% (15175738626537/28237773109178) | 815.1M/s | ETA 4:27:04 | best -
[b2=29 b1=27 GPU] stage  53.7% (15177617674729/28237773109178) | 807.6M/s | ETA 4:29:31 | best -
[b2=29 b1=27 GPU] stage  53.8% (15179496722921/28237773109178) | 810.0M/s | ETA 4:28:40 | best -
[b2=29 b1=27 GPU] stage  53.8% (15181375771113/28237773109178) | 813.7M/s | ETA 4:27:25 | best -
[b2=29 b1=27 GPU] stage  53.8% (15183254819305/28237773109178) | 822.9M/s | ETA 4:24:23 | best -
[b2=29 b1=27 GPU] stage  53.8% (15184865432041/28237773109178) | 807.2M/s | ETA 4:29:29 | best -
[b2=29 b1=27 GPU] stage  53.8% (15186744480233/28237773109178) | 809.9M/s | ETA 4:28:35 | best -
[b2=29 b1=27 GPU] stage  53.8% (15188623528425/28237773109178) | 814.4M/s | ETA 4:27:02 | best -
[b2=29 b1=27 GPU] stage  53.8% (15190502576617/28237773109178) | 818.4M/s | ETA 4:25:42 | best -
[b2=29 b1=27 GPU] stage  53.8% (15192381624809/28237773109178) | 810.0M/s | ETA 4:28:25 | best -
[b2=29 b1=27 GPU] stage  53.8% (15194260673001/28237773109178) | 809.4M/s | ETA 4:28:34 | best -
[b2=29 b1=27 GPU] stage  53.8% (15196139721193/28237773109178) | 813.2M/s | ETA 4:27:17 | best -
[b2=29 b1=27 GPU] stage  53.8% (15198018769385/28237773109178) | 818.0M/s | ETA 4:25:40 | best -
[b2=29 b1=27 GPU] stage  53.8% (15199897817577/28237773109178) | 816.8M/s | ETA 4:26:01 | best -
[b2=29 b1=27 GPU] stage  53.8% (15201776865769/28237773109178) | 808.5M/s | ETA 4:28:43 | best -
[b2=29 b1=27 GPU] stage  53.8% (15203655913961/28237773109178) | 810.9M/s | ETA 4:27:53 | best -
[b2=29 b1=27 GPU] stage  53.8% (15205534962153/28237773109178) | 816.4M/s | ETA 4:26:03 | best -
[b2=29 b1=27 GPU] stage  53.9% (15207414010345/28237773109178) | 817.7M/s | ETA 4:25:36 | best -
[b2=29 b1=27 GPU] stage  53.9% (15209293058537/28237773109178) | 807.7M/s | ETA 4:28:50 | best -
[b2=29 b1=27 GPU] stage  53.9% (15211172106729/28237773109178) | 810.0M/s | ETA 4:28:01 | best -
[b2=29 b1=27 GPU] stage  53.9% (15213051154921/28237773109178) | 813.0M/s | ETA 4:27:00 | best -
[b2=29 b1=27 GPU] stage  53.9% (15214930203113/28237773109178) | 821.0M/s | ETA 4:24:22 | best -
[b2=29 b1=27 GPU] stage  53.9% (15216809251305/28237773109178) | 810.0M/s | ETA 4:27:55 | best -
[b2=29 b1=27 GPU] stage  53.9% (15218688299497/28237773109178) | 809.4M/s | ETA 4:28:05 | best -
[b2=29 b1=27 GPU] stage  53.9% (15220567347689/28237773109178) | 813.3M/s | ETA 4:26:44 | best -
[b2=29 b1=27 GPU] stage  53.9% (15222446395881/28237773109178) | 818.9M/s | ETA 4:24:53 | best -
[b2=29 b1=27 GPU] stage  53.9% (15224325444073/28237773109178) | 815.0M/s | ETA 4:26:07 | best -
[b2=29 b1=27 GPU] stage  53.9% (15226204492265/28237773109178) | 808.4M/s | ETA 4:28:14 | best -
[b2=29 b1=27 GPU] stage  53.9% (15228083540457/28237773109178) | 811.1M/s | ETA 4:27:18 | best -
[b2=29 b1=27 GPU] stage  53.9% (15229962588649/28237773109178) | 816.9M/s | ETA 4:25:22 | best -
[b2=29 b1=27 GPU] stage  53.9% (15231841636841/28237773109178) | 816.2M/s | ETA 4:25:34 | best -
[b2=29 b1=27 GPU] stage  53.9% (15233720685033/28237773109178) | 807.6M/s | ETA 4:28:22 | best -
[b2=29 b1=27 GPU] stage  54.0% (15235599733225/28237773109178) | 810.1M/s | ETA 4:27:30 | best -
[b2=29 b1=27 GPU] stage  54.0% (15237478781417/28237773109178) | 813.6M/s | ETA 4:26:18 | best -
[b2=29 b1=27 GPU] stage  54.0% (15239357829609/28237773109178) | 825.1M/s | ETA 4:22:32 | best -
[b2=29 b1=27 GPU] stage  54.0% (15241236877801/28237773109178) | 813.0M/s | ETA 4:26:26 | best -
[b2=29 b1=27 GPU] stage  54.0% (15243115925993/28237773109178) | 809.2M/s | ETA 4:27:39 | best -
[b2=29 b1=27 GPU] stage  54.0% (15244994974185/28237773109178) | 811.1M/s | ETA 4:26:58 | best -
[b2=29 b1=27 GPU] stage  54.0% (15246874022377/28237773109178) | 817.9M/s | ETA 4:24:43 | best -
[b2=29 b1=27 GPU] stage  54.0% (15248753070569/28237773109178) | 817.8M/s | ETA 4:24:43 | best -
[b2=29 b1=27 GPU] stage  54.0% (15250632118761/28237773109178) | 807.7M/s | ETA 4:27:58 | best -
[b2=29 b1=27 GPU] stage  54.0% (15252511166953/28237773109178) | 811.7M/s | ETA 4:26:37 | best -
[b2=29 b1=27 GPU] stage  54.0% (15254390215145/28237773109178) | 815.5M/s | ETA 4:25:20 | best -
[b2=29 b1=27 GPU] stage  54.0% (15256269263337/28237773109178) | 819.3M/s | ETA 4:24:03 | best -
[b2=29 b1=27 GPU] stage  54.0% (15258148311529/28237773109178) | 808.2M/s | ETA 4:27:39 | best -
[b2=29 b1=27 GPU] stage  54.0% (15260027359721/28237773109178) | 809.5M/s | ETA 4:27:11 | best -
[b2=29 b1=27 GPU] stage  54.0% (15261906407913/28237773109178) | 813.2M/s | ETA 4:25:56 | best -
[b2=29 b1=27 GPU] stage  54.1% (15263785456105/28237773109178) | 822.1M/s | ETA 4:23:02 | best -
[b2=29 b1=27 GPU] stage  54.1% (15265396068841/28237773109178) | 807.6M/s | ETA 4:27:43 | best -
[b2=29 b1=27 GPU] stage  54.1% (15267275117033/28237773109178) | 810.1M/s | ETA 4:26:50 | best -
[b2=29 b1=27 GPU] stage  54.1% (15269154165225/28237773109178) | 813.6M/s | ETA 4:25:39 | best -
[b2=29 b1=27 GPU] stage  54.1% (15271033213417/28237773109178) | 821.0M/s | ETA 4:23:14 | best -
[b2=29 b1=27 GPU] stage  54.1% (15272912261609/28237773109178) | 811.9M/s | ETA 4:26:08 | best -
[b2=29 b1=27 GPU] stage  54.1% (15274791309801/28237773109178) | 809.9M/s | ETA 4:26:46 | best -
[b2=29 b1=27 GPU] stage  54.1% (15276670357993/28237773109178) | 812.7M/s | ETA 4:25:47 | best -
[b2=29 b1=27 GPU] stage  54.1% (15278549406185/28237773109178) | 819.6M/s | ETA 4:23:30 | best -
[b2=29 b1=27 GPU] stage  54.1% (15280428454377/28237773109178) | 814.9M/s | ETA 4:25:00 | best -
[b2=29 b1=27 GPU] stage  54.1% (15282307502569/28237773109178) | 808.1M/s | ETA 4:27:11 | best -
[b2=29 b1=27 GPU] stage  54.1% (15284186550761/28237773109178) | 811.0M/s | ETA 4:26:12 | best -
[b2=29 b1=27 GPU] stage  54.1% (15286065598953/28237773109178) | 814.4M/s | ETA 4:25:02 | best -
[b2=29 b1=27 GPU] stage  54.1% (15287944647145/28237773109178) | 818.0M/s | ETA 4:23:50 | best -
[b2=29 b1=27 GPU] stage  54.1% (15289823695337/28237773109178) | 807.3M/s | ETA 4:27:19 | best -
[b2=29 b1=27 GPU] stage  54.2% (15291702743529/28237773109178) | 810.1M/s | ETA 4:26:21 | best -
[b2=29 b1=27 GPU] stage  54.2% (15293581791721/28237773109178) | 813.6M/s | ETA 4:25:10 | best -
[b2=29 b1=27 GPU] stage  54.2% (15295460839913/28237773109178) | 822.2M/s | ETA 4:22:20 | best -
[b2=29 b1=27 GPU] stage  54.2% (15297071452649/28237773109178) | 807.7M/s | ETA 4:27:00 | best -
[b2=29 b1=27 GPU] stage  54.2% (15298950500841/28237773109178) | 809.9M/s | ETA 4:26:15 | best -
[b2=29 b1=27 GPU] stage  54.2% (15300829549033/28237773109178) | 813.1M/s | ETA 4:25:11 | best -
[b2=29 b1=27 GPU] stage  54.2% (15302708597225/28237773109178) | 820.3M/s | ETA 4:22:48 | best -
[b2=29 b1=27 GPU] stage  54.2% (15304587645417/28237773109178) | 811.1M/s | ETA 4:25:45 | best -
[b2=29 b1=27 GPU] stage  54.2% (15306466693609/28237773109178) | 808.5M/s | ETA 4:26:33 | best -
[b2=29 b1=27 GPU] stage  54.2% (15308345741801/28237773109178) | 811.9M/s | ETA 4:25:23 | best -
[b2=29 b1=27 GPU] stage  54.2% (15310224789993/28237773109178) | 819.2M/s | ETA 4:23:00 | best -
[b2=29 b1=27 GPU] stage  54.2% (15312103838185/28237773109178) | 817.0M/s | ETA 4:23:41 | best -
[b2=29 b1=27 GPU] stage  54.2% (15313982886377/28237773109178) | 808.1M/s | ETA 4:26:33 | best -
[b2=29 b1=27 GPU] stage  54.2% (15315861934569/28237773109178) | 811.8M/s | ETA 4:25:17 | best -
[b2=29 b1=27 GPU] stage  54.2% (15317740982761/28237773109178) | 816.0M/s | ETA 4:23:54 | best -
[b2=29 b1=27 GPU] stage  54.3% (15319620030953/28237773109178) | 816.1M/s | ETA 4:23:49 | best -
[b2=29 b1=27 GPU] stage  54.3% (15321499079145/28237773109178) | 807.4M/s | ETA 4:26:37 | best -
[b2=29 b1=27 GPU] stage  54.3% (15323378127337/28237773109178) | 809.4M/s | ETA 4:25:56 | best -
[b2=29 b1=27 GPU] stage  54.3% (15325257175529/28237773109178) | 813.7M/s | ETA 4:24:29 | best -
[b2=29 b1=27 GPU] stage  54.3% (15327136223721/28237773109178) | 822.0M/s | ETA 4:21:46 | best -
[b2=29 b1=27 GPU] stage  54.3% (15329015271913/28237773109178) | 813.6M/s | ETA 4:24:26 | best -
[b2=29 b1=27 GPU] stage  54.3% (15330894320105/28237773109178) | 809.1M/s | ETA 4:25:53 | best -
[b2=29 b1=27 GPU] stage  54.3% (15332773368297/28237773109178) | 811.7M/s | ETA 4:24:58 | best -
[b2=29 b1=27 GPU] stage  54.3% (15334652416489/28237773109178) | 818.7M/s | ETA 4:22:40 | best -
[b2=29 b1=27 GPU] stage  54.3% (15336531464681/28237773109178) | 815.7M/s | ETA 4:23:35 | best -
[b2=29 b1=27 GPU] stage  54.3% (15338410512873/28237773109178) | 807.2M/s | ETA 4:26:19 | best -
[b2=29 b1=27 GPU] stage  54.3% (15340289561065/28237773109178) | 811.0M/s | ETA 4:25:04 | best -
[b2=29 b1=27 GPU] stage  54.3% (15342168609257/28237773109178) | 814.9M/s | ETA 4:23:43 | best -
[b2=29 b1=27 GPU] stage  54.3% (15344047657449/28237773109178) | 818.9M/s | ETA 4:22:24 | best -
[b2=29 b1=27 GPU] stage  54.3% (15345926705641/28237773109178) | 807.4M/s | ETA 4:26:06 | best -
[b2=29 b1=27 GPU] stage  54.4% (15347805753833/28237773109178) | 810.6M/s | ETA 4:25:01 | best -
[b2=29 b1=27 GPU] stage  54.4% (15349684802025/28237773109178) | 813.1M/s | ETA 4:24:10 | best -
[b2=29 b1=27 GPU] stage  54.4% (15351563850217/28237773109178) | 820.8M/s | ETA 4:21:38 | best -
[b2=29 b1=27 GPU] stage  54.4% (15353442898409/28237773109178) | 813.3M/s | ETA 4:24:02 | best -
[b2=29 b1=27 GPU] stage  54.4% (15355321946601/28237773109178) | 809.0M/s | ETA 4:25:24 | best -
[b2=29 b1=27 GPU] stage  54.4% (15357200994793/28237773109178) | 811.4M/s | ETA 4:24:33 | best -
[b2=29 b1=27 GPU] stage  54.4% (15359080042985/28237773109178) | 817.9M/s | ETA 4:22:26 | best -
[b2=29 b1=27 GPU] stage  54.4% (15360959091177/28237773109178) | 817.3M/s | ETA 4:22:36 | best -
[b2=29 b1=27 GPU] stage  54.4% (15362838139369/28237773109178) | 808.3M/s | ETA 4:25:28 | best -
[b2=29 b1=27 GPU] stage  54.4% (15364717187561/28237773109178) | 810.0M/s | ETA 4:24:53 | best -
[b2=29 b1=27 GPU] stage  54.4% (15366596235753/28237773109178) | 814.6M/s | ETA 4:23:19 | best -
[b2=29 b1=27 GPU] stage  54.4% (15368475283945/28237773109178) | 820.5M/s | ETA 4:21:25 | best -
[b2=29 b1=27 GPU] stage  54.4% (15370354332137/28237773109178) | 809.2M/s | ETA 4:25:01 | best -
[b2=29 b1=27 GPU] stage  54.4% (15372233380329/28237773109178) | 809.3M/s | ETA 4:24:56 | best -
[b2=29 b1=27 GPU] stage  54.4% (15374112428521/28237773109178) | 811.2M/s | ETA 4:24:18 | best -
[b2=29 b1=27 GPU] stage  54.5% (15375991476713/28237773109178) | 821.1M/s | ETA 4:21:04 | best -
[b2=29 b1=27 GPU] stage  54.5% (15377870524905/28237773109178) | 815.5M/s | ETA 4:22:49 | best -
[b2=29 b1=27 GPU] stage  54.5% (15379749573097/28237773109178) | 807.7M/s | ETA 4:25:19 | best -
[b2=29 b1=27 GPU] stage  54.5% (15381628621289/28237773109178) | 811.2M/s | ETA 4:24:08 | best -
[b2=29 b1=27 GPU] stage  54.5% (15383507669481/28237773109178) | 816.8M/s | ETA 4:22:16 | best -
[b2=29 b1=27 GPU] stage  54.5% (15385386717673/28237773109178) | 814.3M/s | ETA 4:23:02 | best -
[b2=29 b1=27 GPU] stage  54.5% (15387265765865/28237773109178) | 807.7M/s | ETA 4:25:10 | best -
[b2=29 b1=27 GPU] stage  54.5% (15389144814057/28237773109178) | 810.3M/s | ETA 4:24:16 | best -
[b2=29 b1=27 GPU] stage  54.5% (15391023862249/28237773109178) | 813.7M/s | ETA 4:23:07 | best -
[b2=29 b1=27 GPU] stage  54.5% (15392902910441/28237773109178) | 819.9M/s | ETA 4:21:06 | best -
[b2=29 b1=27 GPU] stage  54.5% (15394781958633/28237773109178) | 810.1M/s | ETA 4:24:13 | best -
[b2=29 b1=27 GPU] stage  54.5% (15396661006825/28237773109178) | 808.4M/s | ETA 4:24:44 | best -
[b2=29 b1=27 GPU] stage  54.5% (15398540055017/28237773109178) | 812.2M/s | ETA 4:23:28 | best -
[b2=29 b1=27 GPU] stage  54.5% (15400419103209/28237773109178) | 819.1M/s | ETA 4:21:12 | best -
[b2=29 b1=27 GPU] stage  54.5% (15402298151401/28237773109178) | 817.2M/s | ETA 4:21:46 | best -
[b2=29 b1=27 GPU] stage  54.6% (15404177199593/28237773109178) | 808.2M/s | ETA 4:24:38 | best -
[b2=29 b1=27 GPU] stage  54.6% (15406056247785/28237773109178) | 812.4M/s | ETA 4:23:14 | best -
[b2=29 b1=27 GPU] stage  54.6% (15407935295977/28237773109178) | 818.2M/s | ETA 4:21:20 | best -
[b2=29 b1=27 GPU] stage  54.6% (15409814344169/28237773109178) | 816.5M/s | ETA 4:21:51 | best -
[b2=29 b1=27 GPU] stage  54.6% (15411693392361/28237773109178) | 807.7M/s | ETA 4:24:40 | best -
[b2=29 b1=27 GPU] stage  54.6% (15413572440553/28237773109178) | 809.7M/s | ETA 4:23:59 | best -
[b2=29 b1=27 GPU] stage  54.6% (15415451488745/28237773109178) | 814.0M/s | ETA 4:22:32 | best -
[b2=29 b1=27 GPU] stage  54.6% (15417330536937/28237773109178) | 821.6M/s | ETA 4:20:03 | best -
[b2=29 b1=27 GPU] stage  54.6% (15419209585129/28237773109178) | 813.1M/s | ETA 4:22:45 | best -
[b2=29 b1=27 GPU] stage  54.6% (15421088633321/28237773109178) | 808.7M/s | ETA 4:24:08 | best -
[b2=29 b1=27 GPU] stage  54.6% (15422967681513/28237773109178) | 811.7M/s | ETA 4:23:07 | best -
[b2=29 b1=27 GPU] stage  54.6% (15424846729705/28237773109178) | 817.3M/s | ETA 4:21:17 | best -
[b2=29 b1=27 GPU] stage  54.6% (15426725777897/28237773109178) | 816.2M/s | ETA 4:21:35 | best -
[b2=29 b1=27 GPU] stage  54.6% (15428604826089/28237773109178) | 808.3M/s | ETA 4:24:07 | best -
[b2=29 b1=27 GPU] stage  54.6% (15430483874281/28237773109178) | 810.9M/s | ETA 4:23:14 | best -
[b2=29 b1=27 GPU] stage  54.7% (15432362922473/28237773109178) | 816.3M/s | ETA 4:21:26 | best -
[b2=29 b1=27 GPU] stage  54.7% (15434241970665/28237773109178) | 817.6M/s | ETA 4:21:00 | best -
[b2=29 b1=27 GPU] stage  54.7% (15436121018857/28237773109178) | 807.6M/s | ETA 4:24:11 | best -
[b2=29 b1=27 GPU] stage  54.7% (15438000067049/28237773109178) | 810.0M/s | ETA 4:23:22 | best -
[b2=29 b1=27 GPU] stage  54.7% (15439879115241/28237773109178) | 814.3M/s | ETA 4:21:55 | best -
[b2=29 b1=27 GPU] stage  54.7% (15441758163433/28237773109178) | 825.4M/s | ETA 4:18:22 | best -
[b2=29 b1=27 GPU] stage  54.7% (15443368776169/28237773109178) | 807.2M/s | ETA 4:24:11 | best -
[b2=29 b1=27 GPU] stage  54.7% (15445247824361/28237773109178) | 810.0M/s | ETA 4:23:12 | best -
[b2=29 b1=27 GPU] stage  54.7% (15447126872553/28237773109178) | 812.7M/s | ETA 4:22:18 | best -
[b2=29 b1=27 GPU] stage  54.7% (15449005920745/28237773109178) | 819.3M/s | ETA 4:20:09 | best -
[b2=29 b1=27 GPU] stage  54.7% (15450884968937/28237773109178) | 811.6M/s | ETA 4:22:35 | best -
[b2=29 b1=27 GPU] stage  54.7% (15452764017129/28237773109178) | 808.2M/s | ETA 4:23:38 | best -
[b2=29 b1=27 GPU] stage  54.7% (15454643065321/28237773109178) | 812.1M/s | ETA 4:22:20 | best -
[b2=29 b1=27 GPU] stage  54.7% (15456522113513/28237773109178) | 820.0M/s | ETA 4:19:47 | best -
[b2=29 b1=27 GPU] stage  54.7% (15458401161705/28237773109178) | 816.3M/s | ETA 4:20:55 | best -
[b2=29 b1=27 GPU] stage  54.8% (15460280209897/28237773109178) | 808.5M/s | ETA 4:23:23 | best -
[b2=29 b1=27 GPU] stage  54.8% (15462159258089/28237773109178) | 811.1M/s | ETA 4:22:31 | best -
[b2=29 b1=27 GPU] stage  54.8% (15464038306281/28237773109178) | 816.3M/s | ETA 4:20:48 | best -
[b2=29 b1=27 GPU] stage  54.8% (15465917354473/28237773109178) | 817.2M/s | ETA 4:20:28 | best -
[b2=29 b1=27 GPU] stage  54.8% (15467796402665/28237773109178) | 808.0M/s | ETA 4:23:24 | best -
[b2=29 b1=27 GPU] stage  54.8% (15469675450857/28237773109178) | 809.5M/s | ETA 4:22:53 | best -
[b2=29 b1=27 GPU] stage  54.8% (15471554499049/28237773109178) | 814.9M/s | ETA 4:21:06 | best -
[b2=29 b1=27 GPU] stage  54.8% (15473433547241/28237773109178) | 822.9M/s | ETA 4:18:30 | best -
[b2=29 b1=27 GPU] stage  54.8% (15475312595433/28237773109178) | 811.6M/s | ETA 4:22:04 | best -
[b2=29 b1=27 GPU] stage  54.8% (15477191643625/28237773109178) | 808.5M/s | ETA 4:23:03 | best -
[b2=29 b1=27 GPU] stage  54.8% (15479070691817/28237773109178) | 811.1M/s | ETA 4:22:10 | best -
[b2=29 b1=27 GPU] stage  54.8% (15480949740009/28237773109178) | 817.3M/s | ETA 4:20:08 | best -
[b2=29 b1=27 GPU] stage  54.8% (15482828788201/28237773109178) | 817.0M/s | ETA 4:20:11 | best -
[b2=29 b1=27 GPU] stage  54.8% (15484707836393/28237773109178) | 808.5M/s | ETA 4:22:52 | best -
[b2=29 b1=27 GPU] stage  54.8% (15486586884585/28237773109178) | 810.9M/s | ETA 4:22:05 | best -
[b2=29 b1=27 GPU] stage  54.9% (15488465932777/28237773109178) | 814.1M/s | ETA 4:21:00 | best -
[b2=29 b1=27 GPU] stage  54.9% (15490344980969/28237773109178) | 819.4M/s | ETA 4:19:17 | best -
[b2=29 b1=27 GPU] stage  54.9% (15492224029161/28237773109178) | 807.4M/s | ETA 4:23:04 | best -
[b2=29 b1=27 GPU] stage  54.9% (15494103077353/28237773109178) | 809.2M/s | ETA 4:22:27 | best -
[b2=29 b1=27 GPU] stage  54.9% (15495982125545/28237773109178) | 812.9M/s | ETA 4:21:15 | best -
[b2=29 b1=27 GPU] stage  54.9% (15497861173737/28237773109178) | 821.6M/s | ETA 4:18:26 | best -
[b2=29 b1=27 GPU] stage  54.9% (15499740221929/28237773109178) | 815.0M/s | ETA 4:20:28 | best -
[b2=29 b1=27 GPU] stage  54.9% (15501619270121/28237773109178) | 809.0M/s | ETA 4:22:23 | best -
[b2=29 b1=27 GPU] stage  54.9% (15503498318313/28237773109178) | 810.8M/s | ETA 4:21:45 | best -
[b2=29 b1=27 GPU] stage  54.9% (15505377366505/28237773109178) | 817.4M/s | ETA 4:19:35 | best -
[b2=29 b1=27 GPU] stage  54.9% (15507256414697/28237773109178) | 815.4M/s | ETA 4:20:12 | best -
[b2=29 b1=27 GPU] stage  54.9% (15509135462889/28237773109178) | 807.6M/s | ETA 4:22:40 | best -
[b2=29 b1=27 GPU] stage  54.9% (15511014511081/28237773109178) | 810.5M/s | ETA 4:21:42 | best -
[b2=29 b1=27 GPU] stage  54.9% (15512893559273/28237773109178) | 814.0M/s | ETA 4:20:33 | best -
[b2=29 b1=27 GPU] stage  54.9% (15514772607465/28237773109178) | 820.6M/s | ETA 4:18:25 | best -
[b2=29 b1=27 GPU] stage  54.9% (15516651655657/28237773109178) | 810.2M/s | ETA 4:21:42 | best -
[b2=29 b1=27 GPU] stage  55.0% (15518530703849/28237773109178) | 809.0M/s | ETA 4:22:02 | best -
[b2=29 b1=27 GPU] stage  55.0% (15520409752041/28237773109178) | 812.6M/s | ETA 4:20:49 | best -
[b2=29 b1=27 GPU] stage  55.0% (15522288800233/28237773109178) | 819.1M/s | ETA 4:18:43 | best -
[b2=29 b1=27 GPU] stage  55.0% (15524167848425/28237773109178) | 816.6M/s | ETA 4:19:28 | best -
[b2=29 b1=27 GPU] stage  55.0% (15526046896617/28237773109178) | 808.6M/s | ETA 4:22:00 | best -
[b2=29 b1=27 GPU] stage  55.0% (15527925944809/28237773109178) | 810.9M/s | ETA 4:21:13 | best -
[b2=29 b1=27 GPU] stage  55.0% (15529804993001/28237773109178) | 816.3M/s | ETA 4:19:27 | best -
[b2=29 b1=27 GPU] stage  55.0% (15531684041193/28237773109178) | 815.8M/s | ETA 4:19:35 | best -
[b2=29 b1=27 GPU] stage  55.0% (15533563089385/28237773109178) | 808.3M/s | ETA 4:21:57 | best -
[b2=29 b1=27 GPU] stage  55.0% (15535442137577/28237773109178) | 810.9M/s | ETA 4:21:05 | best -
[b2=29 b1=27 GPU] stage  55.0% (15537321185769/28237773109178) | 813.2M/s | ETA 4:20:18 | best -
[b2=29 b1=27 GPU] stage  55.0% (15539200233961/28237773109178) | 820.5M/s | ETA 4:17:57 | best -
[b2=29 b1=27 GPU] stage  55.0% (15541079282153/28237773109178) | 809.1M/s | ETA 4:21:31 | best -
[b2=29 b1=27 GPU] stage  55.0% (15542958330345/28237773109178) | 809.0M/s | ETA 4:21:32 | best -
[b2=29 b1=27 GPU] stage  55.0% (15544837378537/28237773109178) | 811.6M/s | ETA 4:20:38 | best -
[b2=29 b1=27 GPU] stage  55.1% (15546716426729/28237773109178) | 819.8M/s | ETA 4:18:00 | best -
[b2=29 b1=27 GPU] stage  55.1% (15548595474921/28237773109178) | 816.5M/s | ETA 4:19:00 | best -
[b2=29 b1=27 GPU] stage  55.1% (15550474523113/28237773109178) | 808.0M/s | ETA 4:21:41 | best -
[b2=29 b1=27 GPU] stage  55.1% (15552353571305/28237773109178) | 810.6M/s | ETA 4:20:48 | best -
[b2=29 b1=27 GPU] stage  55.1% (15554232619497/28237773109178) | 817.0M/s | ETA 4:18:45 | best -
[b2=29 b1=27 GPU] stage  55.1% (15556111667689/28237773109178) | 818.7M/s | ETA 4:18:10 | best -
[b2=29 b1=27 GPU] stage  55.1% (15557990715881/28237773109178) | 807.6M/s | ETA 4:21:40 | best -
[b2=29 b1=27 GPU] stage  55.1% (15559869764073/28237773109178) | 809.3M/s | ETA 4:21:04 | best -
[b2=29 b1=27 GPU] stage  55.1% (15561748812265/28237773109178) | 812.9M/s | ETA 4:19:53 | best -
[b2=29 b1=27 GPU] stage  55.1% (15563627860457/28237773109178) | 823.7M/s | ETA 4:16:26 | best -
[b2=29 b1=27 GPU] stage  55.1% (15565506908649/28237773109178) | 813.4M/s | ETA 4:19:38 | best -
[b2=29 b1=27 GPU] stage  55.1% (15567385956841/28237773109178) | 807.9M/s | ETA 4:21:23 | best -
[b2=29 b1=27 GPU] stage  55.1% (15569265005033/28237773109178) | 813.0M/s | ETA 4:19:41 | best -
[b2=29 b1=27 GPU] stage  55.1% (15571144053225/28237773109178) | 817.8M/s | ETA 4:18:09 | best -
[b2=29 b1=27 GPU] stage  55.1% (15573023101417/28237773109178) | 1349.8M/s | ETA 2:36:22 | best -
[b2=29 b1=27 GPU] stage  55.2% (15577586504169/28237773109178) | 2268.3M/s | ETA 1:33:01 | best -
[b2=29 b1=27 GPU] stage  55.2% (15582418342377/28237773109178) | 2282.3M/s | ETA 1:32:25 | best -
[b2=29 b1=27 GPU] stage  55.2% (15586981745129/28237773109178) | 2299.4M/s | ETA 1:31:41 | best -
[b2=29 b1=27 GPU] stage  55.2% (15591545147881/28237773109178) | 2267.9M/s | ETA 1:32:56 | best -
[b2=29 b1=27 GPU] stage  55.2% (15596376986089/28237773109178) | 2277.3M/s | ETA 1:32:31 | best -
[b2=29 b1=27 GPU] stage  55.2% (15600940388841/28237773109178) | 2299.9M/s | ETA 1:31:34 | best -
[b2=29 b1=27 GPU] stage  55.3% (15605503791593/28237773109178) | 2266.5M/s | ETA 1:32:53 | best -
[b2=29 b1=27 GPU] stage  55.3% (15610335629801/28237773109178) | 2271.3M/s | ETA 1:32:39 | best -
[b2=29 b1=27 GPU] stage  55.3% (15614899032553/28237773109178) | 2313.3M/s | ETA 1:30:56 | best -
[b2=29 b1=27 GPU] stage  55.3% (15619462435305/28237773109178) | 2264.6M/s | ETA 1:32:52 | best -
[b2=29 b1=27 GPU] stage  55.3% (15624294273513/28237773109178) | 2270.2M/s | ETA 1:32:36 | best -
[b2=29 b1=27 GPU] stage  55.3% (15628857676265/28237773109178) | 2292.7M/s | ETA 1:31:39 | best -
[b2=29 b1=27 GPU] stage  55.4% (15633421079017/28237773109178) | 2270.0M/s | ETA 1:32:32 | best -
[b2=29 b1=27 GPU] stage  55.4% (15637984481769/28237773109178) | 2268.0M/s | ETA 1:32:35 | best -
[b2=29 b1=27 GPU] stage  55.4% (15642547884521/28237773109178) | 2293.1M/s | ETA 1:31:32 | best -
[b2=29 b1=27 GPU] stage  55.4% (15647111287273/28237773109178) | 2267.4M/s | ETA 1:32:32 | best -
[b2=29 b1=27 GPU] stage  55.4% (15651943125481/28237773109178) | 2267.3M/s | ETA 1:32:31 | best -
[b2=29 b1=27 GPU] stage  55.4% (15656506528233/28237773109178) | 2308.4M/s | ETA 1:30:50 | best -
[b2=29 b1=27 GPU] stage  55.5% (15661069930985/28237773109178) | 2265.2M/s | ETA 1:32:32 | best -
[b2=29 b1=27 GPU] stage  55.5% (15665901769193/28237773109178) | 2271.7M/s | ETA 1:32:14 | best -
[b2=29 b1=27 GPU] stage  55.5% (15670733607401/28237773109178) | 2299.1M/s | ETA 1:31:06 | best -
[b2=29 b1=27 GPU] stage  55.5% (15675297010153/28237773109178) | 2266.9M/s | ETA 1:32:21 | best -
[b2=29 b1=27 GPU] stage  55.5% (15680128848361/28237773109178) | 2265.4M/s | ETA 1:32:23 | best -
[b2=29 b1=27 GPU] stage  55.5% (15684960686569/28237773109178) | 2282.9M/s | ETA 1:31:38 | best -
[b2=29 b1=27 GPU] stage  55.6% (15689524089321/28237773109178) | 2298.4M/s | ETA 1:30:59 | best -
[b2=29 b1=27 GPU] stage  55.6% (15694087492073/28237773109178) | 2264.0M/s | ETA 1:32:20 | best -
[b2=29 b1=27 GPU] stage  55.6% (15698919330281/28237773109178) | 2279.5M/s | ETA 1:31:40 | best -
[b2=29 b1=27 GPU] stage  55.6% (15703482733033/28237773109178) | 2305.0M/s | ETA 1:30:37 | best -
[b2=29 b1=27 GPU] stage  55.6% (15708046135785/28237773109178) | 2255.3M/s | ETA 1:32:35 | best -
[b2=29 b1=27 GPU] stage  55.6% (15712877973993/28237773109178) | 2268.3M/s | ETA 1:32:01 | best -
[b2=29 b1=27 GPU] stage  55.7% (15717441376745/28237773109178) | 2294.7M/s | ETA 1:30:56 | best -
[b2=29 b1=27 GPU] stage  55.7% (15722004779497/28237773109178) | 2263.4M/s | ETA 1:32:09 | best -
[b2=29 b1=27 GPU] stage  55.7% (15726836617705/28237773109178) | 2272.4M/s | ETA 1:31:45 | best -
[b2=29 b1=27 GPU] stage  55.7% (15731400020457/28237773109178) | 2315.3M/s | ETA 1:30:01 | best -
[b2=29 b1=27 GPU] stage  55.7% (15735963423209/28237773109178) | 2262.9M/s | ETA 1:32:04 | best -
[b2=29 b1=27 GPU] stage  55.7% (15740795261417/28237773109178) | 2265.2M/s | ETA 1:31:56 | best -
[b2=29 b1=27 GPU] stage  55.8% (15745358664169/28237773109178) | 2316.1M/s | ETA 1:29:53 | best -
[b2=29 b1=27 GPU] stage  55.8% (15749922066921/28237773109178) | 2267.6M/s | ETA 1:31:47 | best -
[b2=29 b1=27 GPU] stage  55.8% (15754753905129/28237773109178) | 2265.6M/s | ETA 1:31:49 | best -
[b2=29 b1=27 GPU] stage  55.8% (15759585743337/28237773109178) | 2290.8M/s | ETA 1:30:46 | best -
[b2=29 b1=27 GPU] stage  55.8% (15764149146089/28237773109178) | 2276.6M/s | ETA 1:31:18 | best -
[b2=29 b1=27 GPU] stage  55.8% (15768980984297/28237773109178) | 2264.8M/s | ETA 1:31:45 | best -
[b2=29 b1=27 GPU] stage  55.9% (15773812822505/28237773109178) | 2281.3M/s | ETA 1:31:03 | best -
[b2=29 b1=27 GPU] stage  55.9% (15778376225257/28237773109178) | 2301.7M/s | ETA 1:30:13 | best -
[b2=29 b1=27 GPU] stage  55.9% (15782939628009/28237773109178) | 2268.6M/s | ETA 1:31:30 | best -
[b2=29 b1=27 GPU] stage  55.9% (15787503030761/28237773109178) | 2278.7M/s | ETA 1:31:03 | best -
[b2=29 b1=27 GPU] stage  55.9% (15792066433513/28237773109178) | 2302.6M/s | ETA 1:30:05 | best -
[b2=29 b1=27 GPU] stage  55.9% (15796629836265/28237773109178) | 2270.6M/s | ETA 1:31:19 | best -
[b2=29 b1=27 GPU] stage  56.0% (15801461674473/28237773109178) | 2273.8M/s | ETA 1:31:09 | best -
[b2=29 b1=27 GPU] stage  56.0% (15806025077225/28237773109178) | 2310.4M/s | ETA 1:29:40 | best -
[b2=29 b1=27 GPU] stage  56.0% (15810588479977/28237773109178) | 2263.2M/s | ETA 1:31:30 | best -
[b2=29 b1=27 GPU] stage  56.0% (15815420318185/28237773109178) | 2277.7M/s | ETA 1:30:53 | best -
[b2=29 b1=27 GPU] stage  56.0% (15819983720937/28237773109178) | 2295.7M/s | ETA 1:30:09 | best -
[b2=29 b1=27 GPU] stage  56.0% (15824547123689/28237773109178) | 2266.3M/s | ETA 1:31:17 | best -
[b2=29 b1=27 GPU] stage  56.1% (15829378961897/28237773109178) | 2267.8M/s | ETA 1:31:11 | best -
[b2=29 b1=27 GPU] stage  56.1% (15833942364649/28237773109178) | 2307.1M/s | ETA 1:29:36 | best -
[b2=29 b1=27 GPU] stage  56.1% (15838505767401/28237773109178) | 2263.2M/s | ETA 1:31:18 | best -
[b2=29 b1=27 GPU] stage  56.1% (15843069170153/28237773109178) | 2265.9M/s | ETA 1:31:10 | best -
[b2=29 b1=27 GPU] stage  56.1% (15847632572905/28237773109178) | 2302.7M/s | ETA 1:29:40 | best -
[b2=29 b1=27 GPU] stage  56.1% (15852195975657/28237773109178) | 2265.1M/s | ETA 1:31:08 | best -
[b2=29 b1=27 GPU] stage  56.2% (15857027813865/28237773109178) | 2264.9M/s | ETA 1:31:06 | best -
[b2=29 b1=27 GPU] stage  56.2% (15861859652073/28237773109178) | 2302.1M/s | ETA 1:29:35 | best -
[b2=29 b1=27 GPU] stage  56.2% (15866423054825/28237773109178) | 2268.2M/s | ETA 1:30:54 | best -
[b2=29 b1=27 GPU] stage  56.2% (15871254893033/28237773109178) | 2270.9M/s | ETA 1:30:45 | best -
[b2=29 b1=27 GPU] stage  56.2% (15876086731241/28237773109178) | 2283.8M/s | ETA 1:30:12 | best -
[b2=29 b1=27 GPU] stage  56.2% (15880650133993/28237773109178) | 2289.8M/s | ETA 1:29:56 | best -
[b2=29 b1=27 GPU] stage  56.3% (15885213536745/28237773109178) | 2269.5M/s | ETA 1:30:42 | best -
[b2=29 b1=27 GPU] stage  56.3% (15890045374953/28237773109178) | 2277.3M/s | ETA 1:30:22 | best -
[b2=29 b1=27 GPU] stage  56.3% (15894608777705/28237773109178) | 2295.8M/s | ETA 1:29:36 | best -
[b2=29 b1=27 GPU] stage  56.3% (15899172180457/28237773109178) | 2267.5M/s | ETA 1:30:41 | best -
[b2=29 b1=27 GPU] stage  56.3% (15904004018665/28237773109178) | 2279.9M/s | ETA 1:30:09 | best -
[b2=29 b1=27 GPU] stage  56.3% (15908567421417/28237773109178) | 2302.8M/s | ETA 1:29:14 | best -
[b2=29 b1=27 GPU] stage  56.4% (15913130824169/28237773109178) | 2268.8M/s | ETA 1:30:32 | best -
[b2=29 b1=27 GPU] stage  56.4% (15917962662377/28237773109178) | 2275.3M/s | ETA 1:30:14 | best -
[b2=29 b1=27 GPU] stage  56.4% (15922526065129/28237773109178) | 2307.0M/s | ETA 1:28:58 | best -
[b2=29 b1=27 GPU] stage  56.4% (15927089467881/28237773109178) | 2268.8M/s | ETA 1:30:25 | best -
[b2=29 b1=27 GPU] stage  56.4% (15931921306089/28237773109178) | 2265.8M/s | ETA 1:30:31 | best -
[b2=29 b1=27 GPU] stage  56.4% (15936484708841/28237773109178) | 2313.0M/s | ETA 1:28:38 | best -
[b2=29 b1=27 GPU] stage  56.5% (15941048111593/28237773109178) | 2264.4M/s | ETA 1:30:30 | best -
[b2=29 b1=27 GPU] stage  56.5% (15945879949801/28237773109178) | 2269.4M/s | ETA 1:30:16 | best -
[b2=29 b1=27 GPU] stage  56.5% (15950711788009/28237773109178) | 2308.3M/s | ETA 1:28:43 | best -
[b2=29 b1=27 GPU] stage  56.5% (15955275190761/28237773109178) | 2264.8M/s | ETA 1:30:23 | best -
[b2=29 b1=27 GPU] stage  56.5% (15960107028969/28237773109178) | 2272.1M/s | ETA 1:30:03 | best -
[b2=29 b1=27 GPU] stage  56.5% (15964938867177/28237773109178) | 2280.4M/s | ETA 1:29:41 | best -
[b2=29 b1=27 GPU] stage  56.6% (15969502269929/28237773109178) | 2299.5M/s | ETA 1:28:55 | best -
[b2=29 b1=27 GPU] stage  56.6% (15974065672681/28237773109178) | 2264.9M/s | ETA 1:30:14 | best -
[b2=29 b1=27 GPU] stage  56.6% (15978897510889/28237773109178) | 2279.4M/s | ETA 1:29:38 | best -
[b2=29 b1=27 GPU] stage  56.6% (15983460913641/28237773109178) | 2300.0M/s | ETA 1:28:47 | best -
[b2=29 b1=27 GPU] stage  56.6% (15988024316393/28237773109178) | 2265.5M/s | ETA 1:30:07 | best -
[b2=29 b1=27 GPU] stage  56.6% (15992856154601/28237773109178) | 2274.3M/s | ETA 1:29:43 | best -
[b2=29 b1=27 GPU] stage  56.7% (15997419557353/28237773109178) | 2298.0M/s | ETA 1:28:46 | best -
[b2=29 b1=27 GPU] stage  56.7% (16001982960105/28237773109178) | 2268.5M/s | ETA 1:29:53 | best -
[b2=29 b1=27 GPU] stage  56.7% (16006814798313/28237773109178) | 2271.2M/s | ETA 1:29:45 | best -
[b2=29 b1=27 GPU] stage  56.7% (16011378201065/28237773109178) | 2306.8M/s | ETA 1:28:20 | best -
[b2=29 b1=27 GPU] stage  56.7% (16015941603817/28237773109178) | 2260.7M/s | ETA 1:30:06 | best -
[b2=29 b1=27 GPU] stage  56.7% (16020773442025/28237773109178) | 2272.4M/s | ETA 1:29:36 | best -
[b2=29 b1=27 GPU] stage  56.8% (16025605280233/28237773109178) | 2314.6M/s | ETA 1:27:56 | best -
[b2=29 b1=27 GPU] stage  56.8% (16030168682985/28237773109178) | 2265.9M/s | ETA 1:29:47 | best -
[b2=29 b1=27 GPU] stage  56.8% (16035000521193/28237773109178) | 2285.2M/s | ETA 1:28:59 | best -
[b2=29 b1=27 GPU] stage  56.8% (16039563923945/28237773109178) | 2272.2M/s | ETA 1:29:28 | best -
[b2=29 b1=27 GPU] stage  56.8% (16044395762153/28237773109178) | 2266.4M/s | ETA 1:29:40 | best -
[b2=29 b1=27 GPU] stage  56.8% (16049227600361/28237773109178) | 2276.5M/s | ETA 1:29:13 | best -
[b2=29 b1=27 GPU] stage  56.9% (16053791003113/28237773109178) | 2304.2M/s | ETA 1:28:07 | best -
[b2=29 b1=27 GPU] stage  56.9% (16058354405865/28237773109178) | 2270.0M/s | ETA 1:29:25 | best -
[b2=29 b1=27 GPU] stage  56.9% (16063186244073/28237773109178) | 2260.0M/s | ETA 1:29:47 | best -
[b2=29 b1=27 GPU] stage  56.9% (16067749646825/28237773109178) | 2257.7M/s | ETA 1:29:50 | best -
[b2=29 b1=27 GPU] stage  56.9% (16072313049577/28237773109178) | 2257.3M/s | ETA 1:29:49 | best -
[b2=29 b1=27 GPU] stage  56.9% (16076876452329/28237773109178) | 2269.3M/s | ETA 1:29:18 | best -
[b2=29 b1=27 GPU] stage  57.0% (16081439855081/28237773109178) | 2284.3M/s | ETA 1:28:41 | best -
[b2=29 b1=27 GPU] stage  57.0% (16086003257833/28237773109178) | 2264.0M/s | ETA 1:29:27 | best -
[b2=29 b1=27 GPU] stage  57.0% (16090566660585/28237773109178) | 2267.6M/s | ETA 1:29:16 | best -
[b2=29 b1=27 GPU] stage  57.0% (16095130063337/28237773109178) | 2284.4M/s | ETA 1:28:35 | best -
[b2=29 b1=27 GPU] stage  57.0% (16099693466089/28237773109178) | 2264.6M/s | ETA 1:29:20 | best -
[b2=29 b1=27 GPU] stage  57.0% (16104256868841/28237773109178) | 2269.9M/s | ETA 1:29:05 | best -
[b2=29 b1=27 GPU] stage  57.0% (16108820271593/28237773109178) | 2280.8M/s | ETA 1:28:37 | best -
[b2=29 b1=27 GPU] stage  57.1% (16113383674345/28237773109178) | 2265.8M/s | ETA 1:29:10 | best -
[b2=29 b1=27 GPU] stage  57.1% (16117947077097/28237773109178) | 2264.4M/s | ETA 1:29:12 | best -
[b2=29 b1=27 GPU] stage  57.1% (16122510479849/28237773109178) | 2282.0M/s | ETA 1:28:28 | best -
[b2=29 b1=27 GPU] stage  57.1% (16127073882601/28237773109178) | 2266.5M/s | ETA 1:29:03 | best -
[b2=29 b1=27 GPU] stage  57.1% (16131637285353/28237773109178) | 2268.8M/s | ETA 1:28:55 | best -
[b2=29 b1=27 GPU] stage  57.1% (16136200688105/28237773109178) | 2280.1M/s | ETA 1:28:27 | best -
[b2=29 b1=27 GPU] stage  57.2% (16140764090857/28237773109178) | 2260.1M/s | ETA 1:29:12 | best -
[b2=29 b1=27 GPU] stage  57.2% (16145327493609/28237773109178) | 2267.5M/s | ETA 1:28:52 | best -
[b2=29 b1=27 GPU] stage  57.2% (16149890896361/28237773109178) | 2284.8M/s | ETA 1:28:10 | best -
[b2=29 b1=27 GPU] stage  57.2% (16154454299113/28237773109178) | 2260.0M/s | ETA 1:29:06 | best -
[b2=29 b1=27 GPU] stage  57.2% (16159017701865/28237773109178) | 2268.2M/s | ETA 1:28:45 | best -
[b2=29 b1=27 GPU] stage  57.2% (16163581104617/28237773109178) | 2286.3M/s | ETA 1:28:01 | best -
[b2=29 b1=27 GPU] stage  57.3% (16168144507369/28237773109178) | 2266.1M/s | ETA 1:28:46 | best -
[b2=29 b1=27 GPU] stage  57.3% (16172707910121/28237773109178) | 2266.7M/s | ETA 1:28:42 | best -
[b2=29 b1=27 GPU] stage  57.3% (16177271312873/28237773109178) | 2282.2M/s | ETA 1:28:04 | best -
[b2=29 b1=27 GPU] stage  57.3% (16181834715625/28237773109178) | 2260.7M/s | ETA 1:28:52 | best -
[b2=29 b1=27 GPU] stage  57.3% (16186398118377/28237773109178) | 2263.0M/s | ETA 1:28:45 | best -
[b2=29 b1=27 GPU] stage  57.3% (16190961521129/28237773109178) | 2285.8M/s | ETA 1:27:50 | best -
[b2=29 b1=27 GPU] stage  57.4% (16195524923881/28237773109178) | 2262.3M/s | ETA 1:28:42 | best -
[b2=29 b1=27 GPU] stage  57.4% (16200088326633/28237773109178) | 2267.6M/s | ETA 1:28:28 | best -
[b2=29 b1=27 GPU] stage  57.4% (16204651729385/28237773109178) | 2293.1M/s | ETA 1:27:27 | best -
[b2=29 b1=27 GPU] stage  57.4% (16209215132137/28237773109178) | 2270.8M/s | ETA 1:28:17 | best -
[b2=29 b1=27 GPU] stage  57.4% (16213778534889/28237773109178) | 2264.0M/s | ETA 1:28:31 | best -
[b2=29 b1=27 GPU] stage  57.4% (16218341937641/28237773109178) | 2291.6M/s | ETA 1:27:24 | best -
[b2=29 b1=27 GPU] stage  57.5% (16222905340393/28237773109178) | 2266.9M/s | ETA 1:28:20 | best -
[b2=29 b1=27 GPU] stage  57.5% (16227468743145/28237773109178) | 2265.4M/s | ETA 1:28:21 | best -
[b2=29 b1=27 GPU] stage  57.5% (16232032145897/28237773109178) | 2294.0M/s | ETA 1:27:13 | best -
[b2=29 b1=27 GPU] stage  57.5% (16236595548649/28237773109178) | 2271.3M/s | ETA 1:28:03 | best -
[b2=29 b1=27 GPU] stage  57.5% (16241158951401/28237773109178) | 2270.0M/s | ETA 1:28:04 | best -
[b2=29 b1=27 GPU] stage  57.5% (16245722354153/28237773109178) | 2289.5M/s | ETA 1:27:17 | best -
[b2=29 b1=27 GPU] stage  57.5% (16250285756905/28237773109178) | 2268.9M/s | ETA 1:28:03 | best -
[b2=29 b1=27 GPU] stage  57.6% (16254849159657/28237773109178) | 2269.4M/s | ETA 1:28:00 | best -
[b2=29 b1=27 GPU] stage  57.6% (16259412562409/28237773109178) | 2292.4M/s | ETA 1:27:05 | best -
[b2=29 b1=27 GPU] stage  57.6% (16263975965161/28237773109178) | 2270.7M/s | ETA 1:27:53 | best -
[b2=29 b1=27 GPU] stage  57.6% (16268539367913/28237773109178) | 2255.4M/s | ETA 1:28:26 | best -
[b2=29 b1=27 GPU] stage  57.6% (16273102770665/28237773109178) | 2271.5M/s | ETA 1:27:47 | best -
[b2=29 b1=27 GPU] stage  57.6% (16277666173417/28237773109178) | 2268.2M/s | ETA 1:27:53 | best -
[b2=29 b1=27 GPU] stage  57.7% (16282229576169/28237773109178) | 2259.7M/s | ETA 1:28:10 | best -
[b2=29 b1=27 GPU] stage  57.7% (16286792978921/28237773109178) | 2287.6M/s | ETA 1:27:04 | best -
[b2=29 b1=27 GPU] stage  57.7% (16291356381673/28237773109178) | 2261.1M/s | ETA 1:28:03 | best -
[b2=29 b1=27 GPU] stage  57.7% (16295919784425/28237773109178) | 2263.1M/s | ETA 1:27:56 | best -
[b2=29 b1=27 GPU] stage  57.7% (16300483187177/28237773109178) | 2284.1M/s | ETA 1:27:06 | best -
[b2=29 b1=27 GPU] stage  57.7% (16305046589929/28237773109178) | 2268.1M/s | ETA 1:27:41 | best -
[b2=29 b1=27 GPU] stage  57.8% (16309609992681/28237773109178) | 2263.6M/s | ETA 1:27:49 | best -
[b2=29 b1=27 GPU] stage  57.8% (16314173395433/28237773109178) | 2280.7M/s | ETA 1:27:08 | best -
[b2=29 b1=27 GPU] stage  57.8% (16318736798185/28237773109178) | 2277.0M/s | ETA 1:27:14 | best -
[b2=29 b1=27 GPU] stage  57.8% (16323300200937/28237773109178) | 2267.3M/s | ETA 1:27:34 | best -
[b2=29 b1=27 GPU] stage  57.8% (16327863603689/28237773109178) | 2283.0M/s | ETA 1:26:56 | best -
[b2=29 b1=27 GPU] stage  57.8% (16332427006441/28237773109178) | 2274.7M/s | ETA 1:27:13 | best -
[b2=29 b1=27 GPU] stage  57.9% (16336990409193/28237773109178) | 2265.1M/s | ETA 1:27:34 | best -
[b2=29 b1=27 GPU] stage  57.9% (16341553811945/28237773109178) | 2282.0M/s | ETA 1:26:53 | best -
[b2=29 b1=27 GPU] stage  57.9% (16346117214697/28237773109178) | 2279.0M/s | ETA 1:26:57 | best -
[b2=29 b1=27 GPU] stage  57.9% (16350680617449/28237773109178) | 2266.1M/s | ETA 1:27:25 | best -
[b2=29 b1=27 GPU] stage  57.9% (16355244020201/28237773109178) | 2276.5M/s | ETA 1:26:59 | best -
[b2=29 b1=27 GPU] stage  57.9% (16359807422953/28237773109178) | 2284.9M/s | ETA 1:26:38 | best -
[b2=29 b1=27 GPU] stage  58.0% (16364370825705/28237773109178) | 2265.7M/s | ETA 1:27:20 | best -
[b2=29 b1=27 GPU] stage  58.0% (16368934228457/28237773109178) | 2283.1M/s | ETA 1:26:38 | best -
[b2=29 b1=27 GPU] stage  58.0% (16373497631209/28237773109178) | 2295.2M/s | ETA 1:26:09 | best -
[b2=29 b1=27 GPU] stage  58.0% (16378061033961/28237773109178) | 2275.5M/s | ETA 1:26:51 | best -
[b2=29 b1=27 GPU] stage  58.0% (16382892872169/28237773109178) | 2279.9M/s | ETA 1:26:39 | best -
[b2=29 b1=27 GPU] stage  58.0% (16387456274921/28237773109178) | 2306.6M/s | ETA 1:25:37 | best -
[b2=29 b1=27 GPU] stage  58.0% (16392019677673/28237773109178) | 2264.8M/s | ETA 1:27:10 | best -
[b2=29 b1=27 GPU] stage  58.1% (16396583080425/28237773109178) | 2273.2M/s | ETA 1:26:49 | best -
[b2=29 b1=27 GPU] stage  58.1% (16401146483177/28237773109178) | 2307.2M/s | ETA 1:25:30 | best -
[b2=29 b1=27 GPU] stage  58.1% (16405709885929/28237773109178) | 2266.3M/s | ETA 1:27:00 | best -
[b2=29 b1=27 GPU] stage  58.1% (16410273288681/28237773109178) | 2270.9M/s | ETA 1:26:48 | best -
[b2=29 b1=27 GPU] stage  58.1% (16414836691433/28237773109178) | 2302.3M/s | ETA 1:25:35 | best -
[b2=29 b1=27 GPU] stage  58.1% (16419400094185/28237773109178) | 2265.5M/s | ETA 1:26:56 | best -
[b2=29 b1=27 GPU] stage  58.2% (16424231932393/28237773109178) | 2275.8M/s | ETA 1:26:30 | best -
[b2=29 b1=27 GPU] stage  58.2% (16428795335145/28237773109178) | 2298.3M/s | ETA 1:25:38 | best -
[b2=29 b1=27 GPU] stage  58.2% (16433358737897/28237773109178) | 2266.0M/s | ETA 1:26:49 | best -
[b2=29 b1=27 GPU] stage  58.2% (16438190576105/28237773109178) | 2271.3M/s | ETA 1:26:35 | best -
[b2=29 b1=27 GPU] stage  58.2% (16442753978857/28237773109178) | 2313.0M/s | ETA 1:24:59 | best -
[b2=29 b1=27 GPU] stage  58.2% (16447317381609/28237773109178) | 2263.7M/s | ETA 1:26:48 | best -
[b2=29 b1=27 GPU] stage  58.3% (16452149219817/28237773109178) | 2274.6M/s | ETA 1:26:21 | best -
[b2=29 b1=27 GPU] stage  58.3% (16456712622569/28237773109178) | 2314.1M/s | ETA 1:24:50 | best -
[b2=29 b1=27 GPU] stage  58.3% (16461276025321/28237773109178) | 2269.0M/s | ETA 1:26:30 | best -
[b2=29 b1=27 GPU] stage  58.3% (16466107863529/28237773109178) | 2265.7M/s | ETA 1:26:35 | best -
[b2=29 b1=27 GPU] stage  58.3% (16470939701737/28237773109178) | 2294.3M/s | ETA 1:25:28 | best -
[b2=29 b1=27 GPU] stage  58.3% (16475503104489/28237773109178) | 2278.4M/s | ETA 1:26:02 | best -
[b2=29 b1=27 GPU] stage  58.4% (16480066507241/28237773109178) | 2260.6M/s | ETA 1:26:41 | best -
[b2=29 b1=27 GPU] stage  58.4% (16484898345449/28237773109178) | 2279.0M/s | ETA 1:25:57 | best -
[b2=29 b1=27 GPU] stage  58.4% (16489461748201/28237773109178) | 2290.9M/s | ETA 1:25:28 | best -
[b2=29 b1=27 GPU] stage  58.4% (16494025150953/28237773109178) | 2265.5M/s | ETA 1:26:23 | best -
[b2=29 b1=27 GPU] stage  58.4% (16498856989161/28237773109178) | 2275.9M/s | ETA 1:25:57 | best -
[b2=29 b1=27 GPU] stage  58.4% (16503420391913/28237773109178) | 2300.9M/s | ETA 1:24:59 | best -
[b2=29 b1=27 GPU] stage  58.5% (16507983794665/28237773109178) | 2266.8M/s | ETA 1:26:14 | best -
[b2=29 b1=27 GPU] stage  58.5% (16512815632873/28237773109178) | 2274.9M/s | ETA 1:25:53 | best -
[b2=29 b1=27 GPU] stage  58.5% (16517379035625/28237773109178) | 2303.6M/s | ETA 1:24:47 | best -
[b2=29 b1=27 GPU] stage  58.5% (16521942438377/28237773109178) | 2260.5M/s | ETA 1:26:22 | best -
[b2=29 b1=27 GPU] stage  58.5% (16526774276585/28237773109178) | 2267.9M/s | ETA 1:26:03 | best -
[b2=29 b1=27 GPU] stage  58.5% (16531337679337/28237773109178) | 2282.1M/s | ETA 1:25:29 | best -
[b2=29 b1=27 GPU] stage  58.6% (16535901082089/28237773109178) | 2267.2M/s | ETA 1:26:01 | best -
[b2=29 b1=27 GPU] stage  58.6% (16540464484841/28237773109178) | 2266.9M/s | ETA 1:26:00 | best -
[b2=29 b1=27 GPU] stage  58.6% (16545027887593/28237773109178) | 2308.3M/s | ETA 1:24:25 | best -
[b2=29 b1=27 GPU] stage  58.6% (16549591290345/28237773109178) | 2267.4M/s | ETA 1:25:54 | best -
[b2=29 b1=27 GPU] stage  58.6% (16554423128553/28237773109178) | 2269.7M/s | ETA 1:25:47 | best -
[b2=29 b1=27 GPU] stage  58.6% (16558986531305/28237773109178) | 2311.1M/s | ETA 1:24:13 | best -
[b2=29 b1=27 GPU] stage  58.7% (16563549934057/28237773109178) | 2266.0M/s | ETA 1:25:51 | best -
[b2=29 b1=27 GPU] stage  58.7% (16568381772265/28237773109178) | 2265.0M/s | ETA 1:25:51 | best -
[b2=29 b1=27 GPU] stage  58.7% (16572945175017/28237773109178) | 2311.4M/s | ETA 1:24:06 | best -
[b2=29 b1=27 GPU] stage  58.7% (16577508577769/28237773109178) | 2270.7M/s | ETA 1:25:35 | best -
[b2=29 b1=27 GPU] stage  58.7% (16582071980521/28237773109178) | 2265.9M/s | ETA 1:25:43 | best -
[b2=29 b1=27 GPU] stage  58.7% (16586903818729/28237773109178) | 2297.2M/s | ETA 1:24:31 | best -
[b2=29 b1=27 GPU] stage  58.8% (16591467221481/28237773109178) | 2273.1M/s | ETA 1:25:23 | best -
[b2=29 b1=27 GPU] stage  58.8% (16596299059689/28237773109178) | 2268.4M/s | ETA 1:25:32 | best -
[b2=29 b1=27 GPU] stage  58.8% (16601130897897/28237773109178) | 2283.0M/s | ETA 1:24:57 | best -
[b2=29 b1=27 GPU] stage  58.8% (16605694300649/28237773109178) | 2296.9M/s | ETA 1:24:24 | best -
[b2=29 b1=27 GPU] stage  58.8% (16610257703401/28237773109178) | 2266.5M/s | ETA 1:25:30 | best -
[b2=29 b1=27 GPU] stage  58.8% (16615089541609/28237773109178) | 2276.9M/s | ETA 1:25:04 | best -
[b2=29 b1=27 GPU] stage  58.9% (16619652944361/28237773109178) | 2305.4M/s | ETA 1:23:59 | best -
[b2=29 b1=27 GPU] stage  58.9% (16624216347113/28237773109178) | 2267.4M/s | ETA 1:25:22 | best -
[b2=29 b1=27 GPU] stage  58.9% (16629048185321/28237773109178) | 2273.2M/s | ETA 1:25:06 | best -
[b2=29 b1=27 GPU] stage  58.9% (16633611588073/28237773109178) | 2301.7M/s | ETA 1:24:01 | best -
[b2=29 b1=27 GPU] stage  58.9% (16638174990825/28237773109178) | 2268.9M/s | ETA 1:25:12 | best -
[b2=29 b1=27 GPU] stage  58.9% (16642738393577/28237773109178) | 2268.7M/s | ETA 1:25:10 | best -
[b2=29 b1=27 GPU] stage  59.0% (16647301796329/28237773109178) | 2299.8M/s | ETA 1:23:59 | best -
[b2=29 b1=27 GPU] stage  59.0% (16651865199081/28237773109178) | 2267.0M/s | ETA 1:25:10 | best -
[b2=29 b1=27 GPU] stage  59.0% (16656697037289/28237773109178) | 2273.0M/s | ETA 1:24:55 | best -
[b2=29 b1=27 GPU] stage  59.0% (16661260440041/28237773109178) | 2299.4M/s | ETA 1:23:54 | best -
[b2=29 b1=27 GPU] stage  59.0% (16665823842793/28237773109178) | 2268.8M/s | ETA 1:25:00 | best -
[b2=29 b1=27 GPU] stage  59.0% (16670387245545/28237773109178) | 2268.6M/s | ETA 1:24:59 | best -
[b2=29 b1=27 GPU] stage  59.1% (16674950648297/28237773109178) | 2309.3M/s | ETA 1:23:27 | best -
[b2=29 b1=27 GPU] stage  59.1% (16679514051049/28237773109178) | 2267.1M/s | ETA 1:24:58 | best -
[b2=29 b1=27 GPU] stage  59.1% (16684077453801/28237773109178) | 2245.9M/s | ETA 1:25:44 | best -
[b2=29 b1=27 GPU] stage  59.1% (16688640856553/28237773109178) | 2291.4M/s | ETA 1:24:00 | best -
[b2=29 b1=27 GPU] stage  59.1% (16693204259305/28237773109178) | 2256.5M/s | ETA 1:25:16 | best -
[b2=29 b1=27 GPU] stage  59.1% (16698036097513/28237773109178) | 2264.7M/s | ETA 1:24:55 | best -
[b2=29 b1=27 GPU] stage  59.2% (16702867935721/28237773109178) | 2301.7M/s | ETA 1:23:31 | best -
[b2=29 b1=27 GPU] stage  59.2% (16707431338473/28237773109178) | 2266.8M/s | ETA 1:24:46 | best -
[b2=29 b1=27 GPU] stage  59.2% (16712263176681/28237773109178) | 2259.8M/s | ETA 1:25:00 | best -
[b2=29 b1=27 GPU] stage  59.2% (16717095014889/28237773109178) | 2284.6M/s | ETA 1:24:02 | best -
[b2=29 b1=27 GPU] stage  59.2% (16721658417641/28237773109178) | 2298.1M/s | ETA 1:23:31 | best -
[b2=29 b1=27 GPU] stage  59.2% (16726221820393/28237773109178) | 2266.5M/s | ETA 1:24:39 | best -
[b2=29 b1=27 GPU] stage  59.3% (16731053658601/28237773109178) | 2278.4M/s | ETA 1:24:10 | best -
[b2=29 b1=27 GPU] stage  59.3% (16735617061353/28237773109178) | 2308.3M/s | ETA 1:23:02 | best -
[b2=29 b1=27 GPU] stage  59.3% (16740180464105/28237773109178) | 2261.3M/s | ETA 1:24:44 | best -
[b2=29 b1=27 GPU] stage  59.3% (16745012302313/28237773109178) | 2269.6M/s | ETA 1:24:23 | best -
[b2=29 b1=27 GPU] stage  59.3% (16749575705065/28237773109178) | 2301.6M/s | ETA 1:23:11 | best -
[b2=29 b1=27 GPU] stage  59.3% (16754139107817/28237773109178) | 2273.2M/s | ETA 1:24:11 | best -
[b2=29 b1=27 GPU] stage  59.3% (16758970946025/28237773109178) | 2275.0M/s | ETA 1:24:05 | best -
[b2=29 b1=27 GPU] stage  59.4% (16763534348777/28237773109178) | 2296.6M/s | ETA 1:23:16 | best -
[b2=29 b1=27 GPU] stage  59.4% (16768097751529/28237773109178) | 2267.9M/s | ETA 1:24:17 | best -
[b2=29 b1=27 GPU] stage  59.4% (16772929589737/28237773109178) | 2266.8M/s | ETA 1:24:17 | best -
[b2=29 b1=27 GPU] stage  59.4% (16777492992489/28237773109178) | 2310.2M/s | ETA 1:22:40 | best -
[b2=29 b1=27 GPU] stage  59.4% (16782056395241/28237773109178) | 2270.4M/s | ETA 1:24:05 | best -
[b2=29 b1=27 GPU] stage  59.4% (16786888233449/28237773109178) | 2272.3M/s | ETA 1:23:59 | best -
[b2=29 b1=27 GPU] stage  59.5% (16791720071657/28237773109178) | 2302.1M/s | ETA 1:22:51 | best -
[b2=29 b1=27 GPU] stage  59.5% (16796283474409/28237773109178) | 2269.2M/s | ETA 1:24:02 | best -
[b2=29 b1=27 GPU] stage  59.5% (16801115312617/28237773109178) | 2268.3M/s | ETA 1:24:01 | best -
[b2=29 b1=27 GPU] stage  59.5% (16805947150825/28237773109178) | 2283.4M/s | ETA 1:23:26 | best -
[b2=29 b1=27 GPU] stage  59.5% (16810510553577/28237773109178) | 2299.2M/s | ETA 1:22:50 | best -
[b2=29 b1=27 GPU] stage  59.5% (16815073956329/28237773109178) | 2270.3M/s | ETA 1:23:51 | best -
[b2=29 b1=27 GPU] stage  59.6% (16819905794537/28237773109178) | 2278.2M/s | ETA 1:23:31 | best -
[b2=29 b1=27 GPU] stage  59.6% (16824469197289/28237773109178) | 2307.7M/s | ETA 1:22:25 | best -
[b2=29 b1=27 GPU] stage  59.6% (16829032600041/28237773109178) | 2263.1M/s | ETA 1:24:01 | best -
[b2=29 b1=27 GPU] stage  59.6% (16833864438249/28237773109178) | 2271.3M/s | ETA 1:23:40 | best -
[b2=29 b1=27 GPU] stage  59.6% (16838427841001/28237773109178) | 2303.1M/s | ETA 1:22:29 | best -
[b2=29 b1=27 GPU] stage  59.6% (16842991243753/28237773109178) | 2264.9M/s | ETA 1:23:51 | best -
[b2=29 b1=27 GPU] stage  59.7% (16847823081961/28237773109178) | 2273.7M/s | ETA 1:23:29 | best -
[b2=29 b1=27 GPU] stage  59.7% (16852386484713/28237773109178) | 2316.0M/s | ETA 1:21:55 | best -
[b2=29 b1=27 GPU] stage  59.7% (16856949887465/28237773109178) | 2264.6M/s | ETA 1:23:45 | best -
[b2=29 b1=27 GPU] stage  59.7% (16861781725673/28237773109178) | 2267.9M/s | ETA 1:23:36 | best -
[b2=29 b1=27 GPU] stage  59.7% (16866345128425/28237773109178) | 2309.1M/s | ETA 1:22:04 | best -
[b2=29 b1=27 GPU] stage  59.7% (16870908531177/28237773109178) | 2269.1M/s | ETA 1:23:29 | best -
[b2=29 b1=27 GPU] stage  59.8% (16875740369385/28237773109178) | 2272.0M/s | ETA 1:23:20 | best -
[b2=29 b1=27 GPU] stage  59.8% (16880572207593/28237773109178) | 2302.7M/s | ETA 1:22:12 | best -
[b2=29 b1=27 GPU] stage  59.8% (16885135610345/28237773109178) | 2269.4M/s | ETA 1:23:22 | best -
[b2=29 b1=27 GPU] stage  59.8% (16889967448553/28237773109178) | 2266.5M/s | ETA 1:23:26 | best -
[b2=29 b1=27 GPU] stage  59.8% (16894799286761/28237773109178) | 2286.4M/s | ETA 1:22:41 | best -
[b2=29 b1=27 GPU] stage  59.8% (16899362689513/28237773109178) | 2296.2M/s | ETA 1:22:17 | best -
[b2=29 b1=27 GPU] stage  59.9% (16904194527721/28237773109178) | 2271.0M/s | ETA 1:23:10 | best -
[b2=29 b1=27 GPU] stage  59.9% (16909026365929/28237773109178) | 2274.2M/s | ETA 1:23:01 | best -
[b2=29 b1=27 GPU] stage  59.9% (16913589768681/28237773109178) | 2309.9M/s | ETA 1:21:42 | best -
[b2=29 b1=27 GPU] stage  59.9% (16918153171433/28237773109178) | 2272.1M/s | ETA 1:23:02 | best -
[b2=29 b1=27 GPU] stage  59.9% (16922985009641/28237773109178) | 2269.8M/s | ETA 1:23:05 | best -
[b2=29 b1=27 GPU] stage  59.9% (16927548412393/28237773109178) | 2294.3M/s | ETA 1:22:09 | best -
[b2=29 b1=27 GPU] stage  60.0% (16932111815145/28237773109178) | 2266.0M/s | ETA 1:23:09 | best -
[b2=29 b1=27 GPU] stage  60.0% (16936943653353/28237773109178) | 2276.7M/s | ETA 1:22:43 | best -
[b2=29 b1=27 GPU] stage  60.0% (16941507056105/28237773109178) | 2307.2M/s | ETA 1:21:36 | best -
[b2=29 b1=27 GPU] stage  60.0% (16946070458857/28237773109178) | 2267.9M/s | ETA 1:22:58 | best -
[b2=29 b1=27 GPU] stage  60.0% (16950902297065/28237773109178) | 2269.9M/s | ETA 1:22:52 | best -
[b2=29 b1=27 GPU] stage  60.0% (16955734135273/28237773109178) | 2294.2M/s | ETA 1:21:57 | best -
[b2=29 b1=27 GPU] stage  60.1% (16960297538025/28237773109178) | 2268.9M/s | ETA 1:22:50 | best -
[b2=29 b1=27 GPU] stage  60.1% (16965129376233/28237773109178) | 2266.6M/s | ETA 1:22:53 | best -
[b2=29 b1=27 GPU] stage  60.1% (16969961214441/28237773109178) | 2286.4M/s | ETA 1:22:08 | best -
[b2=29 b1=27 GPU] stage  60.1% (16974524617193/28237773109178) | 2293.7M/s | ETA 1:21:50 | best -
[b2=29 b1=27 GPU] stage  60.1% (16979088019945/28237773109178) | 2265.4M/s | ETA 1:22:49 | best -
[b2=29 b1=27 GPU] stage  60.1% (16983919858153/28237773109178) | 2279.7M/s | ETA 1:22:16 | best -
[b2=29 b1=27 GPU] stage  60.2% (16988483260905/28237773109178) | 2310.4M/s | ETA 1:21:09 | best -
[b2=29 b1=27 GPU] stage  60.2% (16993046663657/28237773109178) | 2265.4M/s | ETA 1:22:43 | best -
[b2=29 b1=27 GPU] stage  60.2% (16997878501865/28237773109178) | 2273.6M/s | ETA 1:22:23 | best -
[b2=29 b1=27 GPU] stage  60.2% (17002441904617/28237773109178) | 2303.8M/s | ETA 1:21:16 | best -
[b2=29 b1=27 GPU] stage  60.2% (17007005307369/28237773109178) | 2268.6M/s | ETA 1:22:30 | best -
[b2=29 b1=27 GPU] stage  60.2% (17011837145577/28237773109178) | 2277.1M/s | ETA 1:22:09 | best -
[b2=29 b1=27 GPU] stage  60.3% (17016400548329/28237773109178) | 2299.8M/s | ETA 1:21:19 | best -
[b2=29 b1=27 GPU] stage  60.3% (17020963951081/28237773109178) | 2267.9M/s | ETA 1:22:25 | best -
[b2=29 b1=27 GPU] stage  60.3% (17025795789289/28237773109178) | 2271.4M/s | ETA 1:22:16 | best -
[b2=29 b1=27 GPU] stage  60.3% (17030359192041/28237773109178) | 2312.8M/s | ETA 1:20:45 | best -
[b2=29 b1=27 GPU] stage  60.3% (17034922594793/28237773109178) | 2269.3M/s | ETA 1:22:16 | best -
[b2=29 b1=27 GPU] stage  60.3% (17039754433001/28237773109178) | 2271.3M/s | ETA 1:22:10 | best -
[b2=29 b1=27 GPU] stage  60.4% (17044586271209/28237773109178) | 2302.2M/s | ETA 1:21:01 | best -
[b2=29 b1=27 GPU] stage  60.4% (17049149673961/28237773109178) | 2269.2M/s | ETA 1:22:10 | best -
[b2=29 b1=27 GPU] stage  60.4% (17053981512169/28237773109178) | 2262.5M/s | ETA 1:22:23 | best -
[b2=29 b1=27 GPU] stage  60.4% (17058813350377/28237773109178) | 2285.5M/s | ETA 1:21:31 | best -
[b2=29 b1=27 GPU] stage  60.4% (17063376753129/28237773109178) | 2294.6M/s | ETA 1:21:09 | best -
[b2=29 b1=27 GPU] stage  60.4% (17067940155881/28237773109178) | 2261.2M/s | ETA 1:22:19 | best -
[b2=29 b1=27 GPU] stage  60.5% (17072771994089/28237773109178) | 2277.7M/s | ETA 1:21:41 | best -
[b2=29 b1=27 GPU] stage  60.5% (17077335396841/28237773109178) | 2304.1M/s | ETA 1:20:43 | best -
[b2=29 b1=27 GPU] stage  60.5% (17081898799593/28237773109178) | 2265.8M/s | ETA 1:22:03 | best -
[b2=29 b1=27 GPU] stage  60.5% (17086730637801/28237773109178) | 2272.8M/s | ETA 1:21:46 | best -
[b2=29 b1=27 GPU] stage  60.5% (17091294040553/28237773109178) | 2303.6M/s | ETA 1:20:38 | best -
[b2=29 b1=27 GPU] stage  60.5% (17095857443305/28237773109178) | 2270.6M/s | ETA 1:21:46 | best -
[b2=29 b1=27 GPU] stage  60.6% (17100689281513/28237773109178) | 2273.8M/s | ETA 1:21:37 | best -
[b2=29 b1=27 GPU] stage  60.6% (17105252684265/28237773109178) | 2302.0M/s | ETA 1:20:35 | best -
[b2=29 b1=27 GPU] stage  60.6% (17109816087017/28237773109178) | 2272.3M/s | ETA 1:21:37 | best -
[b2=29 b1=27 GPU] stage  60.6% (17114647925225/28237773109178) | 2271.7M/s | ETA 1:21:36 | best -
[b2=29 b1=27 GPU] stage  60.6% (17119211327977/28237773109178) | 2315.6M/s | ETA 1:20:01 | best -
[b2=29 b1=27 GPU] stage  60.6% (17123774730729/28237773109178) | 2269.5M/s | ETA 1:21:37 | best -
[b2=29 b1=27 GPU] stage  60.7% (17128606568937/28237773109178) | 2267.1M/s | ETA 1:21:40 | best -
[b2=29 b1=27 GPU] stage  60.7% (17133438407145/28237773109178) | 2296.6M/s | ETA 1:20:35 | best -
[b2=29 b1=27 GPU] stage  60.7% (17138001809897/28237773109178) | 2271.9M/s | ETA 1:21:25 | best -
[b2=29 b1=27 GPU] stage  60.7% (17142833648105/28237773109178) | 2263.8M/s | ETA 1:21:41 | best -
[b2=29 b1=27 GPU] stage  60.7% (17147665486313/28237773109178) | 2281.4M/s | ETA 1:21:01 | best -
[b2=29 b1=27 GPU] stage  60.7% (17152228889065/28237773109178) | 2302.8M/s | ETA 1:20:13 | best -
[b2=29 b1=27 GPU] stage  60.8% (17157060727273/28237773109178) | 2268.9M/s | ETA 1:21:23 | best -
[b2=29 b1=27 GPU] stage  60.8% (17161892565481/28237773109178) | 2275.5M/s | ETA 1:21:07 | best -
[b2=29 b1=27 GPU] stage  60.8% (17166455968233/28237773109178) | 2299.6M/s | ETA 1:20:14 | best -
[b2=29 b1=27 GPU] stage  60.8% (17171019370985/28237773109178) | 2266.6M/s | ETA 1:21:22 | best -
[b2=29 b1=27 GPU] stage  60.8% (17175851209193/28237773109178) | 2272.2M/s | ETA 1:21:08 | best -
[b2=29 b1=27 GPU] stage  60.8% (17180414611945/28237773109178) | 2310.5M/s | ETA 1:19:45 | best -
[b2=29 b1=27 GPU] stage  60.9% (17184978014697/28237773109178) | 2265.3M/s | ETA 1:21:19 | best -
[b2=29 b1=27 GPU] stage  60.9% (17189809852905/28237773109178) | 2266.8M/s | ETA 1:21:13 | best -
[b2=29 b1=27 GPU] stage  60.9% (17194373255657/28237773109178) | 2314.8M/s | ETA 1:19:30 | best -
[b2=29 b1=27 GPU] stage  60.9% (17198936658409/28237773109178) | 2267.9M/s | ETA 1:21:07 | best -
[b2=29 b1=27 GPU] stage  60.9% (17203500061161/28237773109178) | 2268.2M/s | ETA 1:21:04 | best -
[b2=29 b1=27 GPU] stage  60.9% (17208331899369/28237773109178) | 2315.6M/s | ETA 1:19:23 | best -
[b2=29 b1=27 GPU] stage  61.0% (17212895302121/28237773109178) | 2263.7M/s | ETA 1:21:10 | best -
[b2=29 b1=27 GPU] stage  61.0% (17217458704873/28237773109178) | 2265.7M/s | ETA 1:21:04 | best -
[b2=29 b1=27 GPU] stage  61.0% (17222290543081/28237773109178) | 2299.5M/s | ETA 1:19:50 | best -
[b2=29 b1=27 GPU] stage  61.0% (17226853945833/28237773109178) | 2273.3M/s | ETA 1:20:43 | best -
[b2=29 b1=27 GPU] stage  61.0% (17231685784041/28237773109178) | 2266.3M/s | ETA 1:20:56 | best -
[b2=29 b1=27 GPU] stage  61.0% (17236517622249/28237773109178) | 2278.3M/s | ETA 1:20:28 | best -
[b2=29 b1=27 GPU] stage  61.1% (17241081025001/28237773109178) | 2296.3M/s | ETA 1:19:48 | best -
[b2=29 b1=27 GPU] stage  61.1% (17245644427753/28237773109178) | 2271.4M/s | ETA 1:20:39 | best -
[b2=29 b1=27 GPU] stage  61.1% (17250476265961/28237773109178) | 2279.9M/s | ETA 1:20:19 | best -
[b2=29 b1=27 GPU] stage  61.1% (17255039668713/28237773109178) | 2305.8M/s | ETA 1:19:23 | best -
[b2=29 b1=27 GPU] stage  61.1% (17259603071465/28237773109178) | 2267.2M/s | ETA 1:20:42 | best -
[b2=29 b1=27 GPU] stage  61.1% (17264434909673/28237773109178) | 2274.4M/s | ETA 1:20:24 | best -
[b2=29 b1=27 GPU] stage  61.2% (17268998312425/28237773109178) | 2313.6M/s | ETA 1:19:01 | best -
[b2=29 b1=27 GPU] stage  61.2% (17273561715177/28237773109178) | 2264.9M/s | ETA 1:20:40 | best -
[b2=29 b1=27 GPU] stage  61.2% (17278393553385/28237773109178) | 2275.1M/s | ETA 1:20:16 | best -
[b2=29 b1=27 GPU] stage  61.2% (17282956956137/28237773109178) | 2297.8M/s | ETA 1:19:27 | best -
[b2=29 b1=27 GPU] stage  61.2% (17287520358889/28237773109178) | 2263.4M/s | ETA 1:20:37 | best -
[b2=29 b1=27 GPU] stage  61.2% (17292352197097/28237773109178) | 2266.4M/s | ETA 1:20:29 | best -
[b2=29 b1=27 GPU] stage  61.3% (17296915599849/28237773109178) | 2312.2M/s | ETA 1:18:51 | best -
[b2=29 b1=27 GPU] stage  61.3% (17301479002601/28237773109178) | 2263.9M/s | ETA 1:20:30 | best -
[b2=29 b1=27 GPU] stage  61.3% (17306310840809/28237773109178) | 2274.4M/s | ETA 1:20:06 | best -
[b2=29 b1=27 GPU] stage  61.3% (17311142679017/28237773109178) | 2291.0M/s | ETA 1:19:29 | best -
[b2=29 b1=27 GPU] stage  61.3% (17315706081769/28237773109178) | 2273.1M/s | ETA 1:20:04 | best -
[b2=29 b1=27 GPU] stage  61.3% (17320269484521/28237773109178) | 2270.5M/s | ETA 1:20:08 | best -
[b2=29 b1=27 GPU] stage  61.4% (17325101322729/28237773109178) | 2284.9M/s | ETA 1:19:36 | best -
[b2=29 b1=27 GPU] stage  61.4% (17329664725481/28237773109178) | 2291.2M/s | ETA 1:19:20 | best -
[b2=29 b1=27 GPU] stage  61.4% (17334496563689/28237773109178) | 2269.3M/s | ETA 1:20:04 | best -
[b2=29 b1=27 GPU] stage  61.4% (17339328401897/28237773109178) | 2276.4M/s | ETA 1:19:47 | best -
[b2=29 b1=27 GPU] stage  61.4% (17343891804649/28237773109178) | 2309.3M/s | ETA 1:18:37 | best -
[b2=29 b1=27 GPU] stage  61.4% (17348455207401/28237773109178) | 2272.7M/s | ETA 1:19:51 | best -
[b2=29 b1=27 GPU] stage  61.5% (17353287045609/28237773109178) | 2272.4M/s | ETA 1:19:49 | best -
[b2=29 b1=27 GPU] stage  61.5% (17357850448361/28237773109178) | 2299.8M/s | ETA 1:18:50 | best -
[b2=29 b1=27 GPU] stage  61.5% (17362682286569/28237773109178) | 2296.3M/s | ETA 1:18:55 | best -
[b2=29 b1=27 GPU] stage  61.5% (17367514124777/28237773109178) | 2303.5M/s | ETA 1:18:38 | best -
[b2=29 b1=27 GPU] stage  61.5% (17372345962985/28237773109178) | 2324.3M/s | ETA 1:17:54 | best -
[b2=29 b1=27 GPU] stage  61.5% (17377177801193/28237773109178) | 2299.3M/s | ETA 1:18:43 | best -
[b2=29 b1=27 GPU] stage  61.6% (17382009639401/28237773109178) | 2302.3M/s | ETA 1:18:35 | best -
[b2=29 b1=27 GPU] stage  61.6% (17386841477609/28237773109178) | 2304.4M/s | ETA 1:18:28 | best -
[b2=29 b1=27 GPU] stage  61.6% (17391673315817/28237773109178) | 2315.7M/s | ETA 1:18:03 | best -
[b2=29 b1=27 GPU] stage  61.6% (17396505154025/28237773109178) | 2301.3M/s | ETA 1:18:30 | best -
[b2=29 b1=27 GPU] stage  61.6% (17401336992233/28237773109178) | 2306.5M/s | ETA 1:18:18 | best -
[b2=29 b1=27 GPU] stage  61.6% (17406168830441/28237773109178) | 2324.3M/s | ETA 1:17:40 | best -
[b2=29 b1=27 GPU] stage  61.7% (17411000668649/28237773109178) | 2294.9M/s | ETA 1:18:37 | best -
[b2=29 b1=27 GPU] stage  61.7% (17415832506857/28237773109178) | 2298.9M/s | ETA 1:18:27 | best -
[b2=29 b1=27 GPU] stage  61.7% (17420664345065/28237773109178) | 2328.8M/s | ETA 1:17:25 | best -
[b2=29 b1=27 GPU] stage  61.7% (17425496183273/28237773109178) | 2305.8M/s | ETA 1:18:09 | best -
[b2=29 b1=27 GPU] stage  61.7% (17430328021481/28237773109178) | 2300.6M/s | ETA 1:18:17 | best -
[b2=29 b1=27 GPU] stage  61.7% (17435159859689/28237773109178) | 2317.5M/s | ETA 1:17:41 | best -
[b2=29 b1=27 GPU] stage  61.8% (17439991697897/28237773109178) | 2316.5M/s | ETA 1:17:41 | best -
[b2=29 b1=27 GPU] stage  61.8% (17444823536105/28237773109178) | 2300.1M/s | ETA 1:18:12 | best -
[b2=29 b1=27 GPU] stage  61.8% (17449655374313/28237773109178) | 2301.8M/s | ETA 1:18:06 | best -
[b2=29 b1=27 GPU] stage  61.8% (17454487212521/28237773109178) | 2321.9M/s | ETA 1:17:24 | best -
[b2=29 b1=27 GPU] stage  61.8% (17459319050729/28237773109178) | 2298.8M/s | ETA 1:18:08 | best -
[b2=29 b1=27 GPU] stage  61.8% (17464150888937/28237773109178) | 2303.8M/s | ETA 1:17:56 | best -
[b2=29 b1=27 GPU] stage  61.9% (17468982727145/28237773109178) | 2325.3M/s | ETA 1:17:11 | best -
[b2=29 b1=27 GPU] stage  61.9% (17473814565353/28237773109178) | 2301.8M/s | ETA 1:17:56 | best -
[b2=29 b1=27 GPU] stage  61.9% (17478646403561/28237773109178) | 2296.7M/s | ETA 1:18:04 | best -
[b2=29 b1=27 GPU] stage  61.9% (17483478241769/28237773109178) | 2313.0M/s | ETA 1:17:29 | best -
[b2=29 b1=27 GPU] stage  61.9% (17488310079977/28237773109178) | 2311.2M/s | ETA 1:17:31 | best -
[b2=29 b1=27 GPU] stage  61.9% (17493141918185/28237773109178) | 2305.8M/s | ETA 1:17:39 | best -
[b2=29 b1=27 GPU] stage  62.0% (17497973756393/28237773109178) | 2308.2M/s | ETA 1:17:32 | best -
[b2=29 b1=27 GPU] stage  62.0% (17502805594601/28237773109178) | 2323.6M/s | ETA 1:17:00 | best -
[b2=29 b1=27 GPU] stage  62.0% (17507637432809/28237773109178) | 2298.7M/s | ETA 1:17:47 | best -
[b2=29 b1=27 GPU] stage  62.0% (17512469271017/28237773109178) | 2303.2M/s | ETA 1:17:36 | best -
[b2=29 b1=27 GPU] stage  62.0% (17517301109225/28237773109178) | 2321.6M/s | ETA 1:16:57 | best -
[b2=29 b1=27 GPU] stage  62.1% (17522132947433/28237773109178) | 2302.4M/s | ETA 1:17:34 | best -
[b2=29 b1=27 GPU] stage  62.1% (17526964785641/28237773109178) | 2303.7M/s | ETA 1:17:29 | best -
[b2=29 b1=27 GPU] stage  62.1% (17531796623849/28237773109178) | 2316.4M/s | ETA 1:17:01 | best -
[b2=29 b1=27 GPU] stage  62.1% (17536628462057/28237773109178) | 2307.5M/s | ETA 1:17:17 | best -
[b2=29 b1=27 GPU] stage  62.1% (17541460300265/28237773109178) | 2301.1M/s | ETA 1:17:28 | best -
[b2=29 b1=27 GPU] stage  62.1% (17546292138473/28237773109178) | 2306.0M/s | ETA 1:17:16 | best -
[b2=29 b1=27 GPU] stage  62.2% (17551123976681/28237773109178) | 2323.4M/s | ETA 1:16:39 | best -
[b2=29 b1=27 GPU] stage  62.2% (17555955814889/28237773109178) | 2302.4M/s | ETA 1:17:19 | best -
[b2=29 b1=27 GPU] stage  62.2% (17560787653097/28237773109178) | 2303.2M/s | ETA 1:17:15 | best -
[b2=29 b1=27 GPU] stage  62.2% (17565619491305/28237773109178) | 2326.5M/s | ETA 1:16:27 | best -
[b2=29 b1=27 GPU] stage  62.2% (17570451329513/28237773109178) | 2302.6M/s | ETA 1:17:12 | best -
[b2=29 b1=27 GPU] stage  62.2% (17575283167721/28237773109178) | 2301.7M/s | ETA 1:17:12 | best -
[b2=29 b1=27 GPU] stage  62.3% (17580115005929/28237773109178) | 2316.6M/s | ETA 1:16:40 | best -
[b2=29 b1=27 GPU] stage  62.3% (17584946844137/28237773109178) | 2308.7M/s | ETA 1:16:54 | best -
[b2=29 b1=27 GPU] stage  62.3% (17589778682345/28237773109178) | 2297.1M/s | ETA 1:17:15 | best -
[b2=29 b1=27 GPU] stage  62.3% (17594610520553/28237773109178) | 2309.3M/s | ETA 1:16:48 | best -
[b2=29 b1=27 GPU] stage  62.3% (17599442358761/28237773109178) | 2318.9M/s | ETA 1:16:27 | best -
[b2=29 b1=27 GPU] stage  62.3% (17604274196969/28237773109178) | 2297.8M/s | ETA 1:17:07 | best -
[b2=29 b1=27 GPU] stage  62.4% (17609106035177/28237773109178) | 2310.3M/s | ETA 1:16:40 | best -
[b2=29 b1=27 GPU] stage  62.4% (17613937873385/28237773109178) | 2317.6M/s | ETA 1:16:23 | best -
[b2=29 b1=27 GPU] stage  62.4% (17618769711593/28237773109178) | 2299.9M/s | ETA 1:16:57 | best -
[b2=29 b1=27 GPU] stage  62.4% (17623601549801/28237773109178) | 2300.8M/s | ETA 1:16:53 | best -
[b2=29 b1=27 GPU] stage  62.4% (17628433388009/28237773109178) | 2316.5M/s | ETA 1:16:19 | best -
[b2=29 b1=27 GPU] stage  62.4% (17633265226217/28237773109178) | 2307.1M/s | ETA 1:16:36 | best -
[b2=29 b1=27 GPU] stage  62.5% (17638097064425/28237773109178) | 2296.5M/s | ETA 1:16:55 | best -
[b2=29 b1=27 GPU] stage  62.5% (17642928902633/28237773109178) | 2312.2M/s | ETA 1:16:22 | best -
[b2=29 b1=27 GPU] stage  62.5% (17647760740841/28237773109178) | 2320.9M/s | ETA 1:16:02 | best -
[b2=29 b1=27 GPU] stage  62.5% (17652592579049/28237773109178) | 2306.0M/s | ETA 1:16:30 | best -
[b2=29 b1=27 GPU] stage  62.5% (17657424417257/28237773109178) | 2307.5M/s | ETA 1:16:25 | best -
[b2=29 b1=27 GPU] stage  62.5% (17662256255465/28237773109178) | 2321.3M/s | ETA 1:15:55 | best -
[b2=29 b1=27 GPU] stage  62.6% (17667088093673/28237773109178) | 2302.5M/s | ETA 1:16:30 | best -
[b2=29 b1=27 GPU] stage  62.6% (17671919931881/28237773109178) | 2306.7M/s | ETA 1:16:20 | best -
[b2=29 b1=27 GPU] stage  62.6% (17676751770089/28237773109178) | 2326.2M/s | ETA 1:15:40 | best -
[b2=29 b1=27 GPU] stage  62.6% (17681583608297/28237773109178) | 2301.2M/s | ETA 1:16:27 | best -
[b2=29 b1=27 GPU] stage  62.6% (17686415446505/28237773109178) | 2300.8M/s | ETA 1:16:26 | best -
[b2=29 b1=27 GPU] stage  62.7% (17691247284713/28237773109178) | 2314.0M/s | ETA 1:15:57 | best -
[b2=29 b1=27 GPU] stage  62.7% (17696079122921/28237773109178) | 2319.1M/s | ETA 1:15:45 | best -
[b2=29 b1=27 GPU] stage  62.7% (17700910961129/28237773109178) | 2300.1M/s | ETA 1:16:20 | best -
[b2=29 b1=27 GPU] stage  62.7% (17705742799337/28237773109178) | 2302.9M/s | ETA 1:16:13 | best -
[b2=29 b1=27 GPU] stage  62.7% (17710574637545/28237773109178) | 2312.7M/s | ETA 1:15:51 | best -
[b2=29 b1=27 GPU] stage  62.7% (17715406475753/28237773109178) | 2301.4M/s | ETA 1:16:12 | best -
[b2=29 b1=27 GPU] stage  62.8% (17720238313961/28237773109178) | 2302.3M/s | ETA 1:16:08 | best -
[b2=29 b1=27 GPU] stage  62.8% (17725070152169/28237773109178) | 2326.7M/s | ETA 1:15:18 | best -
[b2=29 b1=27 GPU] stage  62.8% (17729901990377/28237773109178) | 2303.5M/s | ETA 1:16:01 | best -
[b2=29 b1=27 GPU] stage  62.8% (17734733828585/28237773109178) | 2301.2M/s | ETA 1:16:04 | best -
[b2=29 b1=27 GPU] stage  62.8% (17739565666793/28237773109178) | 2310.0M/s | ETA 1:15:44 | best -
[b2=29 b1=27 GPU] stage  62.8% (17744397505001/28237773109178) | 2317.4M/s | ETA 1:15:28 | best -
[b2=29 b1=27 GPU] stage  62.9% (17749229343209/28237773109178) | 2296.5M/s | ETA 1:16:07 | best -
[b2=29 b1=27 GPU] stage  62.9% (17754061181417/28237773109178) | 2304.4M/s | ETA 1:15:49 | best -
[b2=29 b1=27 GPU] stage  62.9% (17758893019625/28237773109178) | 2323.0M/s | ETA 1:15:11 | best -
[b2=29 b1=27 GPU] stage  62.9% (17763724857833/28237773109178) | 2301.3M/s | ETA 1:15:51 | best -
[b2=29 b1=27 GPU] stage  62.9% (17768556696041/28237773109178) | 2298.1M/s | ETA 1:15:55 | best -
[b2=29 b1=27 GPU] stage  62.9% (17773388534249/28237773109178) | 2328.0M/s | ETA 1:14:55 | best -
[b2=29 b1=27 GPU] stage  63.0% (17778220372457/28237773109178) | 2302.8M/s | ETA 1:15:42 | best -
[b2=29 b1=27 GPU] stage  63.0% (17783052210665/28237773109178) | 2298.9M/s | ETA 1:15:47 | best -
[b2=29 b1=27 GPU] stage  63.0% (17787884048873/28237773109178) | 2312.2M/s | ETA 1:15:19 | best -
[b2=29 b1=27 GPU] stage  63.0% (17792715887081/28237773109178) | 2316.0M/s | ETA 1:15:09 | best -
[b2=29 b1=27 GPU] stage  63.0% (17797547725289/28237773109178) | 2305.8M/s | ETA 1:15:27 | best -
[b2=29 b1=27 GPU] stage  63.0% (17802379563497/28237773109178) | 2300.0M/s | ETA 1:15:37 | best -
[b2=29 b1=27 GPU] stage  63.1% (17807211401705/28237773109178) | 2317.0M/s | ETA 1:15:01 | best -
[b2=29 b1=27 GPU] stage  63.1% (17812043239913/28237773109178) | 2306.8M/s | ETA 1:15:19 | best -
[b2=29 b1=27 GPU] stage  63.1% (17816875078121/28237773109178) | 2302.6M/s | ETA 1:15:25 | best -
[b2=29 b1=27 GPU] stage  63.1% (17821706916329/28237773109178) | 2325.0M/s | ETA 1:14:40 | best -
[b2=29 b1=27 GPU] stage  63.1% (17826538754537/28237773109178) | 2298.6M/s | ETA 1:15:29 | best -
[b2=29 b1=27 GPU] stage  63.1% (17831370592745/28237773109178) | 2298.7M/s | ETA 1:15:27 | best -
[b2=29 b1=27 GPU] stage  63.2% (17836202430953/28237773109178) | 2308.5M/s | ETA 1:15:05 | best -
[b2=29 b1=27 GPU] stage  63.2% (17841034269161/28237773109178) | 2313.4M/s | ETA 1:14:54 | best -
[b2=29 b1=27 GPU] stage  63.2% (17845866107369/28237773109178) | 2302.4M/s | ETA 1:15:13 | best -
[b2=29 b1=27 GPU] stage  63.2% (17850697945577/28237773109178) | 2308.1M/s | ETA 1:15:00 | best -
[b2=29 b1=27 GPU] stage  63.2% (17855529783785/28237773109178) | 2323.2M/s | ETA 1:14:28 | best -
[b2=29 b1=27 GPU] stage  63.2% (17860361621993/28237773109178) | 2305.7M/s | ETA 1:15:00 | best -
[b2=29 b1=27 GPU] stage  63.3% (17865193460201/28237773109178) | 2300.2M/s | ETA 1:15:09 | best -
[b2=29 b1=27 GPU] stage  63.3% (17870025298409/28237773109178) | 2325.2M/s | ETA 1:14:18 | best -
[b2=29 b1=27 GPU] stage  63.3% (17874857136617/28237773109178) | 2303.9M/s | ETA 1:14:57 | best -
[b2=29 b1=27 GPU] stage  63.3% (17879688974825/28237773109178) | 2309.0M/s | ETA 1:14:46 | best -
[b2=29 b1=27 GPU] stage  63.3% (17884520813033/28237773109178) | 2313.8M/s | ETA 1:14:34 | best -
[b2=29 b1=27 GPU] stage  63.4% (17889352651241/28237773109178) | 2311.2M/s | ETA 1:14:37 | best -
[b2=29 b1=27 GPU] stage  63.4% (17894184489449/28237773109178) | 2304.7M/s | ETA 1:14:48 | best -
[b2=29 b1=27 GPU] stage  63.4% (17899016327657/28237773109178) | 2308.8M/s | ETA 1:14:37 | best -
[b2=29 b1=27 GPU] stage  63.4% (17903848165865/28237773109178) | 2322.7M/s | ETA 1:14:09 | best -
[b2=29 b1=27 GPU] stage  63.4% (17908680004073/28237773109178) | 2303.2M/s | ETA 1:14:44 | best -
[b2=29 b1=27 GPU] stage  63.4% (17913511842281/28237773109178) | 2302.8M/s | ETA 1:14:43 | best -
[b2=29 b1=27 GPU] stage  63.5% (17918343680489/28237773109178) | 2323.8M/s | ETA 1:14:00 | best -
[b2=29 b1=27 GPU] stage  63.5% (17923175518697/28237773109178) | 2304.2M/s | ETA 1:14:36 | best -
[b2=29 b1=27 GPU] stage  63.5% (17928007356905/28237773109178) | 2303.5M/s | ETA 1:14:35 | best -
[b2=29 b1=27 GPU] stage  63.5% (17932839195113/28237773109178) | 2315.3M/s | ETA 1:14:10 | best -
[b2=29 b1=27 GPU] stage  63.5% (17937671033321/28237773109178) | 2308.0M/s | ETA 1:14:22 | best -
[b2=29 b1=27 GPU] stage  63.5% (17942502871529/28237773109178) | 2299.6M/s | ETA 1:14:36 | best -
[b2=29 b1=27 GPU] stage  63.6% (17947334709737/28237773109178) | 2310.5M/s | ETA 1:14:13 | best -
[b2=29 b1=27 GPU] stage  63.6% (17952166547945/28237773109178) | 2316.2M/s | ETA 1:14:00 | best -
[b2=29 b1=27 GPU] stage  63.6% (17956998386153/28237773109178) | 2300.9M/s | ETA 1:14:28 | best -
[b2=29 b1=27 GPU] stage  63.6% (17961830224361/28237773109178) | 2306.0M/s | ETA 1:14:16 | best -
[b2=29 b1=27 GPU] stage  63.6% (17966662062569/28237773109178) | 2325.3M/s | ETA 1:13:37 | best -
[b2=29 b1=27 GPU] stage  63.6% (17971493900777/28237773109178) | 2302.1M/s | ETA 1:14:19 | best -
[b2=29 b1=27 GPU] stage  63.7% (17976325738985/28237773109178) | 2301.2M/s | ETA 1:14:19 | best -
[b2=29 b1=27 GPU] stage  63.7% (17981157577193/28237773109178) | 2319.3M/s | ETA 1:13:42 | best -
[b2=29 b1=27 GPU] stage  63.7% (17985989415401/28237773109178) | 2311.3M/s | ETA 1:13:55 | best -
[b2=29 b1=27 GPU] stage  63.7% (17990821253609/28237773109178) | 2299.6M/s | ETA 1:14:15 | best -
[b2=29 b1=27 GPU] stage  63.7% (17995653091817/28237773109178) | 2305.6M/s | ETA 1:14:02 | best -
[b2=29 b1=27 GPU] stage  63.7% (18000484930025/28237773109178) | 2321.0M/s | ETA 1:13:30 | best -
[b2=29 b1=27 GPU] stage  63.8% (18005316768233/28237773109178) | 2303.0M/s | ETA 1:14:03 | best -
[b2=29 b1=27 GPU] stage  63.8% (18010148606441/28237773109178) | 2299.8M/s | ETA 1:14:07 | best -
[b2=29 b1=27 GPU] stage  63.8% (18014980444649/28237773109178) | 2327.9M/s | ETA 1:13:11 | best -
[b2=29 b1=27 GPU] stage  63.8% (18019812282857/28237773109178) | 2304.4M/s | ETA 1:13:54 | best -
[b2=29 b1=27 GPU] stage  63.8% (18024644121065/28237773109178) | 2298.9M/s | ETA 1:14:02 | best -
[b2=29 b1=27 GPU] stage  63.8% (18029475959273/28237773109178) | 2313.3M/s | ETA 1:13:32 | best -
[b2=29 b1=27 GPU] stage  63.9% (18034307797481/28237773109178) | 2303.0M/s | ETA 1:13:50 | best -
[b2=29 b1=27 GPU] stage  63.9% (18039139635689/28237773109178) | 2301.8M/s | ETA 1:13:50 | best -
[b2=29 b1=27 GPU] stage  63.9% (18043971473897/28237773109178) | 2313.6M/s | ETA 1:13:26 | best -
[b2=29 b1=27 GPU] stage  63.9% (18048803312105/28237773109178) | 2323.8M/s | ETA 1:13:04 | best -
[b2=29 b1=27 GPU] stage  63.9% (18053635150313/28237773109178) | 2301.5M/s | ETA 1:13:45 | best -
[b2=29 b1=27 GPU] stage  64.0% (18058466988521/28237773109178) | 2309.5M/s | ETA 1:13:27 | best -
[b2=29 b1=27 GPU] stage  64.0% (18063298826729/28237773109178) | 2322.3M/s | ETA 1:13:01 | best -
[b2=29 b1=27 GPU] stage  64.0% (18068130664937/28237773109178) | 2304.2M/s | ETA 1:13:33 | best -
[b2=29 b1=27 GPU] stage  64.0% (18072962503145/28237773109178) | 2305.2M/s | ETA 1:13:29 | best -
[b2=29 b1=27 GPU] stage  64.0% (18077794341353/28237773109178) | 2314.5M/s | ETA 1:13:09 | best -
[b2=29 b1=27 GPU] stage  64.0% (18082626179561/28237773109178) | 2305.9M/s | ETA 1:13:23 | best -
[b2=29 b1=27 GPU] stage  64.1% (18087458017769/28237773109178) | 2301.6M/s | ETA 1:13:30 | best -
[b2=29 b1=27 GPU] stage  64.1% (18092289855977/28237773109178) | 2305.0M/s | ETA 1:13:21 | best -
[b2=29 b1=27 GPU] stage  64.1% (18097121694185/28237773109178) | 2318.1M/s | ETA 1:12:54 | best -
[b2=29 b1=27 GPU] stage  64.1% (18101953532393/28237773109178) | 2305.8M/s | ETA 1:13:15 | best -
[b2=29 b1=27 GPU] stage  64.1% (18106785370601/28237773109178) | 2304.2M/s | ETA 1:13:16 | best -
[b2=29 b1=27 GPU] stage  64.1% (18111617208809/28237773109178) | 2322.0M/s | ETA 1:12:41 | best -
[b2=29 b1=27 GPU] stage  64.2% (18116449047017/28237773109178) | 2293.9M/s | ETA 1:13:32 | best -
[b2=29 b1=27 GPU] stage  64.2% (18121280885225/28237773109178) | 2305.5M/s | ETA 1:13:08 | best -
[b2=29 b1=27 GPU] stage  64.2% (18126112723433/28237773109178) | 2320.9M/s | ETA 1:12:36 | best -
[b2=29 b1=27 GPU] stage  64.2% (18130944561641/28237773109178) | 2299.3M/s | ETA 1:13:15 | best -
[b2=29 b1=27 GPU] stage  64.2% (18135776399849/28237773109178) | 2294.9M/s | ETA 1:13:21 | best -
[b2=29 b1=27 GPU] stage  64.2% (18140608238057/28237773109178) | 2308.3M/s | ETA 1:12:54 | best -
[b2=29 b1=27 GPU] stage  64.3% (18145440076265/28237773109178) | 2322.2M/s | ETA 1:12:26 | best -
[b2=29 b1=27 GPU] stage  64.3% (18150271914473/28237773109178) | 2302.2M/s | ETA 1:13:01 | best -
[b2=29 b1=27 GPU] stage  64.3% (18155103752681/28237773109178) | 2299.7M/s | ETA 1:13:04 | best -
[b2=29 b1=27 GPU] stage  64.3% (18159935590889/28237773109178) | 2325.0M/s | ETA 1:12:14 | best -
[b2=29 b1=27 GPU] stage  64.3% (18164767429097/28237773109178) | 2301.3M/s | ETA 1:12:57 | best -
[b2=29 b1=27 GPU] stage  64.3% (18169599267305/28237773109178) | 2301.8M/s | ETA 1:12:53 | best -
[b2=29 b1=27 GPU] stage  64.4% (18174431105513/28237773109178) | 2322.2M/s | ETA 1:12:13 | best -
[b2=29 b1=27 GPU] stage  64.4% (18179262943721/28237773109178) | 2301.9M/s | ETA 1:12:49 | best -
[b2=29 b1=27 GPU] stage  64.4% (18184094781929/28237773109178) | 2300.7M/s | ETA 1:12:49 | best -
[b2=29 b1=27 GPU] stage  64.4% (18188926620137/28237773109178) | 2308.9M/s | ETA 1:12:32 | best -
[b2=29 b1=27 GPU] stage  64.4% (18193758458345/28237773109178) | 2316.4M/s | ETA 1:12:16 | best -
[b2=29 b1=27 GPU] stage  64.4% (18198590296553/28237773109178) | 2302.7M/s | ETA 1:12:39 | best -
[b2=29 b1=27 GPU] stage  64.5% (18203422134761/28237773109178) | 2304.6M/s | ETA 1:12:34 | best -
[b2=29 b1=27 GPU] stage  64.5% (18208253972969/28237773109178) | 2321.1M/s | ETA 1:12:01 | best -
[b2=29 b1=27 GPU] stage  64.5% (18213085811177/28237773109178) | 2298.8M/s | ETA 1:12:40 | best -
[b2=29 b1=27 GPU] stage  64.5% (18217917649385/28237773109178) | 2306.3M/s | ETA 1:12:24 | best -
[b2=29 b1=27 GPU] stage  64.5% (18222749487593/28237773109178) | 2327.5M/s | ETA 1:11:42 | best -
[b2=29 b1=27 GPU] stage  64.6% (18227581325801/28237773109178) | 2301.4M/s | ETA 1:12:29 | best -
[b2=29 b1=27 GPU] stage  64.6% (18232413164009/28237773109178) | 2304.3M/s | ETA 1:12:22 | best -
[b2=29 b1=27 GPU] stage  64.6% (18237245002217/28237773109178) | 2309.8M/s | ETA 1:12:09 | best -
[b2=29 b1=27 GPU] stage  64.6% (18242076840425/28237773109178) | 2318.9M/s | ETA 1:11:50 | best -
[b2=29 b1=27 GPU] stage  64.6% (18246908678633/28237773109178) | 2301.8M/s | ETA 1:12:20 | best -
[b2=29 b1=27 GPU] stage  64.6% (18251740516841/28237773109178) | 2308.0M/s | ETA 1:12:06 | best -
[b2=29 b1=27 GPU] stage  64.7% (18256572355049/28237773109178) | 2325.8M/s | ETA 1:11:31 | best -
[b2=29 b1=27 GPU] stage  64.7% (18261404193257/28237773109178) | 2297.5M/s | ETA 1:12:22 | best -
[b2=29 b1=27 GPU] stage  64.7% (18266236031465/28237773109178) | 2302.9M/s | ETA 1:12:09 | best -
[b2=29 b1=27 GPU] stage  64.7% (18271067869673/28237773109178) | 2323.0M/s | ETA 1:11:30 | best -
[b2=29 b1=27 GPU] stage  64.7% (18275899707881/28237773109178) | 2292.7M/s | ETA 1:12:25 | best -
[b2=29 b1=27 GPU] stage  64.7% (18280731546089/28237773109178) | 2305.5M/s | ETA 1:11:58 | best -
[b2=29 b1=27 GPU] stage  64.8% (18285563384297/28237773109178) | 2319.4M/s | ETA 1:11:30 | best -
[b2=29 b1=27 GPU] stage  64.8% (18290395222505/28237773109178) | 2317.6M/s | ETA 1:11:32 | best -
[b2=29 b1=27 GPU] stage  64.8% (18295227060713/28237773109178) | 2298.3M/s | ETA 1:12:06 | best -
[b2=29 b1=27 GPU] stage  64.8% (18300058898921/28237773109178) | 2308.4M/s | ETA 1:11:44 | best -
[b2=29 b1=27 GPU] stage  64.8% (18304890737129/28237773109178) | 2318.2M/s | ETA 1:11:24 | best -
[b2=29 b1=27 GPU] stage  64.8% (18309722575337/28237773109178) | 2301.9M/s | ETA 1:11:53 | best -
[b2=29 b1=27 GPU] stage  64.9% (18314554413545/28237773109178) | 2301.1M/s | ETA 1:11:52 | best -
[b2=29 b1=27 GPU] stage  64.9% (18319386251753/28237773109178) | 2323.9M/s | ETA 1:11:07 | best -
[b2=29 b1=27 GPU] stage  64.9% (18324218089961/28237773109178) | 2297.8M/s | ETA 1:11:54 | best -
[b2=29 b1=27 GPU] stage  64.9% (18329049928169/28237773109178) | 2295.1M/s | ETA 1:11:57 | best -
[b2=29 b1=27 GPU] stage  64.9% (18333881766377/28237773109178) | 2312.7M/s | ETA 1:11:22 | best -
[b2=29 b1=27 GPU] stage  64.9% (18338713604585/28237773109178) | 2315.4M/s | ETA 1:11:15 | best -
[b2=29 b1=27 GPU] stage  65.0% (18343545442793/28237773109178) | 2309.7M/s | ETA 1:11:23 | best -
[b2=29 b1=27 GPU] stage  65.0% (18348377281001/28237773109178) | 2304.4M/s | ETA 1:11:31 | best -
[b2=29 b1=27 GPU] stage  65.0% (18353209119209/28237773109178) | 2317.8M/s | ETA 1:11:04 | best -
[b2=29 b1=27 GPU] stage  65.0% (18358040957417/28237773109178) | 2293.7M/s | ETA 1:11:47 | best -
[b2=29 b1=27 GPU] stage  65.0% (18362872795625/28237773109178) | 2308.9M/s | ETA 1:11:16 | best -
[b2=29 b1=27 GPU] stage  65.0% (18367704633833/28237773109178) | 2322.7M/s | ETA 1:10:49 | best -
[b2=29 b1=27 GPU] stage  65.1% (18372536472041/28237773109178) | 2299.2M/s | ETA 1:11:30 | best -
[b2=29 b1=27 GPU] stage  65.1% (18377368310249/28237773109178) | 2299.6M/s | ETA 1:11:27 | best -
[b2=29 b1=27 GPU] stage  65.1% (18382200148457/28237773109178) | 2309.5M/s | ETA 1:11:07 | best -
[b2=29 b1=27 GPU] stage  65.1% (18387031986665/28237773109178) | 2317.7M/s | ETA 1:10:50 | best -
[b2=29 b1=27 GPU] stage  65.1% (18391863824873/28237773109178) | 2298.7M/s | ETA 1:11:23 | best -
[b2=29 b1=27 GPU] stage  65.1% (18396695663081/28237773109178) | 2305.8M/s | ETA 1:11:07 | best -
[b2=29 b1=27 GPU] stage  65.2% (18401527501289/28237773109178) | 2324.1M/s | ETA 1:10:32 | best -
[b2=29 b1=27 GPU] stage  65.2% (18406359339497/28237773109178) | 2300.4M/s | ETA 1:11:13 | best -
[b2=29 b1=27 GPU] stage  65.2% (18411191177705/28237773109178) | 2299.6M/s | ETA 1:11:13 | best -
[b2=29 b1=27 GPU] stage  65.2% (18416023015913/28237773109178) | 2321.3M/s | ETA 1:10:31 | best -
[b2=29 b1=27 GPU] stage  65.2% (18420854854121/28237773109178) | 2298.6M/s | ETA 1:11:10 | best -
[b2=29 b1=27 GPU] stage  65.3% (18425686692329/28237773109178) | 2301.6M/s | ETA 1:11:03 | best -
[b2=29 b1=27 GPU] stage  65.3% (18430518530537/28237773109178) | 2317.2M/s | ETA 1:10:32 | best -
[b2=29 b1=27 GPU] stage  65.3% (18435350368745/28237773109178) | 2310.2M/s | ETA 1:10:43 | best -
[b2=29 b1=27 GPU] stage  65.3% (18440182206953/28237773109178) | 2299.9M/s | ETA 1:10:59 | best -
[b2=29 b1=27 GPU] stage  65.3% (18445014045161/28237773109178) | 2304.3M/s | ETA 1:10:49 | best -
[b2=29 b1=27 GPU] stage  65.3% (18449845883369/28237773109178) | 2316.9M/s | ETA 1:10:24 | best -
[b2=29 b1=27 GPU] stage  65.4% (18454677721577/28237773109178) | 2298.5M/s | ETA 1:10:56 | best -
[b2=29 b1=27 GPU] stage  65.4% (18459509559785/28237773109178) | 2302.4M/s | ETA 1:10:47 | best -
[b2=29 b1=27 GPU] stage  65.4% (18464341397993/28237773109178) | 2327.4M/s | ETA 1:09:59 | best -
[b2=29 b1=27 GPU] stage  65.4% (18469173236201/28237773109178) | 2298.6M/s | ETA 1:10:49 | best -
[b2=29 b1=27 GPU] stage  65.4% (18474005074409/28237773109178) | 2305.1M/s | ETA 1:10:35 | best -
[b2=29 b1=27 GPU] stage  65.4% (18478836912617/28237773109178) | 2315.3M/s | ETA 1:10:14 | best -
[b2=29 b1=27 GPU] stage  65.5% (18483668750825/28237773109178) | 2307.0M/s | ETA 1:10:28 | best -
[b2=29 b1=27 GPU] stage  65.5% (18488500589033/28237773109178) | 2299.3M/s | ETA 1:10:40 | best -
[b2=29 b1=27 GPU] stage  65.5% (18493332427241/28237773109178) | 2304.8M/s | ETA 1:10:27 | best -
[b2=29 b1=27 GPU] stage  65.5% (18498164265449/28237773109178) | 2319.2M/s | ETA 1:09:59 | best -
[b2=29 b1=27 GPU] stage  65.5% (18502996103657/28237773109178) | 2301.0M/s | ETA 1:10:30 | best -
[b2=29 b1=27 GPU] stage  65.5% (18507827941865/28237773109178) | 2298.9M/s | ETA 1:10:32 | best -
[b2=29 b1=27 GPU] stage  65.6% (18512659780073/28237773109178) | 2323.0M/s | ETA 1:09:46 | best -
[b2=29 b1=27 GPU] stage  65.6% (18517491618281/28237773109178) | 2293.4M/s | ETA 1:10:38 | best -
[b2=29 b1=27 GPU] stage  65.6% (18522323456489/28237773109178) | 2298.3M/s | ETA 1:10:27 | best -
[b2=29 b1=27 GPU] stage  65.6% (18527155294697/28237773109178) | 2318.0M/s | ETA 1:09:49 | best -
[b2=29 b1=27 GPU] stage  65.6% (18531987132905/28237773109178) | 2309.9M/s | ETA 1:10:01 | best -
[b2=29 b1=27 GPU] stage  65.6% (18536818971113/28237773109178) | 2306.5M/s | ETA 1:10:05 | best -
[b2=29 b1=27 GPU] stage  65.7% (18541650809321/28237773109178) | 2306.0M/s | ETA 1:10:04 | best -
[b2=29 b1=27 GPU] stage  65.7% (18546482647529/28237773109178) | 2320.0M/s | ETA 1:09:37 | best -
[b2=29 b1=27 GPU] stage  65.7% (18551314485737/28237773109178) | 2299.9M/s | ETA 1:10:11 | best -
[b2=29 b1=27 GPU] stage  65.7% (18556146323945/28237773109178) | 2300.4M/s | ETA 1:10:08 | best -
[b2=29 b1=27 GPU] stage  65.7% (18560978162153/28237773109178) | 2321.3M/s | ETA 1:09:28 | best -
[b2=29 b1=27 GPU] stage  65.7% (18565810000361/28237773109178) | 2298.9M/s | ETA 1:10:07 | best -
[b2=29 b1=27 GPU] stage  65.8% (18570641838569/28237773109178) | 2295.6M/s | ETA 1:10:11 | best -
[b2=29 b1=27 GPU] stage  65.8% (18575473676777/28237773109178) | 2320.7M/s | ETA 1:09:23 | best -
[b2=29 b1=27 GPU] stage  65.8% (18580305514985/28237773109178) | 2301.1M/s | ETA 1:09:56 | best -
[b2=29 b1=27 GPU] stage  65.8% (18585137353193/28237773109178) | 2302.1M/s | ETA 1:09:52 | best -
[b2=29 b1=27 GPU] stage  65.8% (18589969191401/28237773109178) | 2302.4M/s | ETA 1:09:50 | best -
[b2=29 b1=27 GPU] stage  65.9% (18594801029609/28237773109178) | 2318.5M/s | ETA 1:09:19 | best -
[b2=29 b1=27 GPU] stage  65.9% (18599632867817/28237773109178) | 2301.2M/s | ETA 1:09:48 | best -
[b2=29 b1=27 GPU] stage  65.9% (18604464706025/28237773109178) | 2305.1M/s | ETA 1:09:39 | best -
[b2=29 b1=27 GPU] stage  65.9% (18609296544233/28237773109178) | 2321.3M/s | ETA 1:09:07 | best -
[b2=29 b1=27 GPU] stage  65.9% (18614128382441/28237773109178) | 2298.9M/s | ETA 1:09:46 | best -
[b2=29 b1=27 GPU] stage  65.9% (18618960220649/28237773109178) | 2299.0M/s | ETA 1:09:43 | best -
[b2=29 b1=27 GPU] stage  66.0% (18623792058857/28237773109178) | 2319.3M/s | ETA 1:09:05 | best -
[b2=29 b1=27 GPU] stage  66.0% (18628623897065/28237773109178) | 2308.3M/s | ETA 1:09:22 | best -
[b2=29 b1=27 GPU] stage  66.0% (18633455735273/28237773109178) | 2299.6M/s | ETA 1:09:36 | best -
[b2=29 b1=27 GPU] stage  66.0% (18638287573481/28237773109178) | 2304.4M/s | ETA 1:09:25 | best -
[b2=29 b1=27 GPU] stage  66.0% (18643119411689/28237773109178) | 2319.1M/s | ETA 1:08:57 | best -
[b2=29 b1=27 GPU] stage  66.0% (18647951249897/28237773109178) | 2303.1M/s | ETA 1:09:23 | best -
[b2=29 b1=27 GPU] stage  66.1% (18652783088105/28237773109178) | 2300.3M/s | ETA 1:09:26 | best -
[b2=29 b1=27 GPU] stage  66.1% (18657614926313/28237773109178) | 2327.0M/s | ETA 1:08:36 | best -
[b2=29 b1=27 GPU] stage  66.1% (18662446764521/28237773109178) | 2298.9M/s | ETA 1:09:25 | best -
[b2=29 b1=27 GPU] stage  66.1% (18667278602729/28237773109178) | 2300.1M/s | ETA 1:09:20 | best -
[b2=29 b1=27 GPU] stage  66.1% (18672110440937/28237773109178) | 2321.5M/s | ETA 1:08:40 | best -
[b2=29 b1=27 GPU] stage  66.1% (18676942279145/28237773109178) | 2303.5M/s | ETA 1:09:10 | best -
[b2=29 b1=27 GPU] stage  66.2% (18681774117353/28237773109178) | 2295.7M/s | ETA 1:09:22 | best -
[b2=29 b1=27 GPU] stage  66.2% (18686605955561/28237773109178) | 2308.0M/s | ETA 1:08:58 | best -
[b2=29 b1=27 GPU] stage  66.2% (18691437793769/28237773109178) | 2315.4M/s | ETA 1:08:43 | best -
[b2=29 b1=27 GPU] stage  66.2% (18696269631977/28237773109178) | 2299.5M/s | ETA 1:09:09 | best -
[b2=29 b1=27 GPU] stage  66.2% (18701101470185/28237773109178) | 2299.0M/s | ETA 1:09:08 | best -
[b2=29 b1=27 GPU] stage  66.2% (18705933308393/28237773109178) | 2315.4M/s | ETA 1:08:36 | best -
[b2=29 b1=27 GPU] stage  66.3% (18710765146601/28237773109178) | 2298.3M/s | ETA 1:09:05 | best -
[b2=29 b1=27 GPU] stage  66.3% (18715596984809/28237773109178) | 2304.1M/s | ETA 1:08:52 | best -
[b2=29 b1=27 GPU] stage  66.3% (18720428823017/28237773109178) | 2309.7M/s | ETA 1:08:40 | best -
[b2=29 b1=27 GPU] stage  66.3% (18725260661225/28237773109178) | 2304.0M/s | ETA 1:08:48 | best -
[b2=29 b1=27 GPU] stage  66.3% (18730092499433/28237773109178) | 2300.0M/s | ETA 1:08:53 | best -
[b2=29 b1=27 GPU] stage  66.3% (18734924337641/28237773109178) | 2312.2M/s | ETA 1:08:29 | best -
[b2=29 b1=27 GPU] stage  66.4% (18739219304937/28237773109178) | 1740.3M/s | ETA 1:30:58 | best -
[b2=29 b1=27 GPU] stage  66.4% (18741098353129/28237773109178) | 894.1M/s | ETA 2:57:00 | best -
[b2=29 b1=27 GPU] stage  66.4% (18742977401321/28237773109178) | 827.5M/s | ETA 3:11:14 | best -
[b2=29 b1=27 GPU] stage  66.4% (18744856449513/28237773109178) | 825.4M/s | ETA 3:11:40 | best -
[b2=29 b1=27 GPU] stage  66.4% (18746735497705/28237773109178) | 824.8M/s | ETA 3:11:47 | best -
[b2=29 b1=27 GPU] stage  66.4% (18748614545897/28237773109178) | 818.6M/s | ETA 3:13:11 | best -
[b2=29 b1=27 GPU] stage  66.4% (18750493594089/28237773109178) | 821.3M/s | ETA 3:12:30 | best -
[b2=29 b1=27 GPU] stage  66.4% (18752372642281/28237773109178) | 823.9M/s | ETA 3:11:52 | best -
[b2=29 b1=27 GPU] stage  66.4% (18754251690473/28237773109178) | 827.5M/s | ETA 3:11:00 | best -
[b2=29 b1=27 GPU] stage  66.4% (18756130738665/28237773109178) | 818.2M/s | ETA 3:13:07 | best -
[b2=29 b1=27 GPU] stage  66.4% (18758009786857/28237773109178) | 820.3M/s | ETA 3:12:35 | best -
[b2=29 b1=27 GPU] stage  66.4% (18759888835049/28237773109178) | 823.8M/s | ETA 3:11:45 | best -
[b2=29 b1=27 GPU] stage  66.4% (18761767883241/28237773109178) | 827.3M/s | ETA 3:10:53 | best -
[b2=29 b1=27 GPU] stage  66.4% (18763646931433/28237773109178) | 819.8M/s | ETA 3:12:37 | best -
[b2=29 b1=27 GPU] stage  66.5% (18765525979625/28237773109178) | 820.0M/s | ETA 3:12:31 | best -
[b2=29 b1=27 GPU] stage  66.5% (18767405027817/28237773109178) | 823.0M/s | ETA 3:11:46 | best -
[b2=29 b1=27 GPU] stage  66.5% (18769284076009/28237773109178) | 829.8M/s | ETA 3:10:10 | best -
[b2=29 b1=27 GPU] stage  66.5% (18771163124201/28237773109178) | 821.1M/s | ETA 3:12:09 | best -
[b2=29 b1=27 GPU] stage  66.5% (18773042172393/28237773109178) | 819.5M/s | ETA 3:12:29 | best -
[b2=29 b1=27 GPU] stage  66.5% (18774921220585/28237773109178) | 821.8M/s | ETA 3:11:54 | best -
[b2=29 b1=27 GPU] stage  66.5% (18776800268777/28237773109178) | 827.4M/s | ETA 3:10:34 | best -
[b2=29 b1=27 GPU] stage  66.5% (18778679316969/28237773109178) | 824.3M/s | ETA 3:11:15 | best -
[b2=29 b1=27 GPU] stage  66.5% (18780558365161/28237773109178) | 818.3M/s | ETA 3:12:37 | best -
[b2=29 b1=27 GPU] stage  66.5% (18782437413353/28237773109178) | 817.1M/s | ETA 3:12:51 | best -
[b2=29 b1=27 GPU] stage  66.5% (18784316461545/28237773109178) | 826.1M/s | ETA 3:10:42 | best -
[b2=29 b1=27 GPU] stage  66.5% (18786195509737/28237773109178) | 825.6M/s | ETA 3:10:48 | best -
[b2=29 b1=27 GPU] stage  66.5% (18788074557929/28237773109178) | 817.9M/s | ETA 3:12:33 | best -
[b2=29 b1=27 GPU] stage  66.5% (18789953606121/28237773109178) | 820.1M/s | ETA 3:12:00 | best -
[b2=29 b1=27 GPU] stage  66.5% (18791832654313/28237773109178) | 824.5M/s | ETA 3:10:55 | best -
[b2=29 b1=27 GPU] stage  66.6% (18793711702505/28237773109178) | 827.4M/s | ETA 3:10:13 | best -
[b2=29 b1=27 GPU] stage  66.6% (18795590750697/28237773109178) | 817.1M/s | ETA 3:12:35 | best -
[b2=29 b1=27 GPU] stage  66.6% (18797469798889/28237773109178) | 819.1M/s | ETA 3:12:04 | best -
[b2=29 b1=27 GPU] stage  66.6% (18799348847081/28237773109178) | 823.5M/s | ETA 3:11:01 | best -
[b2=29 b1=27 GPU] stage  66.6% (18801227895273/28237773109178) | 828.1M/s | ETA 3:09:55 | best -
[b2=29 b1=27 GPU] stage  66.6% (18803106943465/28237773109178) | 819.3M/s | ETA 3:11:55 | best -
[b2=29 b1=27 GPU] stage  66.6% (18804985991657/28237773109178) | 819.4M/s | ETA 3:11:51 | best -
[b2=29 b1=27 GPU] stage  66.6% (18806865039849/28237773109178) | 822.2M/s | ETA 3:11:09 | best -
[b2=29 b1=27 GPU] stage  66.6% (18808744088041/28237773109178) | 829.0M/s | ETA 3:09:34 | best -
[b2=29 b1=27 GPU] stage  66.6% (18810623136233/28237773109178) | 820.6M/s | ETA 3:11:28 | best -
[b2=29 b1=27 GPU] stage  66.6% (18812502184425/28237773109178) | 818.7M/s | ETA 3:11:52 | best -
[b2=29 b1=27 GPU] stage  66.6% (18814381232617/28237773109178) | 821.8M/s | ETA 3:11:06 | best -
[b2=29 b1=27 GPU] stage  66.6% (18816260280809/28237773109178) | 827.6M/s | ETA 3:09:44 | best -
[b2=29 b1=27 GPU] stage  66.6% (18818139329001/28237773109178) | 824.6M/s | ETA 3:10:23 | best -
[b2=29 b1=27 GPU] stage  66.6% (18820018377193/28237773109178) | 818.9M/s | ETA 3:11:40 | best -
[b2=29 b1=27 GPU] stage  66.7% (18821897425385/28237773109178) | 821.6M/s | ETA 3:11:00 | best -
[b2=29 b1=27 GPU] stage  66.7% (18823776473577/28237773109178) | 826.1M/s | ETA 3:09:55 | best -
[b2=29 b1=27 GPU] stage  66.7% (18825655521769/28237773109178) | 825.4M/s | ETA 3:10:03 | best -
[b2=29 b1=27 GPU] stage  66.7% (18827534569961/28237773109178) | 817.0M/s | ETA 3:11:58 | best -
[b2=29 b1=27 GPU] stage  66.7% (18829413618153/28237773109178) | 820.5M/s | ETA 3:11:06 | best -
[b2=29 b1=27 GPU] stage  66.7% (18831292666345/28237773109178) | 819.3M/s | ETA 3:11:20 | best -
[b2=29 b1=27 GPU] stage  66.7% (18833171714537/28237773109178) | 826.0M/s | ETA 3:09:45 | best -
[b2=29 b1=27 GPU] stage  66.7% (18835050762729/28237773109178) | 818.3M/s | ETA 3:11:30 | best -
[b2=29 b1=27 GPU] stage  66.7% (18836929810921/28237773109178) | 819.7M/s | ETA 3:11:08 | best -
[b2=29 b1=27 GPU] stage  66.7% (18838808859113/28237773109178) | 821.7M/s | ETA 3:10:38 | best -
[b2=29 b1=27 GPU] stage  66.7% (18840687907305/28237773109178) | 828.9M/s | ETA 3:08:56 | best -
[b2=29 b1=27 GPU] stage  66.7% (18842566955497/28237773109178) | 819.2M/s | ETA 3:11:09 | best -
[b2=29 b1=27 GPU] stage  66.7% (18844446003689/28237773109178) | 818.7M/s | ETA 3:11:13 | best -
[b2=29 b1=27 GPU] stage  66.7% (18846325051881/28237773109178) | 822.1M/s | ETA 3:10:24 | best -
[b2=29 b1=27 GPU] stage  66.7% (18848204100073/28237773109178) | 828.3M/s | ETA 3:08:55 | best -
[b2=29 b1=27 GPU] stage  66.8% (18850083148265/28237773109178) | 821.2M/s | ETA 3:10:31 | best -
[b2=29 b1=27 GPU] stage  66.8% (18851962196457/28237773109178) | 818.8M/s | ETA 3:11:02 | best -
[b2=29 b1=27 GPU] stage  66.8% (18853841244649/28237773109178) | 821.2M/s | ETA 3:10:27 | best -
[b2=29 b1=27 GPU] stage  66.8% (18855720292841/28237773109178) | 826.3M/s | ETA 3:09:14 | best -
[b2=29 b1=27 GPU] stage  66.8% (18857599341033/28237773109178) | 825.5M/s | ETA 3:09:22 | best -
[b2=29 b1=27 GPU] stage  66.8% (18859478389225/28237773109178) | 818.7M/s | ETA 3:10:55 | best -
[b2=29 b1=27 GPU] stage  66.8% (18861357437417/28237773109178) | 820.2M/s | ETA 3:10:31 | best -
[b2=29 b1=27 GPU] stage  66.8% (18863236485609/28237773109178) | 825.7M/s | ETA 3:09:13 | best -
[b2=29 b1=27 GPU] stage  66.8% (18865115533801/28237773109178) | 826.3M/s | ETA 3:09:03 | best -
[b2=29 b1=27 GPU] stage  66.8% (18866994581993/28237773109178) | 818.5M/s | ETA 3:10:49 | best -
[b2=29 b1=27 GPU] stage  66.8% (18868873630185/28237773109178) | 821.3M/s | ETA 3:10:07 | best -
[b2=29 b1=27 GPU] stage  66.8% (18870752678377/28237773109178) | 824.4M/s | ETA 3:09:21 | best -
[b2=29 b1=27 GPU] stage  66.8% (18872631726569/28237773109178) | 826.0M/s | ETA 3:08:57 | best -
[b2=29 b1=27 GPU] stage  66.8% (18874510774761/28237773109178) | 818.3M/s | ETA 3:10:42 | best -
[b2=29 b1=27 GPU] stage  66.8% (18876389822953/28237773109178) | 819.7M/s | ETA 3:10:20 | best -
[b2=29 b1=27 GPU] stage  66.9% (18878268871145/28237773109178) | 822.7M/s | ETA 3:09:36 | best -
[b2=29 b1=27 GPU] stage  66.9% (18880147919337/28237773109178) | 824.0M/s | ETA 3:09:16 | best -
[b2=29 b1=27 GPU] stage  66.9% (18882026967529/28237773109178) | 819.8M/s | ETA 3:10:12 | best -
[b2=29 b1=27 GPU] stage  66.9% (18883906015721/28237773109178) | 818.7M/s | ETA 3:10:25 | best -
[b2=29 b1=27 GPU] stage  66.9% (18885785063913/28237773109178) | 822.7M/s | ETA 3:09:27 | best -
[b2=29 b1=27 GPU] stage  66.9% (18887664112105/28237773109178) | 830.0M/s | ETA 3:07:45 | best -
[b2=29 b1=27 GPU] stage  66.9% (18889543160297/28237773109178) | 823.2M/s | ETA 3:09:16 | best -
[b2=29 b1=27 GPU] stage  66.9% (18891422208489/28237773109178) | 818.4M/s | ETA 3:10:20 | best -
[b2=29 b1=27 GPU] stage  66.9% (18893301256681/28237773109178) | 820.9M/s | ETA 3:09:43 | best -
[b2=29 b1=27 GPU] stage  66.9% (18895180304873/28237773109178) | 826.5M/s | ETA 3:08:23 | best -
[b2=29 b1=27 GPU] stage  66.9% (18897059353065/28237773109178) | 825.0M/s | ETA 3:08:42 | best -
[b2=29 b1=27 GPU] stage  66.9% (18898938401257/28237773109178) | 818.5M/s | ETA 3:10:10 | best -
[b2=29 b1=27 GPU] stage  66.9% (18900817449449/28237773109178) | 820.7M/s | ETA 3:09:36 | best -
[b2=29 b1=27 GPU] stage  66.9% (18902696497641/28237773109178) | 825.8M/s | ETA 3:08:24 | best -
[b2=29 b1=27 GPU] stage  66.9% (18904575545833/28237773109178) | 826.6M/s | ETA 3:08:11 | best -
[b2=29 b1=27 GPU] stage  67.0% (18906454594025/28237773109178) | 818.8M/s | ETA 3:09:55 | best -
[b2=29 b1=27 GPU] stage  67.0% (18908333642217/28237773109178) | 819.5M/s | ETA 3:09:44 | best -
[b2=29 b1=27 GPU] stage  67.0% (18910212690409/28237773109178) | 823.7M/s | ETA 3:08:44 | best -
[b2=29 b1=27 GPU] stage  67.0% (18912091738601/28237773109178) | 827.7M/s | ETA 3:07:47 | best -
[b2=29 b1=27 GPU] stage  67.0% (18913970786793/28237773109178) | 818.2M/s | ETA 3:09:56 | best -
[b2=29 b1=27 GPU] stage  67.0% (18915849834985/28237773109178) | 819.0M/s | ETA 3:09:42 | best -
[b2=29 b1=27 GPU] stage  67.0% (18917728883177/28237773109178) | 822.8M/s | ETA 3:08:46 | best -
[b2=29 b1=27 GPU] stage  67.0% (18919607931369/28237773109178) | 827.9M/s | ETA 3:07:34 | best -
[b2=29 b1=27 GPU] stage  67.0% (18921486979561/28237773109178) | 819.8M/s | ETA 3:09:23 | best -
[b2=29 b1=27 GPU] stage  67.0% (18923366027753/28237773109178) | 818.8M/s | ETA 3:09:35 | best -
[b2=29 b1=27 GPU] stage  67.0% (18925245075945/28237773109178) | 822.0M/s | ETA 3:08:49 | best -
[b2=29 b1=27 GPU] stage  67.0% (18927124124137/28237773109178) | 827.7M/s | ETA 3:07:28 | best -
[b2=29 b1=27 GPU] stage  67.0% (18929003172329/28237773109178) | 822.5M/s | ETA 3:08:37 | best -
[b2=29 b1=27 GPU] stage  67.0% (18930882220521/28237773109178) | 817.9M/s | ETA 3:09:39 | best -
[b2=29 b1=27 GPU] stage  67.0% (18932761268713/28237773109178) | 821.6M/s | ETA 3:08:45 | best -
[b2=29 b1=27 GPU] stage  67.1% (18934640316905/28237773109178) | 825.6M/s | ETA 3:07:47 | best -
[b2=29 b1=27 GPU] stage  67.1% (18936519365097/28237773109178) | 825.5M/s | ETA 3:07:47 | best -
[b2=29 b1=27 GPU] stage  67.1% (18938398413289/28237773109178) | 819.1M/s | ETA 3:09:13 | best -
[b2=29 b1=27 GPU] stage  67.1% (18940277461481/28237773109178) | 821.1M/s | ETA 3:08:43 | best -
[b2=29 b1=27 GPU] stage  67.1% (18942156509673/28237773109178) | 824.7M/s | ETA 3:07:50 | best -
[b2=29 b1=27 GPU] stage  67.1% (18944035557865/28237773109178) | 826.5M/s | ETA 3:07:24 | best -
[b2=29 b1=27 GPU] stage  67.1% (18945914606057/28237773109178) | 817.8M/s | ETA 3:09:22 | best -
[b2=29 b1=27 GPU] stage  67.1% (18947793654249/28237773109178) | 819.9M/s | ETA 3:08:50 | best -
[b2=29 b1=27 GPU] stage  67.1% (18949672702441/28237773109178) | 824.2M/s | ETA 3:07:49 | best -
[b2=29 b1=27 GPU] stage  67.1% (18951551750633/28237773109178) | 827.3M/s | ETA 3:07:04 | best -
[b2=29 b1=27 GPU] stage  67.1% (18953430798825/28237773109178) | 817.5M/s | ETA 3:09:16 | best -
[b2=29 b1=27 GPU] stage  67.1% (18955309847017/28237773109178) | 819.9M/s | ETA 3:08:41 | best -
[b2=29 b1=27 GPU] stage  67.1% (18957188895209/28237773109178) | 822.3M/s | ETA 3:08:05 | best -
[b2=29 b1=27 GPU] stage  67.1% (18959067943401/28237773109178) | 828.6M/s | ETA 3:06:37 | best -
[b2=29 b1=27 GPU] stage  67.1% (18960946991593/28237773109178) | 820.3M/s | ETA 3:08:29 | best -
[b2=29 b1=27 GPU] stage  67.2% (18962826039785/28237773109178) | 819.6M/s | ETA 3:08:36 | best -
[b2=29 b1=27 GPU] stage  67.2% (18964705087977/28237773109178) | 821.7M/s | ETA 3:08:05 | best -
[b2=29 b1=27 GPU] stage  67.2% (18966584136169/28237773109178) | 828.0M/s | ETA 3:06:36 | best -
[b2=29 b1=27 GPU] stage  67.2% (18968463184361/28237773109178) | 823.5M/s | ETA 3:07:36 | best -
[b2=29 b1=27 GPU] stage  67.2% (18970342232553/28237773109178) | 818.2M/s | ETA 3:08:46 | best -
[b2=29 b1=27 GPU] stage  67.2% (18972221280745/28237773109178) | 821.3M/s | ETA 3:08:02 | best -
[b2=29 b1=27 GPU] stage  67.2% (18974100328937/28237773109178) | 825.8M/s | ETA 3:06:58 | best -
[b2=29 b1=27 GPU] stage  67.2% (18975979377129/28237773109178) | 825.3M/s | ETA 3:07:02 | best -
[b2=29 b1=27 GPU] stage  67.2% (18977858425321/28237773109178) | 818.6M/s | ETA 3:08:32 | best -
[b2=29 b1=27 GPU] stage  67.2% (18979737473513/28237773109178) | 817.8M/s | ETA 3:08:40 | best -
[b2=29 b1=27 GPU] stage  67.2% (18981616521705/28237773109178) | 824.1M/s | ETA 3:07:11 | best -
[b2=29 b1=27 GPU] stage  67.2% (18983495569897/28237773109178) | 826.5M/s | ETA 3:06:36 | best -
[b2=29 b1=27 GPU] stage  67.2% (18985374618089/28237773109178) | 817.5M/s | ETA 3:08:37 | best -
[b2=29 b1=27 GPU] stage  67.2% (18987253666281/28237773109178) | 819.6M/s | ETA 3:08:06 | best -
[b2=29 b1=27 GPU] stage  67.2% (18989132714473/28237773109178) | 822.5M/s | ETA 3:07:24 | best -
[b2=29 b1=27 GPU] stage  67.3% (18991011762665/28237773109178) | 827.7M/s | ETA 3:06:12 | best -
[b2=29 b1=27 GPU] stage  67.3% (18992890810857/28237773109178) | 818.7M/s | ETA 3:08:12 | best -
[b2=29 b1=27 GPU] stage  67.3% (18994769859049/28237773109178) | 819.9M/s | ETA 3:07:53 | best -
[b2=29 b1=27 GPU] stage  67.3% (18996648907241/28237773109178) | 822.3M/s | ETA 3:07:18 | best -
[b2=29 b1=27 GPU] stage  67.3% (18998527955433/28237773109178) | 830.9M/s | ETA 3:05:19 | best -
[b2=29 b1=27 GPU] stage  67.3% (19000407003625/28237773109178) | 821.3M/s | ETA 3:07:27 | best -
[b2=29 b1=27 GPU] stage  67.3% (19002286051817/28237773109178) | 819.3M/s | ETA 3:07:52 | best -
[b2=29 b1=27 GPU] stage  67.3% (19004165100009/28237773109178) | 821.2M/s | ETA 3:07:24 | best -
[b2=29 b1=27 GPU] stage  67.3% (19006044148201/28237773109178) | 827.6M/s | ETA 3:05:54 | best -
[b2=29 b1=27 GPU] stage  67.3% (19007923196393/28237773109178) | 824.7M/s | ETA 3:06:31 | best -
[b2=29 b1=27 GPU] stage  67.3% (19009802244585/28237773109178) | 819.3M/s | ETA 3:07:42 | best -
[b2=29 b1=27 GPU] stage  67.3% (19011681292777/28237773109178) | 820.2M/s | ETA 3:07:28 | best -
[b2=29 b1=27 GPU] stage  67.3% (19013560340969/28237773109178) | 825.4M/s | ETA 3:06:14 | best -
[b2=29 b1=27 GPU] stage  67.3% (19015439389161/28237773109178) | 825.3M/s | ETA 3:06:14 | best -
[b2=29 b1=27 GPU] stage  67.3% (19017318437353/28237773109178) | 818.2M/s | ETA 3:07:49 | best -
[b2=29 b1=27 GPU] stage  67.4% (19019197485545/28237773109178) | 820.1M/s | ETA 3:07:20 | best -
[b2=29 b1=27 GPU] stage  67.4% (19021076533737/28237773109178) | 824.5M/s | ETA 3:06:18 | best -
[b2=29 b1=27 GPU] stage  67.4% (19022955581929/28237773109178) | 825.8M/s | ETA 3:05:58 | best -
[b2=29 b1=27 GPU] stage  67.4% (19024834630121/28237773109178) | 817.2M/s | ETA 3:07:53 | best -
[b2=29 b1=27 GPU] stage  67.4% (19026713678313/28237773109178) | 819.5M/s | ETA 3:07:19 | best -
[b2=29 b1=27 GPU] stage  67.4% (19028592726505/28237773109178) | 820.5M/s | ETA 3:07:04 | best -
[b2=29 b1=27 GPU] stage  67.4% (19030471774697/28237773109178) | 827.7M/s | ETA 3:05:23 | best -
[b2=29 b1=27 GPU] stage  67.4% (19032350822889/28237773109178) | 819.2M/s | ETA 3:07:16 | best -
[b2=29 b1=27 GPU] stage  67.4% (19034229871081/28237773109178) | 819.3M/s | ETA 3:07:13 | best -
[b2=29 b1=27 GPU] stage  67.4% (19036108919273/28237773109178) | 822.2M/s | ETA 3:06:30 | best -
[b2=29 b1=27 GPU] stage  67.4% (19037987967465/28237773109178) | 828.1M/s | ETA 3:05:09 | best -
[b2=29 b1=27 GPU] stage  67.4% (19039867015657/28237773109178) | 821.4M/s | ETA 3:06:38 | best -
[b2=29 b1=27 GPU] stage  67.4% (19041746063849/28237773109178) | 818.7M/s | ETA 3:07:12 | best -
[b2=29 b1=27 GPU] stage  67.4% (19043625112041/28237773109178) | 821.5M/s | ETA 3:06:32 | best -
[b2=29 b1=27 GPU] stage  67.4% (19045504160233/28237773109178) | 827.9M/s | ETA 3:05:02 | best -
[b2=29 b1=27 GPU] stage  67.5% (19047383208425/28237773109178) | 824.0M/s | ETA 3:05:53 | best -
[b2=29 b1=27 GPU] stage  67.5% (19049262256617/28237773109178) | 818.4M/s | ETA 3:07:07 | best -
[b2=29 b1=27 GPU] stage  67.5% (19051141304809/28237773109178) | 819.9M/s | ETA 3:06:45 | best -
[b2=29 b1=27 GPU] stage  67.5% (19053020353001/28237773109178) | 825.5M/s | ETA 3:05:26 | best -
[b2=29 b1=27 GPU] stage  67.5% (19054899401193/28237773109178) | 825.5M/s | ETA 3:05:23 | best -
[b2=29 b1=27 GPU] stage  67.5% (19056778449385/28237773109178) | 816.4M/s | ETA 3:07:26 | best -
[b2=29 b1=27 GPU] stage  67.5% (19058657497577/28237773109178) | 818.9M/s | ETA 3:06:48 | best -
[b2=29 b1=27 GPU] stage  67.5% (19060536545769/28237773109178) | 824.2M/s | ETA 3:05:34 | best -
[b2=29 b1=27 GPU] stage  67.5% (19062415593961/28237773109178) | 826.5M/s | ETA 3:05:01 | best -
[b2=29 b1=27 GPU] stage  67.5% (19064294642153/28237773109178) | 817.6M/s | ETA 3:07:00 | best -
[b2=29 b1=27 GPU] stage  67.5% (19066173690345/28237773109178) | 819.3M/s | ETA 3:06:34 | best -
[b2=29 b1=27 GPU] stage  67.5% (19068052738537/28237773109178) | 823.4M/s | ETA 3:05:35 | best -
[b2=29 b1=27 GPU] stage  67.5% (19069931786729/28237773109178) | 830.1M/s | ETA 3:04:04 | best -
[b2=29 b1=27 GPU] stage  67.5% (19071810834921/28237773109178) | 819.8M/s | ETA 3:06:20 | best -
[b2=29 b1=27 GPU] stage  67.5% (19073689883113/28237773109178) | 818.5M/s | ETA 3:06:35 | best -
[b2=29 b1=27 GPU] stage  67.6% (19075568931305/28237773109178) | 821.1M/s | ETA 3:05:58 | best -
[b2=29 b1=27 GPU] stage  67.6% (19077447979497/28237773109178) | 824.5M/s | ETA 3:05:10 | best -
[b2=29 b1=27 GPU] stage  67.6% (19079327027689/28237773109178) | 821.9M/s | ETA 3:05:42 | best -
[b2=29 b1=27 GPU] stage  67.6% (19081206075881/28237773109178) | 819.2M/s | ETA 3:06:17 | best -
[b2=29 b1=27 GPU] stage  67.6% (19083085124073/28237773109178) | 820.3M/s | ETA 3:05:59 | best -
[b2=29 b1=27 GPU] stage  67.6% (19084964172265/28237773109178) | 826.2M/s | ETA 3:04:37 | best -
[b2=29 b1=27 GPU] stage  67.6% (19086843220457/28237773109178) | 824.0M/s | ETA 3:05:05 | best -
[b2=29 b1=27 GPU] stage  67.6% (19088722268649/28237773109178) | 818.0M/s | ETA 3:06:25 | best -
[b2=29 b1=27 GPU] stage  67.6% (19090601316841/28237773109178) | 821.0M/s | ETA 3:05:41 | best -
[b2=29 b1=27 GPU] stage  67.6% (19092480365033/28237773109178) | 824.9M/s | ETA 3:04:46 | best -
[b2=29 b1=27 GPU] stage  67.6% (19094359413225/28237773109178) | 825.3M/s | ETA 3:04:38 | best -
[b2=29 b1=27 GPU] stage  67.6% (19096238461417/28237773109178) | 818.7M/s | ETA 3:06:05 | best -
[b2=29 b1=27 GPU] stage  67.6% (19098117509609/28237773109178) | 819.9M/s | ETA 3:05:47 | best -
[b2=29 b1=27 GPU] stage  67.6% (19099996557801/28237773109178) | 824.3M/s | ETA 3:04:45 | best -
[b2=29 b1=27 GPU] stage  67.6% (19101875605993/28237773109178) | 826.9M/s | ETA 3:04:08 | best -
[b2=29 b1=27 GPU] stage  67.7% (19103754654185/28237773109178) | 818.3M/s | ETA 3:06:02 | best -
[b2=29 b1=27 GPU] stage  67.7% (19105633702377/28237773109178) | 819.1M/s | ETA 3:05:49 | best -
[b2=29 b1=27 GPU] stage  67.7% (19107512750569/28237773109178) | 822.8M/s | ETA 3:04:56 | best -
[b2=29 b1=27 GPU] stage  67.7% (19109391798761/28237773109178) | 828.7M/s | ETA 3:03:35 | best -
[b2=29 b1=27 GPU] stage  67.7% (19111270846953/28237773109178) | 819.9M/s | ETA 3:05:31 | best -
[b2=29 b1=27 GPU] stage  67.7% (19113149895145/28237773109178) | 820.2M/s | ETA 3:05:24 | best -
[b2=29 b1=27 GPU] stage  67.7% (19115028943337/28237773109178) | 822.2M/s | ETA 3:04:56 | best -
[b2=29 b1=27 GPU] stage  67.7% (19116907991529/28237773109178) | 827.7M/s | ETA 3:03:39 | best -
[b2=29 b1=27 GPU] stage  67.7% (19118787039721/28237773109178) | 823.2M/s | ETA 3:04:37 | best -
[b2=29 b1=27 GPU] stage  67.7% (19120666087913/28237773109178) | 818.5M/s | ETA 3:05:38 | best -
[b2=29 b1=27 GPU] stage  67.7% (19122545136105/28237773109178) | 821.5M/s | ETA 3:04:55 | best -
[b2=29 b1=27 GPU] stage  67.7% (19124424184297/28237773109178) | 827.0M/s | ETA 3:03:39 | best -
[b2=29 b1=27 GPU] stage  67.7% (19126303232489/28237773109178) | 821.7M/s | ETA 3:04:48 | best -
[b2=29 b1=27 GPU] stage  67.7% (19128182280681/28237773109178) | 816.6M/s | ETA 3:05:55 | best -
[b2=29 b1=27 GPU] stage  67.7% (19130061328873/28237773109178) | 820.2M/s | ETA 3:05:04 | best -
[b2=29 b1=27 GPU] stage  67.8% (19131940377065/28237773109178) | 824.2M/s | ETA 3:04:07 | best -
[b2=29 b1=27 GPU] stage  67.8% (19133819425257/28237773109178) | 825.3M/s | ETA 3:03:50 | best -
[b2=29 b1=27 GPU] stage  67.8% (19135698473449/28237773109178) | 817.7M/s | ETA 3:05:30 | best -
[b2=29 b1=27 GPU] stage  67.8% (19137577521641/28237773109178) | 818.0M/s | ETA 3:05:25 | best -
[b2=29 b1=27 GPU] stage  67.8% (19139456569833/28237773109178) | 823.9M/s | ETA 3:04:03 | best -
[b2=29 b1=27 GPU] stage  67.8% (19141335618025/28237773109178) | 828.1M/s | ETA 3:03:04 | best -
[b2=29 b1=27 GPU] stage  67.8% (19143214666217/28237773109178) | 817.4M/s | ETA 3:05:25 | best -
[b2=29 b1=27 GPU] stage  67.8% (19145093714409/28237773109178) | 819.1M/s | ETA 3:05:01 | best -
[b2=29 b1=27 GPU] stage  67.8% (19146972762601/28237773109178) | 822.1M/s | ETA 3:04:17 | best -
[b2=29 b1=27 GPU] stage  67.8% (19148851810793/28237773109178) | 830.3M/s | ETA 3:02:27 | best -
[b2=29 b1=27 GPU] stage  67.8% (19150730858985/28237773109178) | 820.1M/s | ETA 3:04:40 | best -
[b2=29 b1=27 GPU] stage  67.8% (19152609907177/28237773109178) | 817.9M/s | ETA 3:05:08 | best -
[b2=29 b1=27 GPU] stage  67.8% (19154488955369/28237773109178) | 822.3M/s | ETA 3:04:06 | best -
[b2=29 b1=27 GPU] stage  67.8% (19156368003561/28237773109178) | 828.1M/s | ETA 3:02:46 | best -
[b2=29 b1=27 GPU] stage  67.8% (19158247051753/28237773109178) | 823.3M/s | ETA 3:03:47 | best -
[b2=29 b1=27 GPU] stage  67.9% (19160126099945/28237773109178) | 818.5M/s | ETA 3:04:51 | best -
[b2=29 b1=27 GPU] stage  67.9% (19162005148137/28237773109178) | 821.0M/s | ETA 3:04:14 | best -
[b2=29 b1=27 GPU] stage  67.9% (19163884196329/28237773109178) | 825.2M/s | ETA 3:03:15 | best -
[b2=29 b1=27 GPU] stage  67.9% (19165763244521/28237773109178) | 824.9M/s | ETA 3:03:18 | best -
[b2=29 b1=27 GPU] stage  67.9% (19167642292713/28237773109178) | 818.3M/s | ETA 3:04:44 | best -
[b2=29 b1=27 GPU] stage  67.9% (19169521340905/28237773109178) | 820.2M/s | ETA 3:04:15 | best -
[b2=29 b1=27 GPU] stage  67.9% (19171400389097/28237773109178) | 824.1M/s | ETA 3:03:21 | best -
[b2=29 b1=27 GPU] stage  67.9% (19173279437289/28237773109178) | 826.6M/s | ETA 3:02:45 | best -
[b2=29 b1=27 GPU] stage  67.9% (19175158485481/28237773109178) | 818.1M/s | ETA 3:04:38 | best -
[b2=29 b1=27 GPU] stage  67.9% (19177037533673/28237773109178) | 818.4M/s | ETA 3:04:31 | best -
[b2=29 b1=27 GPU] stage  67.9% (19178916581865/28237773109178) | 822.6M/s | ETA 3:03:32 | best -
[b2=29 b1=27 GPU] stage  67.9% (19180795630057/28237773109178) | 827.6M/s | ETA 3:02:24 | best -
[b2=29 b1=27 GPU] stage  67.9% (19182674678249/28237773109178) | 818.3M/s | ETA 3:04:26 | best -
[b2=29 b1=27 GPU] stage  67.9% (19184553726441/28237773109178) | 819.4M/s | ETA 3:04:08 | best -
[b2=29 b1=27 GPU] stage  67.9% (19186432774633/28237773109178) | 822.7M/s | ETA 3:03:21 | best -
[b2=29 b1=27 GPU] stage  68.0% (19188311822825/28237773109178) | 828.8M/s | ETA 3:01:59 | best -
[b2=29 b1=27 GPU] stage  68.0% (19190190871017/28237773109178) | 820.1M/s | ETA 3:03:51 | best -
[b2=29 b1=27 GPU] stage  68.0% (19192069919209/28237773109178) | 819.2M/s | ETA 3:04:02 | best -
[b2=29 b1=27 GPU] stage  68.0% (19193948967401/28237773109178) | 821.6M/s | ETA 3:03:27 | best -
[b2=29 b1=27 GPU] stage  68.0% (19195828015593/28237773109178) | 827.6M/s | ETA 3:02:04 | best -
[b2=29 b1=27 GPU] stage  68.0% (19197707063785/28237773109178) | 824.8M/s | ETA 3:02:40 | best -
[b2=29 b1=27 GPU] stage  68.0% (19199586111977/28237773109178) | 818.5M/s | ETA 3:04:02 | best -
[b2=29 b1=27 GPU] stage  68.0% (19201465160169/28237773109178) | 821.9M/s | ETA 3:03:14 | best -
[b2=29 b1=27 GPU] stage  68.0% (19203344208361/28237773109178) | 826.0M/s | ETA 3:02:17 | best -
[b2=29 b1=27 GPU] stage  68.0% (19205223256553/28237773109178) | 825.5M/s | ETA 3:02:21 | best -
[b2=29 b1=27 GPU] stage  68.0% (19207102304745/28237773109178) | 816.7M/s | ETA 3:04:17 | best -
[b2=29 b1=27 GPU] stage  68.0% (19208981352937/28237773109178) | 819.4M/s | ETA 3:03:38 | best -
[b2=29 b1=27 GPU] stage  68.0% (19210860401129/28237773109178) | 824.7M/s | ETA 3:02:25 | best -
[b2=29 b1=27 GPU] stage  68.0% (19212739449321/28237773109178) | 826.6M/s | ETA 3:01:57 | best -
[b2=29 b1=27 GPU] stage  68.0% (19214618497513/28237773109178) | 816.7M/s | ETA 3:04:07 | best -
[b2=29 b1=27 GPU] stage  68.1% (19216497545705/28237773109178) | 820.0M/s | ETA 3:03:22 | best -
[b2=29 b1=27 GPU] stage  68.1% (19218376593897/28237773109178) | 823.3M/s | ETA 3:02:34 | best -
[b2=29 b1=27 GPU] stage  68.1% (19220255642089/28237773109178) | 828.6M/s | ETA 3:01:23 | best -
[b2=29 b1=27 GPU] stage  68.1% (19222134690281/28237773109178) | 818.3M/s | ETA 3:03:37 | best -
[b2=29 b1=27 GPU] stage  68.1% (19224013738473/28237773109178) | 819.8M/s | ETA 3:03:14 | best -
[b2=29 b1=27 GPU] stage  68.1% (19225892786665/28237773109178) | 816.3M/s | ETA 3:04:00 | best -
[b2=29 b1=27 GPU] stage  68.1% (19227771834857/28237773109178) | 828.8M/s | ETA 3:01:10 | best -
[b2=29 b1=27 GPU] stage  68.1% (19229650883049/28237773109178) | 821.9M/s | ETA 3:02:40 | best -
[b2=29 b1=27 GPU] stage  68.1% (19231529931241/28237773109178) | 818.4M/s | ETA 3:03:24 | best -
[b2=29 b1=27 GPU] stage  68.1% (19233408979433/28237773109178) | 821.6M/s | ETA 3:02:39 | best -
[b2=29 b1=27 GPU] stage  68.1% (19235288027625/28237773109178) | 827.2M/s | ETA 3:01:22 | best -
[b2=29 b1=27 GPU] stage  68.1% (19237167075817/28237773109178) | 825.3M/s | ETA 3:01:46 | best -
[b2=29 b1=27 GPU] stage  68.1% (19239046124009/28237773109178) | 818.7M/s | ETA 3:03:11 | best -
[b2=29 b1=27 GPU] stage  68.1% (19240925172201/28237773109178) | 821.0M/s | ETA 3:02:37 | best -
[b2=29 b1=27 GPU] stage  68.1% (19242804220393/28237773109178) | 825.0M/s | ETA 3:01:42 | best -
[b2=29 b1=27 GPU] stage  68.2% (19244683268585/28237773109178) | 826.0M/s | ETA 3:01:26 | best -
[b2=29 b1=27 GPU] stage  68.2% (19246562316777/28237773109178) | 817.4M/s | ETA 3:03:20 | best -
[b2=29 b1=27 GPU] stage  68.2% (19248441364969/28237773109178) | 820.7M/s | ETA 3:02:33 | best -
[b2=29 b1=27 GPU] stage  68.2% (19250320413161/28237773109178) | 823.8M/s | ETA 3:01:49 | best -
[b2=29 b1=27 GPU] stage  68.2% (19252199461353/28237773109178) | 825.8M/s | ETA 3:01:21 | best -
[b2=29 b1=27 GPU] stage  68.2% (19254078509545/28237773109178) | 817.6M/s | ETA 3:03:08 | best -
[b2=29 b1=27 GPU] stage  68.2% (19255957557737/28237773109178) | 819.2M/s | ETA 3:02:44 | best -
[b2=29 b1=27 GPU] stage  68.2% (19257836605929/28237773109178) | 822.1M/s | ETA 3:02:02 | best -
[b2=29 b1=27 GPU] stage  68.2% (19259715654121/28237773109178) | 828.9M/s | ETA 3:00:30 | best -
[b2=29 b1=27 GPU] stage  68.2% (19261594702313/28237773109178) | 818.5M/s | ETA 3:02:46 | best -
[b2=29 b1=27 GPU] stage  68.2% (19263473750505/28237773109178) | 818.4M/s | ETA 3:02:45 | best -
[b2=29 b1=27 GPU] stage  68.2% (19265352798697/28237773109178) | 822.0M/s | ETA 3:01:54 | best -
[b2=29 b1=27 GPU] stage  68.2% (19267231846889/28237773109178) | 828.2M/s | ETA 3:00:31 | best -
[b2=29 b1=27 GPU] stage  68.2% (19269110895081/28237773109178) | 822.4M/s | ETA 3:01:45 | best -
[b2=29 b1=27 GPU] stage  68.2% (19270989943273/28237773109178) | 818.7M/s | ETA 3:02:32 | best -
[b2=29 b1=27 GPU] stage  68.3% (19272868991465/28237773109178) | 820.8M/s | ETA 3:02:01 | best -
[b2=29 b1=27 GPU] stage  68.3% (19274748039657/28237773109178) | 821.3M/s | ETA 3:01:53 | best -
[b2=29 b1=27 GPU] stage  68.3% (19276627087849/28237773109178) | 824.0M/s | ETA 3:01:15 | best -
[b2=29 b1=27 GPU] stage  68.3% (19278506136041/28237773109178) | 818.6M/s | ETA 3:02:25 | best -
[b2=29 b1=27 GPU] stage  68.3% (19280385184233/28237773109178) | 821.3M/s | ETA 3:01:46 | best -
[b2=29 b1=27 GPU] stage  68.3% (19282264232425/28237773109178) | 824.7M/s | ETA 3:00:59 | best -
[b2=29 b1=27 GPU] stage  68.3% (19284143280617/28237773109178) | 824.3M/s | ETA 3:01:02 | best -
[b2=29 b1=27 GPU] stage  68.3% (19286022328809/28237773109178) | 818.2M/s | ETA 3:02:20 | best -
[b2=29 b1=27 GPU] stage  68.3% (19287901377001/28237773109178) | 820.3M/s | ETA 3:01:50 | best -
[b2=29 b1=27 GPU] stage  68.3% (19289780425193/28237773109178) | 823.3M/s | ETA 3:01:08 | best -
[b2=29 b1=27 GPU] stage  68.3% (19291659473385/28237773109178) | 827.1M/s | ETA 3:00:16 | best -
[b2=29 b1=27 GPU] stage  68.3% (19293538521577/28237773109178) | 816.9M/s | ETA 3:02:28 | best -
[b2=29 b1=27 GPU] stage  68.3% (19295417569769/28237773109178) | 819.3M/s | ETA 3:01:54 | best -
[b2=29 b1=27 GPU] stage  68.3% (19297296617961/28237773109178) | 823.6M/s | ETA 3:00:55 | best -
[b2=29 b1=27 GPU] stage  68.3% (19299175666153/28237773109178) | 827.6M/s | ETA 3:00:00 | best -
[b2=29 b1=27 GPU] stage  68.4% (19301054714345/28237773109178) | 819.5M/s | ETA 3:01:45 | best -
[b2=29 b1=27 GPU] stage  68.4% (19302933762537/28237773109178) | 818.9M/s | ETA 3:01:51 | best -
[b2=29 b1=27 GPU] stage  68.4% (19304812810729/28237773109178) | 821.9M/s | ETA 3:01:08 | best -
[b2=29 b1=27 GPU] stage  68.4% (19306691858921/28237773109178) | 827.1M/s | ETA 2:59:58 | best -
[b2=29 b1=27 GPU] stage  68.4% (19308570907113/28237773109178) | 822.8M/s | ETA 3:00:52 | best -
[b2=29 b1=27 GPU] stage  68.4% (19310449955305/28237773109178) | 818.0M/s | ETA 3:01:53 | best -
[b2=29 b1=27 GPU] stage  68.4% (19312329003497/28237773109178) | 820.7M/s | ETA 3:01:15 | best -
[b2=29 b1=27 GPU] stage  68.4% (19314208051689/28237773109178) | 826.3M/s | ETA 2:59:59 | best -
[b2=29 b1=27 GPU] stage  68.4% (19316087099881/28237773109178) | 826.0M/s | ETA 3:00:01 | best -
[b2=29 b1=27 GPU] stage  68.4% (19317966148073/28237773109178) | 818.5M/s | ETA 3:01:37 | best -
[b2=29 b1=27 GPU] stage  68.4% (19319845196265/28237773109178) | 820.3M/s | ETA 3:01:11 | best -
[b2=29 b1=27 GPU] stage  68.4% (19321724244457/28237773109178) | 824.5M/s | ETA 3:00:14 | best -
[b2=29 b1=27 GPU] stage  68.4% (19323603292649/28237773109178) | 820.3M/s | ETA 3:01:07 | best -
[b2=29 b1=27 GPU] stage  68.4% (19325482340841/28237773109178) | 816.6M/s | ETA 3:01:53 | best -
[b2=29 b1=27 GPU] stage  68.4% (19327361389033/28237773109178) | 820.0M/s | ETA 3:01:06 | best -
[b2=29 b1=27 GPU] stage  68.5% (19329240437225/28237773109178) | 823.2M/s | ETA 3:00:21 | best -
[b2=29 b1=27 GPU] stage  68.5% (19331119485417/28237773109178) | 828.6M/s | ETA 2:59:09 | best -
[b2=29 b1=27 GPU] stage  68.5% (19332998533609/28237773109178) | 818.5M/s | ETA 3:01:19 | best -
[b2=29 b1=27 GPU] stage  68.5% (19334877581801/28237773109178) | 819.5M/s | ETA 3:01:03 | best -
[b2=29 b1=27 GPU] stage  68.5% (19336756629993/28237773109178) | 822.2M/s | ETA 3:00:25 | best -
[b2=29 b1=27 GPU] stage  68.5% (19338635678185/28237773109178) | 828.2M/s | ETA 2:59:05 | best -
[b2=29 b1=27 GPU] stage  68.5% (19340514726377/28237773109178) | 820.2M/s | ETA 3:00:47 | best -
[b2=29 b1=27 GPU] stage  68.5% (19342393774569/28237773109178) | 818.4M/s | ETA 3:01:09 | best -
[b2=29 b1=27 GPU] stage  68.5% (19344272822761/28237773109178) | 821.3M/s | ETA 3:00:28 | best -
[b2=29 b1=27 GPU] stage  68.5% (19346151870953/28237773109178) | 828.0M/s | ETA 2:58:59 | best -
[b2=29 b1=27 GPU] stage  68.5% (19348030919145/28237773109178) | 824.0M/s | ETA 2:59:49 | best -
[b2=29 b1=27 GPU] stage  68.5% (19349909967337/28237773109178) | 818.5M/s | ETA 3:00:58 | best -
[b2=29 b1=27 GPU] stage  68.5% (19351789015529/28237773109178) | 821.1M/s | ETA 3:00:21 | best -
[b2=29 b1=27 GPU] stage  68.5% (19353668063721/28237773109178) | 825.4M/s | ETA 2:59:23 | best -
[b2=29 b1=27 GPU] stage  68.5% (19355547111913/28237773109178) | 825.6M/s | ETA 2:59:18 | best -
[b2=29 b1=27 GPU] stage  68.6% (19357426160105/28237773109178) | 817.5M/s | ETA 3:01:02 | best -
[b2=29 b1=27 GPU] stage  68.6% (19359305208297/28237773109178) | 820.1M/s | ETA 3:00:26 | best -
[b2=29 b1=27 GPU] stage  68.6% (19361184256489/28237773109178) | 823.9M/s | ETA 2:59:34 | best -
[b2=29 b1=27 GPU] stage  68.6% (19363063304681/28237773109178) | 826.3M/s | ETA 2:59:00 | best -
[b2=29 b1=27 GPU] stage  68.6% (19364942352873/28237773109178) | 817.7M/s | ETA 3:00:51 | best -
[b2=29 b1=27 GPU] stage  68.6% (19366821401065/28237773109178) | 818.9M/s | ETA 3:00:32 | best -
[b2=29 b1=27 GPU] stage  68.6% (19368700449257/28237773109178) | 823.4M/s | ETA 2:59:30 | best -
[b2=29 b1=27 GPU] stage  68.6% (19370579497449/28237773109178) | 828.5M/s | ETA 2:58:23 | best -
[b2=29 b1=27 GPU] stage  68.6% (19372458545641/28237773109178) | 819.2M/s | ETA 3:00:21 | best -
[b2=29 b1=27 GPU] stage  68.6% (19374337593833/28237773109178) | 818.4M/s | ETA 3:00:30 | best -
[b2=29 b1=27 GPU] stage  68.6% (19376216642025/28237773109178) | 822.4M/s | ETA 2:59:35 | best -
[b2=29 b1=27 GPU] stage  68.6% (19378095690217/28237773109178) | 829.4M/s | ETA 2:58:02 | best -
[b2=29 b1=27 GPU] stage  68.6% (19379974738409/28237773109178) | 822.3M/s | ETA 2:59:31 | best -
[b2=29 b1=27 GPU] stage  68.6% (19381853786601/28237773109178) | 818.5M/s | ETA 3:00:20 | best -
[b2=29 b1=27 GPU] stage  68.6% (19383732834793/28237773109178) | 820.8M/s | ETA 2:59:47 | best -
[b2=29 b1=27 GPU] stage  68.7% (19385611882985/28237773109178) | 827.5M/s | ETA 2:58:17 | best -
[b2=29 b1=27 GPU] stage  68.7% (19387490931177/28237773109178) | 823.3M/s | ETA 2:59:09 | best -
[b2=29 b1=27 GPU] stage  68.7% (19389369979369/28237773109178) | 817.5M/s | ETA 3:00:23 | best -
[b2=29 b1=27 GPU] stage  68.7% (19391249027561/28237773109178) | 820.5M/s | ETA 2:59:42 | best -
[b2=29 b1=27 GPU] stage  68.7% (19393128075753/28237773109178) | 825.2M/s | ETA 2:58:38 | best -
[b2=29 b1=27 GPU] stage  68.7% (19395007123945/28237773109178) | 825.5M/s | ETA 2:58:31 | best -
[b2=29 b1=27 GPU] stage  68.7% (19396886172137/28237773109178) | 818.2M/s | ETA 3:00:05 | best -
[b2=29 b1=27 GPU] stage  68.7% (19398765220329/28237773109178) | 819.3M/s | ETA 2:59:48 | best -
[b2=29 b1=27 GPU] stage  68.7% (19400644268521/28237773109178) | 822.6M/s | ETA 2:59:02 | best -
[b2=29 b1=27 GPU] stage  68.7% (19402523316713/28237773109178) | 826.0M/s | ETA 2:58:16 | best -
[b2=29 b1=27 GPU] stage  68.7% (19404402364905/28237773109178) | 817.4M/s | ETA 3:00:06 | best -
[b2=29 b1=27 GPU] stage  68.7% (19406281413097/28237773109178) | 818.0M/s | ETA 2:59:55 | best -
[b2=29 b1=27 GPU] stage  68.7% (19408160461289/28237773109178) | 823.0M/s | ETA 2:58:48 | best -
[b2=29 b1=27 GPU] stage  68.7% (19410039509481/28237773109178) | 829.2M/s | ETA 2:57:26 | best -
[b2=29 b1=27 GPU] stage  68.7% (19411918557673/28237773109178) | 819.9M/s | ETA 2:59:24 | best -
[b2=29 b1=27 GPU] stage  68.8% (19413797605865/28237773109178) | 819.5M/s | ETA 2:59:27 | best -
[b2=29 b1=27 GPU] stage  68.8% (19415676654057/28237773109178) | 821.9M/s | ETA 2:58:54 | best -
[b2=29 b1=27 GPU] stage  68.8% (19417555702249/28237773109178) | 828.5M/s | ETA 2:57:26 | best -
[b2=29 b1=27 GPU] stage  68.8% (19419434750441/28237773109178) | 822.9M/s | ETA 2:58:36 | best -
[b2=29 b1=27 GPU] stage  68.8% (19421313798633/28237773109178) | 818.6M/s | ETA 2:59:29 | best -
[b2=29 b1=27 GPU] stage  68.8% (19423192846825/28237773109178) | 817.7M/s | ETA 2:59:39 | best -
[b2=29 b1=27 GPU] stage  68.8% (19425071895017/28237773109178) | 825.6M/s | ETA 2:57:54 | best -
[b2=29 b1=27 GPU] stage  68.8% (19426950943209/28237773109178) | 825.6M/s | ETA 2:57:51 | best -
[b2=29 b1=27 GPU] stage  68.8% (19428829991401/28237773109178) | 818.3M/s | ETA 2:59:25 | best -
[b2=29 b1=27 GPU] stage  68.8% (19430709039593/28237773109178) | 820.5M/s | ETA 2:58:54 | best -
[b2=29 b1=27 GPU] stage  68.8% (19432588087785/28237773109178) | 824.9M/s | ETA 2:57:54 | best -
[b2=29 b1=27 GPU] stage  68.8% (19434467135977/28237773109178) | 824.6M/s | ETA 2:57:55 | best -
[b2=29 b1=27 GPU] stage  68.8% (19436346184169/28237773109178) | 817.8M/s | ETA 2:59:22 | best -
[b2=29 b1=27 GPU] stage  68.8% (19438225232361/28237773109178) | 819.2M/s | ETA 2:59:02 | best -
[b2=29 b1=27 GPU] stage  68.8% (19440104280553/28237773109178) | 823.6M/s | ETA 2:58:02 | best -
[b2=29 b1=27 GPU] stage  68.9% (19441983328745/28237773109178) | 827.1M/s | ETA 2:57:14 | best -
[b2=29 b1=27 GPU] stage  68.9% (19443862376937/28237773109178) | 818.1M/s | ETA 2:59:08 | best -
[b2=29 b1=27 GPU] stage  68.9% (19445741425129/28237773109178) | 818.1M/s | ETA 2:59:06 | best -
[b2=29 b1=27 GPU] stage  68.9% (19447620473321/28237773109178) | 821.5M/s | ETA 2:58:20 | best -
[b2=29 b1=27 GPU] stage  68.9% (19449499521513/28237773109178) | 828.3M/s | ETA 2:56:49 | best -
[b2=29 b1=27 GPU] stage  68.9% (19451378569705/28237773109178) | 820.1M/s | ETA 2:58:34 | best -
[b2=29 b1=27 GPU] stage  68.9% (19453257617897/28237773109178) | 818.7M/s | ETA 2:58:49 | best -
[b2=29 b1=27 GPU] stage  68.9% (19455136666089/28237773109178) | 821.8M/s | ETA 2:58:07 | best -
[b2=29 b1=27 GPU] stage  68.9% (19457015714281/28237773109178) | 828.2M/s | ETA 2:56:42 | best -
[b2=29 b1=27 GPU] stage  68.9% (19458894762473/28237773109178) | 823.5M/s | ETA 2:57:40 | best -
[b2=29 b1=27 GPU] stage  68.9% (19460773810665/28237773109178) | 817.8M/s | ETA 2:58:51 | best -
[b2=29 b1=27 GPU] stage  68.9% (19462652858857/28237773109178) | 819.5M/s | ETA 2:58:27 | best -
[b2=29 b1=27 GPU] stage  68.9% (19464531907049/28237773109178) | 825.0M/s | ETA 2:57:14 | best -
[b2=29 b1=27 GPU] stage  68.9% (19466410955241/28237773109178) | 825.4M/s | ETA 2:57:06 | best -
[b2=29 b1=27 GPU] stage  68.9% (19468290003433/28237773109178) | 816.7M/s | ETA 2:58:57 | best -
[b2=29 b1=27 GPU] stage  69.0% (19470169051625/28237773109178) | 819.4M/s | ETA 2:58:19 | best -
[b2=29 b1=27 GPU] stage  69.0% (19472048099817/28237773109178) | 820.3M/s | ETA 2:58:06 | best -
[b2=29 b1=27 GPU] stage  69.0% (19473927148009/28237773109178) | 825.7M/s | ETA 2:56:54 | best -
[b2=29 b1=27 GPU] stage  69.0% (19475806196201/28237773109178) | 817.0M/s | ETA 2:58:44 | best -
[b2=29 b1=27 GPU] stage  69.0% (19477685244393/28237773109178) | 818.7M/s | ETA 2:58:19 | best -
[b2=29 b1=27 GPU] stage  69.0% (19479564292585/28237773109178) | 822.7M/s | ETA 2:57:25 | best -
[b2=29 b1=27 GPU] stage  69.0% (19481443340777/28237773109178) | 827.8M/s | ETA 2:56:18 | best -
[b2=29 b1=27 GPU] stage  69.0% (19483322388969/28237773109178) | 818.2M/s | ETA 2:58:19 | best -
[b2=29 b1=27 GPU] stage  69.0% (19485201437161/28237773109178) | 819.2M/s | ETA 2:58:04 | best -
[b2=29 b1=27 GPU] stage  69.0% (19487080485353/28237773109178) | 822.0M/s | ETA 2:57:25 | best -
[b2=29 b1=27 GPU] stage  69.0% (19488959533545/28237773109178) | 828.5M/s | ETA 2:56:00 | best -
[b2=29 b1=27 GPU] stage  69.0% (19490838581737/28237773109178) | 820.6M/s | ETA 2:57:39 | best -
[b2=29 b1=27 GPU] stage  69.0% (19492717629929/28237773109178) | 818.3M/s | ETA 2:58:06 | best -
[b2=29 b1=27 GPU] stage  69.0% (19494596678121/28237773109178) | 820.5M/s | ETA 2:57:35 | best -
[b2=29 b1=27 GPU] stage  69.0% (19496475726313/28237773109178) | 826.6M/s | ETA 2:56:14 | best -
[b2=29 b1=27 GPU] stage  69.1% (19498354774505/28237773109178) | 824.2M/s | ETA 2:56:43 | best -
[b2=29 b1=27 GPU] stage  69.1% (19500233822697/28237773109178) | 816.9M/s | ETA 2:58:16 | best -
[b2=29 b1=27 GPU] stage  69.1% (19502112870889/28237773109178) | 821.0M/s | ETA 2:57:19 | best -
[b2=29 b1=27 GPU] stage  69.1% (19503991919081/28237773109178) | 825.7M/s | ETA 2:56:17 | best -
[b2=29 b1=27 GPU] stage  69.1% (19505870967273/28237773109178) | 824.7M/s | ETA 2:56:28 | best -
[b2=29 b1=27 GPU] stage  69.1% (19507750015465/28237773109178) | 817.9M/s | ETA 2:57:53 | best -
[b2=29 b1=27 GPU] stage  69.1% (19509629063657/28237773109178) | 819.5M/s | ETA 2:57:31 | best -
[b2=29 b1=27 GPU] stage  69.1% (19511508111849/28237773109178) | 823.0M/s | ETA 2:56:43 | best -
[b2=29 b1=27 GPU] stage  69.1% (19513387160041/28237773109178) | 827.2M/s | ETA 2:55:46 | best -
[b2=29 b1=27 GPU] stage  69.1% (19515266208233/28237773109178) | 816.7M/s | ETA 2:58:00 | best -
[b2=29 b1=27 GPU] stage  69.1% (19517145256425/28237773109178) | 819.2M/s | ETA 2:57:25 | best -
[b2=29 b1=27 GPU] stage  69.1% (19519024304617/28237773109178) | 820.7M/s | ETA 2:57:03 | best -
[b2=29 b1=27 GPU] stage  69.1% (19520903352809/28237773109178) | 823.1M/s | ETA 2:56:30 | best -
[b2=29 b1=27 GPU] stage  69.1% (19522782401001/28237773109178) | 818.1M/s | ETA 2:57:32 | best -
[b2=29 b1=27 GPU] stage  69.1% (19524661449193/28237773109178) | 818.0M/s | ETA 2:57:31 | best -
[b2=29 b1=27 GPU] stage  69.2% (19526540497385/28237773109178) | 821.7M/s | ETA 2:56:41 | best -
[b2=29 b1=27 GPU] stage  69.2% (19528419545577/28237773109178) | 827.7M/s | ETA 2:55:22 | best -
[b2=29 b1=27 GPU] stage  69.2% (19530298593769/28237773109178) | 821.8M/s | ETA 2:56:36 | best -
[b2=29 b1=27 GPU] stage  69.2% (19532177641961/28237773109178) | 818.6M/s | ETA 2:57:14 | best -
[b2=29 b1=27 GPU] stage  69.2% (19534056690153/28237773109178) | 821.1M/s | ETA 2:56:40 | best -
[b2=29 b1=27 GPU] stage  69.2% (19535935738345/28237773109178) | 825.2M/s | ETA 2:55:44 | best -
[b2=29 b1=27 GPU] stage  69.2% (19537814786537/28237773109178) | 825.5M/s | ETA 2:55:38 | best -
[b2=29 b1=27 GPU] stage  69.2% (19539693834729/28237773109178) | 816.9M/s | ETA 2:57:27 | best -
[b2=29 b1=27 GPU] stage  69.2% (19541572882921/28237773109178) | 820.4M/s | ETA 2:56:40 | best -
[b2=29 b1=27 GPU] stage  69.2% (19543451931113/28237773109178) | 824.8M/s | ETA 2:55:41 | best -
[b2=29 b1=27 GPU] stage  69.2% (19545330979305/28237773109178) | 825.2M/s | ETA 2:55:34 | best -
[b2=29 b1=27 GPU] stage  69.2% (19547210027497/28237773109178) | 818.6M/s | ETA 2:56:56 | best -
[b2=29 b1=27 GPU] stage  69.2% (19549089075689/28237773109178) | 819.9M/s | ETA 2:56:36 | best -
[b2=29 b1=27 GPU] stage  69.2% (19550968123881/28237773109178) | 822.9M/s | ETA 2:55:56 | best -
[b2=29 b1=27 GPU] stage  69.2% (19552847172073/28237773109178) | 826.4M/s | ETA 2:55:09 | best -
[b2=29 b1=27 GPU] stage  69.3% (19554726220265/28237773109178) | 817.7M/s | ETA 2:56:59 | best -
[b2=29 b1=27 GPU] stage  69.3% (19556605268457/28237773109178) | 819.1M/s | ETA 2:56:37 | best -
[b2=29 b1=27 GPU] stage  69.3% (19558484316649/28237773109178) | 823.0M/s | ETA 2:55:45 | best -
[b2=29 b1=27 GPU] stage  69.3% (19560363364841/28237773109178) | 827.1M/s | ETA 2:54:51 | best -
[b2=29 b1=27 GPU] stage  69.3% (19562242413033/28237773109178) | 821.3M/s | ETA 2:56:03 | best -
[b2=29 b1=27 GPU] stage  69.3% (19564121461225/28237773109178) | 818.7M/s | ETA 2:56:34 | best -
[b2=29 b1=27 GPU] stage  69.3% (19566000509417/28237773109178) | 820.9M/s | ETA 2:56:03 | best -
[b2=29 b1=27 GPU] stage  69.3% (19567879557609/28237773109178) | 827.3M/s | ETA 2:54:39 | best -
[b2=29 b1=27 GPU] stage  69.3% (19569758605801/28237773109178) | 822.0M/s | ETA 2:55:45 | best -
[b2=29 b1=27 GPU] stage  69.3% (19571637653993/28237773109178) | 815.0M/s | ETA 2:57:12 | best -
[b2=29 b1=27 GPU] stage  69.3% (19573516702185/28237773109178) | 820.7M/s | ETA 2:55:56 | best -
[b2=29 b1=27 GPU] stage  69.3% (19575395750377/28237773109178) | 824.0M/s | ETA 2:55:12 | best -
[b2=29 b1=27 GPU] stage  69.3% (19577274798569/28237773109178) | 825.3M/s | ETA 2:54:53 | best -
[b2=29 b1=27 GPU] stage  69.3% (19579153846761/28237773109178) | 818.0M/s | ETA 2:56:25 | best -
[b2=29 b1=27 GPU] stage  69.3% (19581032894953/28237773109178) | 819.7M/s | ETA 2:56:00 | best -
[b2=29 b1=27 GPU] stage  69.4% (19582911943145/28237773109178) | 823.5M/s | ETA 2:55:10 | best -
[b2=29 b1=27 GPU] stage  69.4% (19584790991337/28237773109178) | 827.0M/s | ETA 2:54:22 | best -
[b2=29 b1=27 GPU] stage  69.4% (19586670039529/28237773109178) | 817.1M/s | ETA 2:56:27 | best -
[b2=29 b1=27 GPU] stage  69.4% (19588549087721/28237773109178) | 819.2M/s | ETA 2:55:57 | best -
[b2=29 b1=27 GPU] stage  69.4% (19590428135913/28237773109178) | 822.4M/s | ETA 2:55:14 | best -
[b2=29 b1=27 GPU] stage  69.4% (19592307184105/28237773109178) | 827.2M/s | ETA 2:54:11 | best -
[b2=29 b1=27 GPU] stage  69.4% (19594186232297/28237773109178) | 818.2M/s | ETA 2:56:04 | best -
[b2=29 b1=27 GPU] stage  69.4% (19596065280489/28237773109178) | 819.2M/s | ETA 2:55:49 | best -
[b2=29 b1=27 GPU] stage  69.4% (19597944328681/28237773109178) | 822.2M/s | ETA 2:55:08 | best -
[b2=29 b1=27 GPU] stage  69.4% (19599823376873/28237773109178) | 828.6M/s | ETA 2:53:45 | best -
[b2=29 b1=27 GPU] stage  69.4% (19601702425065/28237773109178) | 821.4M/s | ETA 2:55:13 | best -
[b2=29 b1=27 GPU] stage  69.4% (19603581473257/28237773109178) | 817.6M/s | ETA 2:56:00 | best -
[b2=29 b1=27 GPU] stage  69.4% (19605460521449/28237773109178) | 820.6M/s | ETA 2:55:20 | best -
[b2=29 b1=27 GPU] stage  69.4% (19607339569641/28237773109178) | 826.7M/s | ETA 2:53:59 | best -
[b2=29 b1=27 GPU] stage  69.4% (19609218617833/28237773109178) | 824.5M/s | ETA 2:54:25 | best -
[b2=29 b1=27 GPU] stage  69.4% (19611097666025/28237773109178) | 818.2M/s | ETA 2:55:42 | best -
[b2=29 b1=27 GPU] stage  69.5% (19612976714217/28237773109178) | 819.3M/s | ETA 2:55:26 | best -
[b2=29 b1=27 GPU] stage  69.5% (19614855762409/28237773109178) | 825.0M/s | ETA 2:54:11 | best -
[b2=29 b1=27 GPU] stage  69.5% (19616734810601/28237773109178) | 824.1M/s | ETA 2:54:21 | best -
[b2=29 b1=27 GPU] stage  69.5% (19618613858793/28237773109178) | 817.6M/s | ETA 2:55:41 | best -
[b2=29 b1=27 GPU] stage  69.5% (19620492906985/28237773109178) | 817.6M/s | ETA 2:55:39 | best -
[b2=29 b1=27 GPU] stage  69.5% (19622371955177/28237773109178) | 822.4M/s | ETA 2:54:35 | best -
[b2=29 b1=27 GPU] stage  69.5% (19624251003369/28237773109178) | 828.0M/s | ETA 2:53:22 | best -
[b2=29 b1=27 GPU] stage  69.5% (19626130051561/28237773109178) | 816.2M/s | ETA 2:55:50 | best -
[b2=29 b1=27 GPU] stage  69.5% (19628009099753/28237773109178) | 818.5M/s | ETA 2:55:19 | best -
[b2=29 b1=27 GPU] stage  69.5% (19629888147945/28237773109178) | 822.9M/s | ETA 2:54:20 | best -
[b2=29 b1=27 GPU] stage  69.5% (19631767196137/28237773109178) | 827.6M/s | ETA 2:53:19 | best -
[b2=29 b1=27 GPU] stage  69.5% (19633646244329/28237773109178) | 819.3M/s | ETA 2:55:02 | best -
[b2=29 b1=27 GPU] stage  69.5% (19635525292521/28237773109178) | 817.6M/s | ETA 2:55:21 | best -
[b2=29 b1=27 GPU] stage  69.5% (19637404340713/28237773109178) | 820.7M/s | ETA 2:54:39 | best -
[b2=29 b1=27 GPU] stage  69.5% (19639283388905/28237773109178) | 825.8M/s | ETA 2:53:31 | best -
[b2=29 b1=27 GPU] stage  69.6% (19641162437097/28237773109178) | 823.6M/s | ETA 2:53:57 | best -
[b2=29 b1=27 GPU] stage  69.6% (19643041485289/28237773109178) | 819.6M/s | ETA 2:54:46 | best -
[b2=29 b1=27 GPU] stage  69.6% (19644920533481/28237773109178) | 821.0M/s | ETA 2:54:26 | best -
[b2=29 b1=27 GPU] stage  69.6% (19646799581673/28237773109178) | 825.2M/s | ETA 2:53:30 | best -
[b2=29 b1=27 GPU] stage  69.6% (19648678629865/28237773109178) | 825.3M/s | ETA 2:53:27 | best -
[b2=29 b1=27 GPU] stage  69.6% (19650557678057/28237773109178) | 818.2M/s | ETA 2:54:54 | best -
[b2=29 b1=27 GPU] stage  69.6% (19652436726249/28237773109178) | 819.6M/s | ETA 2:54:35 | best -
[b2=29 b1=27 GPU] stage  69.6% (19654315774441/28237773109178) | 824.2M/s | ETA 2:53:33 | best -
[b2=29 b1=27 GPU] stage  69.6% (19656194822633/28237773109178) | 825.9M/s | ETA 2:53:10 | best -
[b2=29 b1=27 GPU] stage  69.6% (19658073870825/28237773109178) | 817.8M/s | ETA 2:54:50 | best -
[b2=29 b1=27 GPU] stage  69.6% (19659952919017/28237773109178) | 818.8M/s | ETA 2:54:35 | best -
[b2=29 b1=27 GPU] stage  69.6% (19661831967209/28237773109178) | 823.0M/s | ETA 2:53:39 | best -
[b2=29 b1=27 GPU] stage  69.6% (19663711015401/28237773109178) | 829.0M/s | ETA 2:52:23 | best -
[b2=29 b1=27 GPU] stage  69.6% (19665590063593/28237773109178) | 817.8M/s | ETA 2:54:41 | best -
[b2=29 b1=27 GPU] stage  69.6% (19667469111785/28237773109178) | 818.0M/s | ETA 2:54:37 | best -
[b2=29 b1=27 GPU] stage  69.7% (19669348159977/28237773109178) | 819.5M/s | ETA 2:54:15 | best -
[b2=29 b1=27 GPU] stage  69.7% (19671227208169/28237773109178) | 829.1M/s | ETA 2:52:12 | best -
[b2=29 b1=27 GPU] stage  69.7% (19673106256361/28237773109178) | 821.3M/s | ETA 2:53:48 | best -
[b2=29 b1=27 GPU] stage  69.7% (19674985304553/28237773109178) | 818.2M/s | ETA 2:54:25 | best -
[b2=29 b1=27 GPU] stage  69.7% (19676864352745/28237773109178) | 821.1M/s | ETA 2:53:46 | best -
[b2=29 b1=27 GPU] stage  69.7% (19678743400937/28237773109178) | 827.1M/s | ETA 2:52:27 | best -
[b2=29 b1=27 GPU] stage  69.7% (19680622449129/28237773109178) | 823.5M/s | ETA 2:53:11 | best -
[b2=29 b1=27 GPU] stage  69.7% (19682501497321/28237773109178) | 817.5M/s | ETA 2:54:24 | best -
[b2=29 b1=27 GPU] stage  69.7% (19684380545513/28237773109178) | 820.1M/s | ETA 2:53:50 | best -
[b2=29 b1=27 GPU] stage  69.7% (19686259593705/28237773109178) | 825.1M/s | ETA 2:52:43 | best -
[b2=29 b1=27 GPU] stage  69.7% (19688138641897/28237773109178) | 825.5M/s | ETA 2:52:37 | best -
[b2=29 b1=27 GPU] stage  69.7% (19690017690089/28237773109178) | 817.6M/s | ETA 2:54:15 | best -
[b2=29 b1=27 GPU] stage  69.7% (19691896738281/28237773109178) | 819.3M/s | ETA 2:53:51 | best -
[b2=29 b1=27 GPU] stage  69.7% (19693775786473/28237773109178) | 822.9M/s | ETA 2:53:03 | best -
[b2=29 b1=27 GPU] stage  69.7% (19695654834665/28237773109178) | 825.3M/s | ETA 2:52:30 | best -
[b2=29 b1=27 GPU] stage  69.8% (19697533882857/28237773109178) | 818.0M/s | ETA 2:54:00 | best -
[b2=29 b1=27 GPU] stage  69.8% (19699412931049/28237773109178) | 818.1M/s | ETA 2:53:57 | best -
[b2=29 b1=27 GPU] stage  69.8% (19701291979241/28237773109178) | 822.6M/s | ETA 2:52:56 | best -
[b2=29 b1=27 GPU] stage  69.8% (19703171027433/28237773109178) | 828.2M/s | ETA 2:51:45 | best -
[b2=29 b1=27 GPU] stage  69.8% (19705050075625/28237773109178) | 818.5M/s | ETA 2:53:44 | best -
[b2=29 b1=27 GPU] stage  69.8% (19706929123817/28237773109178) | 819.0M/s | ETA 2:53:36 | best -
[b2=29 b1=27 GPU] stage  69.8% (19708808172009/28237773109178) | 822.1M/s | ETA 2:52:54 | best -
[b2=29 b1=27 GPU] stage  69.8% (19710687220201/28237773109178) | 829.0M/s | ETA 2:51:25 | best -
[b2=29 b1=27 GPU] stage  69.8% (19712566268393/28237773109178) | 821.6M/s | ETA 2:52:56 | best -
[b2=29 b1=27 GPU] stage  69.8% (19714445316585/28237773109178) | 817.4M/s | ETA 2:53:47 | best -
[b2=29 b1=27 GPU] stage  69.8% (19716324364777/28237773109178) | 821.1M/s | ETA 2:52:58 | best -
[b2=29 b1=27 GPU] stage  69.8% (19718203412969/28237773109178) | 820.1M/s | ETA 2:53:08 | best -
[b2=29 b1=27 GPU] stage  69.8% (19720082461161/28237773109178) | 824.2M/s | ETA 2:52:14 | best -
[b2=29 b1=27 GPU] stage  69.8% (19721961509353/28237773109178) | 817.4M/s | ETA 2:53:38 | best -
[b2=29 b1=27 GPU] stage  69.8% (19723840557545/28237773109178) | 820.1M/s | ETA 2:53:01 | best -
[b2=29 b1=27 GPU] stage  69.9% (19725719605737/28237773109178) | 825.1M/s | ETA 2:51:56 | best -
[b2=29 b1=27 GPU] stage  69.9% (19727598653929/28237773109178) | 824.6M/s | ETA 2:52:00 | best -
[b2=29 b1=27 GPU] stage  69.9% (19729477702121/28237773109178) | 817.6M/s | ETA 2:53:26 | best -
[b2=29 b1=27 GPU] stage  69.9% (19731356750313/28237773109178) | 818.9M/s | ETA 2:53:07 | best -
[b2=29 b1=27 GPU] stage  69.9% (19733235798505/28237773109178) | 822.6M/s | ETA 2:52:18 | best -
[b2=29 b1=27 GPU] stage  69.9% (19735114846697/28237773109178) | 828.0M/s | ETA 2:51:09 | best -
[b2=29 b1=27 GPU] stage  69.9% (19736993894889/28237773109178) | 817.4M/s | ETA 2:53:20 | best -
[b2=29 b1=27 GPU] stage  69.9% (19738872943081/28237773109178) | 818.8M/s | ETA 2:52:59 | best -
[b2=29 b1=27 GPU] stage  69.9% (19740751991273/28237773109178) | 821.9M/s | ETA 2:52:17 | best -
[b2=29 b1=27 GPU] stage  69.9% (19742631039465/28237773109178) | 830.1M/s | ETA 2:50:33 | best -
[b2=29 b1=27 GPU] stage  69.9% (19744510087657/28237773109178) | 820.3M/s | ETA 2:52:33 | best -
[b2=29 b1=27 GPU] stage  69.9% (19746389135849/28237773109178) | 818.0M/s | ETA 2:53:00 | best -
[b2=29 b1=27 GPU] stage  69.9% (19748268184041/28237773109178) | 821.6M/s | ETA 2:52:13 | best -
[b2=29 b1=27 GPU] stage  69.9% (19750147232233/28237773109178) | 827.3M/s | ETA 2:50:59 | best -
[b2=29 b1=27 GPU] stage  69.9% (19752026280425/28237773109178) | 823.4M/s | ETA 2:51:45 | best -
[b2=29 b1=27 GPU] stage  70.0% (19753905328617/28237773109178) | 817.3M/s | ETA 2:53:00 | best -
[b2=29 b1=27 GPU] stage  70.0% (19755784376809/28237773109178) | 820.7M/s | ETA 2:52:14 | best -
[b2=29 b1=27 GPU] stage  70.0% (19757663425001/28237773109178) | 824.8M/s | ETA 2:51:21 | best -
[b2=29 b1=27 GPU] stage  70.0% (19759542473193/28237773109178) | 825.9M/s | ETA 2:51:05 | best -
[b2=29 b1=27 GPU] stage  70.0% (19761421521385/28237773109178) | 816.7M/s | ETA 2:52:59 | best -
[b2=29 b1=27 GPU] stage  70.0% (19763300569577/28237773109178) | 819.6M/s | ETA 2:52:19 | best -
[b2=29 b1=27 GPU] stage  70.0% (19765179617769/28237773109178) | 824.5M/s | ETA 2:51:15 | best -
[b2=29 b1=27 GPU] stage  70.0% (19767058665961/28237773109178) | 824.0M/s | ETA 2:51:19 | best -
[b2=29 b1=27 GPU] stage  70.0% (19768937714153/28237773109178) | 816.0M/s | ETA 2:52:58 | best -
[b2=29 b1=27 GPU] stage  70.0% (19770816762345/28237773109178) | 819.2M/s | ETA 2:52:15 | best -
[b2=29 b1=27 GPU] stage  70.0% (19772695810537/28237773109178) | 820.7M/s | ETA 2:51:54 | best -
[b2=29 b1=27 GPU] stage  70.0% (19774574858729/28237773109178) | 828.7M/s | ETA 2:50:12 | best -
[b2=29 b1=27 GPU] stage  70.0% (19776453906921/28237773109178) | 818.5M/s | ETA 2:52:18 | best -
[b2=29 b1=27 GPU] stage  70.0% (19778332955113/28237773109178) | 819.2M/s | ETA 2:52:06 | best -
[b2=29 b1=27 GPU] stage  70.0% (19780212003305/28237773109178) | 821.4M/s | ETA 2:51:37 | best -
[b2=29 b1=27 GPU] stage  70.1% (19782091051497/28237773109178) | 828.3M/s | ETA 2:50:08 | best -
[b2=29 b1=27 GPU] stage  70.1% (19783970099689/28237773109178) | 820.7M/s | ETA 2:51:40 | best -
[b2=29 b1=27 GPU] stage  70.1% (19785849147881/28237773109178) | 818.1M/s | ETA 2:52:10 | best -
[b2=29 b1=27 GPU] stage  70.1% (19787728196073/28237773109178) | 820.1M/s | ETA 2:51:43 | best -
[b2=29 b1=27 GPU] stage  70.1% (19789607244265/28237773109178) | 826.1M/s | ETA 2:50:26 | best -
[b2=29 b1=27 GPU] stage  70.1% (19791486292457/28237773109178) | 824.5M/s | ETA 2:50:44 | best -
[b2=29 b1=27 GPU] stage  70.1% (19793365340649/28237773109178) | 817.3M/s | ETA 2:52:12 | best -
[b2=29 b1=27 GPU] stage  70.1% (19795244388841/28237773109178) | 819.7M/s | ETA 2:51:39 | best -
[b2=29 b1=27 GPU] stage  70.1% (19797123437033/28237773109178) | 824.4M/s | ETA 2:50:39 | best -
[b2=29 b1=27 GPU] stage  70.1% (19799002485225/28237773109178) | 825.2M/s | ETA 2:50:25 | best -
[b2=29 b1=27 GPU] stage  70.1% (19800881533417/28237773109178) | 817.1M/s | ETA 2:52:04 | best -
[b2=29 b1=27 GPU] stage  70.1% (19802760581609/28237773109178) | 818.9M/s | ETA 2:51:40 | best -
[b2=29 b1=27 GPU] stage  70.1% (19804639629801/28237773109178) | 823.0M/s | ETA 2:50:46 | best -
[b2=29 b1=27 GPU] stage  70.1% (19806518677993/28237773109178) | 826.5M/s | ETA 2:50:01 | best -
[b2=29 b1=27 GPU] stage  70.1% (19808397726185/28237773109178) | 817.1M/s | ETA 2:51:56 | best -
[b2=29 b1=27 GPU] stage  70.2% (19810276774377/28237773109178) | 818.1M/s | ETA 2:51:41 | best -
[b2=29 b1=27 GPU] stage  70.2% (19812155822569/28237773109178) | 821.7M/s | ETA 2:50:53 | best -
[b2=29 b1=27 GPU] stage  70.2% (19814034870761/28237773109178) | 829.0M/s | ETA 2:49:20 | best -
[b2=29 b1=27 GPU] stage  70.2% (19815913918953/28237773109178) | 819.5M/s | ETA 2:51:16 | best -
[b2=29 b1=27 GPU] stage  70.2% (19817792967145/28237773109178) | 816.4M/s | ETA 2:51:53 | best -
[b2=29 b1=27 GPU] stage  70.2% (19819672015337/28237773109178) | 821.5M/s | ETA 2:50:47 | best -
[b2=29 b1=27 GPU] stage  70.2% (19821551063529/28237773109178) | 827.7M/s | ETA 2:49:28 | best -
[b2=29 b1=27 GPU] stage  70.2% (19823430111721/28237773109178) | 823.9M/s | ETA 2:50:12 | best -
[b2=29 b1=27 GPU] stage  70.2% (19825309159913/28237773109178) | 817.6M/s | ETA 2:51:28 | best -
[b2=29 b1=27 GPU] stage  70.2% (19827188208105/28237773109178) | 820.4M/s | ETA 2:50:51 | best -
[b2=29 b1=27 GPU] stage  70.2% (19829067256297/28237773109178) | 826.1M/s | ETA 2:49:39 | best -
[b2=29 b1=27 GPU] stage  70.2% (19830946304489/28237773109178) | 824.8M/s | ETA 2:49:52 | best -
[b2=29 b1=27 GPU] stage  70.2% (19832825352681/28237773109178) | 818.4M/s | ETA 2:51:09 | best -
[b2=29 b1=27 GPU] stage  70.2% (19834704400873/28237773109178) | 820.3M/s | ETA 2:50:43 | best -
[b2=29 b1=27 GPU] stage  70.2% (19836583449065/28237773109178) | 824.1M/s | ETA 2:49:53 | best -
[b2=29 b1=27 GPU] stage  70.3% (19838462497257/28237773109178) | 825.8M/s | ETA 2:49:30 | best -
[b2=29 b1=27 GPU] stage  70.3% (19840341545449/28237773109178) | 817.3M/s | ETA 2:51:15 | best -
[b2=29 b1=27 GPU] stage  70.3% (19842220593641/28237773109178) | 819.0M/s | ETA 2:50:50 | best -
[b2=29 b1=27 GPU] stage  70.3% (19844099641833/28237773109178) | 823.2M/s | ETA 2:49:56 | best -
[b2=29 b1=27 GPU] stage  70.3% (19845978690025/28237773109178) | 827.5M/s | ETA 2:49:01 | best -
[b2=29 b1=27 GPU] stage  70.3% (19847857738217/28237773109178) | 818.6M/s | ETA 2:50:48 | best -
[b2=29 b1=27 GPU] stage  70.3% (19849736786409/28237773109178) | 818.7M/s | ETA 2:50:45 | best -
[b2=29 b1=27 GPU] stage  70.3% (19851615834601/28237773109178) | 821.4M/s | ETA 2:50:09 | best -
[b2=29 b1=27 GPU] stage  70.3% (19853494882793/28237773109178) | 828.0M/s | ETA 2:48:45 | best -
[b2=29 b1=27 GPU] stage  70.3% (19855373930985/28237773109178) | 821.1M/s | ETA 2:50:08 | best -
[b2=29 b1=27 GPU] stage  70.3% (19857252979177/28237773109178) | 818.1M/s | ETA 2:50:43 | best -
[b2=29 b1=27 GPU] stage  70.3% (19859132027369/28237773109178) | 820.7M/s | ETA 2:50:09 | best -
[b2=29 b1=27 GPU] stage  70.3% (19861011075561/28237773109178) | 826.3M/s | ETA 2:48:57 | best -
[b2=29 b1=27 GPU] stage  70.3% (19862890123753/28237773109178) | 823.9M/s | ETA 2:49:25 | best -
[b2=29 b1=27 GPU] stage  70.3% (19864769171945/28237773109178) | 817.3M/s | ETA 2:50:45 | best -
[b2=29 b1=27 GPU] stage  70.4% (19866648220137/28237773109178) | 818.0M/s | ETA 2:50:33 | best -
[b2=29 b1=27 GPU] stage  70.4% (19868527268329/28237773109178) | 824.3M/s | ETA 2:49:13 | best -
[b2=29 b1=27 GPU] stage  70.4% (19870406316521/28237773109178) | 825.3M/s | ETA 2:48:57 | best -
[b2=29 b1=27 GPU] stage  70.4% (19872285364713/28237773109178) | 817.7M/s | ETA 2:50:30 | best -
[b2=29 b1=27 GPU] stage  70.4% (19874164412905/28237773109178) | 818.5M/s | ETA 2:50:17 | best -
[b2=29 b1=27 GPU] stage  70.4% (19876043461097/28237773109178) | 824.2M/s | ETA 2:49:05 | best -
[b2=29 b1=27 GPU] stage  70.4% (19877922509289/28237773109178) | 826.8M/s | ETA 2:48:30 | best -
[b2=29 b1=27 GPU] stage  70.4% (19879801557481/28237773109178) | 816.7M/s | ETA 2:50:34 | best -
[b2=29 b1=27 GPU] stage  70.4% (19881680605673/28237773109178) | 819.3M/s | ETA 2:49:59 | best -
[b2=29 b1=27 GPU] stage  70.4% (19883559653865/28237773109178) | 821.7M/s | ETA 2:49:27 | best -
[b2=29 b1=27 GPU] stage  70.4% (19885438702057/28237773109178) | 827.9M/s | ETA 2:48:08 | best -
[b2=29 b1=27 GPU] stage  70.4% (19887317750249/28237773109178) | 819.0M/s | ETA 2:49:55 | best -
[b2=29 b1=27 GPU] stage  70.4% (19889196798441/28237773109178) | 817.6M/s | ETA 2:50:11 | best -
[b2=29 b1=27 GPU] stage  70.4% (19891075846633/28237773109178) | 821.3M/s | ETA 2:49:22 | best -
[b2=29 b1=27 GPU] stage  70.4% (19892954894825/28237773109178) | 827.3M/s | ETA 2:48:06 | best -
[b2=29 b1=27 GPU] stage  70.5% (19894833943017/28237773109178) | 822.1M/s | ETA 2:49:08 | best -
[b2=29 b1=27 GPU] stage  70.5% (19896712991209/28237773109178) | 818.2M/s | ETA 2:49:54 | best -
[b2=29 b1=27 GPU] stage  70.5% (19898592039401/28237773109178) | 820.1M/s | ETA 2:49:28 | best -
[b2=29 b1=27 GPU] stage  70.5% (19900471087593/28237773109178) | 825.8M/s | ETA 2:48:15 | best -
[b2=29 b1=27 GPU] stage  70.5% (19902350135785/28237773109178) | 824.8M/s | ETA 2:48:26 | best -
[b2=29 b1=27 GPU] stage  70.5% (19904229183977/28237773109178) | 816.8M/s | ETA 2:50:02 | best -
[b2=29 b1=27 GPU] stage  70.5% (19906108232169/28237773109178) | 819.3M/s | ETA 2:49:28 | best -
[b2=29 b1=27 GPU] stage  70.5% (19907987280361/28237773109178) | 824.4M/s | ETA 2:48:23 | best -
[b2=29 b1=27 GPU] stage  70.5% (19909866328553/28237773109178) | 827.5M/s | ETA 2:47:44 | best -
[b2=29 b1=27 GPU] stage  70.5% (19911745376745/28237773109178) | 816.8M/s | ETA 2:49:53 | best -
[b2=29 b1=27 GPU] stage  70.5% (19913624424937/28237773109178) | 818.4M/s | ETA 2:49:31 | best -
[b2=29 b1=27 GPU] stage  70.5% (19915503473129/28237773109178) | 820.8M/s | ETA 2:48:58 | best -
[b2=29 b1=27 GPU] stage  70.5% (19917382521321/28237773109178) | 825.8M/s | ETA 2:47:55 | best -
[b2=29 b1=27 GPU] stage  70.5% (19919261569513/28237773109178) | 816.7M/s | ETA 2:49:44 | best -
[b2=29 b1=27 GPU] stage  70.5% (19921140617705/28237773109178) | 818.6M/s | ETA 2:49:19 | best -
[b2=29 b1=27 GPU] stage  70.6% (19923019665897/28237773109178) | 821.2M/s | ETA 2:48:44 | best -
[b2=29 b1=27 GPU] stage  70.6% (19924898714089/28237773109178) | 828.9M/s | ETA 2:47:08 | best -
[b2=29 b1=27 GPU] stage  70.6% (19926777762281/28237773109178) | 819.6M/s | ETA 2:48:59 | best -
[b2=29 b1=27 GPU] stage  70.6% (19928656810473/28237773109178) | 818.3M/s | ETA 2:49:14 | best -
[b2=29 b1=27 GPU] stage  70.6% (19930535858665/28237773109178) | 821.3M/s | ETA 2:48:34 | best -
[b2=29 b1=27 GPU] stage  70.6% (19932414906857/28237773109178) | 827.7M/s | ETA 2:47:14 | best -
[b2=29 b1=27 GPU] stage  70.6% (19934293955049/28237773109178) | 823.9M/s | ETA 2:47:58 | best -
[b2=29 b1=27 GPU] stage  70.6% (19936173003241/28237773109178) | 817.9M/s | ETA 2:49:09 | best -
[b2=29 b1=27 GPU] stage  70.6% (19938052051433/28237773109178) | 819.6M/s | ETA 2:48:46 | best -
[b2=29 b1=27 GPU] stage  70.6% (19939931099625/28237773109178) | 824.1M/s | ETA 2:47:48 | best -
[b2=29 b1=27 GPU] stage  70.6% (19941810147817/28237773109178) | 825.3M/s | ETA 2:47:32 | best -
[b2=29 b1=27 GPU] stage  70.6% (19943689196009/28237773109178) | 817.9M/s | ETA 2:49:00 | best -
[b2=29 b1=27 GPU] stage  70.6% (19945568244201/28237773109178) | 819.3M/s | ETA 2:48:41 | best -
[b2=29 b1=27 GPU] stage  70.6% (19947447292393/28237773109178) | 824.0M/s | ETA 2:47:40 | best -
[b2=29 b1=27 GPU] stage  70.6% (19949326340585/28237773109178) | 825.8M/s | ETA 2:47:17 | best -
[b2=29 b1=27 GPU] stage  70.7% (19951205388777/28237773109178) | 817.5M/s | ETA 2:48:56 | best -
[b2=29 b1=27 GPU] stage  70.7% (19953084436969/28237773109178) | 819.0M/s | ETA 2:48:35 | best -
[b2=29 b1=27 GPU] stage  70.7% (19954963485161/28237773109178) | 822.3M/s | ETA 2:47:53 | best -
[b2=29 b1=27 GPU] stage  70.7% (19956842533353/28237773109178) | 828.5M/s | ETA 2:46:35 | best -
[b2=29 b1=27 GPU] stage  70.7% (19958721581545/28237773109178) | 818.6M/s | ETA 2:48:33 | best -
[b2=29 b1=27 GPU] stage  70.7% (19960600629737/28237773109178) | 819.0M/s | ETA 2:48:27 | best -
[b2=29 b1=27 GPU] stage  70.7% (19962479677929/28237773109178) | 821.6M/s | ETA 2:47:52 | best -
[b2=29 b1=27 GPU] stage  70.7% (19964358726121/28237773109178) | 826.2M/s | ETA 2:46:53 | best -
[b2=29 b1=27 GPU] stage  70.7% (19966237774313/28237773109178) | 820.7M/s | ETA 2:47:59 | best -
[b2=29 b1=27 GPU] stage  70.7% (19968116822505/28237773109178) | 817.5M/s | ETA 2:48:35 | best -
[b2=29 b1=27 GPU] stage  70.7% (19969995870697/28237773109178) | 820.1M/s | ETA 2:48:01 | best -
[b2=29 b1=27 GPU] stage  70.7% (19971874918889/28237773109178) | 826.4M/s | ETA 2:46:41 | best -
[b2=29 b1=27 GPU] stage  70.7% (19973753967081/28237773109178) | 823.5M/s | ETA 2:47:14 | best -
[b2=29 b1=27 GPU] stage  70.7% (19975633015273/28237773109178) | 818.2M/s | ETA 2:48:17 | best -
[b2=29 b1=27 GPU] stage  70.7% (19977512063465/28237773109178) | 820.2M/s | ETA 2:47:50 | best -
[b2=29 b1=27 GPU] stage  70.8% (19979391111657/28237773109178) | 825.4M/s | ETA 2:46:45 | best -
[b2=29 b1=27 GPU] stage  70.8% (19981270159849/28237773109178) | 824.6M/s | ETA 2:46:53 | best -
[b2=29 b1=27 GPU] stage  70.8% (19983149208041/28237773109178) | 816.0M/s | ETA 2:48:35 | best -
[b2=29 b1=27 GPU] stage  70.8% (19985028256233/28237773109178) | 818.8M/s | ETA 2:47:58 | best -
[b2=29 b1=27 GPU] stage  70.8% (19986907304425/28237773109178) | 823.5M/s | ETA 2:46:59 | best -
[b2=29 b1=27 GPU] stage  70.8% (19988786352617/28237773109178) | 827.5M/s | ETA 2:46:08 | best -
[b2=29 b1=27 GPU] stage  70.8% (19990665400809/28237773109178) | 816.6M/s | ETA 2:48:19 | best -
[b2=29 b1=27 GPU] stage  70.8% (19992544449001/28237773109178) | 818.4M/s | ETA 2:47:54 | best -
[b2=29 b1=27 GPU] stage  70.8% (19994423497193/28237773109178) | 822.1M/s | ETA 2:47:07 | best -
[b2=29 b1=27 GPU] stage  70.8% (19996302545385/28237773109178) | 827.7M/s | ETA 2:45:56 | best -
[b2=29 b1=27 GPU] stage  70.8% (19998181593577/28237773109178) | 820.7M/s | ETA 2:47:19 | best -
[b2=29 b1=27 GPU] stage  70.8% (20000060641769/28237773109178) | 818.2M/s | ETA 2:47:48 | best -
[b2=29 b1=27 GPU] stage  70.8% (20001939689961/28237773109178) | 821.5M/s | ETA 2:47:05 | best -
[b2=29 b1=27 GPU] stage  70.8% (20003818738153/28237773109178) | 827.8M/s | ETA 2:45:46 | best -
[b2=29 b1=27 GPU] stage  70.8% (20005697786345/28237773109178) | 822.3M/s | ETA 2:46:51 | best -
[b2=29 b1=27 GPU] stage  70.9% (20007576834537/28237773109178) | 817.5M/s | ETA 2:47:47 | best -
[b2=29 b1=27 GPU] stage  70.9% (20009455882729/28237773109178) | 820.2M/s | ETA 2:47:12 | best -
[b2=29 b1=27 GPU] stage  70.9% (20011334930921/28237773109178) | 824.8M/s | ETA 2:46:13 | best -
[b2=29 b1=27 GPU] stage  70.9% (20013213979113/28237773109178) | 822.6M/s | ETA 2:46:38 | best -
[b2=29 b1=27 GPU] stage  70.9% (20015093027305/28237773109178) | 817.2M/s | ETA 2:47:41 | best -
[b2=29 b1=27 GPU] stage  70.9% (20016972075497/28237773109178) | 819.4M/s | ETA 2:47:12 | best -
[b2=29 b1=27 GPU] stage  70.9% (20018851123689/28237773109178) | 825.2M/s | ETA 2:46:00 | best -
[b2=29 b1=27 GPU] stage  70.9% (20020730171881/28237773109178) | 824.9M/s | ETA 2:46:01 | best -
[b2=29 b1=27 GPU] stage  70.9% (20022609220073/28237773109178) | 817.3M/s | ETA 2:47:31 | best -
[b2=29 b1=27 GPU] stage  70.9% (20024488268265/28237773109178) | 817.9M/s | ETA 2:47:22 | best -
[b2=29 b1=27 GPU] stage  70.9% (20026367316457/28237773109178) | 822.0M/s | ETA 2:46:29 | best -
[b2=29 b1=27 GPU] stage  70.9% (20028246364649/28237773109178) | 826.5M/s | ETA 2:45:32 | best -
[b2=29 b1=27 GPU] stage  70.9% (20030125412841/28237773109178) | 818.6M/s | ETA 2:47:06 | best -
[b2=29 b1=27 GPU] stage  70.9% (20032004461033/28237773109178) | 818.3M/s | ETA 2:47:07 | best -
[b2=29 b1=27 GPU] stage  70.9% (20033883509225/28237773109178) | 821.8M/s | ETA 2:46:22 | best -
[b2=29 b1=27 GPU] stage  71.0% (20035762557417/28237773109178) | 829.1M/s | ETA 2:44:53 | best -
[b2=29 b1=27 GPU] stage  71.0% (20037641605609/28237773109178) | 821.0M/s | ETA 2:46:28 | best -
[b2=29 b1=27 GPU] stage  71.0% (20039520653801/28237773109178) | 817.4M/s | ETA 2:47:09 | best -
[b2=29 b1=27 GPU] stage  71.0% (20041399701993/28237773109178) | 821.4M/s | ETA 2:46:18 | best -
[b2=29 b1=27 GPU] stage  71.0% (20043278750185/28237773109178) | 826.9M/s | ETA 2:45:10 | best -
[b2=29 b1=27 GPU] stage  71.0% (20045157798377/28237773109178) | 823.7M/s | ETA 2:45:45 | best -
[b2=29 b1=27 GPU] stage  71.0% (20047036846569/28237773109178) | 819.0M/s | ETA 2:46:40 | best -
[b2=29 b1=27 GPU] stage  71.0% (20048915894761/28237773109178) | 820.6M/s | ETA 2:46:19 | best -
[b2=29 b1=27 GPU] stage  71.0% (20050794942953/28237773109178) | 825.7M/s | ETA 2:45:15 | best -
[b2=29 b1=27 GPU] stage  71.0% (20052673991145/28237773109178) | 824.3M/s | ETA 2:45:29 | best -
[b2=29 b1=27 GPU] stage  71.0% (20054553039337/28237773109178) | 817.5M/s | ETA 2:46:50 | best -
[b2=29 b1=27 GPU] stage  71.0% (20056432087529/28237773109178) | 819.4M/s | ETA 2:46:24 | best -
[b2=29 b1=27 GPU] stage  71.0% (20058311135721/28237773109178) | 823.9M/s | ETA 2:45:27 | best -
[b2=29 b1=27 GPU] stage  71.0% (20060190183913/28237773109178) | 825.0M/s | ETA 2:45:11 | best -
[b2=29 b1=27 GPU] stage  71.0% (20062069232105/28237773109178) | 817.3M/s | ETA 2:46:43 | best -
[b2=29 b1=27 GPU] stage  71.1% (20063948280297/28237773109178) | 816.4M/s | ETA 2:46:52 | best -
[b2=29 b1=27 GPU] stage  71.1% (20065827328489/28237773109178) | 821.5M/s | ETA 2:45:47 | best -
[b2=29 b1=27 GPU] stage  71.1% (20067706376681/28237773109178) | 826.6M/s | ETA 2:44:43 | best -
[b2=29 b1=27 GPU] stage  71.1% (20069585424873/28237773109178) | 819.8M/s | ETA 2:46:04 | best -
[b2=29 b1=27 GPU] stage  71.1% (20071464473065/28237773109178) | 818.4M/s | ETA 2:46:18 | best -
[b2=29 b1=27 GPU] stage  71.1% (20073343521257/28237773109178) | 822.2M/s | ETA 2:45:30 | best -
[b2=29 b1=27 GPU] stage  71.1% (20075222569449/28237773109178) | 826.1M/s | ETA 2:44:41 | best -
[b2=29 b1=27 GPU] stage  71.1% (20077101617641/28237773109178) | 822.6M/s | ETA 2:45:20 | best -
[b2=29 b1=27 GPU] stage  71.1% (20078980665833/28237773109178) | 818.1M/s | ETA 2:46:12 | best -
[b2=29 b1=27 GPU] stage  71.1% (20080859714025/28237773109178) | 820.1M/s | ETA 2:45:46 | best -
[b2=29 b1=27 GPU] stage  71.1% (20082738762217/28237773109178) | 824.8M/s | ETA 2:44:47 | best -
[b2=29 b1=27 GPU] stage  71.1% (20084617810409/28237773109178) | 825.1M/s | ETA 2:44:41 | best -
[b2=29 b1=27 GPU] stage  71.1% (20086496858601/28237773109178) | 818.0M/s | ETA 2:46:04 | best -
[b2=29 b1=27 GPU] stage  71.1% (20088375906793/28237773109178) | 819.7M/s | ETA 2:45:41 | best -
[b2=29 b1=27 GPU] stage  71.1% (20090254954985/28237773109178) | 825.5M/s | ETA 2:44:29 | best -
[b2=29 b1=27 GPU] stage  71.2% (20092134003177/28237773109178) | 825.7M/s | ETA 2:44:24 | best -
[b2=29 b1=27 GPU] stage  71.2% (20094013051369/28237773109178) | 816.9M/s | ETA 2:46:09 | best -
[b2=29 b1=27 GPU] stage  71.2% (20095892099561/28237773109178) | 818.5M/s | ETA 2:45:46 | best -
[b2=29 b1=27 GPU] stage  71.2% (20097771147753/28237773109178) | 822.3M/s | ETA 2:44:58 | best -
[b2=29 b1=27 GPU] stage  71.2% (20099650195945/28237773109178) | 826.5M/s | ETA 2:44:05 | best -
[b2=29 b1=27 GPU] stage  71.2% (20101529244137/28237773109178) | 817.7M/s | ETA 2:45:50 | best -
[b2=29 b1=27 GPU] stage  71.2% (20103408292329/28237773109178) | 818.9M/s | ETA 2:45:33 | best -
[b2=29 b1=27 GPU] stage  71.2% (20105287340521/28237773109178) | 821.9M/s | ETA 2:44:54 | best -
[b2=29 b1=27 GPU] stage  71.2% (20107166388713/28237773109178) | 829.6M/s | ETA 2:43:20 | best -
[b2=29 b1=27 GPU] stage  71.2% (20109045436905/28237773109178) | 819.6M/s | ETA 2:45:17 | best -
[b2=29 b1=27 GPU] stage  71.2% (20110924485097/28237773109178) | 817.4M/s | ETA 2:45:41 | best -
[b2=29 b1=27 GPU] stage  71.2% (20112803533289/28237773109178) | 818.2M/s | ETA 2:45:30 | best -
[b2=29 b1=27 GPU] stage  71.2% (20114682581481/28237773109178) | 826.5M/s | ETA 2:43:47 | best -
[b2=29 b1=27 GPU] stage  71.2% (20116561629673/28237773109178) | 824.0M/s | ETA 2:44:16 | best -
[b2=29 b1=27 GPU] stage  71.2% (20118440677865/28237773109178) | 818.0M/s | ETA 2:45:26 | best -
[b2=29 b1=27 GPU] stage  71.3% (20120319726057/28237773109178) | 820.1M/s | ETA 2:44:57 | best -
[b2=29 b1=27 GPU] stage  71.3% (20122198774249/28237773109178) | 823.1M/s | ETA 2:44:19 | best -
[b2=29 b1=27 GPU] stage  71.3% (20124077822441/28237773109178) | 824.6M/s | ETA 2:43:59 | best -
[b2=29 b1=27 GPU] stage  71.3% (20125956870633/28237773109178) | 816.5M/s | ETA 2:45:35 | best -
[b2=29 b1=27 GPU] stage  71.3% (20127835918825/28237773109178) | 819.5M/s | ETA 2:44:56 | best -
[b2=29 b1=27 GPU] stage  71.3% (20129714967017/28237773109178) | 822.9M/s | ETA 2:44:13 | best -
[b2=29 b1=27 GPU] stage  71.3% (20131594015209/28237773109178) | 825.8M/s | ETA 2:43:35 | best -
[b2=29 b1=27 GPU] stage  71.3% (20133473063401/28237773109178) | 817.4M/s | ETA 2:45:15 | best -
[b2=29 b1=27 GPU] stage  71.3% (20135352111593/28237773109178) | 818.4M/s | ETA 2:44:59 | best -
[b2=29 b1=27 GPU] stage  71.3% (20137231159785/28237773109178) | 822.4M/s | ETA 2:44:10 | best -
[b2=29 b1=27 GPU] stage  71.3% (20139110207977/28237773109178) | 828.8M/s | ETA 2:42:51 | best -
[b2=29 b1=27 GPU] stage  71.3% (20140989256169/28237773109178) | 818.7M/s | ETA 2:44:49 | best -
[b2=29 b1=27 GPU] stage  71.3% (20142868304361/28237773109178) | 818.6M/s | ETA 2:44:48 | best -
[b2=29 b1=27 GPU] stage  71.3% (20144747352553/28237773109178) | 820.6M/s | ETA 2:44:22 | best -
[b2=29 b1=27 GPU] stage  71.3% (20146626400745/28237773109178) | 828.6M/s | ETA 2:42:44 | best -
[b2=29 b1=27 GPU] stage  71.4% (20148505448937/28237773109178) | 821.9M/s | ETA 2:44:02 | best -
[b2=29 b1=27 GPU] stage  71.4% (20150384497129/28237773109178) | 817.8M/s | ETA 2:44:49 | best -
[b2=29 b1=27 GPU] stage  71.4% (20152263545321/28237773109178) | 820.2M/s | ETA 2:44:17 | best -
[b2=29 b1=27 GPU] stage  71.4% (20154142593513/28237773109178) | 826.6M/s | ETA 2:42:59 | best -
[b2=29 b1=27 GPU] stage  71.4% (20156021641705/28237773109178) | 824.2M/s | ETA 2:43:26 | best -
[b2=29 b1=27 GPU] stage  71.4% (20157900689897/28237773109178) | 817.9M/s | ETA 2:44:38 | best -
[b2=29 b1=27 GPU] stage  71.4% (20159779738089/28237773109178) | 818.8M/s | ETA 2:44:25 | best -
[b2=29 b1=27 GPU] stage  71.4% (20161658786281/28237773109178) | 822.6M/s | ETA 2:43:38 | best -
[b2=29 b1=27 GPU] stage  71.4% (20163537834473/28237773109178) | 825.0M/s | ETA 2:43:07 | best -
[b2=29 b1=27 GPU] stage  71.4% (20165416882665/28237773109178) | 816.6M/s | ETA 2:44:45 | best -
[b2=29 b1=27 GPU] stage  71.4% (20167295930857/28237773109178) | 818.9M/s | ETA 2:44:15 | best -
[b2=29 b1=27 GPU] stage  71.4% (20169174979049/28237773109178) | 823.4M/s | ETA 2:43:19 | best -
[b2=29 b1=27 GPU] stage  71.4% (20171054027241/28237773109178) | 827.6M/s | ETA 2:42:26 | best -
[b2=29 b1=27 GPU] stage  71.4% (20172933075433/28237773109178) | 817.4M/s | ETA 2:44:26 | best -
[b2=29 b1=27 GPU] stage  71.4% (20174812123625/28237773109178) | 817.9M/s | ETA 2:44:18 | best -
[b2=29 b1=27 GPU] stage  71.5% (20176691171817/28237773109178) | 821.9M/s | ETA 2:43:27 | best -
[b2=29 b1=27 GPU] stage  71.5% (20178570220009/28237773109178) | 828.9M/s | ETA 2:42:02 | best -
[b2=29 b1=27 GPU] stage  71.5% (20180449268201/28237773109178) | 819.9M/s | ETA 2:43:47 | best -
[b2=29 b1=27 GPU] stage  71.5% (20182328316393/28237773109178) | 817.3M/s | ETA 2:44:15 | best -
[b2=29 b1=27 GPU] stage  71.5% (20184207364585/28237773109178) | 820.4M/s | ETA 2:43:37 | best -
[b2=29 b1=27 GPU] stage  71.5% (20186086412777/28237773109178) | 828.3M/s | ETA 2:42:01 | best -
[b2=29 b1=27 GPU] stage  71.5% (20187965460969/28237773109178) | 823.9M/s | ETA 2:42:50 | best -
[b2=29 b1=27 GPU] stage  71.5% (20189844509161/28237773109178) | 817.4M/s | ETA 2:44:05 | best -
[b2=29 b1=27 GPU] stage  71.5% (20191723557353/28237773109178) | 819.9M/s | ETA 2:43:33 | best -
[b2=29 b1=27 GPU] stage  71.5% (20193602605545/28237773109178) | 826.5M/s | ETA 2:42:12 | best -
[b2=29 b1=27 GPU] stage  71.5% (20195481653737/28237773109178) | 824.5M/s | ETA 2:42:34 | best -
[b2=29 b1=27 GPU] stage  71.5% (20197360701929/28237773109178) | 816.4M/s | ETA 2:44:08 | best -
[b2=29 b1=27 GPU] stage  71.5% (20199239750121/28237773109178) | 818.9M/s | ETA 2:43:36 | best -
[b2=29 b1=27 GPU] stage  71.5% (20201118798313/28237773109178) | 824.1M/s | ETA 2:42:31 | best -
[b2=29 b1=27 GPU] stage  71.5% (20202997846505/28237773109178) | 827.2M/s | ETA 2:41:52 | best -
[b2=29 b1=27 GPU] stage  71.6% (20204876894697/28237773109178) | 816.3M/s | ETA 2:44:00 | best -
[b2=29 b1=27 GPU] stage  71.6% (20206755942889/28237773109178) | 818.6M/s | ETA 2:43:30 | best -
[b2=29 b1=27 GPU] stage  71.6% (20208634991081/28237773109178) | 822.6M/s | ETA 2:42:41 | best -
[b2=29 b1=27 GPU] stage  71.6% (20210514039273/28237773109178) | 823.6M/s | ETA 2:42:26 | best -
[b2=29 b1=27 GPU] stage  71.6% (20212393087465/28237773109178) | 817.6M/s | ETA 2:43:35 | best -
[b2=29 b1=27 GPU] stage  71.6% (20214272135657/28237773109178) | 818.1M/s | ETA 2:43:27 | best -
[b2=29 b1=27 GPU] stage  71.6% (20216151183849/28237773109178) | 821.3M/s | ETA 2:42:47 | best -
[b2=29 b1=27 GPU] stage  71.6% (20218030232041/28237773109178) | 828.5M/s | ETA 2:41:19 | best -
[b2=29 b1=27 GPU] stage  71.6% (20219909280233/28237773109178) | 821.5M/s | ETA 2:42:39 | best -
[b2=29 b1=27 GPU] stage  71.6% (20221788328425/28237773109178) | 818.5M/s | ETA 2:43:13 | best -
[b2=29 b1=27 GPU] stage  71.6% (20223667376617/28237773109178) | 820.2M/s | ETA 2:42:50 | best -
[b2=29 b1=27 GPU] stage  71.6% (20225546424809/28237773109178) | 826.0M/s | ETA 2:41:40 | best -
[b2=29 b1=27 GPU] stage  71.6% (20227425473001/28237773109178) | 825.1M/s | ETA 2:41:48 | best -
[b2=29 b1=27 GPU] stage  71.6% (20229304521193/28237773109178) | 818.0M/s | ETA 2:43:10 | best -
[b2=29 b1=27 GPU] stage  71.6% (20231183569385/28237773109178) | 819.7M/s | ETA 2:42:47 | best -
[b2=29 b1=27 GPU] stage  71.7% (20233062617577/28237773109178) | 823.9M/s | ETA 2:41:55 | best -
[b2=29 b1=27 GPU] stage  71.7% (20234941665769/28237773109178) | 824.9M/s | ETA 2:41:41 | best -
[b2=29 b1=27 GPU] stage  71.7% (20236820713961/28237773109178) | 817.3M/s | ETA 2:43:09 | best -
[b2=29 b1=27 GPU] stage  71.7% (20238699762153/28237773109178) | 818.7M/s | ETA 2:42:50 | best -
[b2=29 b1=27 GPU] stage  71.7% (20240578810345/28237773109178) | 823.2M/s | ETA 2:41:54 | best -
[b2=29 b1=27 GPU] stage  71.7% (20242457858537/28237773109178) | 827.0M/s | ETA 2:41:07 | best -
[b2=29 b1=27 GPU] stage  71.7% (20244336906729/28237773109178) | 817.2M/s | ETA 2:43:01 | best -
[b2=29 b1=27 GPU] stage  71.7% (20246215954921/28237773109178) | 818.9M/s | ETA 2:42:39 | best -
[b2=29 b1=27 GPU] stage  71.7% (20248095003113/28237773109178) | 822.1M/s | ETA 2:41:59 | best -
[b2=29 b1=27 GPU] stage  71.7% (20249974051305/28237773109178) | 828.1M/s | ETA 2:40:45 | best -
[b2=29 b1=27 GPU] stage  71.7% (20251853099497/28237773109178) | 819.8M/s | ETA 2:42:21 | best -
[b2=29 b1=27 GPU] stage  71.7% (20253732147689/28237773109178) | 818.6M/s | ETA 2:42:33 | best -
[b2=29 b1=27 GPU] stage  71.7% (20255611195881/28237773109178) | 820.9M/s | ETA 2:42:03 | best -
[b2=29 b1=27 GPU] stage  71.7% (20257490244073/28237773109178) | 827.5M/s | ETA 2:40:44 | best -
[b2=29 b1=27 GPU] stage  71.7% (20259369292265/28237773109178) | 821.6M/s | ETA 2:41:51 | best -
[b2=29 b1=27 GPU] stage  71.8% (20261248340457/28237773109178) | 816.7M/s | ETA 2:42:46 | best -
[b2=29 b1=27 GPU] stage  71.8% (20263127388649/28237773109178) | 820.1M/s | ETA 2:42:03 | best -
[b2=29 b1=27 GPU] stage  71.8% (20265006436841/28237773109178) | 825.0M/s | ETA 2:41:03 | best -
[b2=29 b1=27 GPU] stage  71.8% (20266885485033/28237773109178) | 824.9M/s | ETA 2:41:02 | best -
[b2=29 b1=27 GPU] stage  71.8% (20268764533225/28237773109178) | 816.9M/s | ETA 2:42:35 | best -
[b2=29 b1=27 GPU] stage  71.8% (20270643581417/28237773109178) | 819.7M/s | ETA 2:41:59 | best -
[b2=29 b1=27 GPU] stage  71.8% (20272522629609/28237773109178) | 824.5M/s | ETA 2:41:00 | best -
[b2=29 b1=27 GPU] stage  71.8% (20274401677801/28237773109178) | 825.6M/s | ETA 2:40:45 | best -
[b2=29 b1=27 GPU] stage  71.8% (20276280725993/28237773109178) | 817.1M/s | ETA 2:42:23 | best -
[b2=29 b1=27 GPU] stage  71.8% (20278159774185/28237773109178) | 819.6M/s | ETA 2:41:51 | best -
[b2=29 b1=27 GPU] stage  71.8% (20280038822377/28237773109178) | 822.3M/s | ETA 2:41:16 | best -
[b2=29 b1=27 GPU] stage  71.8% (20281917870569/28237773109178) | 828.7M/s | ETA 2:40:00 | best -
[b2=29 b1=27 GPU] stage  71.8% (20283796918761/28237773109178) | 818.9M/s | ETA 2:41:53 | best -
[b2=29 b1=27 GPU] stage  71.8% (20285675966953/28237773109178) | 817.6M/s | ETA 2:42:05 | best -
[b2=29 b1=27 GPU] stage  71.8% (20287555015145/28237773109178) | 820.5M/s | ETA 2:41:28 | best -
[b2=29 b1=27 GPU] stage  71.9% (20289434063337/28237773109178) | 828.3M/s | ETA 2:39:56 | best -
[b2=29 b1=27 GPU] stage  71.9% (20291313111529/28237773109178) | 820.6M/s | ETA 2:41:23 | best -
[b2=29 b1=27 GPU] stage  71.9% (20293192159721/28237773109178) | 818.2M/s | ETA 2:41:49 | best -
[b2=29 b1=27 GPU] stage  71.9% (20295071207913/28237773109178) | 821.0M/s | ETA 2:41:14 | best -
[b2=29 b1=27 GPU] stage  71.9% (20296950256105/28237773109178) | 826.7M/s | ETA 2:40:05 | best -
[b2=29 b1=27 GPU] stage  71.9% (20298829304297/28237773109178) | 823.7M/s | ETA 2:40:38 | best -
[b2=29 b1=27 GPU] stage  71.9% (20300708352489/28237773109178) | 816.9M/s | ETA 2:41:55 | best -
[b2=29 b1=27 GPU] stage  71.9% (20302587400681/28237773109178) | 818.2M/s | ETA 2:41:37 | best -
[b2=29 b1=27 GPU] stage  71.9% (20304466448873/28237773109178) | 824.6M/s | ETA 2:40:21 | best -
[b2=29 b1=27 GPU] stage  71.9% (20306345497065/28237773109178) | 825.9M/s | ETA 2:40:03 | best -
[b2=29 b1=27 GPU] stage  71.9% (20308224545257/28237773109178) | 817.1M/s | ETA 2:41:44 | best -
[b2=29 b1=27 GPU] stage  71.9% (20310103593449/28237773109178) | 818.3M/s | ETA 2:41:28 | best -
[b2=29 b1=27 GPU] stage  71.9% (20311982641641/28237773109178) | 823.3M/s | ETA 2:40:26 | best -
[b2=29 b1=27 GPU] stage  71.9% (20313861689833/28237773109178) | 827.4M/s | ETA 2:39:36 | best -
[b2=29 b1=27 GPU] stage  71.9% (20315740738025/28237773109178) | 816.5M/s | ETA 2:41:42 | best -
[b2=29 b1=27 GPU] stage  72.0% (20317619786217/28237773109178) | 818.5M/s | ETA 2:41:16 | best -
[b2=29 b1=27 GPU] stage  72.0% (20319498834409/28237773109178) | 822.1M/s | ETA 2:40:31 | best -
[b2=29 b1=27 GPU] stage  72.0% (20321377882601/28237773109178) | 828.3M/s | ETA 2:39:17 | best -
[b2=29 b1=27 GPU] stage  72.0% (20324867543529/28237773109178) | 2264.1M/s | ETA 0:58:14 | best -
[b2=29 b1=27 GPU] stage  72.0% (20329699381737/28237773109178) | 2297.6M/s | ETA 0:57:21 | best -
[b2=29 b1=27 GPU] stage  72.0% (20334531219945/28237773109178) | 2310.4M/s | ETA 0:57:00 | best -
[b2=29 b1=27 GPU] stage  72.0% (20339363058153/28237773109178) | 2311.3M/s | ETA 0:56:57 | best -
[b2=29 b1=27 GPU] stage  72.0% (20344194896361/28237773109178) | 2296.1M/s | ETA 0:57:17 | best -
[b2=29 b1=27 GPU] stage  72.1% (20349026734569/28237773109178) | 2302.5M/s | ETA 0:57:06 | best -
[b2=29 b1=27 GPU] stage  72.1% (20353858572777/28237773109178) | 2315.6M/s | ETA 0:56:44 | best -
[b2=29 b1=27 GPU] stage  72.1% (20358690410985/28237773109178) | 2294.6M/s | ETA 0:57:13 | best -
[b2=29 b1=27 GPU] stage  72.1% (20363522249193/28237773109178) | 2298.1M/s | ETA 0:57:06 | best -
[b2=29 b1=27 GPU] stage  72.1% (20368354087401/28237773109178) | 2327.4M/s | ETA 0:56:21 | best -
[b2=29 b1=27 GPU] stage  72.1% (20373185925609/28237773109178) | 2295.8M/s | ETA 0:57:05 | best -
[b2=29 b1=27 GPU] stage  72.2% (20378017763817/28237773109178) | 2301.0M/s | ETA 0:56:55 | best -
[b2=29 b1=27 GPU] stage  72.2% (20382849602025/28237773109178) | 2311.0M/s | ETA 0:56:38 | best -
[b2=29 b1=27 GPU] stage  72.2% (20387681440233/28237773109178) | 2313.2M/s | ETA 0:56:33 | best -
[b2=29 b1=27 GPU] stage  72.2% (20392513278441/28237773109178) | 2294.5M/s | ETA 0:56:59 | best -
[b2=29 b1=27 GPU] stage  72.2% (20397345116649/28237773109178) | 2295.8M/s | ETA 0:56:55 | best -
[b2=29 b1=27 GPU] stage  72.3% (20402176954857/28237773109178) | 2322.9M/s | ETA 0:56:13 | best -
[b2=29 b1=27 GPU] stage  72.3% (20407008793065/28237773109178) | 2299.2M/s | ETA 0:56:45 | best -
[b2=29 b1=27 GPU] stage  72.3% (20411840631273/28237773109178) | 2299.6M/s | ETA 0:56:43 | best -
[b2=29 b1=27 GPU] stage  72.3% (20416672469481/28237773109178) | 2326.1M/s | ETA 0:56:02 | best -
[b2=29 b1=27 GPU] stage  72.3% (20421504307689/28237773109178) | 2297.9M/s | ETA 0:56:41 | best -
[b2=29 b1=27 GPU] stage  72.3% (20426336145897/28237773109178) | 2293.9M/s | ETA 0:56:45 | best -
[b2=29 b1=27 GPU] stage  72.4% (20431167984105/28237773109178) | 2314.6M/s | ETA 0:56:12 | best -
[b2=29 b1=27 GPU] stage  72.4% (20435999822313/28237773109178) | 2310.9M/s | ETA 0:56:16 | best -
[b2=29 b1=27 GPU] stage  72.4% (20440831660521/28237773109178) | 2296.7M/s | ETA 0:56:34 | best -
[b2=29 b1=27 GPU] stage  72.4% (20445663498729/28237773109178) | 2304.8M/s | ETA 0:56:20 | best -
[b2=29 b1=27 GPU] stage  72.4% (20450495336937/28237773109178) | 2318.3M/s | ETA 0:55:59 | best -
[b2=29 b1=27 GPU] stage  72.4% (20455327175145/28237773109178) | 2290.5M/s | ETA 0:56:37 | best -
[b2=29 b1=27 GPU] stage  72.5% (20460159013353/28237773109178) | 2295.5M/s | ETA 0:56:28 | best -
[b2=29 b1=27 GPU] stage  72.5% (20464990851561/28237773109178) | 2323.5M/s | ETA 0:55:45 | best -
[b2=29 b1=27 GPU] stage  72.5% (20469822689769/28237773109178) | 2298.2M/s | ETA 0:56:20 | best -
[b2=29 b1=27 GPU] stage  72.5% (20474654527977/28237773109178) | 2297.8M/s | ETA 0:56:18 | best -
[b2=29 b1=27 GPU] stage  72.5% (20479486366185/28237773109178) | 2314.1M/s | ETA 0:55:52 | best -
[b2=29 b1=27 GPU] stage  72.5% (20484318204393/28237773109178) | 2309.0M/s | ETA 0:55:57 | best -
[b2=29 b1=27 GPU] stage  72.6% (20489150042601/28237773109178) | 2294.8M/s | ETA 0:56:16 | best -
[b2=29 b1=27 GPU] stage  72.6% (20493981880809/28237773109178) | 2303.0M/s | ETA 0:56:02 | best -
[b2=29 b1=27 GPU] stage  72.6% (20498813719017/28237773109178) | 2317.9M/s | ETA 0:55:38 | best -
[b2=29 b1=27 GPU] stage  72.6% (20503645557225/28237773109178) | 2294.5M/s | ETA 0:56:10 | best -
[b2=29 b1=27 GPU] stage  72.6% (20508477395433/28237773109178) | 2296.8M/s | ETA 0:56:05 | best -
[b2=29 b1=27 GPU] stage  72.6% (20513309233641/28237773109178) | 2322.8M/s | ETA 0:55:25 | best -
[b2=29 b1=27 GPU] stage  72.7% (20518141071849/28237773109178) | 2298.4M/s | ETA 0:55:58 | best -
[b2=29 b1=27 GPU] stage  72.7% (20522972910057/28237773109178) | 2299.5M/s | ETA 0:55:55 | best -
[b2=29 b1=27 GPU] stage  72.7% (20527804748265/28237773109178) | 2310.1M/s | ETA 0:55:37 | best -
[b2=29 b1=27 GPU] stage  72.7% (20532636586473/28237773109178) | 2308.8M/s | ETA 0:55:37 | best -
[b2=29 b1=27 GPU] stage  72.7% (20537468424681/28237773109178) | 2293.9M/s | ETA 0:55:56 | best -
[b2=29 b1=27 GPU] stage  72.7% (20542300262889/28237773109178) | 2299.0M/s | ETA 0:55:47 | best -
[b2=29 b1=27 GPU] stage  72.8% (20547132101097/28237773109178) | 2318.9M/s | ETA 0:55:16 | best -
[b2=29 b1=27 GPU] stage  72.8% (20551963939305/28237773109178) | 2284.8M/s | ETA 0:56:03 | best -
[b2=29 b1=27 GPU] stage  72.8% (20556795777513/28237773109178) | 2288.2M/s | ETA 0:55:56 | best -
[b2=29 b1=27 GPU] stage  72.8% (20561627615721/28237773109178) | 2319.4M/s | ETA 0:55:09 | best -
[b2=29 b1=27 GPU] stage  72.8% (20566459453929/28237773109178) | 2295.1M/s | ETA 0:55:42 | best -
[b2=29 b1=27 GPU] stage  72.9% (20571291292137/28237773109178) | 2293.0M/s | ETA 0:55:43 | best -
[b2=29 b1=27 GPU] stage  72.9% (20576123130345/28237773109178) | 2314.3M/s | ETA 0:55:10 | best -
[b2=29 b1=27 GPU] stage  72.9% (20580954968553/28237773109178) | 2308.7M/s | ETA 0:55:16 | best -
[b2=29 b1=27 GPU] stage  72.9% (20585786806761/28237773109178) | 2296.2M/s | ETA 0:55:32 | best -
[b2=29 b1=27 GPU] stage  72.9% (20590618644969/28237773109178) | 2295.7M/s | ETA 0:55:31 | best -
[b2=29 b1=27 GPU] stage  72.9% (20595450483177/28237773109178) | 2316.1M/s | ETA 0:54:59 | best -
[b2=29 b1=27 GPU] stage  73.0% (20600282321385/28237773109178) | 2298.6M/s | ETA 0:55:22 | best -
[b2=29 b1=27 GPU] stage  73.0% (20605114159593/28237773109178) | 2296.5M/s | ETA 0:55:23 | best -
[b2=29 b1=27 GPU] stage  73.0% (20609945997801/28237773109178) | 2323.0M/s | ETA 0:54:43 | best -
[b2=29 b1=27 GPU] stage  73.0% (20614777836009/28237773109178) | 2301.8M/s | ETA 0:55:11 | best -
[b2=29 b1=27 GPU] stage  73.0% (20619609674217/28237773109178) | 2296.2M/s | ETA 0:55:17 | best -
[b2=29 b1=27 GPU] stage  73.0% (20624441512425/28237773109178) | 2309.0M/s | ETA 0:54:57 | best -
[b2=29 b1=27 GPU] stage  73.1% (20629273350633/28237773109178) | 2311.0M/s | ETA 0:54:52 | best -
[b2=29 b1=27 GPU] stage  73.1% (20634105188841/28237773109178) | 2293.7M/s | ETA 0:55:15 | best -
[b2=29 b1=27 GPU] stage  73.1% (20638937027049/28237773109178) | 2301.2M/s | ETA 0:55:02 | best -
[b2=29 b1=27 GPU] stage  73.1% (20643768865257/28237773109178) | 2317.9M/s | ETA 0:54:36 | best -
[b2=29 b1=27 GPU] stage  73.1% (20648600703465/28237773109178) | 2296.7M/s | ETA 0:55:04 | best -
[b2=29 b1=27 GPU] stage  73.1% (20653432541673/28237773109178) | 2303.8M/s | ETA 0:54:52 | best -
[b2=29 b1=27 GPU] stage  73.2% (20658264379881/28237773109178) | 2322.8M/s | ETA 0:54:23 | best -
[b2=29 b1=27 GPU] stage  73.2% (20663096218089/28237773109178) | 2297.0M/s | ETA 0:54:57 | best -
[b2=29 b1=27 GPU] stage  73.2% (20667928056297/28237773109178) | 2293.6M/s | ETA 0:55:00 | best -
[b2=29 b1=27 GPU] stage  73.2% (20672759894505/28237773109178) | 2308.5M/s | ETA 0:54:36 | best -
[b2=29 b1=27 GPU] stage  73.2% (20677591732713/28237773109178) | 2311.6M/s | ETA 0:54:30 | best -
[b2=29 b1=27 GPU] stage  73.2% (20682423570921/28237773109178) | 2302.4M/s | ETA 0:54:41 | best -
[b2=29 b1=27 GPU] stage  73.3% (20687255409129/28237773109178) | 2303.4M/s | ETA 0:54:37 | best -
[b2=29 b1=27 GPU] stage  73.3% (20692087247337/28237773109178) | 2314.9M/s | ETA 0:54:19 | best -
[b2=29 b1=27 GPU] stage  73.3% (20696919085545/28237773109178) | 2295.5M/s | ETA 0:54:45 | best -
[b2=29 b1=27 GPU] stage  73.3% (20701750923753/28237773109178) | 2294.6M/s | ETA 0:54:44 | best -
[b2=29 b1=27 GPU] stage  73.3% (20706582761961/28237773109178) | 2322.9M/s | ETA 0:54:02 | best -
[b2=29 b1=27 GPU] stage  73.3% (20711414600169/28237773109178) | 2294.4M/s | ETA 0:54:40 | best -
[b2=29 b1=27 GPU] stage  73.4% (20716246438377/28237773109178) | 2300.8M/s | ETA 0:54:29 | best -
[b2=29 b1=27 GPU] stage  73.4% (20721078276585/28237773109178) | 2309.2M/s | ETA 0:54:15 | best -
[b2=29 b1=27 GPU] stage  73.4% (20725910114793/28237773109178) | 2314.1M/s | ETA 0:54:06 | best -
[b2=29 b1=27 GPU] stage  73.4% (20730741953001/28237773109178) | 2292.2M/s | ETA 0:54:35 | best -
[b2=29 b1=27 GPU] stage  73.4% (20735573791209/28237773109178) | 2300.2M/s | ETA 0:54:21 | best -
[b2=29 b1=27 GPU] stage  73.4% (20740405629417/28237773109178) | 2322.3M/s | ETA 0:53:48 | best -
[b2=29 b1=27 GPU] stage  73.5% (20745237467625/28237773109178) | 2296.1M/s | ETA 0:54:23 | best -
[b2=29 b1=27 GPU] stage  73.5% (20750069305833/28237773109178) | 2293.4M/s | ETA 0:54:24 | best -
[b2=29 b1=27 GPU] stage  73.5% (20754901144041/28237773109178) | 2323.5M/s | ETA 0:53:40 | best -
[b2=29 b1=27 GPU] stage  73.5% (20759732982249/28237773109178) | 2296.1M/s | ETA 0:54:16 | best -
[b2=29 b1=27 GPU] stage  73.5% (20764564820457/28237773109178) | 2297.6M/s | ETA 0:54:12 | best -
[b2=29 b1=27 GPU] stage  73.6% (20769396658665/28237773109178) | 2313.1M/s | ETA 0:53:48 | best -
[b2=29 b1=27 GPU] stage  73.6% (20774228496873/28237773109178) | 2313.7M/s | ETA 0:53:45 | best -
[b2=29 b1=27 GPU] stage  73.6% (20779060335081/28237773109178) | 2291.9M/s | ETA 0:54:14 | best -
[b2=29 b1=27 GPU] stage  73.6% (20783892173289/28237773109178) | 2304.7M/s | ETA 0:53:54 | best -
[b2=29 b1=27 GPU] stage  73.6% (20788724011497/28237773109178) | 2321.1M/s | ETA 0:53:29 | best -
[b2=29 b1=27 GPU] stage  73.6% (20793555849705/28237773109178) | 2301.8M/s | ETA 0:53:54 | best -
[b2=29 b1=27 GPU] stage  73.7% (20798387687913/28237773109178) | 2290.3M/s | ETA 0:54:08 | best -
[b2=29 b1=27 GPU] stage  73.7% (20803219526121/28237773109178) | 2324.3M/s | ETA 0:53:18 | best -
[b2=29 b1=27 GPU] stage  73.7% (20808051364329/28237773109178) | 2294.3M/s | ETA 0:53:58 | best -
[b2=29 b1=27 GPU] stage  73.7% (20812883202537/28237773109178) | 2299.9M/s | ETA 0:53:48 | best -
[b2=29 b1=27 GPU] stage  73.7% (20817715040745/28237773109178) | 2311.4M/s | ETA 0:53:30 | best -
[b2=29 b1=27 GPU] stage  73.7% (20822546878953/28237773109178) | 2315.4M/s | ETA 0:53:22 | best -
[b2=29 b1=27 GPU] stage  73.8% (20827378717161/28237773109178) | 2289.9M/s | ETA 0:53:56 | best -
[b2=29 b1=27 GPU] stage  73.8% (20832210555369/28237773109178) | 2298.8M/s | ETA 0:53:41 | best -
[b2=29 b1=27 GPU] stage  73.8% (20837042393577/28237773109178) | 2316.4M/s | ETA 0:53:14 | best -
[b2=29 b1=27 GPU] stage  73.8% (20841874231785/28237773109178) | 2300.6M/s | ETA 0:53:34 | best -
[b2=29 b1=27 GPU] stage  73.8% (20846706069993/28237773109178) | 2297.3M/s | ETA 0:53:37 | best -
[b2=29 b1=27 GPU] stage  73.8% (20851537908201/28237773109178) | 2323.8M/s | ETA 0:52:58 | best -
[b2=29 b1=27 GPU] stage  73.9% (20856369746409/28237773109178) | 2298.9M/s | ETA 0:53:30 | best -
[b2=29 b1=27 GPU] stage  73.9% (20861201584617/28237773109178) | 2302.1M/s | ETA 0:53:24 | best -
[b2=29 b1=27 GPU] stage  73.9% (20866033422825/28237773109178) | 2301.8M/s | ETA 0:53:22 | best -
[b2=29 b1=27 GPU] stage  73.9% (20870865261033/28237773109178) | 2309.0M/s | ETA 0:53:10 | best -
[b2=29 b1=27 GPU] stage  73.9% (20875697099241/28237773109178) | 2296.4M/s | ETA 0:53:25 | best -
[b2=29 b1=27 GPU] stage  73.9% (20880528937449/28237773109178) | 2299.9M/s | ETA 0:53:18 | best -
[b2=29 b1=27 GPU] stage  74.0% (20885360775657/28237773109178) | 2319.0M/s | ETA 0:52:50 | best -
[b2=29 b1=27 GPU] stage  74.0% (20890192613865/28237773109178) | 2297.1M/s | ETA 0:53:18 | best -
[b2=29 b1=27 GPU] stage  74.0% (20895024452073/28237773109178) | 2303.2M/s | ETA 0:53:07 | best -
[b2=29 b1=27 GPU] stage  74.0% (20899856290281/28237773109178) | 2326.8M/s | ETA 0:52:33 | best -
[b2=29 b1=27 GPU] stage  74.0% (20904688128489/28237773109178) | 2294.0M/s | ETA 0:53:16 | best -
[b2=29 b1=27 GPU] stage  74.0% (20909519966697/28237773109178) | 2296.4M/s | ETA 0:53:11 | best -
[b2=29 b1=27 GPU] stage  74.1% (20914351804905/28237773109178) | 2306.8M/s | ETA 0:52:54 | best -
[b2=29 b1=27 GPU] stage  74.1% (20919183643113/28237773109178) | 2308.1M/s | ETA 0:52:50 | best -
[b2=29 b1=27 GPU] stage  74.1% (20924015481321/28237773109178) | 2297.2M/s | ETA 0:53:03 | best -
[b2=29 b1=27 GPU] stage  74.1% (20928847319529/28237773109178) | 2302.0M/s | ETA 0:52:54 | best -
[b2=29 b1=27 GPU] stage  74.1% (20933679157737/28237773109178) | 2319.0M/s | ETA 0:52:29 | best -
[b2=29 b1=27 GPU] stage  74.2% (20938510995945/28237773109178) | 2301.3M/s | ETA 0:52:51 | best -
[b2=29 b1=27 GPU] stage  74.2% (20943342834153/28237773109178) | 2299.7M/s | ETA 0:52:51 | best -
[b2=29 b1=27 GPU] stage  74.2% (20948174672361/28237773109178) | 2320.0M/s | ETA 0:52:22 | best -
[b2=29 b1=27 GPU] stage  74.2% (20953006510569/28237773109178) | 2300.6M/s | ETA 0:52:46 | best -
[b2=29 b1=27 GPU] stage  74.2% (20957838348777/28237773109178) | 2294.0M/s | ETA 0:52:53 | best -
[b2=29 b1=27 GPU] stage  74.2% (20962670186985/28237773109178) | 2311.6M/s | ETA 0:52:27 | best -
[b2=29 b1=27 GPU] stage  74.3% (20967502025193/28237773109178) | 2314.1M/s | ETA 0:52:21 | best -
[b2=29 b1=27 GPU] stage  74.3% (20972333863401/28237773109178) | 2297.5M/s | ETA 0:52:42 | best -
[b2=29 b1=27 GPU] stage  74.3% (20977165701609/28237773109178) | 2290.5M/s | ETA 0:52:49 | best -
[b2=29 b1=27 GPU] stage  74.3% (20981997539817/28237773109178) | 2318.6M/s | ETA 0:52:09 | best -
[b2=29 b1=27 GPU] stage  74.3% (20986829378025/28237773109178) | 2300.0M/s | ETA 0:52:32 | best -
[b2=29 b1=27 GPU] stage  74.3% (20991661216233/28237773109178) | 2298.5M/s | ETA 0:52:32 | best -
[b2=29 b1=27 GPU] stage  74.4% (20996493054441/28237773109178) | 2325.0M/s | ETA 0:51:54 | best -
[b2=29 b1=27 GPU] stage  74.4% (21001324892649/28237773109178) | 2294.5M/s | ETA 0:52:33 | best -
[b2=29 b1=27 GPU] stage  74.4% (21006156730857/28237773109178) | 2301.7M/s | ETA 0:52:21 | best -
[b2=29 b1=27 GPU] stage  74.4% (21010988569065/28237773109178) | 2307.6M/s | ETA 0:52:11 | best -
[b2=29 b1=27 GPU] stage  74.4% (21015820407273/28237773109178) | 2311.0M/s | ETA 0:52:04 | best -
[b2=29 b1=27 GPU] stage  74.4% (21020652245481/28237773109178) | 2291.6M/s | ETA 0:52:29 | best -
[b2=29 b1=27 GPU] stage  74.5% (21025484083689/28237773109178) | 2297.5M/s | ETA 0:52:19 | best -
[b2=29 b1=27 GPU] stage  74.5% (21030315921897/28237773109178) | 2319.6M/s | ETA 0:51:47 | best -
[b2=29 b1=27 GPU] stage  74.5% (21035147760105/28237773109178) | 2297.7M/s | ETA 0:52:14 | best -
[b2=29 b1=27 GPU] stage  74.5% (21039979598313/28237773109178) | 2300.2M/s | ETA 0:52:09 | best -
[b2=29 b1=27 GPU] stage  74.5% (21044811436521/28237773109178) | 2324.3M/s | ETA 0:51:34 | best -
[b2=29 b1=27 GPU] stage  74.5% (21049643274729/28237773109178) | 2295.8M/s | ETA 0:52:10 | best -
[b2=29 b1=27 GPU] stage  74.6% (21054475112937/28237773109178) | 2296.1M/s | ETA 0:52:08 | best -
[b2=29 b1=27 GPU] stage  74.6% (21059306951145/28237773109178) | 2307.0M/s | ETA 0:51:51 | best -
[b2=29 b1=27 GPU] stage  74.6% (21064138789353/28237773109178) | 2313.7M/s | ETA 0:51:40 | best -
[b2=29 b1=27 GPU] stage  74.6% (21068970627561/28237773109178) | 2297.5M/s | ETA 0:52:00 | best -
[b2=29 b1=27 GPU] stage  74.6% (21073802465769/28237773109178) | 2297.6M/s | ETA 0:51:57 | best -
[b2=29 b1=27 GPU] stage  74.6% (21078634303977/28237773109178) | 2320.6M/s | ETA 0:51:25 | best -
[b2=29 b1=27 GPU] stage  74.7% (21083466142185/28237773109178) | 2299.0M/s | ETA 0:51:51 | best -
[b2=29 b1=27 GPU] stage  74.7% (21088297980393/28237773109178) | 2299.0M/s | ETA 0:51:49 | best -
[b2=29 b1=27 GPU] stage  74.7% (21093129818601/28237773109178) | 2327.6M/s | ETA 0:51:09 | best -
[b2=29 b1=27 GPU] stage  74.7% (21097961656809/28237773109178) | 2302.3M/s | ETA 0:51:41 | best -
[b2=29 b1=27 GPU] stage  74.7% (21102793495017/28237773109178) | 2298.3M/s | ETA 0:51:44 | best -
[b2=29 b1=27 GPU] stage  74.7% (21107625333225/28237773109178) | 2309.0M/s | ETA 0:51:27 | best -
[b2=29 b1=27 GPU] stage  74.8% (21112457171433/28237773109178) | 2311.7M/s | ETA 0:51:22 | best -
[b2=29 b1=27 GPU] stage  74.8% (21117289009641/28237773109178) | 2292.6M/s | ETA 0:51:45 | best -
[b2=29 b1=27 GPU] stage  74.8% (21122120847849/28237773109178) | 2304.7M/s | ETA 0:51:27 | best -
[b2=29 b1=27 GPU] stage  74.8% (21126952686057/28237773109178) | 2321.0M/s | ETA 0:51:03 | best -
[b2=29 b1=27 GPU] stage  74.8% (21131784524265/28237773109178) | 2295.9M/s | ETA 0:51:35 | best -
[b2=29 b1=27 GPU] stage  74.9% (21136616362473/28237773109178) | 2299.1M/s | ETA 0:51:28 | best -
[b2=29 b1=27 GPU] stage  74.9% (21141448200681/28237773109178) | 2321.0M/s | ETA 0:50:57 | best -
[b2=29 b1=27 GPU] stage  74.9% (21146280038889/28237773109178) | 2296.5M/s | ETA 0:51:27 | best -
[b2=29 b1=27 GPU] stage  74.9% (21151111877097/28237773109178) | 2293.8M/s | ETA 0:51:29 | best -
[b2=29 b1=27 GPU] stage  74.9% (21155943715305/28237773109178) | 2309.9M/s | ETA 0:51:05 | best -
[b2=29 b1=27 GPU] stage  74.9% (21160775553513/28237773109178) | 2312.2M/s | ETA 0:51:00 | best -
[b2=29 b1=27 GPU] stage  75.0% (21165607391721/28237773109178) | 2298.1M/s | ETA 0:51:17 | best -
[b2=29 b1=27 GPU] stage  75.0% (21170439229929/28237773109178) | 2301.7M/s | ETA 0:51:10 | best -
[b2=29 b1=27 GPU] stage  75.0% (21175271068137/28237773109178) | 2316.9M/s | ETA 0:50:48 | best -
[b2=29 b1=27 GPU] stage  75.0% (21180102906345/28237773109178) | 2291.0M/s | ETA 0:51:20 | best -
[b2=29 b1=27 GPU] stage  75.0% (21184934744553/28237773109178) | 2291.9M/s | ETA 0:51:17 | best -
[b2=29 b1=27 GPU] stage  75.0% (21189766582761/28237773109178) | 2324.9M/s | ETA 0:50:31 | best -
[b2=29 b1=27 GPU] stage  75.1% (21194598420969/28237773109178) | 2298.9M/s | ETA 0:51:03 | best -
[b2=29 b1=27 GPU] stage  75.1% (21199430259177/28237773109178) | 2295.6M/s | ETA 0:51:05 | best -
[b2=29 b1=27 GPU] stage  75.1% (21204262097385/28237773109178) | 2310.1M/s | ETA 0:50:44 | best -
[b2=29 b1=27 GPU] stage  75.1% (21209093935593/28237773109178) | 2311.2M/s | ETA 0:50:41 | best -
[b2=29 b1=27 GPU] stage  75.1% (21213925773801/28237773109178) | 2292.4M/s | ETA 0:51:04 | best -
[b2=29 b1=27 GPU] stage  75.1% (21218757612009/28237773109178) | 2302.2M/s | ETA 0:50:48 | best -
[b2=29 b1=27 GPU] stage  75.2% (21223589450217/28237773109178) | 2320.7M/s | ETA 0:50:22 | best -
[b2=29 b1=27 GPU] stage  75.2% (21228421288425/28237773109178) | 2293.1M/s | ETA 0:50:56 | best -
[b2=29 b1=27 GPU] stage  75.2% (21233253126633/28237773109178) | 2292.6M/s | ETA 0:50:55 | best -
[b2=29 b1=27 GPU] stage  75.2% (21238084964841/28237773109178) | 2321.0M/s | ETA 0:50:15 | best -
[b2=29 b1=27 GPU] stage  75.2% (21242916803049/28237773109178) | 2293.7M/s | ETA 0:50:49 | best -
[b2=29 b1=27 GPU] stage  75.2% (21247748641257/28237773109178) | 2298.1M/s | ETA 0:50:41 | best -
[b2=29 b1=27 GPU] stage  75.3% (21252580479465/28237773109178) | 2306.0M/s | ETA 0:50:29 | best -
[b2=29 b1=27 GPU] stage  75.3% (21257412317673/28237773109178) | 2312.9M/s | ETA 0:50:18 | best -
[b2=29 b1=27 GPU] stage  75.3% (21262244155881/28237773109178) | 2297.6M/s | ETA 0:50:35 | best -
[b2=29 b1=27 GPU] stage  75.3% (21267075994089/28237773109178) | 2295.0M/s | ETA 0:50:37 | best -
[b2=29 b1=27 GPU] stage  75.3% (21271907832297/28237773109178) | 2318.7M/s | ETA 0:50:04 | best -
[b2=29 b1=27 GPU] stage  75.3% (21276739670505/28237773109178) | 2298.6M/s | ETA 0:50:28 | best -
[b2=29 b1=27 GPU] stage  75.4% (21281571508713/28237773109178) | 2302.3M/s | ETA 0:50:21 | best -
[b2=29 b1=27 GPU] stage  75.4% (21286403346921/28237773109178) | 2324.8M/s | ETA 0:49:50 | best -
[b2=29 b1=27 GPU] stage  75.4% (21291235185129/28237773109178) | 2299.5M/s | ETA 0:50:20 | best -
[b2=29 b1=27 GPU] stage  75.4% (21296067023337/28237773109178) | 2303.3M/s | ETA 0:50:13 | best -
[b2=29 b1=27 GPU] stage  75.4% (21300898861545/28237773109178) | 2306.6M/s | ETA 0:50:07 | best -
[b2=29 b1=27 GPU] stage  75.5% (21305730699753/28237773109178) | 2310.6M/s | ETA 0:50:00 | best -
[b2=29 b1=27 GPU] stage  75.5% (21310562537961/28237773109178) | 2296.4M/s | ETA 0:50:16 | best -
[b2=29 b1=27 GPU] stage  75.5% (21315394376169/28237773109178) | 2299.6M/s | ETA 0:50:10 | best -
[b2=29 b1=27 GPU] stage  75.5% (21320226214377/28237773109178) | 2319.6M/s | ETA 0:49:42 | best -
[b2=29 b1=27 GPU] stage  75.5% (21325058052585/28237773109178) | 2293.7M/s | ETA 0:50:13 | best -
[b2=29 b1=27 GPU] stage  75.5% (21329889890793/28237773109178) | 2296.2M/s | ETA 0:50:08 | best -
[b2=29 b1=27 GPU] stage  75.6% (21334721729001/28237773109178) | 2321.9M/s | ETA 0:49:33 | best -
[b2=29 b1=27 GPU] stage  75.6% (21339553567209/28237773109178) | 2286.9M/s | ETA 0:50:16 | best -
[b2=29 b1=27 GPU] stage  75.6% (21344385405417/28237773109178) | 2295.0M/s | ETA 0:50:03 | best -
[b2=29 b1=27 GPU] stage  75.6% (21349217243625/28237773109178) | 2311.3M/s | ETA 0:49:40 | best -
[b2=29 b1=27 GPU] stage  75.6% (21354049081833/28237773109178) | 2314.2M/s | ETA 0:49:34 | best -
[b2=29 b1=27 GPU] stage  75.6% (21358880920041/28237773109178) | 2298.6M/s | ETA 0:49:52 | best -
[b2=29 b1=27 GPU] stage  75.7% (21363712758249/28237773109178) | 2301.8M/s | ETA 0:49:46 | best -
[b2=29 b1=27 GPU] stage  75.7% (21368544596457/28237773109178) | 2321.1M/s | ETA 0:49:19 | best -
[b2=29 b1=27 GPU] stage  75.7% (21373376434665/28237773109178) | 2288.3M/s | ETA 0:49:59 | best -
[b2=29 b1=27 GPU] stage  75.7% (21378208272873/28237773109178) | 2297.7M/s | ETA 0:49:45 | best -
[b2=29 b1=27 GPU] stage  75.7% (21383040111081/28237773109178) | 2321.1M/s | ETA 0:49:13 | best -
[b2=29 b1=27 GPU] stage  75.7% (21387871949289/28237773109178) | 2295.4M/s | ETA 0:49:44 | best -
[b2=29 b1=27 GPU] stage  75.8% (21392703787497/28237773109178) | 2292.4M/s | ETA 0:49:45 | best -
[b2=29 b1=27 GPU] stage  75.8% (21397535625705/28237773109178) | 2313.9M/s | ETA 0:49:16 | best -
[b2=29 b1=27 GPU] stage  75.8% (21402367463913/28237773109178) | 2312.3M/s | ETA 0:49:16 | best -
[b2=29 b1=27 GPU] stage  75.8% (21407199302121/28237773109178) | 2293.9M/s | ETA 0:49:37 | best -
[b2=29 b1=27 GPU] stage  75.8% (21412031140329/28237773109178) | 2301.0M/s | ETA 0:49:26 | best -
[b2=29 b1=27 GPU] stage  75.8% (21416862978537/28237773109178) | 2318.8M/s | ETA 0:49:01 | best -
[b2=29 b1=27 GPU] stage  75.9% (21421694816745/28237773109178) | 2292.9M/s | ETA 0:49:32 | best -
[b2=29 b1=27 GPU] stage  75.9% (21426526654953/28237773109178) | 2302.4M/s | ETA 0:49:18 | best -
[b2=29 b1=27 GPU] stage  75.9% (21431358493161/28237773109178) | 2325.7M/s | ETA 0:48:46 | best -
[b2=29 b1=27 GPU] stage  75.9% (21436190331369/28237773109178) | 2291.4M/s | ETA 0:49:28 | best -
[b2=29 b1=27 GPU] stage  75.9% (21441022169577/28237773109178) | 2299.6M/s | ETA 0:49:15 | best -
[b2=29 b1=27 GPU] stage  75.9% (21445854007785/28237773109178) | 2303.1M/s | ETA 0:49:09 | best -
[b2=29 b1=27 GPU] stage  76.0% (21450685845993/28237773109178) | 2314.1M/s | ETA 0:48:52 | best -
[b2=29 b1=27 GPU] stage  76.0% (21455517684201/28237773109178) | 2301.0M/s | ETA 0:49:07 | best -
[b2=29 b1=27 GPU] stage  76.0% (21460349522409/28237773109178) | 2302.6M/s | ETA 0:49:03 | best -
[b2=29 b1=27 GPU] stage  76.0% (21465181360617/28237773109178) | 2319.9M/s | ETA 0:48:39 | best -
[b2=29 b1=27 GPU] stage  76.0% (21470013198825/28237773109178) | 2294.2M/s | ETA 0:49:09 | best -
[b2=29 b1=27 GPU] stage  76.1% (21474845037033/28237773109178) | 2298.5M/s | ETA 0:49:02 | best -
[b2=29 b1=27 GPU] stage  76.1% (21479676875241/28237773109178) | 2323.1M/s | ETA 0:48:29 | best -
[b2=29 b1=27 GPU] stage  76.1% (21484508713449/28237773109178) | 2293.9M/s | ETA 0:49:04 | best -
[b2=29 b1=27 GPU] stage  76.1% (21489340551657/28237773109178) | 2300.7M/s | ETA 0:48:53 | best -
[b2=29 b1=27 GPU] stage  76.1% (21494172389865/28237773109178) | 2314.4M/s | ETA 0:48:33 | best -
[b2=29 b1=27 GPU] stage  76.1% (21499004228073/28237773109178) | 2311.4M/s | ETA 0:48:35 | best -
[b2=29 b1=27 GPU] stage  76.2% (21503836066281/28237773109178) | 2295.4M/s | ETA 0:48:53 | best -
[b2=29 b1=27 GPU] stage  76.2% (21508667904489/28237773109178) | 2301.8M/s | ETA 0:48:43 | best -
[b2=29 b1=27 GPU] stage  76.2% (21513499742697/28237773109178) | 2314.6M/s | ETA 0:48:25 | best -
[b2=29 b1=27 GPU] stage  76.2% (21518331580905/28237773109178) | 2304.4M/s | ETA 0:48:35 | best -
[b2=29 b1=27 GPU] stage  76.2% (21523163419113/28237773109178) | 2291.6M/s | ETA 0:48:50 | best -
[b2=29 b1=27 GPU] stage  76.2% (21527995257321/28237773109178) | 2317.5M/s | ETA 0:48:15 | best -
[b2=29 b1=27 GPU] stage  76.3% (21532827095529/28237773109178) | 2296.2M/s | ETA 0:48:40 | best -
[b2=29 b1=27 GPU] stage  76.3% (21537658933737/28237773109178) | 2303.5M/s | ETA 0:48:28 | best -
[b2=29 b1=27 GPU] stage  76.3% (21542490771945/28237773109178) | 2309.1M/s | ETA 0:48:19 | best -
[b2=29 b1=27 GPU] stage  76.3% (21547322610153/28237773109178) | 2312.2M/s | ETA 0:48:13 | best -
[b2=29 b1=27 GPU] stage  76.3% (21552154448361/28237773109178) | 2296.5M/s | ETA 0:48:31 | best -
[b2=29 b1=27 GPU] stage  76.3% (21556986286569/28237773109178) | 2302.6M/s | ETA 0:48:21 | best -
[b2=29 b1=27 GPU] stage  76.4% (21561818124777/28237773109178) | 2323.5M/s | ETA 0:47:53 | best -
[b2=29 b1=27 GPU] stage  76.4% (21566649962985/28237773109178) | 2290.8M/s | ETA 0:48:32 | best -
[b2=29 b1=27 GPU] stage  76.4% (21571481801193/28237773109178) | 2293.1M/s | ETA 0:48:27 | best -
[b2=29 b1=27 GPU] stage  76.4% (21576313639401/28237773109178) | 2324.0M/s | ETA 0:47:46 | best -
[b2=29 b1=27 GPU] stage  76.4% (21581145477609/28237773109178) | 2292.9M/s | ETA 0:48:23 | best -
[b2=29 b1=27 GPU] stage  76.4% (21585977315817/28237773109178) | 2296.4M/s | ETA 0:48:16 | best -
[b2=29 b1=27 GPU] stage  76.5% (21590809154025/28237773109178) | 2308.2M/s | ETA 0:47:59 | best -
[b2=29 b1=27 GPU] stage  76.5% (21595640992233/28237773109178) | 2311.8M/s | ETA 0:47:53 | best -
[b2=29 b1=27 GPU] stage  76.5% (21600472830441/28237773109178) | 2293.2M/s | ETA 0:48:14 | best -
[b2=29 b1=27 GPU] stage  76.5% (21605304668649/28237773109178) | 2295.9M/s | ETA 0:48:08 | best -
[b2=29 b1=27 GPU] stage  76.5% (21610136506857/28237773109178) | 2320.8M/s | ETA 0:47:35 | best -
[b2=29 b1=27 GPU] stage  76.5% (21614968345065/28237773109178) | 2291.8M/s | ETA 0:48:09 | best -
[b2=29 b1=27 GPU] stage  76.6% (21619800183273/28237773109178) | 2296.6M/s | ETA 0:48:01 | best -
[b2=29 b1=27 GPU] stage  76.6% (21624632021481/28237773109178) | 2321.6M/s | ETA 0:47:28 | best -
[b2=29 b1=27 GPU] stage  76.6% (21629463859689/28237773109178) | 2297.5M/s | ETA 0:47:56 | best -
[b2=29 b1=27 GPU] stage  76.6% (21634295697897/28237773109178) | 2293.0M/s | ETA 0:47:59 | best -
[b2=29 b1=27 GPU] stage  76.6% (21639127536105/28237773109178) | 2308.5M/s | ETA 0:47:38 | best -
[b2=29 b1=27 GPU] stage  76.6% (21643959374313/28237773109178) | 2311.1M/s | ETA 0:47:33 | best -
[b2=29 b1=27 GPU] stage  76.7% (21648791212521/28237773109178) | 2299.5M/s | ETA 0:47:45 | best -
[b2=29 b1=27 GPU] stage  76.7% (21653623050729/28237773109178) | 2300.6M/s | ETA 0:47:41 | best -
[b2=29 b1=27 GPU] stage  76.7% (21658454888937/28237773109178) | 2321.2M/s | ETA 0:47:14 | best -
[b2=29 b1=27 GPU] stage  76.7% (21663286727145/28237773109178) | 2304.9M/s | ETA 0:47:32 | best -
[b2=29 b1=27 GPU] stage  76.7% (21668118565353/28237773109178) | 2294.3M/s | ETA 0:47:43 | best -
[b2=29 b1=27 GPU] stage  76.8% (21672950403561/28237773109178) | 2322.1M/s | ETA 0:47:07 | best -
[b2=29 b1=27 GPU] stage  76.8% (21677782241769/28237773109178) | 2293.0M/s | ETA 0:47:40 | best -
[b2=29 b1=27 GPU] stage  76.8% (21682614079977/28237773109178) | 2294.3M/s | ETA 0:47:37 | best -
[b2=29 b1=27 GPU] stage  76.8% (21687445918185/28237773109178) | 2306.6M/s | ETA 0:47:19 | best -
[b2=29 b1=27 GPU] stage  76.8% (21692277756393/28237773109178) | 2312.3M/s | ETA 0:47:10 | best -
[b2=29 b1=27 GPU] stage  76.8% (21697109594601/28237773109178) | 2295.5M/s | ETA 0:47:29 | best -
[b2=29 b1=27 GPU] stage  76.9% (21701941432809/28237773109178) | 2306.2M/s | ETA 0:47:13 | best -
[b2=29 b1=27 GPU] stage  76.9% (21706773271017/28237773109178) | 2315.7M/s | ETA 0:47:00 | best -
[b2=29 b1=27 GPU] stage  76.9% (21711605109225/28237773109178) | 2297.1M/s | ETA 0:47:21 | best -
[b2=29 b1=27 GPU] stage  76.9% (21716436947433/28237773109178) | 2300.5M/s | ETA 0:47:14 | best -
[b2=29 b1=27 GPU] stage  76.9% (21721268785641/28237773109178) | 2323.0M/s | ETA 0:46:45 | best -
[b2=29 b1=27 GPU] stage  76.9% (21726100623849/28237773109178) | 2294.5M/s | ETA 0:47:17 | best -
[b2=29 b1=27 GPU] stage  77.0% (21730932462057/28237773109178) | 2298.7M/s | ETA 0:47:10 | best -
[b2=29 b1=27 GPU] stage  77.0% (21735764300265/28237773109178) | 2307.1M/s | ETA 0:46:58 | best -
[b2=29 b1=27 GPU] stage  77.0% (21740596138473/28237773109178) | 2315.4M/s | ETA 0:46:46 | best -
[b2=29 b1=27 GPU] stage  77.0% (21745427976681/28237773109178) | 2296.9M/s | ETA 0:47:06 | best -
[b2=29 b1=27 GPU] stage  77.0% (21750259814889/28237773109178) | 2297.5M/s | ETA 0:47:03 | best -
[b2=29 b1=27 GPU] stage  77.0% (21755091653097/28237773109178) | 2314.7M/s | ETA 0:46:40 | best -
[b2=29 b1=27 GPU] stage  77.1% (21759923491305/28237773109178) | 2291.3M/s | ETA 0:47:07 | best -
[b2=29 b1=27 GPU] stage  77.1% (21764755329513/28237773109178) | 2292.7M/s | ETA 0:47:03 | best -
[b2=29 b1=27 GPU] stage  77.1% (21769587167721/28237773109178) | 2324.7M/s | ETA 0:46:22 | best -
[b2=29 b1=27 GPU] stage  77.1% (21774419005929/28237773109178) | 2298.5M/s | ETA 0:46:51 | best -
[b2=29 b1=27 GPU] stage  77.1% (21779250844137/28237773109178) | 2306.2M/s | ETA 0:46:40 | best -
[b2=29 b1=27 GPU] stage  77.1% (21784082682345/28237773109178) | 2306.0M/s | ETA 0:46:38 | best -
[b2=29 b1=27 GPU] stage  77.2% (21788914520553/28237773109178) | 2320.3M/s | ETA 0:46:19 | best -
[b2=29 b1=27 GPU] stage  77.2% (21793746358761/28237773109178) | 2298.8M/s | ETA 0:46:43 | best -
[b2=29 b1=27 GPU] stage  77.2% (21798578196969/28237773109178) | 2301.3M/s | ETA 0:46:38 | best -
[b2=29 b1=27 GPU] stage  77.2% (21803410035177/28237773109178) | 2311.7M/s | ETA 0:46:23 | best -
[b2=29 b1=27 GPU] stage  77.2% (21808241873385/28237773109178) | 2294.2M/s | ETA 0:46:42 | best -
[b2=29 b1=27 GPU] stage  77.2% (21813073711593/28237773109178) | 2297.1M/s | ETA 0:46:36 | best -
[b2=29 b1=27 GPU] stage  77.3% (21817905549801/28237773109178) | 2322.4M/s | ETA 0:46:04 | best -
[b2=29 b1=27 GPU] stage  77.3% (21822737388009/28237773109178) | 2294.3M/s | ETA 0:46:36 | best -
[b2=29 b1=27 GPU] stage  77.3% (21827569226217/28237773109178) | 2298.9M/s | ETA 0:46:28 | best -
[b2=29 b1=27 GPU] stage  77.3% (21832401064425/28237773109178) | 2305.4M/s | ETA 0:46:18 | best -
[b2=29 b1=27 GPU] stage  77.3% (21837232902633/28237773109178) | 2312.3M/s | ETA 0:46:08 | best -
[b2=29 b1=27 GPU] stage  77.4% (21842064740841/28237773109178) | 2292.2M/s | ETA 0:46:30 | best -
[b2=29 b1=27 GPU] stage  77.4% (21846896579049/28237773109178) | 2300.1M/s | ETA 0:46:18 | best -
[b2=29 b1=27 GPU] stage  77.4% (21851728417257/28237773109178) | 2320.2M/s | ETA 0:45:52 | best -
[b2=29 b1=27 GPU] stage  77.4% (21856560255465/28237773109178) | 2292.5M/s | ETA 0:46:23 | best -
[b2=29 b1=27 GPU] stage  77.4% (21861392093673/28237773109178) | 2294.2M/s | ETA 0:46:19 | best -
[b2=29 b1=27 GPU] stage  77.4% (21866223931881/28237773109178) | 2325.8M/s | ETA 0:45:39 | best -
[b2=29 b1=27 GPU] stage  77.5% (21871055770089/28237773109178) | 2295.5M/s | ETA 0:46:13 | best -
[b2=29 b1=27 GPU] stage  77.5% (21875887608297/28237773109178) | 2297.2M/s | ETA 0:46:09 | best -
[b2=29 b1=27 GPU] stage  77.5% (21880719446505/28237773109178) | 2310.4M/s | ETA 0:45:51 | best -
[b2=29 b1=27 GPU] stage  77.5% (21885551284713/28237773109178) | 2314.3M/s | ETA 0:45:44 | best -
[b2=29 b1=27 GPU] stage  77.5% (21890383122921/28237773109178) | 2293.6M/s | ETA 0:46:07 | best -
[b2=29 b1=27 GPU] stage  77.5% (21895214961129/28237773109178) | 2304.3M/s | ETA 0:45:52 | best -
[b2=29 b1=27 GPU] stage  77.6% (21900046799337/28237773109178) | 2315.5M/s | ETA 0:45:37 | best -
[b2=29 b1=27 GPU] stage  77.6% (21904878637545/28237773109178) | 2286.2M/s | ETA 0:46:10 | best -
[b2=29 b1=27 GPU] stage  77.6% (21909710475753/28237773109178) | 2295.4M/s | ETA 0:45:56 | best -
[b2=29 b1=27 GPU] stage  77.6% (21914542313961/28237773109178) | 2326.5M/s | ETA 0:45:17 | best -
[b2=29 b1=27 GPU] stage  77.6% (21919374152169/28237773109178) | 2299.9M/s | ETA 0:45:47 | best -
[b2=29 b1=27 GPU] stage  77.6% (21924205990377/28237773109178) | 2295.2M/s | ETA 0:45:50 | best -
[b2=29 b1=27 GPU] stage  77.7% (21929037828585/28237773109178) | 2307.6M/s | ETA 0:45:33 | best -
[b2=29 b1=27 GPU] stage  77.7% (21933869666793/28237773109178) | 2314.5M/s | ETA 0:45:23 | best -
[b2=29 b1=27 GPU] stage  77.7% (21938701505001/28237773109178) | 2298.0M/s | ETA 0:45:41 | best -
[b2=29 b1=27 GPU] stage  77.7% (21943533343209/28237773109178) | 2304.9M/s | ETA 0:45:30 | best -
[b2=29 b1=27 GPU] stage  77.7% (21948365181417/28237773109178) | 2321.0M/s | ETA 0:45:09 | best -
[b2=29 b1=27 GPU] stage  77.7% (21953197019625/28237773109178) | 2299.8M/s | ETA 0:45:32 | best -
[b2=29 b1=27 GPU] stage  77.8% (21958028857833/28237773109178) | 2301.0M/s | ETA 0:45:29 | best -
[b2=29 b1=27 GPU] stage  77.8% (21962860696041/28237773109178) | 2321.7M/s | ETA 0:45:02 | best -
[b2=29 b1=27 GPU] stage  77.8% (21967692534249/28237773109178) | 2295.0M/s | ETA 0:45:32 | best -
[b2=29 b1=27 GPU] stage  77.8% (21972524372457/28237773109178) | 2302.2M/s | ETA 0:45:21 | best -
[b2=29 b1=27 GPU] stage  77.8% (21977356210665/28237773109178) | 2308.6M/s | ETA 0:45:11 | best -
[b2=29 b1=27 GPU] stage  77.8% (21982188048873/28237773109178) | 2318.1M/s | ETA 0:44:58 | best -
[b2=29 b1=27 GPU] stage  77.9% (21987019887081/28237773109178) | 2290.4M/s | ETA 0:45:29 | best -
[b2=29 b1=27 GPU] stage  77.9% (21991851725289/28237773109178) | 2296.6M/s | ETA 0:45:19 | best -
[b2=29 b1=27 GPU] stage  77.9% (21996683563497/28237773109178) | 2318.9M/s | ETA 0:44:51 | best -
[b2=29 b1=27 GPU] stage  77.9% (22001515401705/28237773109178) | 2295.1M/s | ETA 0:45:17 | best -
[b2=29 b1=27 GPU] stage  77.9% (22006347239913/28237773109178) | 2298.2M/s | ETA 0:45:11 | best -
[b2=29 b1=27 GPU] stage  77.9% (22011179078121/28237773109178) | 2323.6M/s | ETA 0:44:39 | best -
[b2=29 b1=27 GPU] stage  78.0% (22016010916329/28237773109178) | 2294.7M/s | ETA 0:45:11 | best -
[b2=29 b1=27 GPU] stage  78.0% (22020842754537/28237773109178) | 2302.8M/s | ETA 0:44:59 | best -
[b2=29 b1=27 GPU] stage  78.0% (22025674592745/28237773109178) | 2305.5M/s | ETA 0:44:54 | best -
[b2=29 b1=27 GPU] stage  78.0% (22030506430953/28237773109178) | 2315.2M/s | ETA 0:44:41 | best -
[b2=29 b1=27 GPU] stage  78.0% (22035338269161/28237773109178) | 2296.9M/s | ETA 0:45:00 | best -
[b2=29 b1=27 GPU] stage  78.1% (22040170107369/28237773109178) | 2299.1M/s | ETA 0:44:55 | best -
[b2=29 b1=27 GPU] stage  78.1% (22045001945577/28237773109178) | 2323.5M/s | ETA 0:44:25 | best -
[b2=29 b1=27 GPU] stage  78.1% (22049833783785/28237773109178) | 2299.1M/s | ETA 0:44:51 | best -
[b2=29 b1=27 GPU] stage  78.1% (22054665621993/28237773109178) | 2294.2M/s | ETA 0:44:55 | best -
[b2=29 b1=27 GPU] stage  78.1% (22059497460201/28237773109178) | 2326.8M/s | ETA 0:44:15 | best -
[b2=29 b1=27 GPU] stage  78.1% (22064329298409/28237773109178) | 2299.7M/s | ETA 0:44:44 | best -
[b2=29 b1=27 GPU] stage  78.2% (22069161136617/28237773109178) | 2293.1M/s | ETA 0:44:50 | best -
[b2=29 b1=27 GPU] stage  78.2% (22073992974825/28237773109178) | 2303.5M/s | ETA 0:44:35 | best -
[b2=29 b1=27 GPU] stage  78.2% (22078824813033/28237773109178) | 2316.1M/s | ETA 0:44:19 | best -
[b2=29 b1=27 GPU] stage  78.2% (22083656651241/28237773109178) | 2301.4M/s | ETA 0:44:34 | best -
[b2=29 b1=27 GPU] stage  78.2% (22088488489449/28237773109178) | 2299.9M/s | ETA 0:44:33 | best -
[b2=29 b1=27 GPU] stage  78.2% (22093320327657/28237773109178) | 2321.1M/s | ETA 0:44:07 | best -
[b2=29 b1=27 GPU] stage  78.3% (22098152165865/28237773109178) | 2291.3M/s | ETA 0:44:39 | best -
[b2=29 b1=27 GPU] stage  78.3% (22102984004073/28237773109178) | 2295.3M/s | ETA 0:44:32 | best -
[b2=29 b1=27 GPU] stage  78.3% (22107815842281/28237773109178) | 2328.7M/s | ETA 0:43:52 | best -
[b2=29 b1=27 GPU] stage  78.3% (22112647680489/28237773109178) | 2295.4M/s | ETA 0:44:28 | best -
[b2=29 b1=27 GPU] stage  78.3% (22117479518697/28237773109178) | 2295.8M/s | ETA 0:44:25 | best -
[b2=29 b1=27 GPU] stage  78.3% (22122311356905/28237773109178) | 2298.7M/s | ETA 0:44:20 | best -
[b2=29 b1=27 GPU] stage  78.4% (22127143195113/28237773109178) | 2316.6M/s | ETA 0:43:57 | best -
[b2=29 b1=27 GPU] stage  78.4% (22131975033321/28237773109178) | 2293.0M/s | ETA 0:44:22 | best -
[b2=29 b1=27 GPU] stage  78.4% (22136806871529/28237773109178) | 2298.3M/s | ETA 0:44:14 | best -
[b2=29 b1=27 GPU] stage  78.4% (22141638709737/28237773109178) | 2328.7M/s | ETA 0:43:37 | best -
[b2=29 b1=27 GPU] stage  78.4% (22146470547945/28237773109178) | 2294.4M/s | ETA 0:44:14 | best -
[b2=29 b1=27 GPU] stage  78.4% (22151302386153/28237773109178) | 2292.5M/s | ETA 0:44:14 | best -
[b2=29 b1=27 GPU] stage  78.5% (22156134224361/28237773109178) | 2323.5M/s | ETA 0:43:37 | best -
[b2=29 b1=27 GPU] stage  78.5% (22160966062569/28237773109178) | 2295.9M/s | ETA 0:44:06 | best -
[b2=29 b1=27 GPU] stage  78.5% (22165797900777/28237773109178) | 2295.6M/s | ETA 0:44:05 | best -
[b2=29 b1=27 GPU] stage  78.5% (22170629738985/28237773109178) | 2306.5M/s | ETA 0:43:50 | best -
[b2=29 b1=27 GPU] stage  78.5% (22175461577193/28237773109178) | 2319.7M/s | ETA 0:43:33 | best -
[b2=29 b1=27 GPU] stage  78.5% (22180293415401/28237773109178) | 2299.7M/s | ETA 0:43:53 | best -
[b2=29 b1=27 GPU] stage  78.6% (22185125253609/28237773109178) | 2295.2M/s | ETA 0:43:57 | best -
[b2=29 b1=27 GPU] stage  78.6% (22189957091817/28237773109178) | 2318.8M/s | ETA 0:43:28 | best -
[b2=29 b1=27 GPU] stage  78.6% (22194788930025/28237773109178) | 2297.4M/s | ETA 0:43:50 | best -
[b2=29 b1=27 GPU] stage  78.6% (22199620768233/28237773109178) | 2288.5M/s | ETA 0:43:58 | best -
[b2=29 b1=27 GPU] stage  78.6% (22204452606441/28237773109178) | 2327.0M/s | ETA 0:43:12 | best -
[b2=29 b1=27 GPU] stage  78.7% (22209284444649/28237773109178) | 2294.2M/s | ETA 0:43:47 | best -
[b2=29 b1=27 GPU] stage  78.7% (22214116282857/28237773109178) | 2292.9M/s | ETA 0:43:47 | best -
[b2=29 b1=27 GPU] stage  78.7% (22218948121065/28237773109178) | 2302.8M/s | ETA 0:43:33 | best -
[b2=29 b1=27 GPU] stage  78.7% (22223779959273/28237773109178) | 2316.7M/s | ETA 0:43:15 | best -
[b2=29 b1=27 GPU] stage  78.7% (22228611797481/28237773109178) | 2297.9M/s | ETA 0:43:35 | best -
[b2=29 b1=27 GPU] stage  78.7% (22233443635689/28237773109178) | 2296.2M/s | ETA 0:43:34 | best -
[b2=29 b1=27 GPU] stage  78.8% (22238275473897/28237773109178) | 2321.2M/s | ETA 0:43:04 | best -
[b2=29 b1=27 GPU] stage  78.8% (22243107312105/28237773109178) | 2298.8M/s | ETA 0:43:27 | best -
[b2=29 b1=27 GPU] stage  78.8% (22247939150313/28237773109178) | 2295.6M/s | ETA 0:43:29 | best -
[b2=29 b1=27 GPU] stage  78.8% (22252770988521/28237773109178) | 2324.5M/s | ETA 0:42:54 | best -
[b2=29 b1=27 GPU] stage  78.8% (22257602826729/28237773109178) | 2295.3M/s | ETA 0:43:25 | best -
[b2=29 b1=27 GPU] stage  78.8% (22262434664937/28237773109178) | 2299.6M/s | ETA 0:43:18 | best -
[b2=29 b1=27 GPU] stage  78.9% (22267266503145/28237773109178) | 2308.4M/s | ETA 0:43:06 | best -
[b2=29 b1=27 GPU] stage  78.9% (22272098341353/28237773109178) | 2317.0M/s | ETA 0:42:54 | best -
[b2=29 b1=27 GPU] stage  78.9% (22276930179561/28237773109178) | 2300.9M/s | ETA 0:43:10 | best -
[b2=29 b1=27 GPU] stage  78.9% (22281762017769/28237773109178) | 2301.9M/s | ETA 0:43:07 | best -
[b2=29 b1=27 GPU] stage  78.9% (22286593855977/28237773109178) | 2317.5M/s | ETA 0:42:47 | best -
[b2=29 b1=27 GPU] stage  78.9% (22291425694185/28237773109178) | 2300.0M/s | ETA 0:43:05 | best -
[b2=29 b1=27 GPU] stage  79.0% (22296257532393/28237773109178) | 2291.0M/s | ETA 0:43:13 | best -
[b2=29 b1=27 GPU] stage  79.0% (22301089370601/28237773109178) | 2327.5M/s | ETA 0:42:30 | best -
[b2=29 b1=27 GPU] stage  79.0% (22305921208809/28237773109178) | 2300.9M/s | ETA 0:42:58 | best -
[b2=29 b1=27 GPU] stage  79.0% (22310753047017/28237773109178) | 2286.2M/s | ETA 0:43:12 | best -
[b2=29 b1=27 GPU] stage  79.0% (22315584885225/28237773109178) | 2303.3M/s | ETA 0:42:51 | best -
[b2=29 b1=27 GPU] stage  79.0% (22320416723433/28237773109178) | 2315.0M/s | ETA 0:42:36 | best -
[b2=29 b1=27 GPU] stage  79.1% (22325248561641/28237773109178) | 2297.0M/s | ETA 0:42:54 | best -
[b2=29 b1=27 GPU] stage  79.1% (22330080399849/28237773109178) | 2297.3M/s | ETA 0:42:51 | best -
[b2=29 b1=27 GPU] stage  79.1% (22334912238057/28237773109178) | 2324.5M/s | ETA 0:42:19 | best -
[b2=29 b1=27 GPU] stage  79.1% (22339744076265/28237773109178) | 2297.0M/s | ETA 0:42:47 | best -
[b2=29 b1=27 GPU] stage  79.1% (22344575914473/28237773109178) | 2301.1M/s | ETA 0:42:41 | best -
[b2=29 b1=27 GPU] stage  79.1% (22349407752681/28237773109178) | 2323.4M/s | ETA 0:42:14 | best -
[b2=29 b1=27 GPU] stage  79.2% (22354239590889/28237773109178) | 2297.6M/s | ETA 0:42:40 | best -
[b2=29 b1=27 GPU] stage  79.2% (22359071429097/28237773109178) | 2292.9M/s | ETA 0:42:43 | best -
[b2=29 b1=27 GPU] stage  79.2% (22363903267305/28237773109178) | 2307.3M/s | ETA 0:42:25 | best -
[b2=29 b1=27 GPU] stage  79.2% (22368735105513/28237773109178) | 2320.9M/s | ETA 0:42:08 | best -
[b2=29 b1=27 GPU] stage  79.2% (22373566943721/28237773109178) | 2295.6M/s | ETA 0:42:34 | best -
[b2=29 b1=27 GPU] stage  79.2% (22378398781929/28237773109178) | 2300.1M/s | ETA 0:42:27 | best -
[b2=29 b1=27 GPU] stage  79.3% (22383230620137/28237773109178) | 2318.7M/s | ETA 0:42:04 | best -
[b2=29 b1=27 GPU] stage  79.3% (22388062458345/28237773109178) | 2297.9M/s | ETA 0:42:25 | best -
[b2=29 b1=27 GPU] stage  79.3% (22392894296553/28237773109178) | 2295.0M/s | ETA 0:42:26 | best -
[b2=29 b1=27 GPU] stage  79.3% (22397726134761/28237773109178) | 2323.6M/s | ETA 0:41:53 | best -
[b2=29 b1=27 GPU] stage  79.3% (22402557972969/28237773109178) | 2300.1M/s | ETA 0:42:16 | best -
[b2=29 b1=27 GPU] stage  79.4% (22407389811177/28237773109178) | 2298.0M/s | ETA 0:42:17 | best -
[b2=29 b1=27 GPU] stage  79.4% (22412221649385/28237773109178) | 2305.9M/s | ETA 0:42:06 | best -
[b2=29 b1=27 GPU] stage  79.4% (22417053487593/28237773109178) | 2320.2M/s | ETA 0:41:48 | best -
[b2=29 b1=27 GPU] stage  79.4% (22421885325801/28237773109178) | 2292.7M/s | ETA 0:42:16 | best -
[b2=29 b1=27 GPU] stage  79.4% (22426717164009/28237773109178) | 2292.3M/s | ETA 0:42:15 | best -
[b2=29 b1=27 GPU] stage  79.4% (22431549002217/28237773109178) | 2317.6M/s | ETA 0:41:45 | best -
[b2=29 b1=27 GPU] stage  79.5% (22436380840425/28237773109178) | 2300.3M/s | ETA 0:42:02 | best -
[b2=29 b1=27 GPU] stage  79.5% (22441212678633/28237773109178) | 2297.4M/s | ETA 0:42:03 | best -
[b2=29 b1=27 GPU] stage  79.5% (22446044516841/28237773109178) | 2320.3M/s | ETA 0:41:36 | best -
[b2=29 b1=27 GPU] stage  79.5% (22450876355049/28237773109178) | 2301.3M/s | ETA 0:41:54 | best -
[b2=29 b1=27 GPU] stage  79.5% (22455708193257/28237773109178) | 2296.7M/s | ETA 0:41:57 | best -
[b2=29 b1=27 GPU] stage  79.5% (22460540031465/28237773109178) | 2303.7M/s | ETA 0:41:47 | best -
[b2=29 b1=27 GPU] stage  79.6% (22465371869673/28237773109178) | 2318.1M/s | ETA 0:41:30 | best -
[b2=29 b1=27 GPU] stage  79.6% (22470203707881/28237773109178) | 2297.5M/s | ETA 0:41:50 | best -
[b2=29 b1=27 GPU] stage  79.6% (22475035546089/28237773109178) | 2299.9M/s | ETA 0:41:45 | best -
[b2=29 b1=27 GPU] stage  79.6% (22479867384297/28237773109178) | 2322.2M/s | ETA 0:41:19 | best -
[b2=29 b1=27 GPU] stage  79.6% (22484699222505/28237773109178) | 2291.6M/s | ETA 0:41:50 | best -
[b2=29 b1=27 GPU] stage  79.6% (22489531060713/28237773109178) | 2293.4M/s | ETA 0:41:46 | best -
[b2=29 b1=27 GPU] stage  79.7% (22494362898921/28237773109178) | 2315.6M/s | ETA 0:41:20 | best -
[b2=29 b1=27 GPU] stage  79.7% (22499194737129/28237773109178) | 2299.1M/s | ETA 0:41:36 | best -
[b2=29 b1=27 GPU] stage  79.7% (22504026575337/28237773109178) | 2298.3M/s | ETA 0:41:34 | best -
[b2=29 b1=27 GPU] stage  79.7% (22508858413545/28237773109178) | 2304.3M/s | ETA 0:41:26 | best -
[b2=29 b1=27 GPU] stage  79.7% (22513690251753/28237773109178) | 2317.3M/s | ETA 0:41:10 | best -
[b2=29 b1=27 GPU] stage  79.7% (22518522089961/28237773109178) | 2294.3M/s | ETA 0:41:32 | best -
[b2=29 b1=27 GPU] stage  79.8% (22523353928169/28237773109178) | 2301.3M/s | ETA 0:41:23 | best -
[b2=29 b1=27 GPU] stage  79.8% (22528185766377/28237773109178) | 2316.3M/s | ETA 0:41:04 | best -
[b2=29 b1=27 GPU] stage  79.8% (22533017604585/28237773109178) | 2292.4M/s | ETA 0:41:28 | best -
[b2=29 b1=27 GPU] stage  79.8% (22537849442793/28237773109178) | 2298.8M/s | ETA 0:41:19 | best -
[b2=29 b1=27 GPU] stage  79.8% (22542681281001/28237773109178) | 2326.3M/s | ETA 0:40:48 | best -
[b2=29 b1=27 GPU] stage  79.8% (22547513119209/28237773109178) | 2295.6M/s | ETA 0:41:18 | best -
[b2=29 b1=27 GPU] stage  79.9% (22552344957417/28237773109178) | 2295.9M/s | ETA 0:41:16 | best -
[b2=29 b1=27 GPU] stage  79.9% (22557176795625/28237773109178) | 2310.6M/s | ETA 0:40:58 | best -
[b2=29 b1=27 GPU] stage  79.9% (22562008633833/28237773109178) | 2316.1M/s | ETA 0:40:50 | best -
[b2=29 b1=27 GPU] stage  79.9% (22566840472041/28237773109178) | 2298.0M/s | ETA 0:41:07 | best -
[b2=29 b1=27 GPU] stage  79.9% (22571672310249/28237773109178) | 2300.6M/s | ETA 0:41:02 | best -
[b2=29 b1=27 GPU] stage  80.0% (22576504148457/28237773109178) | 2316.2M/s | ETA 0:40:44 | best -
[b2=29 b1=27 GPU] stage  80.0% (22581335986665/28237773109178) | 2294.9M/s | ETA 0:41:04 | best -
[b2=29 b1=27 GPU] stage  80.0% (22586167824873/28237773109178) | 2289.3M/s | ETA 0:41:08 | best -
[b2=29 b1=27 GPU] stage  80.0% (22590999663081/28237773109178) | 2322.1M/s | ETA 0:40:31 | best -
[b2=29 b1=27 GPU] stage  80.0% (22595831501289/28237773109178) | 2300.4M/s | ETA 0:40:52 | best -
[b2=29 b1=27 GPU] stage  80.0% (22600663339497/28237773109178) | 2295.4M/s | ETA 0:40:55 | best -
[b2=29 b1=27 GPU] stage  80.1% (22605495177705/28237773109178) | 2304.1M/s | ETA 0:40:44 | best -
[b2=29 b1=27 GPU] stage  80.1% (22610327015913/28237773109178) | 2319.2M/s | ETA 0:40:26 | best -
[b2=29 b1=27 GPU] stage  80.1% (22615158854121/28237773109178) | 2295.6M/s | ETA 0:40:49 | best -
[b2=29 b1=27 GPU] stage  80.1% (22619990692329/28237773109178) | 2299.2M/s | ETA 0:40:43 | best -
[b2=29 b1=27 GPU] stage  80.1% (22624822530537/28237773109178) | 2317.1M/s | ETA 0:40:22 | best -
[b2=29 b1=27 GPU] stage  80.1% (22629654368745/28237773109178) | 2296.4M/s | ETA 0:40:42 | best -
[b2=29 b1=27 GPU] stage  80.2% (22634486206953/28237773109178) | 2294.7M/s | ETA 0:40:41 | best -
[b2=29 b1=27 GPU] stage  80.2% (22639318045161/28237773109178) | 2324.8M/s | ETA 0:40:08 | best -
[b2=29 b1=27 GPU] stage  80.2% (22644149883369/28237773109178) | 2299.7M/s | ETA 0:40:32 | best -
[b2=29 b1=27 GPU] stage  80.2% (22648981721577/28237773109178) | 2294.3M/s | ETA 0:40:35 | best -
[b2=29 b1=27 GPU] stage  80.2% (22653813559785/28237773109178) | 2308.1M/s | ETA 0:40:19 | best -
[b2=29 b1=27 GPU] stage  80.2% (22658645397993/28237773109178) | 2317.8M/s | ETA 0:40:07 | best -
[b2=29 b1=27 GPU] stage  80.3% (22663477236201/28237773109178) | 2291.8M/s | ETA 0:40:32 | best -
[b2=29 b1=27 GPU] stage  80.3% (22668309074409/28237773109178) | 2298.2M/s | ETA 0:40:23 | best -
[b2=29 b1=27 GPU] stage  80.3% (22673140912617/28237773109178) | 2319.6M/s | ETA 0:39:58 | best -
[b2=29 b1=27 GPU] stage  80.3% (22677972750825/28237773109178) | 2294.9M/s | ETA 0:40:22 | best -
[b2=29 b1=27 GPU] stage  80.3% (22682804589033/28237773109178) | 2300.5M/s | ETA 0:40:14 | best -
[b2=29 b1=27 GPU] stage  80.3% (22687636427241/28237773109178) | 2318.4M/s | ETA 0:39:53 | best -
[b2=29 b1=27 GPU] stage  80.4% (22692468265449/28237773109178) | 2293.0M/s | ETA 0:40:18 | best -
[b2=29 b1=27 GPU] stage  80.4% (22697300103657/28237773109178) | 2299.9M/s | ETA 0:40:08 | best -
[b2=29 b1=27 GPU] stage  80.4% (22702131941865/28237773109178) | 2308.8M/s | ETA 0:39:57 | best -
[b2=29 b1=27 GPU] stage  80.4% (22706963780073/28237773109178) | 2314.1M/s | ETA 0:39:50 | best -
[b2=29 b1=27 GPU] stage  80.4% (22711795618281/28237773109178) | 2298.9M/s | ETA 0:40:03 | best -
[b2=29 b1=27 GPU] stage  80.4% (22716627456489/28237773109178) | 2301.2M/s | ETA 0:39:59 | best -
[b2=29 b1=27 GPU] stage  80.5% (22721459294697/28237773109178) | 2319.3M/s | ETA 0:39:38 | best -
[b2=29 b1=27 GPU] stage  80.5% (22726291132905/28237773109178) | 2294.6M/s | ETA 0:40:01 | best -
[b2=29 b1=27 GPU] stage  80.5% (22731122971113/28237773109178) | 2300.6M/s | ETA 0:39:53 | best -
[b2=29 b1=27 GPU] stage  80.5% (22735954809321/28237773109178) | 2319.9M/s | ETA 0:39:31 | best -
[b2=29 b1=27 GPU] stage  80.5% (22740786647529/28237773109178) | 2298.2M/s | ETA 0:39:51 | best -
[b2=29 b1=27 GPU] stage  80.6% (22745618485737/28237773109178) | 2299.3M/s | ETA 0:39:48 | best -
[b2=29 b1=27 GPU] stage  80.6% (22750450323945/28237773109178) | 2304.3M/s | ETA 0:39:41 | best -
[b2=29 b1=27 GPU] stage  80.6% (22755282162153/28237773109178) | 2318.5M/s | ETA 0:39:24 | best -
[b2=29 b1=27 GPU] stage  80.6% (22760114000361/28237773109178) | 2297.3M/s | ETA 0:39:44 | best -
[b2=29 b1=27 GPU] stage  80.6% (22764945838569/28237773109178) | 2294.8M/s | ETA 0:39:44 | best -
[b2=29 b1=27 GPU] stage  80.6% (22769777676777/28237773109178) | 2312.8M/s | ETA 0:39:24 | best -
[b2=29 b1=27 GPU] stage  80.7% (22774609514985/28237773109178) | 2293.1M/s | ETA 0:39:42 | best -
[b2=29 b1=27 GPU] stage  80.7% (22779441353193/28237773109178) | 2299.5M/s | ETA 0:39:33 | best -
[b2=29 b1=27 GPU] stage  80.7% (22784273191401/28237773109178) | 2319.3M/s | ETA 0:39:11 | best -
[b2=29 b1=27 GPU] stage  80.7% (22789105029609/28237773109178) | 2299.9M/s | ETA 0:39:29 | best -
[b2=29 b1=27 GPU] stage  80.7% (22793936867817/28237773109178) | 2297.9M/s | ETA 0:39:28 | best -
[b2=29 b1=27 GPU] stage  80.7% (22798768706025/28237773109178) | 2304.9M/s | ETA 0:39:19 | best -
[b2=29 b1=27 GPU] stage  80.8% (22803600544233/28237773109178) | 2320.6M/s | ETA 0:39:01 | best -
[b2=29 b1=27 GPU] stage  80.8% (22808432382441/28237773109178) | 2289.4M/s | ETA 0:39:31 | best -
[b2=29 b1=27 GPU] stage  80.8% (22813264220649/28237773109178) | 2297.8M/s | ETA 0:39:20 | best -
[b2=29 b1=27 GPU] stage  80.8% (22818096058857/28237773109178) | 2318.0M/s | ETA 0:38:58 | best -
[b2=29 b1=27 GPU] stage  80.8% (22822927897065/28237773109178) | 2292.1M/s | ETA 0:39:22 | best -
[b2=29 b1=27 GPU] stage  80.8% (22827759735273/28237773109178) | 2294.0M/s | ETA 0:39:18 | best -
[b2=29 b1=27 GPU] stage  80.9% (22832591573481/28237773109178) | 2320.8M/s | ETA 0:38:49 | best -
[b2=29 b1=27 GPU] stage  80.9% (22837423411689/28237773109178) | 2302.3M/s | ETA 0:39:05 | best -
[b2=29 b1=27 GPU] stage  80.9% (22842255249897/28237773109178) | 2297.4M/s | ETA 0:39:08 | best -
[b2=29 b1=27 GPU] stage  80.9% (22847087088105/28237773109178) | 2304.0M/s | ETA 0:38:59 | best -
[b2=29 b1=27 GPU] stage  80.9% (22851918926313/28237773109178) | 2320.1M/s | ETA 0:38:41 | best -
[b2=29 b1=27 GPU] stage  80.9% (22856750764521/28237773109178) | 2292.5M/s | ETA 0:39:07 | best -
[b2=29 b1=27 GPU] stage  81.0% (22861582602729/28237773109178) | 2300.2M/s | ETA 0:38:57 | best -
[b2=29 b1=27 GPU] stage  81.0% (22866414440937/28237773109178) | 2316.4M/s | ETA 0:38:38 | best -
[b2=29 b1=27 GPU] stage  81.0% (22871246279145/28237773109178) | 2291.1M/s | ETA 0:39:02 | best -
[b2=29 b1=27 GPU] stage  81.0% (22876078117353/28237773109178) | 2298.2M/s | ETA 0:38:52 | best -
[b2=29 b1=27 GPU] stage  81.0% (22880909955561/28237773109178) | 2316.4M/s | ETA 0:38:32 | best -
[b2=29 b1=27 GPU] stage  81.0% (22885741793769/28237773109178) | 2299.7M/s | ETA 0:38:47 | best -
[b2=29 b1=27 GPU] stage  81.1% (22890573631977/28237773109178) | 2295.6M/s | ETA 0:38:49 | best -
[b2=29 b1=27 GPU] stage  81.1% (22895405470185/28237773109178) | 2308.5M/s | ETA 0:38:34 | best -
[b2=29 b1=27 GPU] stage  81.1% (22900237308393/28237773109178) | 2322.0M/s | ETA 0:38:18 | best -
[b2=29 b1=27 GPU] stage  81.1% (22905069146601/28237773109178) | 2295.0M/s | ETA 0:38:43 | best -
[b2=29 b1=27 GPU] stage  81.1% (22909900984809/28237773109178) | 2289.3M/s | ETA 0:38:47 | best -
[b2=29 b1=27 GPU] stage  81.1% (22914732823017/28237773109178) | 2320.4M/s | ETA 0:38:14 | best -
[b2=29 b1=27 GPU] stage  81.2% (22919564661225/28237773109178) | 2295.1M/s | ETA 0:38:37 | best -
[b2=29 b1=27 GPU] stage  81.2% (22924396499433/28237773109178) | 2299.3M/s | ETA 0:38:30 | best -
[b2=29 b1=27 GPU] stage  81.2% (22929228337641/28237773109178) | 2319.0M/s | ETA 0:38:09 | best -
[b2=29 b1=27 GPU] stage  81.2% (22934060175849/28237773109178) | 2303.2M/s | ETA 0:38:22 | best -
[b2=29 b1=27 GPU] stage  81.2% (22938892014057/28237773109178) | 2295.5M/s | ETA 0:38:28 | best -
[b2=29 b1=27 GPU] stage  81.3% (22943723852265/28237773109178) | 2305.3M/s | ETA 0:38:16 | best -
[b2=29 b1=27 GPU] stage  81.3% (22948555690473/28237773109178) | 2316.3M/s | ETA 0:38:03 | best -
[b2=29 b1=27 GPU] stage  81.3% (22953387528681/28237773109178) | 2299.1M/s | ETA 0:38:18 | best -
[b2=29 b1=27 GPU] stage  81.3% (22958219366889/28237773109178) | 2299.2M/s | ETA 0:38:16 | best -
[b2=29 b1=27 GPU] stage  81.3% (22963051205097/28237773109178) | 2323.9M/s | ETA 0:37:49 | best -
[b2=29 b1=27 GPU] stage  81.3% (22967883043305/28237773109178) | 2290.0M/s | ETA 0:38:21 | best -
[b2=29 b1=27 GPU] stage  81.4% (22972714881513/28237773109178) | 2299.3M/s | ETA 0:38:09 | best -
[b2=29 b1=27 GPU] stage  81.4% (22977546719721/28237773109178) | 2316.4M/s | ETA 0:37:50 | best -
[b2=29 b1=27 GPU] stage  81.4% (22982378557929/28237773109178) | 2303.4M/s | ETA 0:38:01 | best -
[b2=29 b1=27 GPU] stage  81.4% (22987210396137/28237773109178) | 2294.3M/s | ETA 0:38:08 | best -
[b2=29 b1=27 GPU] stage  81.4% (22992042234345/28237773109178) | 2307.3M/s | ETA 0:37:53 | best -
[b2=29 b1=27 GPU] stage  81.4% (22996874072553/28237773109178) | 2314.9M/s | ETA 0:37:43 | best -
[b2=29 b1=27 GPU] stage  81.5% (23001705910761/28237773109178) | 2292.5M/s | ETA 0:38:04 | best -
[b2=29 b1=27 GPU] stage  81.5% (23006537748969/28237773109178) | 2286.4M/s | ETA 0:38:08 | best -
[b2=29 b1=27 GPU] stage  81.5% (23011369587177/28237773109178) | 2325.9M/s | ETA 0:37:27 | best -
[b2=29 b1=27 GPU] stage  81.5% (23016201425385/28237773109178) | 2295.3M/s | ETA 0:37:54 | best -
[b2=29 b1=27 GPU] stage  81.5% (23021033263593/28237773109178) | 2298.1M/s | ETA 0:37:49 | best -
[b2=29 b1=27 GPU] stage  81.5% (23025865101801/28237773109178) | 2319.4M/s | ETA 0:37:27 | best -
[b2=29 b1=27 GPU] stage  81.6% (23030696940009/28237773109178) | 2299.2M/s | ETA 0:37:44 | best -
[b2=29 b1=27 GPU] stage  81.6% (23035528778217/28237773109178) | 2300.4M/s | ETA 0:37:41 | best -
[b2=29 b1=27 GPU] stage  81.6% (23040360616425/28237773109178) | 2311.3M/s | ETA 0:37:28 | best -
[b2=29 b1=27 GPU] stage  81.6% (23045192454633/28237773109178) | 2313.6M/s | ETA 0:37:24 | best -
[b2=29 b1=27 GPU] stage  81.6% (23050024292841/28237773109178) | 2293.2M/s | ETA 0:37:42 | best -
[b2=29 b1=27 GPU] stage  81.6% (23054856131049/28237773109178) | 2299.5M/s | ETA 0:37:33 | best -
[b2=29 b1=27 GPU] stage  81.7% (23059687969257/28237773109178) | 2324.6M/s | ETA 0:37:07 | best -
[b2=29 b1=27 GPU] stage  81.7% (23064519807465/28237773109178) | 2293.4M/s | ETA 0:37:35 | best -
[b2=29 b1=27 GPU] stage  81.7% (23069351645673/28237773109178) | 2298.2M/s | ETA 0:37:28 | best -
[b2=29 b1=27 GPU] stage  81.7% (23074183483881/28237773109178) | 2318.5M/s | ETA 0:37:07 | best -
[b2=29 b1=27 GPU] stage  81.7% (23079015322089/28237773109178) | 2302.1M/s | ETA 0:37:20 | best -
[b2=29 b1=27 GPU] stage  81.7% (23083847160297/28237773109178) | 2292.1M/s | ETA 0:37:28 | best -
[b2=29 b1=27 GPU] stage  81.8% (23088678998505/28237773109178) | 2301.8M/s | ETA 0:37:17 | best -
[b2=29 b1=27 GPU] stage  81.8% (23093510836713/28237773109178) | 2318.5M/s | ETA 0:36:58 | best -
[b2=29 b1=27 GPU] stage  81.8% (23098342674921/28237773109178) | 2297.1M/s | ETA 0:37:17 | best -
[b2=29 b1=27 GPU] stage  81.8% (23103174513129/28237773109178) | 2296.7M/s | ETA 0:37:15 | best -
[b2=29 b1=27 GPU] stage  81.8% (23108006351337/28237773109178) | 2321.8M/s | ETA 0:36:49 | best -
[b2=29 b1=27 GPU] stage  81.9% (23112838189545/28237773109178) | 2292.1M/s | ETA 0:37:15 | best -
[b2=29 b1=27 GPU] stage  81.9% (23117670027753/28237773109178) | 2294.4M/s | ETA 0:37:11 | best -
[b2=29 b1=27 GPU] stage  81.9% (23122501865961/28237773109178) | 2315.1M/s | ETA 0:36:49 | best -
[b2=29 b1=27 GPU] stage  81.9% (23127333704169/28237773109178) | 2305.3M/s | ETA 0:36:56 | best -
[b2=29 b1=27 GPU] stage  81.9% (23132165542377/28237773109178) | 2286.7M/s | ETA 0:37:12 | best -
[b2=29 b1=27 GPU] stage  81.9% (23136997380585/28237773109178) | 2305.3M/s | ETA 0:36:52 | best -
[b2=29 b1=27 GPU] stage  82.0% (23141829218793/28237773109178) | 2313.7M/s | ETA 0:36:42 | best -
[b2=29 b1=27 GPU] stage  82.0% (23146661057001/28237773109178) | 2297.4M/s | ETA 0:36:56 | best -
[b2=29 b1=27 GPU] stage  82.0% (23151492895209/28237773109178) | 2301.3M/s | ETA 0:36:50 | best -
[b2=29 b1=27 GPU] stage  82.0% (23156324733417/28237773109178) | 2319.7M/s | ETA 0:36:30 | best -
[b2=29 b1=27 GPU] stage  82.0% (23161156571625/28237773109178) | 2292.6M/s | ETA 0:36:54 | best -
[b2=29 b1=27 GPU] stage  82.0% (23165988409833/28237773109178) | 2295.4M/s | ETA 0:36:49 | best -
[b2=29 b1=27 GPU] stage  82.1% (23170820248041/28237773109178) | 2319.2M/s | ETA 0:36:24 | best -
[b2=29 b1=27 GPU] stage  82.1% (23175652086249/28237773109178) | 2301.0M/s | ETA 0:36:39 | best -
[b2=29 b1=27 GPU] stage  82.1% (23180483924457/28237773109178) | 2292.3M/s | ETA 0:36:46 | best -
[b2=29 b1=27 GPU] stage  82.1% (23185315762665/28237773109178) | 2297.6M/s | ETA 0:36:39 | best -
[b2=29 b1=27 GPU] stage  82.1% (23190147600873/28237773109178) | 2319.5M/s | ETA 0:36:16 | best -
[b2=29 b1=27 GPU] stage  82.1% (23194979439081/28237773109178) | 2293.1M/s | ETA 0:36:39 | best -
[b2=29 b1=27 GPU] stage  82.2% (23199811277289/28237773109178) | 2303.9M/s | ETA 0:36:26 | best -
[b2=29 b1=27 GPU] stage  82.2% (23204643115497/28237773109178) | 2323.3M/s | ETA 0:36:06 | best -
[b2=29 b1=27 GPU] stage  82.2% (23209474953705/28237773109178) | 2295.7M/s | ETA 0:36:30 | best -
[b2=29 b1=27 GPU] stage  82.2% (23214306791913/28237773109178) | 2290.7M/s | ETA 0:36:32 | best -
[b2=29 b1=27 GPU] stage  82.2% (23219138630121/28237773109178) | 2318.4M/s | ETA 0:36:04 | best -
[b2=29 b1=27 GPU] stage  82.2% (23223970468329/28237773109178) | 2303.7M/s | ETA 0:36:16 | best -
[b2=29 b1=27 GPU] stage  82.3% (23228802306537/28237773109178) | 2295.7M/s | ETA 0:36:21 | best -
[b2=29 b1=27 GPU] stage  82.3% (23233634144745/28237773109178) | 2304.6M/s | ETA 0:36:11 | best -
[b2=29 b1=27 GPU] stage  82.3% (23238465982953/28237773109178) | 2319.5M/s | ETA 0:35:55 | best -
[b2=29 b1=27 GPU] stage  82.3% (23243297821161/28237773109178) | 2296.1M/s | ETA 0:36:15 | best -
[b2=29 b1=27 GPU] stage  82.3% (23248129659369/28237773109178) | 2298.6M/s | ETA 0:36:10 | best -
[b2=29 b1=27 GPU] stage  82.3% (23252961497577/28237773109178) | 2320.7M/s | ETA 0:35:48 | best -
[b2=29 b1=27 GPU] stage  82.4% (23257793335785/28237773109178) | 2295.2M/s | ETA 0:36:09 | best -
[b2=29 b1=27 GPU] stage  82.4% (23262625173993/28237773109178) | 2293.5M/s | ETA 0:36:09 | best -
[b2=29 b1=27 GPU] stage  82.4% (23267457012201/28237773109178) | 2312.5M/s | ETA 0:35:49 | best -
[b2=29 b1=27 GPU] stage  82.4% (23272288850409/28237773109178) | 2304.9M/s | ETA 0:35:54 | best -
[b2=29 b1=27 GPU] stage  82.4% (23277120688617/28237773109178) | 2300.1M/s | ETA 0:35:56 | best -
[b2=29 b1=27 GPU] stage  82.4% (23281952526825/28237773109178) | 2295.1M/s | ETA 0:35:59 | best -
[b2=29 b1=27 GPU] stage  82.5% (23286784365033/28237773109178) | 2321.4M/s | ETA 0:35:32 | best -
[b2=29 b1=27 GPU] stage  82.5% (23291616203241/28237773109178) | 2292.3M/s | ETA 0:35:57 | best -
[b2=29 b1=27 GPU] stage  82.5% (23296448041449/28237773109178) | 2296.1M/s | ETA 0:35:52 | best -
[b2=29 b1=27 GPU] stage  82.5% (23301279879657/28237773109178) | 2325.3M/s | ETA 0:35:22 | best -
[b2=29 b1=27 GPU] stage  82.5% (23306111717865/28237773109178) | 2294.2M/s | ETA 0:35:49 | best -
[b2=29 b1=27 GPU] stage  82.6% (23310943556073/28237773109178) | 2296.2M/s | ETA 0:35:45 | best -
[b2=29 b1=27 GPU] stage  82.6% (23315775394281/28237773109178) | 2315.7M/s | ETA 0:35:25 | best -
[b2=29 b1=27 GPU] stage  82.6% (23320607232489/28237773109178) | 2303.1M/s | ETA 0:35:35 | best -
[b2=29 b1=27 GPU] stage  82.6% (23325439070697/28237773109178) | 2295.1M/s | ETA 0:35:40 | best -
[b2=29 b1=27 GPU] stage  82.6% (23330270908905/28237773109178) | 2297.8M/s | ETA 0:35:35 | best -
[b2=29 b1=27 GPU] stage  82.6% (23335102747113/28237773109178) | 2317.2M/s | ETA 0:35:15 | best -
[b2=29 b1=27 GPU] stage  82.7% (23339934585321/28237773109178) | 2297.0M/s | ETA 0:35:32 | best -
[b2=29 b1=27 GPU] stage  82.7% (23344766423529/28237773109178) | 2297.7M/s | ETA 0:35:29 | best -
[b2=29 b1=27 GPU] stage  82.7% (23349598261737/28237773109178) | 2322.3M/s | ETA 0:35:04 | best -
[b2=29 b1=27 GPU] stage  82.7% (23354430099945/28237773109178) | 2299.0M/s | ETA 0:35:24 | best -
[b2=29 b1=27 GPU] stage  82.7% (23359261938153/28237773109178) | 2288.8M/s | ETA 0:35:31 | best -
[b2=29 b1=27 GPU] stage  82.7% (23364093776361/28237773109178) | 2314.5M/s | ETA 0:35:05 | best -
[b2=29 b1=27 GPU] stage  82.8% (23368925614569/28237773109178) | 2308.8M/s | ETA 0:35:08 | best -
[b2=29 b1=27 GPU] stage  82.8% (23373757452777/28237773109178) | 2296.8M/s | ETA 0:35:17 | best -
[b2=29 b1=27 GPU] stage  82.8% (23378589290985/28237773109178) | 2301.3M/s | ETA 0:35:11 | best -
[b2=29 b1=27 GPU] stage  82.8% (23383421129193/28237773109178) | 2323.3M/s | ETA 0:34:49 | best -
[b2=29 b1=27 GPU] stage  82.8% (23388252967401/28237773109178) | 2293.5M/s | ETA 0:35:14 | best -
[b2=29 b1=27 GPU] stage  82.8% (23393084805609/28237773109178) | 2300.2M/s | ETA 0:35:06 | best -
[b2=29 b1=27 GPU] stage  82.9% (23397916643817/28237773109178) | 2325.3M/s | ETA 0:34:41 | best -
[b2=29 b1=27 GPU] stage  82.9% (23402748482025/28237773109178) | 2287.7M/s | ETA 0:35:13 | best -
[b2=29 b1=27 GPU] stage  82.9% (23407580320233/28237773109178) | 2299.9M/s | ETA 0:35:00 | best -
[b2=29 b1=27 GPU] stage  82.9% (23412412158441/28237773109178) | 2311.5M/s | ETA 0:34:47 | best -
[b2=29 b1=27 GPU] stage  82.9% (23417243996649/28237773109178) | 2302.1M/s | ETA 0:34:54 | best -
[b2=29 b1=27 GPU] stage  82.9% (23422075834857/28237773109178) | 2290.2M/s | ETA 0:35:02 | best -
[b2=29 b1=27 GPU] stage  83.0% (23426907673065/28237773109178) | 2300.9M/s | ETA 0:34:50 | best -
[b2=29 b1=27 GPU] stage  83.0% (23431739511273/28237773109178) | 2321.1M/s | ETA 0:34:30 | best -
[b2=29 b1=27 GPU] stage  83.0% (23436571349481/28237773109178) | 2293.8M/s | ETA 0:34:53 | best -
[b2=29 b1=27 GPU] stage  83.0% (23441403187689/28237773109178) | 2298.5M/s | ETA 0:34:46 | best -
[b2=29 b1=27 GPU] stage  83.0% (23446235025897/28237773109178) | 2325.5M/s | ETA 0:34:20 | best -
[b2=29 b1=27 GPU] stage  83.0% (23451066864105/28237773109178) | 2303.3M/s | ETA 0:34:38 | best -
[b2=29 b1=27 GPU] stage  83.1% (23455898702313/28237773109178) | 2304.2M/s | ETA 0:34:35 | best -
[b2=29 b1=27 GPU] stage  83.1% (23460730540521/28237773109178) | 2312.6M/s | ETA 0:34:25 | best -
[b2=29 b1=27 GPU] stage  83.1% (23465562378729/28237773109178) | 2306.4M/s | ETA 0:34:29 | best -
[b2=29 b1=27 GPU] stage  83.1% (23470394216937/28237773109178) | 2297.1M/s | ETA 0:34:35 | best -
[b2=29 b1=27 GPU] stage  83.1% (23475226055145/28237773109178) | 2304.6M/s | ETA 0:34:26 | best -
[b2=29 b1=27 GPU] stage  83.2% (23480057893353/28237773109178) | 2319.4M/s | ETA 0:34:11 | best -
[b2=29 b1=27 GPU] stage  83.2% (23484889731561/28237773109178) | 2294.6M/s | ETA 0:34:31 | best -
[b2=29 b1=27 GPU] stage  83.2% (23488916263401/28237773109178) | 1475.1M/s | ETA 0:53:39 | best -
[b2=29 b1=27 GPU] stage  83.2% (23490795311593/28237773109178) | 880.6M/s | ETA 1:29:50 | best -
[b2=29 b1=27 GPU] stage  83.2% (23492674359785/28237773109178) | 825.9M/s | ETA 1:35:45 | best -
[b2=29 b1=27 GPU] stage  83.2% (23494553407977/28237773109178) | 815.6M/s | ETA 1:36:55 | best -
[b2=29 b1=27 GPU] stage  83.2% (23496432456169/28237773109178) | 820.2M/s | ETA 1:36:20 | best -
[b2=29 b1=27 GPU] stage  83.2% (23498311504361/28237773109178) | 823.6M/s | ETA 1:35:54 | best -
[b2=29 b1=27 GPU] stage  83.2% (23500190552553/28237773109178) | 823.8M/s | ETA 1:35:50 | best -
[b2=29 b1=27 GPU] stage  83.2% (23502069600745/28237773109178) | 815.1M/s | ETA 1:36:49 | best -
[b2=29 b1=27 GPU] stage  83.2% (23503948648937/28237773109178) | 818.1M/s | ETA 1:36:26 | best -
[b2=29 b1=27 GPU] stage  83.2% (23505827697129/28237773109178) | 822.9M/s | ETA 1:35:50 | best -
[b2=29 b1=27 GPU] stage  83.2% (23507706745321/28237773109178) | 825.6M/s | ETA 1:35:29 | best -
[b2=29 b1=27 GPU] stage  83.3% (23509585793513/28237773109178) | 815.7M/s | ETA 1:36:36 | best -
[b2=29 b1=27 GPU] stage  83.3% (23511464841705/28237773109178) | 818.2M/s | ETA 1:36:16 | best -
[b2=29 b1=27 GPU] stage  83.3% (23513343889897/28237773109178) | 821.1M/s | ETA 1:35:53 | best -
[b2=29 b1=27 GPU] stage  83.3% (23515222938089/28237773109178) | 827.8M/s | ETA 1:35:04 | best -
[b2=29 b1=27 GPU] stage  83.3% (23517101986281/28237773109178) | 817.1M/s | ETA 1:36:17 | best -
[b2=29 b1=27 GPU] stage  83.3% (23518981034473/28237773109178) | 817.4M/s | ETA 1:36:12 | best -
[b2=29 b1=27 GPU] stage  83.3% (23520860082665/28237773109178) | 820.5M/s | ETA 1:35:48 | best -
[b2=29 b1=27 GPU] stage  83.3% (23522739130857/28237773109178) | 827.3M/s | ETA 1:34:59 | best -
[b2=29 b1=27 GPU] stage  83.3% (23524618179049/28237773109178) | 822.3M/s | ETA 1:35:31 | best -
[b2=29 b1=27 GPU] stage  83.3% (23526497227241/28237773109178) | 817.1M/s | ETA 1:36:06 | best -
[b2=29 b1=27 GPU] stage  83.3% (23528376275433/28237773109178) | 817.3M/s | ETA 1:36:01 | best -
[b2=29 b1=27 GPU] stage  83.3% (23530255323625/28237773109178) | 824.3M/s | ETA 1:35:11 | best -
[b2=29 b1=27 GPU] stage  83.3% (23532134371817/28237773109178) | 824.2M/s | ETA 1:35:09 | best -
[b2=29 b1=27 GPU] stage  83.3% (23534013420009/28237773109178) | 816.4M/s | ETA 1:36:01 | best -
[b2=29 b1=27 GPU] stage  83.3% (23535892468201/28237773109178) | 817.8M/s | ETA 1:35:49 | best -
[b2=29 b1=27 GPU] stage  83.4% (23537771516393/28237773109178) | 822.9M/s | ETA 1:35:11 | best -
[b2=29 b1=27 GPU] stage  83.4% (23539650564585/28237773109178) | 825.3M/s | ETA 1:34:52 | best -
[b2=29 b1=27 GPU] stage  83.4% (23541529612777/28237773109178) | 816.5M/s | ETA 1:35:52 | best -
[b2=29 b1=27 GPU] stage  83.4% (23543408660969/28237773109178) | 818.0M/s | ETA 1:35:39 | best -
[b2=29 b1=27 GPU] stage  83.4% (23545287709161/28237773109178) | 820.8M/s | ETA 1:35:17 | best -
[b2=29 b1=27 GPU] stage  83.4% (23547166757353/28237773109178) | 827.6M/s | ETA 1:34:27 | best -
[b2=29 b1=27 GPU] stage  83.4% (23549045805545/28237773109178) | 816.3M/s | ETA 1:35:43 | best -
[b2=29 b1=27 GPU] stage  83.4% (23550924853737/28237773109178) | 817.7M/s | ETA 1:35:31 | best -
[b2=29 b1=27 GPU] stage  83.4% (23552803901929/28237773109178) | 820.7M/s | ETA 1:35:08 | best -
[b2=29 b1=27 GPU] stage  83.4% (23554682950121/28237773109178) | 827.7M/s | ETA 1:34:18 | best -
[b2=29 b1=27 GPU] stage  83.4% (23556561998313/28237773109178) | 821.9M/s | ETA 1:34:55 | best -
[b2=29 b1=27 GPU] stage  83.4% (23558441046505/28237773109178) | 817.3M/s | ETA 1:35:25 | best -
[b2=29 b1=27 GPU] stage  83.4% (23560320094697/28237773109178) | 820.3M/s | ETA 1:35:02 | best -
[b2=29 b1=27 GPU] stage  83.4% (23562199142889/28237773109178) | 824.3M/s | ETA 1:34:32 | best -
[b2=29 b1=27 GPU] stage  83.4% (23564078191081/28237773109178) | 823.1M/s | ETA 1:34:38 | best -
[b2=29 b1=27 GPU] stage  83.5% (23565957239273/28237773109178) | 816.2M/s | ETA 1:35:23 | best -
[b2=29 b1=27 GPU] stage  83.5% (23567836287465/28237773109178) | 819.0M/s | ETA 1:35:02 | best -
[b2=29 b1=27 GPU] stage  83.5% (23569715335657/28237773109178) | 825.6M/s | ETA 1:34:13 | best -
[b2=29 b1=27 GPU] stage  83.5% (23571594383849/28237773109178) | 824.9M/s | ETA 1:34:16 | best -
[b2=29 b1=27 GPU] stage  83.5% (23573473432041/28237773109178) | 816.2M/s | ETA 1:35:14 | best -
[b2=29 b1=27 GPU] stage  83.5% (23575352480233/28237773109178) | 818.9M/s | ETA 1:34:53 | best -
[b2=29 b1=27 GPU] stage  83.5% (23577231528425/28237773109178) | 818.9M/s | ETA 1:34:51 | best -
[b2=29 b1=27 GPU] stage  83.5% (23579110576617/28237773109178) | 826.5M/s | ETA 1:33:56 | best -
[b2=29 b1=27 GPU] stage  83.5% (23580989624809/28237773109178) | 816.4M/s | ETA 1:35:03 | best -
[b2=29 b1=27 GPU] stage  83.5% (23582868673001/28237773109178) | 817.0M/s | ETA 1:34:57 | best -
[b2=29 b1=27 GPU] stage  83.5% (23584747721193/28237773109178) | 821.3M/s | ETA 1:34:25 | best -
[b2=29 b1=27 GPU] stage  83.5% (23586626769385/28237773109178) | 827.9M/s | ETA 1:33:38 | best -
[b2=29 b1=27 GPU] stage  83.5% (23588505817577/28237773109178) | 818.9M/s | ETA 1:34:37 | best -
[b2=29 b1=27 GPU] stage  83.5% (23590384865769/28237773109178) | 817.6M/s | ETA 1:34:43 | best -
[b2=29 b1=27 GPU] stage  83.5% (23592263913961/28237773109178) | 819.8M/s | ETA 1:34:26 | best -
[b2=29 b1=27 GPU] stage  83.6% (23594142962153/28237773109178) | 826.6M/s | ETA 1:33:38 | best -
[b2=29 b1=27 GPU] stage  83.6% (23596022010345/28237773109178) | 822.9M/s | ETA 1:34:01 | best -
[b2=29 b1=27 GPU] stage  83.6% (23597901058537/28237773109178) | 815.6M/s | ETA 1:34:49 | best -
[b2=29 b1=27 GPU] stage  83.6% (23599780106729/28237773109178) | 819.4M/s | ETA 1:34:20 | best -
[b2=29 b1=27 GPU] stage  83.6% (23601659154921/28237773109178) | 823.7M/s | ETA 1:33:48 | best -
[b2=29 b1=27 GPU] stage  83.6% (23603538203113/28237773109178) | 823.1M/s | ETA 1:33:50 | best -
[b2=29 b1=27 GPU] stage  83.6% (23605417251305/28237773109178) | 811.1M/s | ETA 1:35:10 | best -
[b2=29 b1=27 GPU] stage  83.6% (23607296299497/28237773109178) | 818.0M/s | ETA 1:34:20 | best -
[b2=29 b1=27 GPU] stage  83.6% (23609175347689/28237773109178) | 821.4M/s | ETA 1:33:54 | best -
[b2=29 b1=27 GPU] stage  83.6% (23611054395881/28237773109178) | 824.5M/s | ETA 1:33:31 | best -
[b2=29 b1=27 GPU] stage  83.6% (23612933444073/28237773109178) | 815.9M/s | ETA 1:34:28 | best -
[b2=29 b1=27 GPU] stage  83.6% (23614812492265/28237773109178) | 817.0M/s | ETA 1:34:18 | best -
[b2=29 b1=27 GPU] stage  83.6% (23616691540457/28237773109178) | 821.0M/s | ETA 1:33:48 | best -
[b2=29 b1=27 GPU] stage  83.6% (23618570588649/28237773109178) | 827.9M/s | ETA 1:32:59 | best -
[b2=29 b1=27 GPU] stage  83.6% (23620449636841/28237773109178) | 817.6M/s | ETA 1:34:07 | best -
[b2=29 b1=27 GPU] stage  83.7% (23622328685033/28237773109178) | 816.3M/s | ETA 1:34:14 | best -
[b2=29 b1=27 GPU] stage  83.7% (23624207733225/28237773109178) | 820.1M/s | ETA 1:33:45 | best -
[b2=29 b1=27 GPU] stage  83.7% (23626086781417/28237773109178) | 821.7M/s | ETA 1:33:32 | best -
[b2=29 b1=27 GPU] stage  83.7% (23627965829609/28237773109178) | 821.4M/s | ETA 1:33:31 | best -
[b2=29 b1=27 GPU] stage  83.7% (23629844877801/28237773109178) | 816.3M/s | ETA 1:34:04 | best -
[b2=29 b1=27 GPU] stage  83.7% (23631723925993/28237773109178) | 818.7M/s | ETA 1:33:46 | best -
[b2=29 b1=27 GPU] stage  83.7% (23633602974185/28237773109178) | 824.0M/s | ETA 1:33:07 | best -
[b2=29 b1=27 GPU] stage  83.7% (23635482022377/28237773109178) | 823.6M/s | ETA 1:33:07 | best -
[b2=29 b1=27 GPU] stage  83.7% (23637361070569/28237773109178) | 816.7M/s | ETA 1:33:53 | best -
[b2=29 b1=27 GPU] stage  83.7% (23639240118761/28237773109178) | 818.0M/s | ETA 1:33:41 | best -
[b2=29 b1=27 GPU] stage  83.7% (23641119166953/28237773109178) | 822.6M/s | ETA 1:33:07 | best -
[b2=29 b1=27 GPU] stage  83.7% (23642998215145/28237773109178) | 825.9M/s | ETA 1:32:43 | best -
[b2=29 b1=27 GPU] stage  83.7% (23644877263337/28237773109178) | 815.7M/s | ETA 1:33:50 | best -
[b2=29 b1=27 GPU] stage  83.7% (23646756311529/28237773109178) | 817.5M/s | ETA 1:33:35 | best -
[b2=29 b1=27 GPU] stage  83.7% (23648635359721/28237773109178) | 821.8M/s | ETA 1:33:04 | best -
[b2=29 b1=27 GPU] stage  83.8% (23650514407913/28237773109178) | 828.2M/s | ETA 1:32:19 | best -
[b2=29 b1=27 GPU] stage  83.8% (23652393456105/28237773109178) | 818.0M/s | ETA 1:33:25 | best -
[b2=29 b1=27 GPU] stage  83.8% (23654272504297/28237773109178) | 816.5M/s | ETA 1:33:33 | best -
[b2=29 b1=27 GPU] stage  83.8% (23656151552489/28237773109178) | 820.5M/s | ETA 1:33:03 | best -
[b2=29 b1=27 GPU] stage  83.8% (23658030600681/28237773109178) | 826.8M/s | ETA 1:32:18 | best -
[b2=29 b1=27 GPU] stage  83.8% (23659909648873/28237773109178) | 821.0M/s | ETA 1:32:56 | best -
[b2=29 b1=27 GPU] stage  83.8% (23661788697065/28237773109178) | 816.5M/s | ETA 1:33:24 | best -
[b2=29 b1=27 GPU] stage  83.8% (23663667745257/28237773109178) | 819.3M/s | ETA 1:33:03 | best -
[b2=29 b1=27 GPU] stage  83.8% (23665546793449/28237773109178) | 825.2M/s | ETA 1:32:20 | best -
[b2=29 b1=27 GPU] stage  83.8% (23667425841641/28237773109178) | 824.0M/s | ETA 1:32:26 | best -
[b2=29 b1=27 GPU] stage  83.8% (23669304889833/28237773109178) | 817.3M/s | ETA 1:33:09 | best -
[b2=29 b1=27 GPU] stage  83.8% (23671183938025/28237773109178) | 818.9M/s | ETA 1:32:56 | best -
[b2=29 b1=27 GPU] stage  83.8% (23673062986217/28237773109178) | 823.3M/s | ETA 1:32:24 | best -
[b2=29 b1=27 GPU] stage  83.8% (23674942034409/28237773109178) | 824.0M/s | ETA 1:32:17 | best -
[b2=29 b1=27 GPU] stage  83.8% (23676821082601/28237773109178) | 815.1M/s | ETA 1:33:15 | best -
[b2=29 b1=27 GPU] stage  83.9% (23678700130793/28237773109178) | 816.9M/s | ETA 1:33:01 | best -
[b2=29 b1=27 GPU] stage  83.9% (23680579178985/28237773109178) | 822.0M/s | ETA 1:32:24 | best -
[b2=29 b1=27 GPU] stage  83.9% (23682458227177/28237773109178) | 826.6M/s | ETA 1:31:50 | best -
[b2=29 b1=27 GPU] stage  83.9% (23684337275369/28237773109178) | 817.7M/s | ETA 1:32:48 | best -
[b2=29 b1=27 GPU] stage  83.9% (23686216323561/28237773109178) | 817.5M/s | ETA 1:32:47 | best -
[b2=29 b1=27 GPU] stage  83.9% (23688095371753/28237773109178) | 820.3M/s | ETA 1:32:26 | best -
[b2=29 b1=27 GPU] stage  83.9% (23689974419945/28237773109178) | 827.9M/s | ETA 1:31:33 | best -
[b2=29 b1=27 GPU] stage  83.9% (23691853468137/28237773109178) | 821.1M/s | ETA 1:32:16 | best -
[b2=29 b1=27 GPU] stage  83.9% (23693732516329/28237773109178) | 817.1M/s | ETA 1:32:41 | best -
[b2=29 b1=27 GPU] stage  83.9% (23695611564521/28237773109178) | 819.1M/s | ETA 1:32:25 | best -
[b2=29 b1=27 GPU] stage  83.9% (23697490612713/28237773109178) | 826.1M/s | ETA 1:31:36 | best -
[b2=29 b1=27 GPU] stage  83.9% (23699369660905/28237773109178) | 823.6M/s | ETA 1:31:50 | best -
[b2=29 b1=27 GPU] stage  83.9% (23701248709097/28237773109178) | 815.9M/s | ETA 1:32:40 | best -
[b2=29 b1=27 GPU] stage  83.9% (23703127757289/28237773109178) | 819.1M/s | ETA 1:32:16 | best -
[b2=29 b1=27 GPU] stage  83.9% (23705006805481/28237773109178) | 823.9M/s | ETA 1:31:41 | best -
[b2=29 b1=27 GPU] stage  84.0% (23706885853673/28237773109178) | 825.7M/s | ETA 1:31:27 | best -
[b2=29 b1=27 GPU] stage  84.0% (23708764901865/28237773109178) | 815.8M/s | ETA 1:32:31 | best -
[b2=29 b1=27 GPU] stage  84.0% (23710643950057/28237773109178) | 818.5M/s | ETA 1:32:11 | best -
[b2=29 b1=27 GPU] stage  84.0% (23712522998249/28237773109178) | 821.4M/s | ETA 1:31:49 | best -
[b2=29 b1=27 GPU] stage  84.0% (23714402046441/28237773109178) | 826.2M/s | ETA 1:31:14 | best -
[b2=29 b1=27 GPU] stage  84.0% (23716281094633/28237773109178) | 815.7M/s | ETA 1:32:22 | best -
[b2=29 b1=27 GPU] stage  84.0% (23718160142825/28237773109178) | 817.2M/s | ETA 1:32:10 | best -
[b2=29 b1=27 GPU] stage  84.0% (23720039191017/28237773109178) | 821.6M/s | ETA 1:31:38 | best -
[b2=29 b1=27 GPU] stage  84.0% (23721918239209/28237773109178) | 827.3M/s | ETA 1:30:58 | best -
[b2=29 b1=27 GPU] stage  84.0% (23723797287401/28237773109178) | 819.0M/s | ETA 1:31:51 | best -
[b2=29 b1=27 GPU] stage  84.0% (23725676335593/28237773109178) | 812.8M/s | ETA 1:32:31 | best -
[b2=29 b1=27 GPU] stage  84.0% (23727555383785/28237773109178) | 819.2M/s | ETA 1:31:45 | best -
[b2=29 b1=27 GPU] stage  84.0% (23729434431977/28237773109178) | 824.7M/s | ETA 1:31:06 | best -
[b2=29 b1=27 GPU] stage  84.0% (23731313480169/28237773109178) | 822.1M/s | ETA 1:31:21 | best -
[b2=29 b1=27 GPU] stage  84.0% (23733192528361/28237773109178) | 816.0M/s | ETA 1:32:00 | best -
[b2=29 b1=27 GPU] stage  84.1% (23735071576553/28237773109178) | 819.0M/s | ETA 1:31:37 | best -
[b2=29 b1=27 GPU] stage  84.1% (23736950624745/28237773109178) | 822.5M/s | ETA 1:31:12 | best -
[b2=29 b1=27 GPU] stage  84.1% (23738829672937/28237773109178) | 823.1M/s | ETA 1:31:05 | best -
[b2=29 b1=27 GPU] stage  84.1% (23740708721129/28237773109178) | 816.1M/s | ETA 1:31:50 | best -
[b2=29 b1=27 GPU] stage  84.1% (23742587769321/28237773109178) | 818.1M/s | ETA 1:31:34 | best -
[b2=29 b1=27 GPU] stage  84.1% (23744466817513/28237773109178) | 822.2M/s | ETA 1:31:04 | best -
[b2=29 b1=27 GPU] stage  84.1% (23746345865705/28237773109178) | 825.1M/s | ETA 1:30:43 | best -
[b2=29 b1=27 GPU] stage  84.1% (23748224913897/28237773109178) | 816.1M/s | ETA 1:31:41 | best -
[b2=29 b1=27 GPU] stage  84.1% (23750103962089/28237773109178) | 813.5M/s | ETA 1:31:56 | best -
[b2=29 b1=27 GPU] stage  84.1% (23751983010281/28237773109178) | 820.7M/s | ETA 1:31:05 | best -
[b2=29 b1=27 GPU] stage  84.1% (23753862058473/28237773109178) | 827.3M/s | ETA 1:30:19 | best -
[b2=29 b1=27 GPU] stage  84.1% (23755741106665/28237773109178) | 819.3M/s | ETA 1:31:10 | best -
[b2=29 b1=27 GPU] stage  84.1% (23757620154857/28237773109178) | 816.8M/s | ETA 1:31:25 | best -
[b2=29 b1=27 GPU] stage  84.1% (23759499203049/28237773109178) | 820.6M/s | ETA 1:30:57 | best -
[b2=29 b1=27 GPU] stage  84.1% (23761378251241/28237773109178) | 826.8M/s | ETA 1:30:14 | best -
[b2=29 b1=27 GPU] stage  84.2% (23763257299433/28237773109178) | 822.7M/s | ETA 1:30:38 | best -
[b2=29 b1=27 GPU] stage  84.2% (23765136347625/28237773109178) | 817.1M/s | ETA 1:31:13 | best -
[b2=29 b1=27 GPU] stage  84.2% (23767015395817/28237773109178) | 819.6M/s | ETA 1:30:54 | best -
[b2=29 b1=27 GPU] stage  84.2% (23768894444009/28237773109178) | 824.8M/s | ETA 1:30:18 | best -
[b2=29 b1=27 GPU] stage  84.2% (23770773492201/28237773109178) | 824.4M/s | ETA 1:30:18 | best -
[b2=29 b1=27 GPU] stage  84.2% (23772652540393/28237773109178) | 815.6M/s | ETA 1:31:14 | best -
[b2=29 b1=27 GPU] stage  84.2% (23774531588585/28237773109178) | 815.8M/s | ETA 1:31:11 | best -
[b2=29 b1=27 GPU] stage  84.2% (23776410636777/28237773109178) | 823.3M/s | ETA 1:30:19 | best -
[b2=29 b1=27 GPU] stage  84.2% (23778289684969/28237773109178) | 825.7M/s | ETA 1:30:00 | best -
[b2=29 b1=27 GPU] stage  84.2% (23780168733161/28237773109178) | 815.5M/s | ETA 1:31:06 | best -
[b2=29 b1=27 GPU] stage  84.2% (23782047781353/28237773109178) | 817.2M/s | ETA 1:30:52 | best -
[b2=29 b1=27 GPU] stage  84.2% (23783926829545/28237773109178) | 821.5M/s | ETA 1:30:21 | best -
[b2=29 b1=27 GPU] stage  84.2% (23785805877737/28237773109178) | 828.2M/s | ETA 1:29:35 | best -
[b2=29 b1=27 GPU] stage  84.2% (23787684925929/28237773109178) | 817.3M/s | ETA 1:30:45 | best -
[b2=29 b1=27 GPU] stage  84.2% (23789563974121/28237773109178) | 816.2M/s | ETA 1:30:50 | best -
[b2=29 b1=27 GPU] stage  84.3% (23791443022313/28237773109178) | 819.7M/s | ETA 1:30:24 | best -
[b2=29 b1=27 GPU] stage  84.3% (23793322070505/28237773109178) | 827.5M/s | ETA 1:29:31 | best -
[b2=29 b1=27 GPU] stage  84.3% (23795201118697/28237773109178) | 821.7M/s | ETA 1:30:06 | best -
[b2=29 b1=27 GPU] stage  84.3% (23797080166889/28237773109178) | 814.2M/s | ETA 1:30:54 | best -
[b2=29 b1=27 GPU] stage  84.3% (23798959215081/28237773109178) | 817.6M/s | ETA 1:30:29 | best -
[b2=29 b1=27 GPU] stage  84.3% (23800838263273/28237773109178) | 825.0M/s | ETA 1:29:37 | best -
[b2=29 b1=27 GPU] stage  84.3% (23802717311465/28237773109178) | 823.0M/s | ETA 1:29:49 | best -
[b2=29 b1=27 GPU] stage  84.3% (23804596359657/28237773109178) | 816.4M/s | ETA 1:30:30 | best -
[b2=29 b1=27 GPU] stage  84.3% (23806475407849/28237773109178) | 818.5M/s | ETA 1:30:14 | best -
[b2=29 b1=27 GPU] stage  84.3% (23808354456041/28237773109178) | 823.2M/s | ETA 1:29:41 | best -
[b2=29 b1=27 GPU] stage  84.3% (23810233504233/28237773109178) | 824.7M/s | ETA 1:29:28 | best -
[b2=29 b1=27 GPU] stage  84.3% (23812112552425/28237773109178) | 816.2M/s | ETA 1:30:22 | best -
[b2=29 b1=27 GPU] stage  84.3% (23813991600617/28237773109178) | 818.2M/s | ETA 1:30:06 | best -
[b2=29 b1=27 GPU] stage  84.3% (23815870648809/28237773109178) | 821.1M/s | ETA 1:29:45 | best -
[b2=29 b1=27 GPU] stage  84.3% (23817749697001/28237773109178) | 826.8M/s | ETA 1:29:05 | best -
[b2=29 b1=27 GPU] stage  84.4% (23819628745193/28237773109178) | 817.8M/s | ETA 1:30:02 | best -
[b2=29 b1=27 GPU] stage  84.4% (23821507793385/28237773109178) | 817.2M/s | ETA 1:30:04 | best -
[b2=29 b1=27 GPU] stage  84.4% (23823386841577/28237773109178) | 816.3M/s | ETA 1:30:07 | best -
[b2=29 b1=27 GPU] stage  84.4% (23825265889769/28237773109178) | 827.1M/s | ETA 1:28:54 | best -
[b2=29 b1=27 GPU] stage  84.4% (23827144937961/28237773109178) | 821.2M/s | ETA 1:29:30 | best -
[b2=29 b1=27 GPU] stage  84.4% (23829023986153/28237773109178) | 816.0M/s | ETA 1:30:02 | best -
[b2=29 b1=27 GPU] stage  84.4% (23830903034345/28237773109178) | 818.1M/s | ETA 1:29:46 | best -
[b2=29 b1=27 GPU] stage  84.4% (23832782082537/28237773109178) | 824.8M/s | ETA 1:29:00 | best -
[b2=29 b1=27 GPU] stage  84.4% (23834661130729/28237773109178) | 824.0M/s | ETA 1:29:03 | best -
[b2=29 b1=27 GPU] stage  84.4% (23836540178921/28237773109178) | 816.4M/s | ETA 1:29:51 | best -
[b2=29 b1=27 GPU] stage  84.4% (23838419227113/28237773109178) | 818.8M/s | ETA 1:29:32 | best -
[b2=29 b1=27 GPU] stage  84.4% (23840298275305/28237773109178) | 823.4M/s | ETA 1:29:00 | best -
[b2=29 b1=27 GPU] stage  84.4% (23842177323497/28237773109178) | 824.0M/s | ETA 1:28:54 | best -
[b2=29 b1=27 GPU] stage  84.4% (23844056371689/28237773109178) | 815.8M/s | ETA 1:29:45 | best -
[b2=29 b1=27 GPU] stage  84.4% (23845935419881/28237773109178) | 817.1M/s | ETA 1:29:34 | best -
[b2=29 b1=27 GPU] stage  84.5% (23847814468073/28237773109178) | 821.7M/s | ETA 1:29:02 | best -
[b2=29 b1=27 GPU] stage  84.5% (23849693516265/28237773109178) | 826.6M/s | ETA 1:28:28 | best -
[b2=29 b1=27 GPU] stage  84.5% (23851572564457/28237773109178) | 817.6M/s | ETA 1:29:24 | best -
[b2=29 b1=27 GPU] stage  84.5% (23853451612649/28237773109178) | 818.1M/s | ETA 1:29:18 | best -
[b2=29 b1=27 GPU] stage  84.5% (23855330660841/28237773109178) | 820.9M/s | ETA 1:28:58 | best -
[b2=29 b1=27 GPU] stage  84.5% (23857209709033/28237773109178) | 828.4M/s | ETA 1:28:08 | best -
[b2=29 b1=27 GPU] stage  84.5% (23859088757225/28237773109178) | 819.6M/s | ETA 1:29:02 | best -
[b2=29 b1=27 GPU] stage  84.5% (23860967805417/28237773109178) | 814.7M/s | ETA 1:29:32 | best -
[b2=29 b1=27 GPU] stage  84.5% (23862846853609/28237773109178) | 819.5M/s | ETA 1:28:58 | best -
[b2=29 b1=27 GPU] stage  84.5% (23864725901801/28237773109178) | 825.0M/s | ETA 1:28:20 | best -
[b2=29 b1=27 GPU] stage  84.5% (23866604949993/28237773109178) | 822.6M/s | ETA 1:28:33 | best -
[b2=29 b1=27 GPU] stage  84.5% (23868483998185/28237773109178) | 815.6M/s | ETA 1:29:16 | best -
[b2=29 b1=27 GPU] stage  84.5% (23870363046377/28237773109178) | 818.9M/s | ETA 1:28:53 | best -
[b2=29 b1=27 GPU] stage  84.5% (23872242094569/28237773109178) | 820.5M/s | ETA 1:28:40 | best -
[b2=29 b1=27 GPU] stage  84.5% (23874121142761/28237773109178) | 823.9M/s | ETA 1:28:16 | best -
[b2=29 b1=27 GPU] stage  84.6% (23876000190953/28237773109178) | 815.4M/s | ETA 1:29:09 | best -
[b2=29 b1=27 GPU] stage  84.6% (23877879239145/28237773109178) | 818.3M/s | ETA 1:28:48 | best -
[b2=29 b1=27 GPU] stage  84.6% (23879758287337/28237773109178) | 820.7M/s | ETA 1:28:30 | best -
[b2=29 b1=27 GPU] stage  84.6% (23881637335529/28237773109178) | 826.5M/s | ETA 1:27:50 | best -
[b2=29 b1=27 GPU] stage  84.6% (23883516383721/28237773109178) | 815.7M/s | ETA 1:28:57 | best -
[b2=29 b1=27 GPU] stage  84.6% (23885395431913/28237773109178) | 816.9M/s | ETA 1:28:47 | best -
[b2=29 b1=27 GPU] stage  84.6% (23887274480105/28237773109178) | 820.4M/s | ETA 1:28:22 | best -
[b2=29 b1=27 GPU] stage  84.6% (23889153528297/28237773109178) | 828.6M/s | ETA 1:27:28 | best -
[b2=29 b1=27 GPU] stage  84.6% (23891032576489/28237773109178) | 820.0M/s | ETA 1:28:21 | best -
[b2=29 b1=27 GPU] stage  84.6% (23892911624681/28237773109178) | 813.9M/s | ETA 1:28:58 | best -
[b2=29 b1=27 GPU] stage  84.6% (23894790672873/28237773109178) | 815.4M/s | ETA 1:28:46 | best -
[b2=29 b1=27 GPU] stage  84.6% (23896669721065/28237773109178) | 824.0M/s | ETA 1:27:48 | best -
[b2=29 b1=27 GPU] stage  84.6% (23898548769257/28237773109178) | 823.0M/s | ETA 1:27:52 | best -
[b2=29 b1=27 GPU] stage  84.6% (23900427817449/28237773109178) | 817.0M/s | ETA 1:28:28 | best -
[b2=29 b1=27 GPU] stage  84.6% (23902306865641/28237773109178) | 818.2M/s | ETA 1:28:19 | best -
[b2=29 b1=27 GPU] stage  84.7% (23904185913833/28237773109178) | 824.3M/s | ETA 1:27:37 | best -
[b2=29 b1=27 GPU] stage  84.7% (23906064962025/28237773109178) | 824.8M/s | ETA 1:27:32 | best -
[b2=29 b1=27 GPU] stage  84.7% (23907944010217/28237773109178) | 814.7M/s | ETA 1:28:34 | best -
[b2=29 b1=27 GPU] stage  84.7% (23909823058409/28237773109178) | 818.0M/s | ETA 1:28:11 | best -
[b2=29 b1=27 GPU] stage  84.7% (23911702106601/28237773109178) | 821.7M/s | ETA 1:27:44 | best -
[b2=29 b1=27 GPU] stage  84.7% (23913581154793/28237773109178) | 827.2M/s | ETA 1:27:07 | best -
[b2=29 b1=27 GPU] stage  84.7% (23915460202985/28237773109178) | 814.8M/s | ETA 1:28:24 | best -
[b2=29 b1=27 GPU] stage  84.7% (23917339251177/28237773109178) | 817.4M/s | ETA 1:28:05 | best -
[b2=29 b1=27 GPU] stage  84.7% (23919218299369/28237773109178) | 821.5M/s | ETA 1:27:37 | best -
[b2=29 b1=27 GPU] stage  84.7% (23921097347561/28237773109178) | 824.6M/s | ETA 1:27:14 | best -
[b2=29 b1=27 GPU] stage  84.7% (23922976395753/28237773109178) | 818.2M/s | ETA 1:27:53 | best -
[b2=29 b1=27 GPU] stage  84.7% (23924855443945/28237773109178) | 816.4M/s | ETA 1:28:03 | best -
[b2=29 b1=27 GPU] stage  84.7% (23926734492137/28237773109178) | 819.5M/s | ETA 1:27:40 | best -
[b2=29 b1=27 GPU] stage  84.7% (23928613540329/28237773109178) | 825.6M/s | ETA 1:26:59 | best -
[b2=29 b1=27 GPU] stage  84.7% (23930492588521/28237773109178) | 822.6M/s | ETA 1:27:16 | best -
[b2=29 b1=27 GPU] stage  84.8% (23932371636713/28237773109178) | 816.4M/s | ETA 1:27:53 | best -
[b2=29 b1=27 GPU] stage  84.8% (23934250684905/28237773109178) | 819.0M/s | ETA 1:27:34 | best -
[b2=29 b1=27 GPU] stage  84.8% (23936129733097/28237773109178) | 824.3M/s | ETA 1:26:58 | best -
[b2=29 b1=27 GPU] stage  84.8% (23938008781289/28237773109178) | 824.2M/s | ETA 1:26:57 | best -
[b2=29 b1=27 GPU] stage  84.8% (23939887829481/28237773109178) | 815.8M/s | ETA 1:27:48 | best -
[b2=29 b1=27 GPU] stage  84.8% (23941766877673/28237773109178) | 818.4M/s | ETA 1:27:29 | best -
[b2=29 b1=27 GPU] stage  84.8% (23943645925865/28237773109178) | 821.4M/s | ETA 1:27:08 | best -
[b2=29 b1=27 GPU] stage  84.8% (23945524974057/28237773109178) | 824.8M/s | ETA 1:26:44 | best -
[b2=29 b1=27 GPU] stage  84.8% (23947404022249/28237773109178) | 815.0M/s | ETA 1:27:44 | best -
[b2=29 b1=27 GPU] stage  84.8% (23949283070441/28237773109178) | 817.2M/s | ETA 1:27:28 | best -
[b2=29 b1=27 GPU] stage  84.8% (23951162118633/28237773109178) | 820.9M/s | ETA 1:27:01 | best -
[b2=29 b1=27 GPU] stage  84.8% (23953041166825/28237773109178) | 826.1M/s | ETA 1:26:26 | best -
[b2=29 b1=27 GPU] stage  84.8% (23954920215017/28237773109178) | 814.0M/s | ETA 1:27:41 | best -
[b2=29 b1=27 GPU] stage  84.8% (23956799263209/28237773109178) | 816.1M/s | ETA 1:27:25 | best -
[b2=29 b1=27 GPU] stage  84.8% (23958678311401/28237773109178) | 819.8M/s | ETA 1:26:59 | best -
[b2=29 b1=27 GPU] stage  84.9% (23960557359593/28237773109178) | 826.2M/s | ETA 1:26:17 | best -
[b2=29 b1=27 GPU] stage  84.9% (23962436407785/28237773109178) | 821.4M/s | ETA 1:26:45 | best -
[b2=29 b1=27 GPU] stage  84.9% (23964315455977/28237773109178) | 815.9M/s | ETA 1:27:17 | best -
[b2=29 b1=27 GPU] stage  84.9% (23966194504169/28237773109178) | 818.6M/s | ETA 1:26:58 | best -
[b2=29 b1=27 GPU] stage  84.9% (23968073552361/28237773109178) | 824.4M/s | ETA 1:26:19 | best -
[b2=29 b1=27 GPU] stage  84.9% (23969952600553/28237773109178) | 821.4M/s | ETA 1:26:35 | best -
[b2=29 b1=27 GPU] stage  84.9% (23971831648745/28237773109178) | 814.8M/s | ETA 1:27:15 | best -
[b2=29 b1=27 GPU] stage  84.9% (23973710696937/28237773109178) | 817.7M/s | ETA 1:26:54 | best -
[b2=29 b1=27 GPU] stage  84.9% (23975589745129/28237773109178) | 822.7M/s | ETA 1:26:20 | best -
[b2=29 b1=27 GPU] stage  84.9% (23977468793321/28237773109178) | 824.5M/s | ETA 1:26:07 | best -
[b2=29 b1=27 GPU] stage  84.9% (23979347841513/28237773109178) | 815.5M/s | ETA 1:27:01 | best -
[b2=29 b1=27 GPU] stage  84.9% (23981226889705/28237773109178) | 816.7M/s | ETA 1:26:51 | best -
[b2=29 b1=27 GPU] stage  84.9% (23983105937897/28237773109178) | 821.1M/s | ETA 1:26:21 | best -
[b2=29 b1=27 GPU] stage  84.9% (23984984986089/28237773109178) | 827.6M/s | ETA 1:25:38 | best -
[b2=29 b1=27 GPU] stage  84.9% (23986864034281/28237773109178) | 817.5M/s | ETA 1:26:39 | best -
[b2=29 b1=27 GPU] stage  85.0% (23988743082473/28237773109178) | 816.9M/s | ETA 1:26:41 | best -
[b2=29 b1=27 GPU] stage  85.0% (23990622130665/28237773109178) | 820.3M/s | ETA 1:26:17 | best -
[b2=29 b1=27 GPU] stage  85.0% (23992501178857/28237773109178) | 827.0M/s | ETA 1:25:33 | best -
[b2=29 b1=27 GPU] stage  85.0% (23994380227049/28237773109178) | 822.2M/s | ETA 1:26:01 | best -
[b2=29 b1=27 GPU] stage  85.0% (23996259275241/28237773109178) | 815.9M/s | ETA 1:26:38 | best -
[b2=29 b1=27 GPU] stage  85.0% (23998138323433/28237773109178) | 819.0M/s | ETA 1:26:16 | best -
[b2=29 b1=27 GPU] stage  85.0% (24000017371625/28237773109178) | 823.4M/s | ETA 1:25:46 | best -
[b2=29 b1=27 GPU] stage  85.0% (24001896419817/28237773109178) | 823.9M/s | ETA 1:25:41 | best -
[b2=29 b1=27 GPU] stage  85.0% (24003775468009/28237773109178) | 814.9M/s | ETA 1:26:35 | best -
[b2=29 b1=27 GPU] stage  85.0% (24005654516201/28237773109178) | 817.9M/s | ETA 1:26:14 | best -
[b2=29 b1=27 GPU] stage  85.0% (24007533564393/28237773109178) | 822.8M/s | ETA 1:25:41 | best -
[b2=29 b1=27 GPU] stage  85.0% (24009412612585/28237773109178) | 825.1M/s | ETA 1:25:24 | best -
[b2=29 b1=27 GPU] stage  85.0% (24011291660777/28237773109178) | 815.5M/s | ETA 1:26:22 | best -
[b2=29 b1=27 GPU] stage  85.0% (24013170708969/28237773109178) | 816.4M/s | ETA 1:26:14 | best -
[b2=29 b1=27 GPU] stage  85.0% (24015049757161/28237773109178) | 821.6M/s | ETA 1:25:39 | best -
[b2=29 b1=27 GPU] stage  85.1% (24016928805353/28237773109178) | 827.1M/s | ETA 1:25:03 | best -
[b2=29 b1=27 GPU] stage  85.1% (24018807853545/28237773109178) | 817.2M/s | ETA 1:26:02 | best -
[b2=29 b1=27 GPU] stage  85.1% (24020686901737/28237773109178) | 814.8M/s | ETA 1:26:15 | best -
[b2=29 b1=27 GPU] stage  85.1% (24022565949929/28237773109178) | 820.3M/s | ETA 1:25:38 | best -
[b2=29 b1=27 GPU] stage  85.1% (24024444998121/28237773109178) | 825.5M/s | ETA 1:25:04 | best -
[b2=29 b1=27 GPU] stage  85.1% (24026324046313/28237773109178) | 821.0M/s | ETA 1:25:29 | best -
[b2=29 b1=27 GPU] stage  85.1% (24028203094505/28237773109178) | 815.2M/s | ETA 1:26:03 | best -
[b2=29 b1=27 GPU] stage  85.1% (24030082142697/28237773109178) | 818.4M/s | ETA 1:25:41 | best -
[b2=29 b1=27 GPU] stage  85.1% (24031961190889/28237773109178) | 825.1M/s | ETA 1:24:57 | best -
[b2=29 b1=27 GPU] stage  85.1% (24033840239081/28237773109178) | 823.8M/s | ETA 1:25:03 | best -
[b2=29 b1=27 GPU] stage  85.1% (24035719287273/28237773109178) | 815.5M/s | ETA 1:25:52 | best -
[b2=29 b1=27 GPU] stage  85.1% (24037598335465/28237773109178) | 818.4M/s | ETA 1:25:31 | best -
[b2=29 b1=27 GPU] stage  85.1% (24039477383657/28237773109178) | 822.5M/s | ETA 1:25:04 | best -
[b2=29 b1=27 GPU] stage  85.1% (24041356431849/28237773109178) | 824.8M/s | ETA 1:24:47 | best -
[b2=29 b1=27 GPU] stage  85.1% (24043235480041/28237773109178) | 815.3M/s | ETA 1:25:44 | best -
[b2=29 b1=27 GPU] stage  85.2% (24045114528233/28237773109178) | 817.4M/s | ETA 1:25:29 | best -
[b2=29 b1=27 GPU] stage  85.2% (24046993576425/28237773109178) | 820.4M/s | ETA 1:25:07 | best -
[b2=29 b1=27 GPU] stage  85.2% (24048872624617/28237773109178) | 826.9M/s | ETA 1:24:25 | best -
[b2=29 b1=27 GPU] stage  85.2% (24050751672809/28237773109178) | 814.0M/s | ETA 1:25:43 | best -
[b2=29 b1=27 GPU] stage  85.2% (24052630721001/28237773109178) | 812.8M/s | ETA 1:25:49 | best -
[b2=29 b1=27 GPU] stage  85.2% (24054509769193/28237773109178) | 817.1M/s | ETA 1:25:19 | best -
[b2=29 b1=27 GPU] stage  85.2% (24056388817385/28237773109178) | 824.5M/s | ETA 1:24:31 | best -
[b2=29 b1=27 GPU] stage  85.2% (24058267865577/28237773109178) | 819.1M/s | ETA 1:25:02 | best -
[b2=29 b1=27 GPU] stage  85.2% (24060146913769/28237773109178) | 815.7M/s | ETA 1:25:21 | best -
[b2=29 b1=27 GPU] stage  85.2% (24062025961961/28237773109178) | 818.6M/s | ETA 1:25:01 | best -
[b2=29 b1=27 GPU] stage  85.2% (24063905010153/28237773109178) | 824.6M/s | ETA 1:24:21 | best -
[b2=29 b1=27 GPU] stage  85.2% (24065784058345/28237773109178) | 822.2M/s | ETA 1:24:34 | best -
[b2=29 b1=27 GPU] stage  85.2% (24067663106537/28237773109178) | 811.2M/s | ETA 1:25:40 | best -
[b2=29 b1=27 GPU] stage  85.2% (24069542154729/28237773109178) | 811.1M/s | ETA 1:25:38 | best -
[b2=29 b1=27 GPU] stage  85.2% (24071421202921/28237773109178) | 820.4M/s | ETA 1:24:38 | best -
[b2=29 b1=27 GPU] stage  85.3% (24073300251113/28237773109178) | 824.7M/s | ETA 1:24:09 | best -
[b2=29 b1=27 GPU] stage  85.3% (24075179299305/28237773109178) | 814.9M/s | ETA 1:25:08 | best -
[b2=29 b1=27 GPU] stage  85.3% (24077058347497/28237773109178) | 817.0M/s | ETA 1:24:52 | best -
[b2=29 b1=27 GPU] stage  85.3% (24078937395689/28237773109178) | 819.5M/s | ETA 1:24:34 | best -
[b2=29 b1=27 GPU] stage  85.3% (24080816443881/28237773109178) | 828.6M/s | ETA 1:23:36 | best -
[b2=29 b1=27 GPU] stage  85.3% (24082695492073/28237773109178) | 815.2M/s | ETA 1:24:57 | best -
[b2=29 b1=27 GPU] stage  85.3% (24084574540265/28237773109178) | 817.1M/s | ETA 1:24:42 | best -
[b2=29 b1=27 GPU] stage  85.3% (24086453588457/28237773109178) | 820.9M/s | ETA 1:24:17 | best -
[b2=29 b1=27 GPU] stage  85.3% (24088332636649/28237773109178) | 826.0M/s | ETA 1:23:43 | best -
[b2=29 b1=27 GPU] stage  85.3% (24090211684841/28237773109178) | 820.9M/s | ETA 1:24:12 | best -
[b2=29 b1=27 GPU] stage  85.3% (24092090733033/28237773109178) | 816.9M/s | ETA 1:24:34 | best -
[b2=29 b1=27 GPU] stage  85.3% (24093969781225/28237773109178) | 818.5M/s | ETA 1:24:22 | best -
[b2=29 b1=27 GPU] stage  85.3% (24095848829417/28237773109178) | 824.8M/s | ETA 1:23:41 | best -
[b2=29 b1=27 GPU] stage  85.3% (24097727877609/28237773109178) | 823.1M/s | ETA 1:23:49 | best -
[b2=29 b1=27 GPU] stage  85.3% (24099606925801/28237773109178) | 815.4M/s | ETA 1:24:35 | best -
[b2=29 b1=27 GPU] stage  85.4% (24101485973993/28237773109178) | 814.9M/s | ETA 1:24:36 | best -
[b2=29 b1=27 GPU] stage  85.4% (24103365022185/28237773109178) | 820.9M/s | ETA 1:23:56 | best -
[b2=29 b1=27 GPU] stage  85.4% (24105244070377/28237773109178) | 825.0M/s | ETA 1:23:29 | best -
[b2=29 b1=27 GPU] stage  85.4% (24107123118569/28237773109178) | 815.7M/s | ETA 1:24:24 | best -
[b2=29 b1=27 GPU] stage  85.4% (24109002166761/28237773109178) | 817.6M/s | ETA 1:24:09 | best -
[b2=29 b1=27 GPU] stage  85.4% (24110881214953/28237773109178) | 820.6M/s | ETA 1:23:49 | best -
[b2=29 b1=27 GPU] stage  85.4% (24112760263145/28237773109178) | 826.7M/s | ETA 1:23:09 | best -
[b2=29 b1=27 GPU] stage  85.4% (24114639311337/28237773109178) | 818.2M/s | ETA 1:23:59 | best -
[b2=29 b1=27 GPU] stage  85.4% (24116518359529/28237773109178) | 816.5M/s | ETA 1:24:07 | best -
[b2=29 b1=27 GPU] stage  85.4% (24118397407721/28237773109178) | 817.4M/s | ETA 1:23:59 | best -
[b2=29 b1=27 GPU] stage  85.4% (24120276455913/28237773109178) | 825.8M/s | ETA 1:23:06 | best -
[b2=29 b1=27 GPU] stage  85.4% (24122155504105/28237773109178) | 821.0M/s | ETA 1:23:32 | best -
[b2=29 b1=27 GPU] stage  85.4% (24124034552297/28237773109178) | 815.7M/s | ETA 1:24:03 | best -
[b2=29 b1=27 GPU] stage  85.4% (24125913600489/28237773109178) | 819.1M/s | ETA 1:23:40 | best -
[b2=29 b1=27 GPU] stage  85.4% (24127792648681/28237773109178) | 824.2M/s | ETA 1:23:06 | best -
[b2=29 b1=27 GPU] stage  85.5% (24129671696873/28237773109178) | 822.8M/s | ETA 1:23:12 | best -
[b2=29 b1=27 GPU] stage  85.5% (24131550745065/28237773109178) | 815.1M/s | ETA 1:23:57 | best -
[b2=29 b1=27 GPU] stage  85.5% (24133429793257/28237773109178) | 818.1M/s | ETA 1:23:37 | best -
[b2=29 b1=27 GPU] stage  85.5% (24135308841449/28237773109178) | 821.7M/s | ETA 1:23:12 | best -
[b2=29 b1=27 GPU] stage  85.5% (24137187889641/28237773109178) | 822.1M/s | ETA 1:23:08 | best -
[b2=29 b1=27 GPU] stage  85.5% (24139066937833/28237773109178) | 815.4M/s | ETA 1:23:46 | best -
[b2=29 b1=27 GPU] stage  85.5% (24140945986025/28237773109178) | 816.7M/s | ETA 1:23:36 | best -
[b2=29 b1=27 GPU] stage  85.5% (24142825034217/28237773109178) | 819.1M/s | ETA 1:23:19 | best -
[b2=29 b1=27 GPU] stage  85.5% (24144704082409/28237773109178) | 826.0M/s | ETA 1:22:35 | best -
[b2=29 b1=27 GPU] stage  85.5% (24146583130601/28237773109178) | 815.6M/s | ETA 1:23:36 | best -
[b2=29 b1=27 GPU] stage  85.5% (24148462178793/28237773109178) | 812.3M/s | ETA 1:23:54 | best -
[b2=29 b1=27 GPU] stage  85.5% (24150341226985/28237773109178) | 818.7M/s | ETA 1:23:12 | best -
[b2=29 b1=27 GPU] stage  85.5% (24152220275177/28237773109178) | 826.7M/s | ETA 1:22:21 | best -
[b2=29 b1=27 GPU] stage  85.5% (24154099323369/28237773109178) | 822.7M/s | ETA 1:22:43 | best -
[b2=29 b1=27 GPU] stage  85.5% (24155978371561/28237773109178) | 815.2M/s | ETA 1:23:27 | best -
[b2=29 b1=27 GPU] stage  85.6% (24157857419753/28237773109178) | 819.2M/s | ETA 1:23:00 | best -
[b2=29 b1=27 GPU] stage  85.6% (24159736467945/28237773109178) | 824.6M/s | ETA 1:22:25 | best -
[b2=29 b1=27 GPU] stage  85.6% (24161615516137/28237773109178) | 823.7M/s | ETA 1:22:28 | best -
[b2=29 b1=27 GPU] stage  85.6% (24163494564329/28237773109178) | 815.7M/s | ETA 1:23:14 | best -
[b2=29 b1=27 GPU] stage  85.6% (24165373612521/28237773109178) | 818.9M/s | ETA 1:22:53 | best -
[b2=29 b1=27 GPU] stage  85.6% (24167252660713/28237773109178) | 819.3M/s | ETA 1:22:48 | best -
[b2=29 b1=27 GPU] stage  85.6% (24169131708905/28237773109178) | 824.9M/s | ETA 1:22:12 | best -
[b2=29 b1=27 GPU] stage  85.6% (24171010757097/28237773109178) | 816.0M/s | ETA 1:23:03 | best -
[b2=29 b1=27 GPU] stage  85.6% (24172889805289/28237773109178) | 818.4M/s | ETA 1:22:46 | best -
[b2=29 b1=27 GPU] stage  85.6% (24174768853481/28237773109178) | 821.4M/s | ETA 1:22:26 | best -
[b2=29 b1=27 GPU] stage  85.6% (24176647901673/28237773109178) | 827.2M/s | ETA 1:21:49 | best -
[b2=29 b1=27 GPU] stage  85.6% (24178526949865/28237773109178) | 814.8M/s | ETA 1:23:01 | best -
[b2=29 b1=27 GPU] stage  85.6% (24180405998057/28237773109178) | 815.5M/s | ETA 1:22:55 | best -
[b2=29 b1=27 GPU] stage  85.6% (24182285046249/28237773109178) | 820.0M/s | ETA 1:22:25 | best -
[b2=29 b1=27 GPU] stage  85.6% (24184164094441/28237773109178) | 827.1M/s | ETA 1:21:40 | best -
[b2=29 b1=27 GPU] stage  85.7% (24186043142633/28237773109178) | 821.2M/s | ETA 1:22:13 | best -
[b2=29 b1=27 GPU] stage  85.7% (24187922190825/28237773109178) | 815.2M/s | ETA 1:22:47 | best -
[b2=29 b1=27 GPU] stage  85.7% (24189801239017/28237773109178) | 818.0M/s | ETA 1:22:28 | best -
[b2=29 b1=27 GPU] stage  85.7% (24191680287209/28237773109178) | 824.1M/s | ETA 1:21:49 | best -
[b2=29 b1=27 GPU] stage  85.7% (24193559335401/28237773109178) | 820.8M/s | ETA 1:22:07 | best -
[b2=29 b1=27 GPU] stage  85.7% (24195438383593/28237773109178) | 815.1M/s | ETA 1:22:39 | best -
[b2=29 b1=27 GPU] stage  85.7% (24197317431785/28237773109178) | 817.5M/s | ETA 1:22:22 | best -
[b2=29 b1=27 GPU] stage  85.7% (24199196479977/28237773109178) | 822.0M/s | ETA 1:21:53 | best -
[b2=29 b1=27 GPU] stage  85.7% (24201075528169/28237773109178) | 823.1M/s | ETA 1:21:44 | best -
[b2=29 b1=27 GPU] stage  85.7% (24202954576361/28237773109178) | 814.8M/s | ETA 1:22:31 | best -
[b2=29 b1=27 GPU] stage  85.7% (24204833624553/28237773109178) | 817.2M/s | ETA 1:22:15 | best -
[b2=29 b1=27 GPU] stage  85.7% (24206712672745/28237773109178) | 822.0M/s | ETA 1:21:44 | best -
[b2=29 b1=27 GPU] stage  85.7% (24208591720937/28237773109178) | 827.6M/s | ETA 1:21:08 | best -
[b2=29 b1=27 GPU] stage  85.7% (24210470769129/28237773109178) | 817.7M/s | ETA 1:22:05 | best -
[b2=29 b1=27 GPU] stage  85.7% (24212349817321/28237773109178) | 816.3M/s | ETA 1:22:11 | best -
[b2=29 b1=27 GPU] stage  85.8% (24214228865513/28237773109178) | 819.9M/s | ETA 1:21:47 | best -
[b2=29 b1=27 GPU] stage  85.8% (24216107913705/28237773109178) | 821.6M/s | ETA 1:21:34 | best -
[b2=29 b1=27 GPU] stage  85.8% (24217986961897/28237773109178) | 819.0M/s | ETA 1:21:48 | best -
[b2=29 b1=27 GPU] stage  85.8% (24219866010089/28237773109178) | 816.3M/s | ETA 1:22:02 | best -
[b2=29 b1=27 GPU] stage  85.8% (24221745058281/28237773109178) | 818.6M/s | ETA 1:21:45 | best -
[b2=29 b1=27 GPU] stage  85.8% (24223624106473/28237773109178) | 824.3M/s | ETA 1:21:09 | best -
[b2=29 b1=27 GPU] stage  85.8% (24225503154665/28237773109178) | 824.0M/s | ETA 1:21:09 | best -
[b2=29 b1=27 GPU] stage  85.8% (24227382202857/28237773109178) | 816.1M/s | ETA 1:21:54 | best -
[b2=29 b1=27 GPU] stage  85.8% (24229261251049/28237773109178) | 817.8M/s | ETA 1:21:41 | best -
[b2=29 b1=27 GPU] stage  85.8% (24231140299241/28237773109178) | 822.7M/s | ETA 1:21:09 | best -
[b2=29 b1=27 GPU] stage  85.8% (24233019347433/28237773109178) | 825.3M/s | ETA 1:20:52 | best -
[b2=29 b1=27 GPU] stage  85.8% (24234898395625/28237773109178) | 814.9M/s | ETA 1:21:51 | best -
[b2=29 b1=27 GPU] stage  85.8% (24236777443817/28237773109178) | 816.8M/s | ETA 1:21:38 | best -
[b2=29 b1=27 GPU] stage  85.8% (24238656492009/28237773109178) | 820.1M/s | ETA 1:21:16 | best -
[b2=29 b1=27 GPU] stage  85.8% (24240535540201/28237773109178) | 826.9M/s | ETA 1:20:34 | best -
[b2=29 b1=27 GPU] stage  85.9% (24242414588393/28237773109178) | 815.2M/s | ETA 1:21:41 | best -
[b2=29 b1=27 GPU] stage  85.9% (24244293636585/28237773109178) | 812.5M/s | ETA 1:21:55 | best -
[b2=29 b1=27 GPU] stage  85.9% (24246172684777/28237773109178) | 819.3M/s | ETA 1:21:11 | best -
[b2=29 b1=27 GPU] stage  85.9% (24248051732969/28237773109178) | 826.5M/s | ETA 1:20:27 | best -
[b2=29 b1=27 GPU] stage  85.9% (24249930781161/28237773109178) | 820.9M/s | ETA 1:20:57 | best -
[b2=29 b1=27 GPU] stage  85.9% (24251809829353/28237773109178) | 817.1M/s | ETA 1:21:18 | best -
[b2=29 b1=27 GPU] stage  85.9% (24253688877545/28237773109178) | 818.8M/s | ETA 1:21:05 | best -
[b2=29 b1=27 GPU] stage  85.9% (24255567925737/28237773109178) | 825.1M/s | ETA 1:20:26 | best -
[b2=29 b1=27 GPU] stage  85.9% (24257446973929/28237773109178) | 824.4M/s | ETA 1:20:28 | best -
[b2=29 b1=27 GPU] stage  85.9% (24259326022121/28237773109178) | 816.2M/s | ETA 1:21:14 | best -
[b2=29 b1=27 GPU] stage  85.9% (24261205070313/28237773109178) | 817.2M/s | ETA 1:21:05 | best -
[b2=29 b1=27 GPU] stage  85.9% (24263084118505/28237773109178) | 822.8M/s | ETA 1:20:30 | best -
[b2=29 b1=27 GPU] stage  85.9% (24264963166697/28237773109178) | 822.5M/s | ETA 1:20:30 | best -
[b2=29 b1=27 GPU] stage  85.9% (24266842214889/28237773109178) | 810.0M/s | ETA 1:21:42 | best -
[b2=29 b1=27 GPU] stage  85.9% (24268721263081/28237773109178) | 816.2M/s | ETA 1:21:02 | best -
[b2=29 b1=27 GPU] stage  86.0% (24270600311273/28237773109178) | 819.8M/s | ETA 1:20:39 | best -
[b2=29 b1=27 GPU] stage  86.0% (24272479359465/28237773109178) | 827.0M/s | ETA 1:19:54 | best -
[b2=29 b1=27 GPU] stage  86.0% (24274358407657/28237773109178) | 817.7M/s | ETA 1:20:46 | best -
[b2=29 b1=27 GPU] stage  86.0% (24276237455849/28237773109178) | 815.4M/s | ETA 1:20:58 | best -
[b2=29 b1=27 GPU] stage  86.0% (24278116504041/28237773109178) | 819.9M/s | ETA 1:20:29 | best -
[b2=29 b1=27 GPU] stage  86.0% (24279995552233/28237773109178) | 826.1M/s | ETA 1:19:51 | best -
[b2=29 b1=27 GPU] stage  86.0% (24281874600425/28237773109178) | 822.2M/s | ETA 1:20:11 | best -
[b2=29 b1=27 GPU] stage  86.0% (24283753648617/28237773109178) | 816.1M/s | ETA 1:20:44 | best -
[b2=29 b1=27 GPU] stage  86.0% (24285632696809/28237773109178) | 819.0M/s | ETA 1:20:25 | best -
[b2=29 b1=27 GPU] stage  86.0% (24287511745001/28237773109178) | 823.9M/s | ETA 1:19:54 | best -
[b2=29 b1=27 GPU] stage  86.0% (24289390793193/28237773109178) | 823.0M/s | ETA 1:19:57 | best -
[b2=29 b1=27 GPU] stage  86.0% (24291269841385/28237773109178) | 815.5M/s | ETA 1:20:39 | best -
[b2=29 b1=27 GPU] stage  86.0% (24293148889577/28237773109178) | 816.5M/s | ETA 1:20:31 | best -
[b2=29 b1=27 GPU] stage  86.0% (24295027937769/28237773109178) | 819.3M/s | ETA 1:20:12 | best -
[b2=29 b1=27 GPU] stage  86.0% (24296906985961/28237773109178) | 822.7M/s | ETA 1:19:50 | best -
[b2=29 b1=27 GPU] stage  86.1% (24298786034153/28237773109178) | 810.6M/s | ETA 1:20:59 | best -
[b2=29 b1=27 GPU] stage  86.1% (24300665082345/28237773109178) | 812.0M/s | ETA 1:20:48 | best -
[b2=29 b1=27 GPU] stage  86.1% (24302544130537/28237773109178) | 818.3M/s | ETA 1:20:08 | best -
[b2=29 b1=27 GPU] stage  86.1% (24304423178729/28237773109178) | 825.7M/s | ETA 1:19:23 | best -
[b2=29 b1=27 GPU] stage  86.1% (24306302226921/28237773109178) | 815.3M/s | ETA 1:20:21 | best -
[b2=29 b1=27 GPU] stage  86.1% (24308181275113/28237773109178) | 815.8M/s | ETA 1:20:16 | best -
[b2=29 b1=27 GPU] stage  86.1% (24310060323305/28237773109178) | 818.8M/s | ETA 1:19:57 | best -
[b2=29 b1=27 GPU] stage  86.1% (24311939371497/28237773109178) | 826.2M/s | ETA 1:19:11 | best -
[b2=29 b1=27 GPU] stage  86.1% (24313818419689/28237773109178) | 820.3M/s | ETA 1:19:43 | best -
[b2=29 b1=27 GPU] stage  86.1% (24315697467881/28237773109178) | 814.0M/s | ETA 1:20:18 | best -
[b2=29 b1=27 GPU] stage  86.1% (24317576516073/28237773109178) | 818.2M/s | ETA 1:19:51 | best -
[b2=29 b1=27 GPU] stage  86.1% (24319455564265/28237773109178) | 823.9M/s | ETA 1:19:16 | best -
[b2=29 b1=27 GPU] stage  86.1% (24321334612457/28237773109178) | 823.5M/s | ETA 1:19:15 | best -
[b2=29 b1=27 GPU] stage  86.1% (24323213660649/28237773109178) | 815.9M/s | ETA 1:19:57 | best -
[b2=29 b1=27 GPU] stage  86.1% (24325092708841/28237773109178) | 817.0M/s | ETA 1:19:49 | best -
[b2=29 b1=27 GPU] stage  86.2% (24326971757033/28237773109178) | 822.1M/s | ETA 1:19:17 | best -
[b2=29 b1=27 GPU] stage  86.2% (24328850805225/28237773109178) | 826.1M/s | ETA 1:18:51 | best -
[b2=29 b1=27 GPU] stage  86.2% (24330729853417/28237773109178) | 815.7M/s | ETA 1:19:50 | best -
[b2=29 b1=27 GPU] stage  86.2% (24332608901609/28237773109178) | 817.1M/s | ETA 1:19:39 | best -
[b2=29 b1=27 GPU] stage  86.2% (24334487949801/28237773109178) | 820.4M/s | ETA 1:19:17 | best -
[b2=29 b1=27 GPU] stage  86.2% (24336366997993/28237773109178) | 828.1M/s | ETA 1:18:31 | best -
[b2=29 b1=27 GPU] stage  86.2% (24338246046185/28237773109178) | 818.1M/s | ETA 1:19:26 | best -
[b2=29 b1=27 GPU] stage  86.2% (24340125094377/28237773109178) | 815.5M/s | ETA 1:19:39 | best -
[b2=29 b1=27 GPU] stage  86.2% (24342004142569/28237773109178) | 819.2M/s | ETA 1:19:15 | best -
[b2=29 b1=27 GPU] stage  86.2% (24343883190761/28237773109178) | 826.2M/s | ETA 1:18:32 | best -
[b2=29 b1=27 GPU] stage  86.2% (24345762238953/28237773109178) | 820.4M/s | ETA 1:19:03 | best -
[b2=29 b1=27 GPU] stage  86.2% (24347641287145/28237773109178) | 810.6M/s | ETA 1:19:58 | best -
[b2=29 b1=27 GPU] stage  86.2% (24349520335337/28237773109178) | 817.5M/s | ETA 1:19:16 | best -
[b2=29 b1=27 GPU] stage  86.2% (24351399383529/28237773109178) | 823.8M/s | ETA 1:18:37 | best -
[b2=29 b1=27 GPU] stage  86.2% (24353278431721/28237773109178) | 822.9M/s | ETA 1:18:40 | best -
[b2=29 b1=27 GPU] stage  86.3% (24355157479913/28237773109178) | 815.5M/s | ETA 1:19:21 | best -
[b2=29 b1=27 GPU] stage  86.3% (24357036528105/28237773109178) | 817.5M/s | ETA 1:19:07 | best -
[b2=29 b1=27 GPU] stage  86.3% (24358915576297/28237773109178) | 821.5M/s | ETA 1:18:41 | best -
[b2=29 b1=27 GPU] stage  86.3% (24360794624489/28237773109178) | 823.6M/s | ETA 1:18:27 | best -
[b2=29 b1=27 GPU] stage  86.3% (24362673672681/28237773109178) | 815.4M/s | ETA 1:19:12 | best -
[b2=29 b1=27 GPU] stage  86.3% (24364552720873/28237773109178) | 815.3M/s | ETA 1:19:10 | best -
[b2=29 b1=27 GPU] stage  86.3% (24366431769065/28237773109178) | 820.9M/s | ETA 1:18:35 | best -
[b2=29 b1=27 GPU] stage  86.3% (24368310817257/28237773109178) | 825.8M/s | ETA 1:18:05 | best -
[b2=29 b1=27 GPU] stage  86.3% (24370189865449/28237773109178) | 818.1M/s | ETA 1:18:47 | best -
[b2=29 b1=27 GPU] stage  86.3% (24372068913641/28237773109178) | 815.0M/s | ETA 1:19:02 | best -
[b2=29 b1=27 GPU] stage  86.3% (24373947961833/28237773109178) | 818.9M/s | ETA 1:18:38 | best -
[b2=29 b1=27 GPU] stage  86.3% (24375827010025/28237773109178) | 827.2M/s | ETA 1:17:48 | best -
[b2=29 b1=27 GPU] stage  86.3% (24377706058217/28237773109178) | 822.6M/s | ETA 1:18:12 | best -
[b2=29 b1=27 GPU] stage  86.3% (24379585106409/28237773109178) | 815.2M/s | ETA 1:18:52 | best -
[b2=29 b1=27 GPU] stage  86.3% (24381464154601/28237773109178) | 818.3M/s | ETA 1:18:32 | best -
[b2=29 b1=27 GPU] stage  86.4% (24383343202793/28237773109178) | 823.1M/s | ETA 1:18:02 | best -
[b2=29 b1=27 GPU] stage  86.4% (24385222250985/28237773109178) | 823.2M/s | ETA 1:17:59 | best -
[b2=29 b1=27 GPU] stage  86.4% (24387101299177/28237773109178) | 816.2M/s | ETA 1:18:37 | best -
[b2=29 b1=27 GPU] stage  86.4% (24388980347369/28237773109178) | 817.7M/s | ETA 1:18:27 | best -
[b2=29 b1=27 GPU] stage  86.4% (24390859395561/28237773109178) | 821.1M/s | ETA 1:18:05 | best -
[b2=29 b1=27 GPU] stage  86.4% (24392738443753/28237773109178) | 825.7M/s | ETA 1:17:36 | best -
[b2=29 b1=27 GPU] stage  86.4% (24394617491945/28237773109178) | 815.7M/s | ETA 1:18:31 | best -
[b2=29 b1=27 GPU] stage  86.4% (24396496540137/28237773109178) | 816.3M/s | ETA 1:18:25 | best -
[b2=29 b1=27 GPU] stage  86.4% (24398375588329/28237773109178) | 820.0M/s | ETA 1:18:01 | best -
[b2=29 b1=27 GPU] stage  86.4% (24400254636521/28237773109178) | 827.4M/s | ETA 1:17:18 | best -
[b2=29 b1=27 GPU] stage  86.4% (24402133684713/28237773109178) | 817.5M/s | ETA 1:18:11 | best -
[b2=29 b1=27 GPU] stage  86.4% (24404012732905/28237773109178) | 815.6M/s | ETA 1:18:20 | best -
[b2=29 b1=27 GPU] stage  86.4% (24405891781097/28237773109178) | 818.3M/s | ETA 1:18:02 | best -
[b2=29 b1=27 GPU] stage  86.4% (24407770829289/28237773109178) | 825.6M/s | ETA 1:17:19 | best -
[b2=29 b1=27 GPU] stage  86.4% (24409649877481/28237773109178) | 821.8M/s | ETA 1:17:38 | best -
[b2=29 b1=27 GPU] stage  86.4% (24411528925673/28237773109178) | 815.7M/s | ETA 1:18:10 | best -
[b2=29 b1=27 GPU] stage  86.5% (24413407973865/28237773109178) | 816.0M/s | ETA 1:18:06 | best -
[b2=29 b1=27 GPU] stage  86.5% (24415287022057/28237773109178) | 822.7M/s | ETA 1:17:26 | best -
[b2=29 b1=27 GPU] stage  86.5% (24417166070249/28237773109178) | 822.8M/s | ETA 1:17:23 | best -
[b2=29 b1=27 GPU] stage  86.5% (24419045118441/28237773109178) | 814.8M/s | ETA 1:18:06 | best -
[b2=29 b1=27 GPU] stage  86.5% (24420924166633/28237773109178) | 817.0M/s | ETA 1:17:51 | best -
[b2=29 b1=27 GPU] stage  86.5% (24422803214825/28237773109178) | 822.3M/s | ETA 1:17:19 | best -
[b2=29 b1=27 GPU] stage  86.5% (24424682263017/28237773109178) | 825.1M/s | ETA 1:17:01 | best -
[b2=29 b1=27 GPU] stage  86.5% (24426561311209/28237773109178) | 815.1M/s | ETA 1:17:55 | best -
[b2=29 b1=27 GPU] stage  86.5% (24428440359401/28237773109178) | 816.4M/s | ETA 1:17:45 | best -
[b2=29 b1=27 GPU] stage  86.5% (24430319407593/28237773109178) | 820.9M/s | ETA 1:17:18 | best -
[b2=29 b1=27 GPU] stage  86.5% (24432198455785/28237773109178) | 827.3M/s | ETA 1:16:40 | best -
[b2=29 b1=27 GPU] stage  86.5% (24434077503977/28237773109178) | 813.9M/s | ETA 1:17:53 | best -
[b2=29 b1=27 GPU] stage  86.5% (24435956552169/28237773109178) | 815.2M/s | ETA 1:17:43 | best -
[b2=29 b1=27 GPU] stage  86.5% (24437835600361/28237773109178) | 818.6M/s | ETA 1:17:22 | best -
[b2=29 b1=27 GPU] stage  86.5% (24439714648553/28237773109178) | 826.3M/s | ETA 1:16:36 | best -
[b2=29 b1=27 GPU] stage  86.6% (24441593696745/28237773109178) | 821.8M/s | ETA 1:16:59 | best -
[b2=29 b1=27 GPU] stage  86.6% (24443472744937/28237773109178) | 815.4M/s | ETA 1:17:33 | best -
[b2=29 b1=27 GPU] stage  86.6% (24445351793129/28237773109178) | 815.7M/s | ETA 1:17:29 | best -
[b2=29 b1=27 GPU] stage  86.6% (24447230841321/28237773109178) | 820.1M/s | ETA 1:17:01 | best -
[b2=29 b1=27 GPU] stage  86.6% (24449109889513/28237773109178) | 821.0M/s | ETA 1:16:54 | best -
[b2=29 b1=27 GPU] stage  86.6% (24450988937705/28237773109178) | 810.6M/s | ETA 1:17:51 | best -
[b2=29 b1=27 GPU] stage  86.6% (24452867985897/28237773109178) | 816.5M/s | ETA 1:17:15 | best -
[b2=29 b1=27 GPU] stage  86.6% (24454747034089/28237773109178) | 821.6M/s | ETA 1:16:44 | best -
[b2=29 b1=27 GPU] stage  86.6% (24456626082281/28237773109178) | 824.0M/s | ETA 1:16:29 | best -
[b2=29 b1=27 GPU] stage  86.6% (24458505130473/28237773109178) | 811.3M/s | ETA 1:17:38 | best -
[b2=29 b1=27 GPU] stage  86.6% (24460384178665/28237773109178) | 811.9M/s | ETA 1:17:32 | best -
[b2=29 b1=27 GPU] stage  86.6% (24462263226857/28237773109178) | 816.0M/s | ETA 1:17:07 | best -
[b2=29 b1=27 GPU] stage  86.6% (24464142275049/28237773109178) | 826.1M/s | ETA 1:16:07 | best -
[b2=29 b1=27 GPU] stage  86.6% (24466021323241/28237773109178) | 818.2M/s | ETA 1:16:49 | best -
[b2=29 b1=27 GPU] stage  86.6% (24467900371433/28237773109178) | 815.2M/s | ETA 1:17:04 | best -
[b2=29 b1=27 GPU] stage  86.7% (24469779419625/28237773109178) | 815.4M/s | ETA 1:17:01 | best -
[b2=29 b1=27 GPU] stage  86.7% (24471658467817/28237773109178) | 821.6M/s | ETA 1:16:24 | best -
[b2=29 b1=27 GPU] stage  86.7% (24473537516009/28237773109178) | 820.0M/s | ETA 1:16:30 | best -
[b2=29 b1=27 GPU] stage  86.7% (24475416564201/28237773109178) | 810.2M/s | ETA 1:17:23 | best -
[b2=29 b1=27 GPU] stage  86.7% (24477295612393/28237773109178) | 813.6M/s | ETA 1:17:02 | best -
[b2=29 b1=27 GPU] stage  86.7% (24479174660585/28237773109178) | 819.5M/s | ETA 1:16:26 | best -
[b2=29 b1=27 GPU] stage  86.7% (24481053708777/28237773109178) | 821.6M/s | ETA 1:16:12 | best -
[b2=29 b1=27 GPU] stage  86.7% (24482932756969/28237773109178) | 809.9M/s | ETA 1:17:16 | best -
[b2=29 b1=27 GPU] stage  86.7% (24484811805161/28237773109178) | 816.8M/s | ETA 1:16:34 | best -
[b2=29 b1=27 GPU] stage  86.7% (24486690853353/28237773109178) | 819.6M/s | ETA 1:16:16 | best -
[b2=29 b1=27 GPU] stage  86.7% (24488569901545/28237773109178) | 826.3M/s | ETA 1:15:37 | best -
[b2=29 b1=27 GPU] stage  86.7% (24490448949737/28237773109178) | 817.2M/s | ETA 1:16:25 | best -
[b2=29 b1=27 GPU] stage  86.7% (24492327997929/28237773109178) | 816.1M/s | ETA 1:16:29 | best -
[b2=29 b1=27 GPU] stage  86.7% (24494207046121/28237773109178) | 819.0M/s | ETA 1:16:10 | best -
[b2=29 b1=27 GPU] stage  86.7% (24496086094313/28237773109178) | 824.5M/s | ETA 1:15:38 | best -
[b2=29 b1=27 GPU] stage  86.8% (24497965142505/28237773109178) | 822.4M/s | ETA 1:15:47 | best -
[b2=29 b1=27 GPU] stage  86.8% (24499844190697/28237773109178) | 816.2M/s | ETA 1:16:19 | best -
[b2=29 b1=27 GPU] stage  86.8% (24501723238889/28237773109178) | 819.0M/s | ETA 1:16:01 | best -
[b2=29 b1=27 GPU] stage  86.8% (24503602287081/28237773109178) | 824.1M/s | ETA 1:15:30 | best -
[b2=29 b1=27 GPU] stage  86.8% (24505481335273/28237773109178) | 822.8M/s | ETA 1:15:36 | best -
[b2=29 b1=27 GPU] stage  86.8% (24507360383465/28237773109178) | 815.7M/s | ETA 1:16:13 | best -
[b2=29 b1=27 GPU] stage  86.8% (24509239431657/28237773109178) | 817.3M/s | ETA 1:16:01 | best -
[b2=29 b1=27 GPU] stage  86.8% (24511118479849/28237773109178) | 818.6M/s | ETA 1:15:52 | best -
[b2=29 b1=27 GPU] stage  86.8% (24512997528041/28237773109178) | 825.1M/s | ETA 1:15:14 | best -
[b2=29 b1=27 GPU] stage  86.8% (24514876576233/28237773109178) | 815.2M/s | ETA 1:16:07 | best -
[b2=29 b1=27 GPU] stage  86.8% (24516755624425/28237773109178) | 816.3M/s | ETA 1:15:58 | best -
[b2=29 b1=27 GPU] stage  86.8% (24518634672617/28237773109178) | 818.1M/s | ETA 1:15:46 | best -
[b2=29 b1=27 GPU] stage  86.8% (24520513720809/28237773109178) | 826.7M/s | ETA 1:14:56 | best -
[b2=29 b1=27 GPU] stage  86.8% (24522392769001/28237773109178) | 816.8M/s | ETA 1:15:48 | best -
[b2=29 b1=27 GPU] stage  86.8% (24524271817193/28237773109178) | 815.5M/s | ETA 1:15:53 | best -
[b2=29 b1=27 GPU] stage  86.9% (24526150865385/28237773109178) | 817.3M/s | ETA 1:15:41 | best -
[b2=29 b1=27 GPU] stage  86.9% (24528029913577/28237773109178) | 825.1M/s | ETA 1:14:56 | best -
[b2=29 b1=27 GPU] stage  86.9% (24529908961769/28237773109178) | 820.2M/s | ETA 1:15:20 | best -
[b2=29 b1=27 GPU] stage  86.9% (24531788009961/28237773109178) | 811.4M/s | ETA 1:16:07 | best -
[b2=29 b1=27 GPU] stage  86.9% (24533667058153/28237773109178) | 817.2M/s | ETA 1:15:32 | best -
[b2=29 b1=27 GPU] stage  86.9% (24535546106345/28237773109178) | 822.0M/s | ETA 1:15:03 | best -
[b2=29 b1=27 GPU] stage  86.9% (24537425154537/28237773109178) | 821.1M/s | ETA 1:15:06 | best -
[b2=29 b1=27 GPU] stage  86.9% (24539304202729/28237773109178) | 814.9M/s | ETA 1:15:38 | best -
[b2=29 b1=27 GPU] stage  86.9% (24541183250921/28237773109178) | 817.1M/s | ETA 1:15:24 | best -
[b2=29 b1=27 GPU] stage  86.9% (24543062299113/28237773109178) | 822.5M/s | ETA 1:14:51 | best -
[b2=29 b1=27 GPU] stage  86.9% (24544941347305/28237773109178) | 823.1M/s | ETA 1:14:46 | best -
[b2=29 b1=27 GPU] stage  86.9% (24546820395497/28237773109178) | 813.4M/s | ETA 1:15:37 | best -
[b2=29 b1=27 GPU] stage  86.9% (24548699443689/28237773109178) | 816.0M/s | ETA 1:15:20 | best -
[b2=29 b1=27 GPU] stage  86.9% (24550578491881/28237773109178) | 820.6M/s | ETA 1:14:53 | best -
[b2=29 b1=27 GPU] stage  86.9% (24552457540073/28237773109178) | 827.3M/s | ETA 1:14:14 | best -
[b2=29 b1=27 GPU] stage  87.0% (24554336588265/28237773109178) | 817.0M/s | ETA 1:15:08 | best -
[b2=29 b1=27 GPU] stage  87.0% (24556215636457/28237773109178) | 815.3M/s | ETA 1:15:15 | best -
[b2=29 b1=27 GPU] stage  87.0% (24558094684649/28237773109178) | 820.0M/s | ETA 1:14:47 | best -
[b2=29 b1=27 GPU] stage  87.0% (24559973732841/28237773109178) | 821.1M/s | ETA 1:14:38 | best -
[b2=29 b1=27 GPU] stage  87.0% (24561852781033/28237773109178) | 820.9M/s | ETA 1:14:37 | best -
[b2=29 b1=27 GPU] stage  87.0% (24563731829225/28237773109178) | 815.6M/s | ETA 1:15:04 | best -
[b2=29 b1=27 GPU] stage  87.0% (24565610877417/28237773109178) | 817.3M/s | ETA 1:14:53 | best -
[b2=29 b1=27 GPU] stage  87.0% (24567489925609/28237773109178) | 824.1M/s | ETA 1:14:13 | best -
[b2=29 b1=27 GPU] stage  87.0% (24569368973801/28237773109178) | 821.0M/s | ETA 1:14:27 | best -
[b2=29 b1=27 GPU] stage  87.0% (24571248021993/28237773109178) | 814.3M/s | ETA 1:15:02 | best -
[b2=29 b1=27 GPU] stage  87.0% (24573127070185/28237773109178) | 817.3M/s | ETA 1:14:43 | best -
[b2=29 b1=27 GPU] stage  87.0% (24575006118377/28237773109178) | 822.5M/s | ETA 1:14:13 | best -
[b2=29 b1=27 GPU] stage  87.0% (24576885166569/28237773109178) | 824.4M/s | ETA 1:14:00 | best -
[b2=29 b1=27 GPU] stage  87.0% (24578764214761/28237773109178) | 815.3M/s | ETA 1:14:48 | best -
[b2=29 b1=27 GPU] stage  87.0% (24580643262953/28237773109178) | 816.4M/s | ETA 1:14:39 | best -
[b2=29 b1=27 GPU] stage  87.1% (24582522311145/28237773109178) | 820.7M/s | ETA 1:14:13 | best -
[b2=29 b1=27 GPU] stage  87.1% (24584401359337/28237773109178) | 828.1M/s | ETA 1:13:31 | best -
[b2=29 b1=27 GPU] stage  87.1% (24586280407529/28237773109178) | 817.2M/s | ETA 1:14:28 | best -
[b2=29 b1=27 GPU] stage  87.1% (24588159455721/28237773109178) | 816.7M/s | ETA 1:14:28 | best -
[b2=29 b1=27 GPU] stage  87.1% (24590038503913/28237773109178) | 817.3M/s | ETA 1:14:23 | best -
[b2=29 b1=27 GPU] stage  87.1% (24591917552105/28237773109178) | 823.2M/s | ETA 1:13:48 | best -
[b2=29 b1=27 GPU] stage  87.1% (24593796600297/28237773109178) | 819.3M/s | ETA 1:14:07 | best -
[b2=29 b1=27 GPU] stage  87.1% (24595675648489/28237773109178) | 810.3M/s | ETA 1:14:54 | best -
[b2=29 b1=27 GPU] stage  87.1% (24597554696681/28237773109178) | 813.5M/s | ETA 1:14:35 | best -
[b2=29 b1=27 GPU] stage  87.1% (24599433744873/28237773109178) | 819.1M/s | ETA 1:14:02 | best -
[b2=29 b1=27 GPU] stage  87.1% (24601312793065/28237773109178) | 821.9M/s | ETA 1:13:44 | best -
[b2=29 b1=27 GPU] stage  87.1% (24603191841257/28237773109178) | 812.7M/s | ETA 1:14:32 | best -
[b2=29 b1=27 GPU] stage  87.1% (24605070889449/28237773109178) | 813.5M/s | ETA 1:14:25 | best -
[b2=29 b1=27 GPU] stage  87.1% (24606949937641/28237773109178) | 820.0M/s | ETA 1:13:47 | best -
[b2=29 b1=27 GPU] stage  87.1% (24608828985833/28237773109178) | 820.6M/s | ETA 1:13:42 | best -
[b2=29 b1=27 GPU] stage  87.2% (24610708034025/28237773109178) | 814.9M/s | ETA 1:14:11 | best -
[b2=29 b1=27 GPU] stage  87.2% (24612587082217/28237773109178) | 815.7M/s | ETA 1:14:04 | best -
[b2=29 b1=27 GPU] stage  87.2% (24614466130409/28237773109178) | 819.2M/s | ETA 1:13:43 | best -
[b2=29 b1=27 GPU] stage  87.2% (24616345178601/28237773109178) | 827.0M/s | ETA 1:12:58 | best -
[b2=29 b1=27 GPU] stage  87.2% (24618224226793/28237773109178) | 820.9M/s | ETA 1:13:29 | best -
[b2=29 b1=27 GPU] stage  87.2% (24620103274985/28237773109178) | 815.1M/s | ETA 1:13:58 | best -
[b2=29 b1=27 GPU] stage  87.2% (24621982323177/28237773109178) | 819.1M/s | ETA 1:13:34 | best -
[b2=29 b1=27 GPU] stage  87.2% (24623861371369/28237773109178) | 825.0M/s | ETA 1:13:00 | best -
[b2=29 b1=27 GPU] stage  87.2% (24625740419561/28237773109178) | 823.1M/s | ETA 1:13:08 | best -
[b2=29 b1=27 GPU] stage  87.2% (24627619467753/28237773109178) | 815.5M/s | ETA 1:13:46 | best -
[b2=29 b1=27 GPU] stage  87.2% (24629498515945/28237773109178) | 817.1M/s | ETA 1:13:36 | best -
[b2=29 b1=27 GPU] stage  87.2% (24631377564137/28237773109178) | 823.0M/s | ETA 1:13:02 | best -
[b2=29 b1=27 GPU] stage  87.2% (24633256612329/28237773109178) | 822.5M/s | ETA 1:13:02 | best -
[b2=29 b1=27 GPU] stage  87.2% (24635135660521/28237773109178) | 814.7M/s | ETA 1:13:42 | best -
[b2=29 b1=27 GPU] stage  87.2% (24637014708713/28237773109178) | 816.9M/s | ETA 1:13:27 | best -
[b2=29 b1=27 GPU] stage  87.3% (24638893756905/28237773109178) | 822.2M/s | ETA 1:12:57 | best -
[b2=29 b1=27 GPU] stage  87.3% (24640772805097/28237773109178) | 827.2M/s | ETA 1:12:28 | best -
[b2=29 b1=27 GPU] stage  87.3% (24642651853289/28237773109178) | 812.6M/s | ETA 1:13:44 | best -
[b2=29 b1=27 GPU] stage  87.3% (24644530901481/28237773109178) | 811.7M/s | ETA 1:13:46 | best -
[b2=29 b1=27 GPU] stage  87.3% (24646409949673/28237773109178) | 818.5M/s | ETA 1:13:07 | best -
[b2=29 b1=27 GPU] stage  87.3% (24648288997865/28237773109178) | 826.6M/s | ETA 1:12:22 | best -
[b2=29 b1=27 GPU] stage  87.3% (24650168046057/28237773109178) | 820.5M/s | ETA 1:12:52 | best -
[b2=29 b1=27 GPU] stage  87.3% (24652047094249/28237773109178) | 814.8M/s | ETA 1:13:20 | best -
[b2=29 b1=27 GPU] stage  87.3% (24653926142441/28237773109178) | 817.5M/s | ETA 1:13:03 | best -
[b2=29 b1=27 GPU] stage  87.3% (24655805190633/28237773109178) | 823.4M/s | ETA 1:12:30 | best -
[b2=29 b1=27 GPU] stage  87.3% (24657684238825/28237773109178) | 822.3M/s | ETA 1:12:33 | best -
[b2=29 b1=27 GPU] stage  87.3% (24659563287017/28237773109178) | 817.6M/s | ETA 1:12:56 | best -
[b2=29 b1=27 GPU] stage  87.3% (24661442335209/28237773109178) | 820.5M/s | ETA 1:12:38 | best -
[b2=29 b1=27 GPU] stage  87.3% (24663321383401/28237773109178) | 825.2M/s | ETA 1:12:11 | best -
[b2=29 b1=27 GPU] stage  87.3% (24665200431593/28237773109178) | 824.8M/s | ETA 1:12:11 | best -
[b2=29 b1=27 GPU] stage  87.4% (24667079479785/28237773109178) | 817.6M/s | ETA 1:12:47 | best -
[b2=29 b1=27 GPU] stage  87.4% (24668958527977/28237773109178) | 818.1M/s | ETA 1:12:42 | best -
[b2=29 b1=27 GPU] stage  87.4% (24670837576169/28237773109178) | 821.7M/s | ETA 1:12:21 | best -
[b2=29 b1=27 GPU] stage  87.4% (24672716624361/28237773109178) | 826.3M/s | ETA 1:11:54 | best -
[b2=29 b1=27 GPU] stage  87.4% (24674595672553/28237773109178) | 818.1M/s | ETA 1:12:35 | best -
[b2=29 b1=27 GPU] stage  87.4% (24676474720745/28237773109178) | 820.7M/s | ETA 1:12:19 | best -
[b2=29 b1=27 GPU] stage  87.4% (24678353768937/28237773109178) | 822.3M/s | ETA 1:12:08 | best -
[b2=29 b1=27 GPU] stage  87.4% (24680232817129/28237773109178) | 829.7M/s | ETA 1:11:27 | best -
[b2=29 b1=27 GPU] stage  87.4% (24682111865321/28237773109178) | 820.7M/s | ETA 1:12:12 | best -
[b2=29 b1=27 GPU] stage  87.4% (24683990913513/28237773109178) | 819.1M/s | ETA 1:12:18 | best -
[b2=29 b1=27 GPU] stage  87.4% (24685869961705/28237773109178) | 822.7M/s | ETA 1:11:57 | best -
[b2=29 b1=27 GPU] stage  87.4% (24687749009897/28237773109178) | 827.3M/s | ETA 1:11:31 | best -
[b2=29 b1=27 GPU] stage  87.4% (24689628058089/28237773109178) | 822.8M/s | ETA 1:11:52 | best -
[b2=29 b1=27 GPU] stage  87.4% (24691507106281/28237773109178) | 818.2M/s | ETA 1:12:14 | best -
[b2=29 b1=27 GPU] stage  87.4% (24693386154473/28237773109178) | 820.8M/s | ETA 1:11:58 | best -
[b2=29 b1=27 GPU] stage  87.5% (24695265202665/28237773109178) | 825.2M/s | ETA 1:11:33 | best -
[b2=29 b1=27 GPU] stage  87.5% (24697144250857/28237773109178) | 824.9M/s | ETA 1:11:31 | best -
[b2=29 b1=27 GPU] stage  87.5% (24699023299049/28237773109178) | 818.2M/s | ETA 1:12:05 | best -
[b2=29 b1=27 GPU] stage  87.5% (24700902347241/28237773109178) | 820.0M/s | ETA 1:11:53 | best -
[b2=29 b1=27 GPU] stage  87.5% (24702781395433/28237773109178) | 825.3M/s | ETA 1:11:23 | best -
[b2=29 b1=27 GPU] stage  87.5% (24704660443625/28237773109178) | 825.9M/s | ETA 1:11:17 | best -
[b2=29 b1=27 GPU] stage  87.5% (24706539491817/28237773109178) | 818.8M/s | ETA 1:11:52 | best -
[b2=29 b1=27 GPU] stage  87.5% (24708418540009/28237773109178) | 818.3M/s | ETA 1:11:52 | best -
[b2=29 b1=27 GPU] stage  87.5% (24710297588201/28237773109178) | 822.2M/s | ETA 1:11:30 | best -
[b2=29 b1=27 GPU] stage  87.5% (24712176636393/28237773109178) | 827.0M/s | ETA 1:11:02 | best -
[b2=29 b1=27 GPU] stage  87.5% (24714055684585/28237773109178) | 818.9M/s | ETA 1:11:42 | best -
[b2=29 b1=27 GPU] stage  87.5% (24715934732777/28237773109178) | 819.5M/s | ETA 1:11:37 | best -
[b2=29 b1=27 GPU] stage  87.5% (24717813780969/28237773109178) | 822.1M/s | ETA 1:11:21 | best -
[b2=29 b1=27 GPU] stage  87.5% (24719692829161/28237773109178) | 827.9M/s | ETA 1:10:49 | best -
[b2=29 b1=27 GPU] stage  87.5% (24721571877353/28237773109178) | 819.7M/s | ETA 1:11:29 | best -
[b2=29 b1=27 GPU] stage  87.6% (24723450925545/28237773109178) | 819.1M/s | ETA 1:11:30 | best -
[b2=29 b1=27 GPU] stage  87.6% (24725329973737/28237773109178) | 821.0M/s | ETA 1:11:18 | best -
[b2=29 b1=27 GPU] stage  87.6% (24727209021929/28237773109178) | 826.1M/s | ETA 1:10:49 | best -
[b2=29 b1=27 GPU] stage  87.6% (24729088070121/28237773109178) | 824.3M/s | ETA 1:10:56 | best -
[b2=29 b1=27 GPU] stage  87.6% (24730967118313/28237773109178) | 818.3M/s | ETA 1:11:25 | best -
[b2=29 b1=27 GPU] stage  87.6% (24732846166505/28237773109178) | 820.1M/s | ETA 1:11:13 | best -
[b2=29 b1=27 GPU] stage  87.6% (24734725214697/28237773109178) | 824.8M/s | ETA 1:10:47 | best -
[b2=29 b1=27 GPU] stage  87.6% (24736604262889/28237773109178) | 824.6M/s | ETA 1:10:45 | best -
[b2=29 b1=27 GPU] stage  87.6% (24738483311081/28237773109178) | 818.7M/s | ETA 1:11:14 | best -
[b2=29 b1=27 GPU] stage  87.6% (24740362359273/28237773109178) | 819.3M/s | ETA 1:11:08 | best -
[b2=29 b1=27 GPU] stage  87.6% (24742241407465/28237773109178) | 823.8M/s | ETA 1:10:43 | best -
[b2=29 b1=27 GPU] stage  87.6% (24744120455657/28237773109178) | 826.6M/s | ETA 1:10:26 | best -
[b2=29 b1=27 GPU] stage  87.6% (24745999503849/28237773109178) | 818.6M/s | ETA 1:11:05 | best -
[b2=29 b1=27 GPU] stage  87.6% (24747878552041/28237773109178) | 820.8M/s | ETA 1:10:52 | best -
[b2=29 b1=27 GPU] stage  87.6% (24749757600233/28237773109178) | 823.0M/s | ETA 1:10:38 | best -
[b2=29 b1=27 GPU] stage  87.7% (24751636648425/28237773109178) | 828.3M/s | ETA 1:10:08 | best -
[b2=29 b1=27 GPU] stage  87.7% (24753515696617/28237773109178) | 818.2M/s | ETA 1:10:58 | best -
[b2=29 b1=27 GPU] stage  87.7% (24755394744809/28237773109178) | 819.7M/s | ETA 1:10:48 | best -
[b2=29 b1=27 GPU] stage  87.7% (24757273793001/28237773109178) | 819.6M/s | ETA 1:10:46 | best -
[b2=29 b1=27 GPU] stage  87.7% (24759152841193/28237773109178) | 827.9M/s | ETA 1:10:01 | best -
[b2=29 b1=27 GPU] stage  87.7% (24761031889385/28237773109178) | 822.7M/s | ETA 1:10:26 | best -
[b2=29 b1=27 GPU] stage  87.7% (24762910937577/28237773109178) | 819.6M/s | ETA 1:10:39 | best -
[b2=29 b1=27 GPU] stage  87.7% (24764789985769/28237773109178) | 821.4M/s | ETA 1:10:28 | best -
[b2=29 b1=27 GPU] stage  87.7% (24766669033961/28237773109178) | 826.8M/s | ETA 1:09:58 | best -
[b2=29 b1=27 GPU] stage  87.7% (24768548082153/28237773109178) | 826.0M/s | ETA 1:10:00 | best -
[b2=29 b1=27 GPU] stage  87.7% (24770427130345/28237773109178) | 818.8M/s | ETA 1:10:34 | best -
[b2=29 b1=27 GPU] stage  87.7% (24772306178537/28237773109178) | 820.7M/s | ETA 1:10:22 | best -
[b2=29 b1=27 GPU] stage  87.7% (24774185226729/28237773109178) | 826.2M/s | ETA 1:09:52 | best -
[b2=29 b1=27 GPU] stage  87.7% (24776064274921/28237773109178) | 825.6M/s | ETA 1:09:52 | best -
[b2=29 b1=27 GPU] stage  87.7% (24777943323113/28237773109178) | 818.7M/s | ETA 1:10:26 | best -
[b2=29 b1=27 GPU] stage  87.8% (24779822371305/28237773109178) | 820.7M/s | ETA 1:10:13 | best -
[b2=29 b1=27 GPU] stage  87.8% (24781701419497/28237773109178) | 824.1M/s | ETA 1:09:53 | best -
[b2=29 b1=27 GPU] stage  87.8% (24783580467689/28237773109178) | 827.2M/s | ETA 1:09:35 | best -
[b2=29 b1=27 GPU] stage  87.8% (24785459515881/28237773109178) | 818.7M/s | ETA 1:10:16 | best -
[b2=29 b1=27 GPU] stage  87.8% (24787338564073/28237773109178) | 819.6M/s | ETA 1:10:09 | best -
[b2=29 b1=27 GPU] stage  87.8% (24789217612265/28237773109178) | 823.8M/s | ETA 1:09:46 | best -
[b2=29 b1=27 GPU] stage  87.8% (24791096660457/28237773109178) | 827.6M/s | ETA 1:09:24 | best -
[b2=29 b1=27 GPU] stage  87.8% (24792975708649/28237773109178) | 820.4M/s | ETA 1:09:59 | best -
[b2=29 b1=27 GPU] stage  87.8% (24794854756841/28237773109178) | 820.0M/s | ETA 1:09:58 | best -
[b2=29 b1=27 GPU] stage  87.8% (24796733805033/28237773109178) | 823.2M/s | ETA 1:09:40 | best -
[b2=29 b1=27 GPU] stage  87.8% (24798612853225/28237773109178) | 828.9M/s | ETA 1:09:09 | best -
[b2=29 b1=27 GPU] stage  87.8% (24800491901417/28237773109178) | 822.9M/s | ETA 1:09:37 | best -
[b2=29 b1=27 GPU] stage  87.8% (24802370949609/28237773109178) | 819.1M/s | ETA 1:09:54 | best -
[b2=29 b1=27 GPU] stage  87.8% (24804249997801/28237773109178) | 821.9M/s | ETA 1:09:37 | best -
[b2=29 b1=27 GPU] stage  87.8% (24806129045993/28237773109178) | 820.5M/s | ETA 1:09:42 | best -
[b2=29 b1=27 GPU] stage  87.9% (24808008094185/28237773109178) | 825.6M/s | ETA 1:09:14 | best -
[b2=29 b1=27 GPU] stage  87.9% (24809887142377/28237773109178) | 819.1M/s | ETA 1:09:44 | best -
[b2=29 b1=27 GPU] stage  87.9% (24811766190569/28237773109178) | 822.1M/s | ETA 1:09:27 | best -
[b2=29 b1=27 GPU] stage  87.9% (24813645238761/28237773109178) | 825.6M/s | ETA 1:09:07 | best -
[b2=29 b1=27 GPU] stage  87.9% (24815524286953/28237773109178) | 826.7M/s | ETA 1:08:59 | best -
[b2=29 b1=27 GPU] stage  87.9% (24817403335145/28237773109178) | 819.6M/s | ETA 1:09:33 | best -
[b2=29 b1=27 GPU] stage  87.9% (24819282383337/28237773109178) | 821.0M/s | ETA 1:09:23 | best -
[b2=29 b1=27 GPU] stage  87.9% (24821161431529/28237773109178) | 824.7M/s | ETA 1:09:02 | best -
[b2=29 b1=27 GPU] stage  87.9% (24823040479721/28237773109178) | 828.6M/s | ETA 1:08:41 | best -
[b2=29 b1=27 GPU] stage  87.9% (24824919527913/28237773109178) | 819.1M/s | ETA 1:09:26 | best -
[b2=29 b1=27 GPU] stage  87.9% (24826798576105/28237773109178) | 820.1M/s | ETA 1:09:19 | best -
[b2=29 b1=27 GPU] stage  87.9% (24828677624297/28237773109178) | 822.9M/s | ETA 1:09:02 | best -
[b2=29 b1=27 GPU] stage  87.9% (24830556672489/28237773109178) | 828.1M/s | ETA 1:08:34 | best -
[b2=29 b1=27 GPU] stage  87.9% (24832435720681/28237773109178) | 819.5M/s | ETA 1:09:15 | best -
[b2=29 b1=27 GPU] stage  87.9% (24834314768873/28237773109178) | 820.0M/s | ETA 1:09:10 | best -
[b2=29 b1=27 GPU] stage  88.0% (24836193817065/28237773109178) | 821.8M/s | ETA 1:08:59 | best -
[b2=29 b1=27 GPU] stage  88.0% (24838072865257/28237773109178) | 828.7M/s | ETA 1:08:22 | best -
[b2=29 b1=27 GPU] stage  88.0% (24839951913449/28237773109178) | 822.9M/s | ETA 1:08:49 | best -
[b2=29 b1=27 GPU] stage  88.0% (24841830961641/28237773109178) | 819.7M/s | ETA 1:09:02 | best -
[b2=29 b1=27 GPU] stage  88.0% (24843710009833/28237773109178) | 821.3M/s | ETA 1:08:52 | best -
[b2=29 b1=27 GPU] stage  88.0% (24845589058025/28237773109178) | 828.5M/s | ETA 1:08:14 | best -
[b2=29 b1=27 GPU] stage  88.0% (24847468106217/28237773109178) | 825.0M/s | ETA 1:08:29 | best -
[b2=29 b1=27 GPU] stage  88.0% (24849347154409/28237773109178) | 819.3M/s | ETA 1:08:56 | best -
[b2=29 b1=27 GPU] stage  88.0% (24851226202601/28237773109178) | 820.6M/s | ETA 1:08:47 | best -
[b2=29 b1=27 GPU] stage  88.0% (24853105250793/28237773109178) | 826.0M/s | ETA 1:08:17 | best -
[b2=29 b1=27 GPU] stage  88.0% (24854984298985/28237773109178) | 824.7M/s | ETA 1:08:21 | best -
[b2=29 b1=27 GPU] stage  88.0% (24856863347177/28237773109178) | 818.2M/s | ETA 1:08:52 | best -
[b2=29 b1=27 GPU] stage  88.0% (24858742395369/28237773109178) | 820.8M/s | ETA 1:08:36 | best -
[b2=29 b1=27 GPU] stage  88.0% (24860621443561/28237773109178) | 824.0M/s | ETA 1:08:18 | best -
[b2=29 b1=27 GPU] stage  88.0% (24862500491753/28237773109178) | 827.3M/s | ETA 1:07:59 | best -
[b2=29 b1=27 GPU] stage  88.1% (24864379539945/28237773109178) | 818.3M/s | ETA 1:08:42 | best -
[b2=29 b1=27 GPU] stage  88.1% (24866258588137/28237773109178) | 819.9M/s | ETA 1:08:32 | best -
[b2=29 b1=27 GPU] stage  88.1% (24868137636329/28237773109178) | 823.3M/s | ETA 1:08:12 | best -
[b2=29 b1=27 GPU] stage  88.1% (24870016684521/28237773109178) | 829.3M/s | ETA 1:07:40 | best -
[b2=29 b1=27 GPU] stage  88.1% (24871895732713/28237773109178) | 820.4M/s | ETA 1:08:22 | best -
[b2=29 b1=27 GPU] stage  88.1% (24873774780905/28237773109178) | 820.6M/s | ETA 1:08:19 | best -
[b2=29 b1=27 GPU] stage  88.1% (24875653829097/28237773109178) | 822.7M/s | ETA 1:08:06 | best -
[b2=29 b1=27 GPU] stage  88.1% (24877532877289/28237773109178) | 828.6M/s | ETA 1:07:35 | best -
[b2=29 b1=27 GPU] stage  88.1% (24879411925481/28237773109178) | 823.1M/s | ETA 1:07:59 | best -
[b2=29 b1=27 GPU] stage  88.1% (24881290973673/28237773109178) | 819.3M/s | ETA 1:08:16 | best -
[b2=29 b1=27 GPU] stage  88.1% (24883170021865/28237773109178) | 821.4M/s | ETA 1:08:04 | best -
[b2=29 b1=27 GPU] stage  88.1% (24885049070057/28237773109178) | 827.1M/s | ETA 1:07:33 | best -
[b2=29 b1=27 GPU] stage  88.1% (24886928118249/28237773109178) | 824.7M/s | ETA 1:07:43 | best -
[b2=29 b1=27 GPU] stage  88.1% (24888807166441/28237773109178) | 819.3M/s | ETA 1:08:07 | best -
[b2=29 b1=27 GPU] stage  88.1% (24890686214633/28237773109178) | 820.2M/s | ETA 1:08:00 | best -
[b2=29 b1=27 GPU] stage  88.2% (24892565262825/28237773109178) | 826.2M/s | ETA 1:07:29 | best -
[b2=29 b1=27 GPU] stage  88.2% (24894444311017/28237773109178) | 827.1M/s | ETA 1:07:21 | best -
[b2=29 b1=27 GPU] stage  88.2% (24896323359209/28237773109178) | 819.3M/s | ETA 1:07:58 | best -
[b2=29 b1=27 GPU] stage  88.2% (24898202407401/28237773109178) | 820.2M/s | ETA 1:07:51 | best -
[b2=29 b1=27 GPU] stage  88.2% (24900081455593/28237773109178) | 823.9M/s | ETA 1:07:31 | best -
[b2=29 b1=27 GPU] stage  88.2% (24901960503785/28237773109178) | 828.0M/s | ETA 1:07:08 | best -
[b2=29 b1=27 GPU] stage  88.2% (24903839551977/28237773109178) | 819.0M/s | ETA 1:07:50 | best -
[b2=29 b1=27 GPU] stage  88.2% (24905718600169/28237773109178) | 817.8M/s | ETA 1:07:54 | best -
[b2=29 b1=27 GPU] stage  88.2% (24907597648361/28237773109178) | 823.1M/s | ETA 1:07:26 | best -
[b2=29 b1=27 GPU] stage  88.2% (24909476696553/28237773109178) | 828.8M/s | ETA 1:06:55 | best -
[b2=29 b1=27 GPU] stage  88.2% (24911355744745/28237773109178) | 820.7M/s | ETA 1:07:33 | best -
[b2=29 b1=27 GPU] stage  88.2% (24913234792937/28237773109178) | 819.8M/s | ETA 1:07:35 | best -
[b2=29 b1=27 GPU] stage  88.2% (24915113841129/28237773109178) | 823.0M/s | ETA 1:07:17 | best -
[b2=29 b1=27 GPU] stage  88.2% (24916992889321/28237773109178) | 829.9M/s | ETA 1:06:41 | best -
[b2=29 b1=27 GPU] stage  88.2% (24918871937513/28237773109178) | 822.2M/s | ETA 1:07:16 | best -
[b2=29 b1=27 GPU] stage  88.3% (24920750985705/28237773109178) | 819.2M/s | ETA 1:07:29 | best -
[b2=29 b1=27 GPU] stage  88.3% (24922630033897/28237773109178) | 821.5M/s | ETA 1:07:15 | best -
[b2=29 b1=27 GPU] stage  88.3% (24924509082089/28237773109178) | 827.2M/s | ETA 1:06:45 | best -
[b2=29 b1=27 GPU] stage  88.3% (24926388130281/28237773109178) | 825.1M/s | ETA 1:06:53 | best -
[b2=29 b1=27 GPU] stage  88.3% (24928267178473/28237773109178) | 819.1M/s | ETA 1:07:20 | best -
[b2=29 b1=27 GPU] stage  88.3% (24930146226665/28237773109178) | 821.2M/s | ETA 1:07:07 | best -
[b2=29 b1=27 GPU] stage  88.3% (24932025274857/28237773109178) | 825.6M/s | ETA 1:06:44 | best -
[b2=29 b1=27 GPU] stage  88.3% (24933904323049/28237773109178) | 826.6M/s | ETA 1:06:36 | best -
[b2=29 b1=27 GPU] stage  88.3% (24935783371241/28237773109178) | 817.9M/s | ETA 1:07:17 | best -
[b2=29 b1=27 GPU] stage  88.3% (24937662419433/28237773109178) | 819.8M/s | ETA 1:07:05 | best -
[b2=29 b1=27 GPU] stage  88.3% (24939541467625/28237773109178) | 824.0M/s | ETA 1:06:42 | best -
[b2=29 b1=27 GPU] stage  88.3% (24941420515817/28237773109178) | 827.0M/s | ETA 1:06:25 | best -
[b2=29 b1=27 GPU] stage  88.3% (24943299564009/28237773109178) | 817.9M/s | ETA 1:07:07 | best -
[b2=29 b1=27 GPU] stage  88.3% (24945178612201/28237773109178) | 819.6M/s | ETA 1:06:57 | best -
[b2=29 b1=27 GPU] stage  88.3% (24947057660393/28237773109178) | 823.6M/s | ETA 1:06:35 | best -
[b2=29 b1=27 GPU] stage  88.4% (24948936708585/28237773109178) | 828.7M/s | ETA 1:06:08 | best -
[b2=29 b1=27 GPU] stage  88.4% (24950815756777/28237773109178) | 820.5M/s | ETA 1:06:45 | best -
[b2=29 b1=27 GPU] stage  88.4% (24952694804969/28237773109178) | 820.0M/s | ETA 1:06:46 | best -
[b2=29 b1=27 GPU] stage  88.4% (24954573853161/28237773109178) | 821.9M/s | ETA 1:06:34 | best -
[b2=29 b1=27 GPU] stage  88.4% (24956452901353/28237773109178) | 829.9M/s | ETA 1:05:53 | best -
[b2=29 b1=27 GPU] stage  88.4% (24958331949545/28237773109178) | 822.4M/s | ETA 1:06:27 | best -
[b2=29 b1=27 GPU] stage  88.4% (24960210997737/28237773109178) | 819.0M/s | ETA 1:06:42 | best -
[b2=29 b1=27 GPU] stage  88.4% (24962090045929/28237773109178) | 821.7M/s | ETA 1:06:26 | best -
[b2=29 b1=27 GPU] stage  88.4% (24963969094121/28237773109178) | 827.4M/s | ETA 1:05:56 | best -
[b2=29 b1=27 GPU] stage  88.4% (24965848142313/28237773109178) | 825.9M/s | ETA 1:06:01 | best -
[b2=29 b1=27 GPU] stage  88.4% (24967727190505/28237773109178) | 818.7M/s | ETA 1:06:34 | best -
[b2=29 b1=27 GPU] stage  88.4% (24969606238697/28237773109178) | 820.7M/s | ETA 1:06:22 | best -
[b2=29 b1=27 GPU] stage  88.4% (24971485286889/28237773109178) | 826.1M/s | ETA 1:05:53 | best -
[b2=29 b1=27 GPU] stage  88.4% (24973364335081/28237773109178) | 824.6M/s | ETA 1:05:58 | best -
[b2=29 b1=27 GPU] stage  88.4% (24975243383273/28237773109178) | 818.3M/s | ETA 1:06:26 | best -
[b2=29 b1=27 GPU] stage  88.5% (24977122431465/28237773109178) | 820.9M/s | ETA 1:06:11 | best -
[b2=29 b1=27 GPU] stage  88.5% (24979001479657/28237773109178) | 824.9M/s | ETA 1:05:50 | best -
[b2=29 b1=27 GPU] stage  88.5% (24980880527849/28237773109178) | 826.5M/s | ETA 1:05:40 | best -
[b2=29 b1=27 GPU] stage  88.5% (24982759576041/28237773109178) | 819.1M/s | ETA 1:06:13 | best -
[b2=29 b1=27 GPU] stage  88.5% (24984638624233/28237773109178) | 819.1M/s | ETA 1:06:11 | best -
[b2=29 b1=27 GPU] stage  88.5% (24986517672425/28237773109178) | 823.0M/s | ETA 1:05:50 | best -
[b2=29 b1=27 GPU] stage  88.5% (24988396720617/28237773109178) | 829.3M/s | ETA 1:05:18 | best -
[b2=29 b1=27 GPU] stage  88.5% (24990275768809/28237773109178) | 820.4M/s | ETA 1:05:58 | best -
[b2=29 b1=27 GPU] stage  88.5% (24992154817001/28237773109178) | 820.4M/s | ETA 1:05:56 | best -
[b2=29 b1=27 GPU] stage  88.5% (24994033865193/28237773109178) | 823.1M/s | ETA 1:05:40 | best -
[b2=29 b1=27 GPU] stage  88.5% (24995912913385/28237773109178) | 829.9M/s | ETA 1:05:06 | best -
[b2=29 b1=27 GPU] stage  88.5% (24997791961577/28237773109178) | 821.6M/s | ETA 1:05:43 | best -
[b2=29 b1=27 GPU] stage  88.5% (24999671009769/28237773109178) | 819.1M/s | ETA 1:05:53 | best -
[b2=29 b1=27 GPU] stage  88.5% (25001550057961/28237773109178) | 821.1M/s | ETA 1:05:41 | best -
[b2=29 b1=27 GPU] stage  88.5% (25003429106153/28237773109178) | 823.3M/s | ETA 1:05:28 | best -
[b2=29 b1=27 GPU] stage  88.6% (25005308154345/28237773109178) | 824.4M/s | ETA 1:05:20 | best -
[b2=29 b1=27 GPU] stage  88.6% (25007187202537/28237773109178) | 819.1M/s | ETA 1:05:43 | best -
[b2=29 b1=27 GPU] stage  88.6% (25009066250729/28237773109178) | 821.0M/s | ETA 1:05:32 | best -
[b2=29 b1=27 GPU] stage  88.6% (25010945298921/28237773109178) | 826.1M/s | ETA 1:05:05 | best -
[b2=29 b1=27 GPU] stage  88.6% (25012824347113/28237773109178) | 826.0M/s | ETA 1:05:04 | best -
[b2=29 b1=27 GPU] stage  88.6% (25014703395305/28237773109178) | 819.0M/s | ETA 1:05:35 | best -
[b2=29 b1=27 GPU] stage  88.6% (25016582443497/28237773109178) | 820.9M/s | ETA 1:05:24 | best -
[b2=29 b1=27 GPU] stage  88.6% (25018461491689/28237773109178) | 824.3M/s | ETA 1:05:05 | best -
[b2=29 b1=27 GPU] stage  88.6% (25020340539881/28237773109178) | 825.4M/s | ETA 1:04:58 | best -
[b2=29 b1=27 GPU] stage  88.6% (25022219588073/28237773109178) | 818.3M/s | ETA 1:05:29 | best -
[b2=29 b1=27 GPU] stage  88.6% (25024098636265/28237773109178) | 819.6M/s | ETA 1:05:21 | best -
[b2=29 b1=27 GPU] stage  88.6% (25025977684457/28237773109178) | 822.4M/s | ETA 1:05:05 | best -
[b2=29 b1=27 GPU] stage  88.6% (25027856732649/28237773109178) | 829.2M/s | ETA 1:04:31 | best -
[b2=29 b1=27 GPU] stage  88.6% (25029735780841/28237773109178) | 820.2M/s | ETA 1:05:11 | best -
[b2=29 b1=27 GPU] stage  88.6% (25031614829033/28237773109178) | 819.8M/s | ETA 1:05:10 | best -
[b2=29 b1=27 GPU] stage  88.7% (25033493877225/28237773109178) | 822.3M/s | ETA 1:04:56 | best -
[b2=29 b1=27 GPU] stage  88.7% (25035372925417/28237773109178) | 828.5M/s | ETA 1:04:25 | best -
[b2=29 b1=27 GPU] stage  88.7% (25037251973609/28237773109178) | 822.8M/s | ETA 1:04:49 | best -
[b2=29 b1=27 GPU] stage  88.7% (25039131021801/28237773109178) | 819.8M/s | ETA 1:05:01 | best -
[b2=29 b1=27 GPU] stage  88.7% (25041010069993/28237773109178) | 821.8M/s | ETA 1:04:50 | best -
[b2=29 b1=27 GPU] stage  88.7% (25042889118185/28237773109178) | 826.6M/s | ETA 1:04:25 | best -
[b2=29 b1=27 GPU] stage  88.7% (25044768166377/28237773109178) | 825.1M/s | ETA 1:04:30 | best -
[b2=29 b1=27 GPU] stage  88.7% (25046647214569/28237773109178) | 819.1M/s | ETA 1:04:55 | best -
[b2=29 b1=27 GPU] stage  88.7% (25048526262761/28237773109178) | 821.0M/s | ETA 1:04:44 | best -
[b2=29 b1=27 GPU] stage  88.7% (25050405310953/28237773109178) | 826.8M/s | ETA 1:04:15 | best -
[b2=29 b1=27 GPU] stage  88.7% (25052284359145/28237773109178) | 823.8M/s | ETA 1:04:26 | best -
[b2=29 b1=27 GPU] stage  88.7% (25054163407337/28237773109178) | 816.6M/s | ETA 1:04:58 | best -
[b2=29 b1=27 GPU] stage  88.7% (25056042455529/28237773109178) | 820.1M/s | ETA 1:04:39 | best -
[b2=29 b1=27 GPU] stage  88.7% (25057921503721/28237773109178) | 824.7M/s | ETA 1:04:15 | best -
[b2=29 b1=27 GPU] stage  88.7% (25059800551913/28237773109178) | 826.0M/s | ETA 1:04:07 | best -
[b2=29 b1=27 GPU] stage  88.8% (25061679600105/28237773109178) | 818.8M/s | ETA 1:04:39 | best -
[b2=29 b1=27 GPU] stage  88.8% (25063558648297/28237773109178) | 821.0M/s | ETA 1:04:26 | best -
[b2=29 b1=27 GPU] stage  88.8% (25065437696489/28237773109178) | 824.9M/s | ETA 1:04:05 | best -
[b2=29 b1=27 GPU] stage  88.8% (25067316744681/28237773109178) | 829.3M/s | ETA 1:03:43 | best -
[b2=29 b1=27 GPU] stage  88.8% (25069195792873/28237773109178) | 820.1M/s | ETA 1:04:23 | best -
[b2=29 b1=27 GPU] stage  88.8% (25071074841065/28237773109178) | 819.7M/s | ETA 1:04:23 | best -
[b2=29 b1=27 GPU] stage  88.8% (25075101372905/28237773109178) | 2286.9M/s | ETA 0:23:02 | best -
[b2=29 b1=27 GPU] stage  88.8% (25079933211113/28237773109178) | 2320.3M/s | ETA 0:22:40 | best -
[b2=29 b1=27 GPU] stage  88.8% (25084765049321/28237773109178) | 2300.2M/s | ETA 0:22:50 | best -
[b2=29 b1=27 GPU] stage  88.9% (25089596887529/28237773109178) | 2304.1M/s | ETA 0:22:46 | best -
[b2=29 b1=27 GPU] stage  88.9% (25094428725737/28237773109178) | 2322.8M/s | ETA 0:22:33 | best -
[b2=29 b1=27 GPU] stage  88.9% (25099260563945/28237773109178) | 2298.1M/s | ETA 0:22:45 | best -
[b2=29 b1=27 GPU] stage  88.9% (25104092402153/28237773109178) | 2300.6M/s | ETA 0:22:42 | best -
[b2=29 b1=27 GPU] stage  88.9% (25108924240361/28237773109178) | 2316.0M/s | ETA 0:22:30 | best -
[b2=29 b1=27 GPU] stage  88.9% (25113756078569/28237773109178) | 2314.3M/s | ETA 0:22:29 | best -
[b2=29 b1=27 GPU] stage  89.0% (25118587916777/28237773109178) | 2303.4M/s | ETA 0:22:34 | best -
[b2=29 b1=27 GPU] stage  89.0% (25123419754985/28237773109178) | 2306.0M/s | ETA 0:22:30 | best -
[b2=29 b1=27 GPU] stage  89.0% (25128251593193/28237773109178) | 2317.6M/s | ETA 0:22:21 | best -
[b2=29 b1=27 GPU] stage  89.0% (25133083431401/28237773109178) | 2295.8M/s | ETA 0:22:32 | best -
[b2=29 b1=27 GPU] stage  89.0% (25137915269609/28237773109178) | 2306.8M/s | ETA 0:22:23 | best -
[b2=29 b1=27 GPU] stage  89.0% (25142747107817/28237773109178) | 2326.9M/s | ETA 0:22:10 | best -
[b2=29 b1=27 GPU] stage  89.1% (25147578946025/28237773109178) | 2303.2M/s | ETA 0:22:21 | best -
[b2=29 b1=27 GPU] stage  89.1% (25152410784233/28237773109178) | 2299.5M/s | ETA 0:22:21 | best -
[b2=29 b1=27 GPU] stage  89.1% (25157242622441/28237773109178) | 2304.6M/s | ETA 0:22:16 | best -
[b2=29 b1=27 GPU] stage  89.1% (25162074460649/28237773109178) | 2311.9M/s | ETA 0:22:10 | best -
[b2=29 b1=27 GPU] stage  89.1% (25166906298857/28237773109178) | 2301.3M/s | ETA 0:22:14 | best -
[b2=29 b1=27 GPU] stage  89.1% (25171738137065/28237773109178) | 2306.2M/s | ETA 0:22:09 | best -
[b2=29 b1=27 GPU] stage  89.2% (25176569975273/28237773109178) | 2321.8M/s | ETA 0:21:58 | best -
[b2=29 b1=27 GPU] stage  89.2% (25181401813481/28237773109178) | 2294.5M/s | ETA 0:22:12 | best -
[b2=29 b1=27 GPU] stage  89.2% (25186233651689/28237773109178) | 2306.1M/s | ETA 0:22:03 | best -
[b2=29 b1=27 GPU] stage  89.2% (25191065489897/28237773109178) | 2321.8M/s | ETA 0:21:52 | best -
[b2=29 b1=27 GPU] stage  89.2% (25195897328105/28237773109178) | 2302.1M/s | ETA 0:22:01 | best -
[b2=29 b1=27 GPU] stage  89.2% (25200729166313/28237773109178) | 2300.2M/s | ETA 0:22:00 | best -
[b2=29 b1=27 GPU] stage  89.3% (25205561004521/28237773109178) | 2313.0M/s | ETA 0:21:50 | best -
[b2=29 b1=27 GPU] stage  89.3% (25210392842729/28237773109178) | 2310.8M/s | ETA 0:21:50 | best -
[b2=29 b1=27 GPU] stage  89.3% (25215224680937/28237773109178) | 2300.2M/s | ETA 0:21:54 | best -
[b2=29 b1=27 GPU] stage  89.3% (25220056519145/28237773109178) | 2312.7M/s | ETA 0:21:44 | best -
[b2=29 b1=27 GPU] stage  89.3% (25224888357353/28237773109178) | 2319.1M/s | ETA 0:21:39 | best -
[b2=29 b1=27 GPU] stage  89.3% (25229720195561/28237773109178) | 2299.3M/s | ETA 0:21:48 | best -
[b2=29 b1=27 GPU] stage  89.4% (25234552033769/28237773109178) | 2303.9M/s | ETA 0:21:43 | best -
[b2=29 b1=27 GPU] stage  89.4% (25239383871977/28237773109178) | 2323.1M/s | ETA 0:21:30 | best -
[b2=29 b1=27 GPU] stage  89.4% (25244215710185/28237773109178) | 2301.1M/s | ETA 0:21:40 | best -
[b2=29 b1=27 GPU] stage  89.4% (25249047548393/28237773109178) | 2302.7M/s | ETA 0:21:37 | best -
[b2=29 b1=27 GPU] stage  89.4% (25253879386601/28237773109178) | 2314.9M/s | ETA 0:21:28 | best -
[b2=29 b1=27 GPU] stage  89.5% (25258711224809/28237773109178) | 2309.6M/s | ETA 0:21:29 | best -
[b2=29 b1=27 GPU] stage  89.5% (25263543063017/28237773109178) | 2296.5M/s | ETA 0:21:35 | best -
[b2=29 b1=27 GPU] stage  89.5% (25268374901225/28237773109178) | 2307.9M/s | ETA 0:21:26 | best -
[b2=29 b1=27 GPU] stage  89.5% (25273206739433/28237773109178) | 2321.7M/s | ETA 0:21:16 | best -
[b2=29 b1=27 GPU] stage  89.5% (25278038577641/28237773109178) | 2299.3M/s | ETA 0:21:27 | best -
[b2=29 b1=27 GPU] stage  89.5% (25282870415849/28237773109178) | 2305.1M/s | ETA 0:21:21 | best -
[b2=29 b1=27 GPU] stage  89.6% (25287702254057/28237773109178) | 2326.2M/s | ETA 0:21:08 | best -
[b2=29 b1=27 GPU] stage  89.6% (25292534092265/28237773109178) | 2303.9M/s | ETA 0:21:18 | best -
[b2=29 b1=27 GPU] stage  89.6% (25297365930473/28237773109178) | 2295.8M/s | ETA 0:21:20 | best -
[b2=29 b1=27 GPU] stage  89.6% (25302197768681/28237773109178) | 2313.5M/s | ETA 0:21:08 | best -
[b2=29 b1=27 GPU] stage  89.6% (25307029606889/28237773109178) | 2305.1M/s | ETA 0:21:11 | best -
[b2=29 b1=27 GPU] stage  89.6% (25311861445097/28237773109178) | 2305.4M/s | ETA 0:21:09 | best -
[b2=29 b1=27 GPU] stage  89.7% (25316693283305/28237773109178) | 2306.9M/s | ETA 0:21:06 | best -
[b2=29 b1=27 GPU] stage  89.7% (25321525121513/28237773109178) | 2322.4M/s | ETA 0:20:55 | best -
[b2=29 b1=27 GPU] stage  89.7% (25326356959721/28237773109178) | 2296.9M/s | ETA 0:21:07 | best -
[b2=29 b1=27 GPU] stage  89.7% (25331188797929/28237773109178) | 2297.7M/s | ETA 0:21:05 | best -
[b2=29 b1=27 GPU] stage  89.7% (25336020636137/28237773109178) | 2317.8M/s | ETA 0:20:51 | best -
[b2=29 b1=27 GPU] stage  89.7% (25340852474345/28237773109178) | 2296.9M/s | ETA 0:21:01 | best -
[b2=29 b1=27 GPU] stage  89.8% (25345684312553/28237773109178) | 2301.3M/s | ETA 0:20:56 | best -
[b2=29 b1=27 GPU] stage  89.8% (25350516150761/28237773109178) | 2315.6M/s | ETA 0:20:46 | best -
[b2=29 b1=27 GPU] stage  89.8% (25355347988969/28237773109178) | 2310.9M/s | ETA 0:20:47 | best -
[b2=29 b1=27 GPU] stage  89.8% (25360179827177/28237773109178) | 2299.7M/s | ETA 0:20:51 | best -
[b2=29 b1=27 GPU] stage  89.8% (25365011665385/28237773109178) | 2303.7M/s | ETA 0:20:47 | best -
[b2=29 b1=27 GPU] stage  89.8% (25369843503593/28237773109178) | 2319.7M/s | ETA 0:20:36 | best -
[b2=29 b1=27 GPU] stage  89.9% (25374675341801/28237773109178) | 2307.5M/s | ETA 0:20:40 | best -
[b2=29 b1=27 GPU] stage  89.9% (25379507180009/28237773109178) | 2299.1M/s | ETA 0:20:43 | best -
[b2=29 b1=27 GPU] stage  89.9% (25384339018217/28237773109178) | 2321.8M/s | ETA 0:20:29 | best -
[b2=29 b1=27 GPU] stage  89.9% (25389170856425/28237773109178) | 2298.7M/s | ETA 0:20:39 | best -
[b2=29 b1=27 GPU] stage  89.9% (25394002694633/28237773109178) | 2304.0M/s | ETA 0:20:34 | best -
[b2=29 b1=27 GPU] stage  89.9% (25398834532841/28237773109178) | 2320.4M/s | ETA 0:20:23 | best -
[b2=29 b1=27 GPU] stage  90.0% (25403666371049/28237773109178) | 2303.8M/s | ETA 0:20:30 | best -
[b2=29 b1=27 GPU] stage  90.0% (25408498209257/28237773109178) | 2300.6M/s | ETA 0:20:29 | best -
[b2=29 b1=27 GPU] stage  90.0% (25413330047465/28237773109178) | 2309.2M/s | ETA 0:20:23 | best -
[b2=29 b1=27 GPU] stage  90.0% (25418161885673/28237773109178) | 2321.1M/s | ETA 0:20:14 | best -
[b2=29 b1=27 GPU] stage  90.0% (25422993723881/28237773109178) | 2301.9M/s | ETA 0:20:22 | best -
[b2=29 b1=27 GPU] stage  90.0% (25427825562089/28237773109178) | 2299.6M/s | ETA 0:20:21 | best -
[b2=29 b1=27 GPU] stage  90.1% (25432657400297/28237773109178) | 2314.9M/s | ETA 0:20:11 | best -
[b2=29 b1=27 GPU] stage  90.1% (25437489238505/28237773109178) | 2300.6M/s | ETA 0:20:17 | best -
[b2=29 b1=27 GPU] stage  90.1% (25442321076713/28237773109178) | 2300.5M/s | ETA 0:20:15 | best -
[b2=29 b1=27 GPU] stage  90.1% (25447152914921/28237773109178) | 2322.0M/s | ETA 0:20:01 | best -
[b2=29 b1=27 GPU] stage  90.1% (25451984753129/28237773109178) | 2306.6M/s | ETA 0:20:07 | best -
[b2=29 b1=27 GPU] stage  90.2% (25456816591337/28237773109178) | 2307.1M/s | ETA 0:20:05 | best -
[b2=29 b1=27 GPU] stage  90.2% (25461648429545/28237773109178) | 2305.9M/s | ETA 0:20:03 | best -
[b2=29 b1=27 GPU] stage  90.2% (25466480267753/28237773109178) | 2319.2M/s | ETA 0:19:54 | best -
[b2=29 b1=27 GPU] stage  90.2% (25471312105961/28237773109178) | 2303.4M/s | ETA 0:20:01 | best -
[b2=29 b1=27 GPU] stage  90.2% (25476143944169/28237773109178) | 2301.8M/s | ETA 0:19:59 | best -
[b2=29 b1=27 GPU] stage  90.2% (25480975782377/28237773109178) | 2320.5M/s | ETA 0:19:48 | best -
[b2=29 b1=27 GPU] stage  90.3% (25485807620585/28237773109178) | 2300.2M/s | ETA 0:19:56 | best -
[b2=29 b1=27 GPU] stage  90.3% (25490639458793/28237773109178) | 2303.4M/s | ETA 0:19:52 | best -
[b2=29 b1=27 GPU] stage  90.3% (25495471297001/28237773109178) | 2320.5M/s | ETA 0:19:41 | best -
[b2=29 b1=27 GPU] stage  90.3% (25500303135209/28237773109178) | 2301.0M/s | ETA 0:19:49 | best -
[b2=29 b1=27 GPU] stage  90.3% (25505134973417/28237773109178) | 2300.8M/s | ETA 0:19:47 | best -
[b2=29 b1=27 GPU] stage  90.3% (25509966811625/28237773109178) | 2302.4M/s | ETA 0:19:44 | best -
[b2=29 b1=27 GPU] stage  90.4% (25514798649833/28237773109178) | 2318.4M/s | ETA 0:19:34 | best -
[b2=29 b1=27 GPU] stage  90.4% (25519630488041/28237773109178) | 2301.7M/s | ETA 0:19:40 | best -
[b2=29 b1=27 GPU] stage  90.4% (25524462326249/28237773109178) | 2304.1M/s | ETA 0:19:37 | best -
[b2=29 b1=27 GPU] stage  90.4% (25529294164457/28237773109178) | 2322.4M/s | ETA 0:19:26 | best -
[b2=29 b1=27 GPU] stage  90.4% (25534126002665/28237773109178) | 2295.6M/s | ETA 0:19:37 | best -
[b2=29 b1=27 GPU] stage  90.4% (25538957840873/28237773109178) | 2298.1M/s | ETA 0:19:34 | best -
[b2=29 b1=27 GPU] stage  90.5% (25543789679081/28237773109178) | 2325.0M/s | ETA 0:19:18 | best -
[b2=29 b1=27 GPU] stage  90.5% (25548621517289/28237773109178) | 2300.8M/s | ETA 0:19:28 | best -
[b2=29 b1=27 GPU] stage  90.5% (25553453355497/28237773109178) | 2299.6M/s | ETA 0:19:27 | best -
[b2=29 b1=27 GPU] stage  90.5% (25558285193705/28237773109178) | 2308.6M/s | ETA 0:19:20 | best -
[b2=29 b1=27 GPU] stage  90.5% (25563117031913/28237773109178) | 2317.6M/s | ETA 0:19:14 | best -
[b2=29 b1=27 GPU] stage  90.5% (25567948870121/28237773109178) | 2300.4M/s | ETA 0:19:20 | best -
[b2=29 b1=27 GPU] stage  90.6% (25572780708329/28237773109178) | 2291.9M/s | ETA 0:19:22 | best -
[b2=29 b1=27 GPU] stage  90.6% (25577612546537/28237773109178) | 2317.7M/s | ETA 0:19:07 | best -
[b2=29 b1=27 GPU] stage  90.6% (25582444384745/28237773109178) | 2301.4M/s | ETA 0:19:13 | best -
[b2=29 b1=27 GPU] stage  90.6% (25587276222953/28237773109178) | 2302.5M/s | ETA 0:19:11 | best -
[b2=29 b1=27 GPU] stage  90.6% (25592108061161/28237773109178) | 2319.2M/s | ETA 0:19:00 | best -
[b2=29 b1=27 GPU] stage  90.6% (25596939899369/28237773109178) | 2300.8M/s | ETA 0:19:07 | best -
[b2=29 b1=27 GPU] stage  90.7% (25601771737577/28237773109178) | 2298.8M/s | ETA 0:19:06 | best -
[b2=29 b1=27 GPU] stage  90.7% (25606603575785/28237773109178) | 2311.3M/s | ETA 0:18:58 | best -
[b2=29 b1=27 GPU] stage  90.7% (25611435413993/28237773109178) | 2317.9M/s | ETA 0:18:53 | best -
[b2=29 b1=27 GPU] stage  90.7% (25616267252201/28237773109178) | 2299.5M/s | ETA 0:19:00 | best -
[b2=29 b1=27 GPU] stage  90.7% (25621099090409/28237773109178) | 2303.2M/s | ETA 0:18:56 | best -
[b2=29 b1=27 GPU] stage  90.8% (25625930928617/28237773109178) | 2325.9M/s | ETA 0:18:42 | best -
[b2=29 b1=27 GPU] stage  90.8% (25630762766825/28237773109178) | 2301.3M/s | ETA 0:18:52 | best -
[b2=29 b1=27 GPU] stage  90.8% (25635594605033/28237773109178) | 2298.7M/s | ETA 0:18:52 | best -
[b2=29 b1=27 GPU] stage  90.8% (25640426443241/28237773109178) | 2322.0M/s | ETA 0:18:38 | best -
[b2=29 b1=27 GPU] stage  90.8% (25645258281449/28237773109178) | 2300.3M/s | ETA 0:18:47 | best -
[b2=29 b1=27 GPU] stage  90.8% (25650090119657/28237773109178) | 2297.7M/s | ETA 0:18:46 | best -
[b2=29 b1=27 GPU] stage  90.9% (25654921957865/28237773109178) | 2314.4M/s | ETA 0:18:35 | best -
[b2=29 b1=27 GPU] stage  90.9% (25659753796073/28237773109178) | 2315.6M/s | ETA 0:18:33 | best -
[b2=29 b1=27 GPU] stage  90.9% (25664585634281/28237773109178) | 2302.2M/s | ETA 0:18:37 | best -
[b2=29 b1=27 GPU] stage  90.9% (25669417472489/28237773109178) | 2301.8M/s | ETA 0:18:35 | best -
[b2=29 b1=27 GPU] stage  90.9% (25674249310697/28237773109178) | 2321.7M/s | ETA 0:18:24 | best -
[b2=29 b1=27 GPU] stage  90.9% (25679081148905/28237773109178) | 2295.4M/s | ETA 0:18:34 | best -
[b2=29 b1=27 GPU] stage  91.0% (25683912987113/28237773109178) | 2298.8M/s | ETA 0:18:30 | best -
[b2=29 b1=27 GPU] stage  91.0% (25688744825321/28237773109178) | 2330.4M/s | ETA 0:18:13 | best -
[b2=29 b1=27 GPU] stage  91.0% (25693576663529/28237773109178) | 2296.3M/s | ETA 0:18:27 | best -
[b2=29 b1=27 GPU] stage  91.0% (25698408501737/28237773109178) | 2300.0M/s | ETA 0:18:24 | best -
[b2=29 b1=27 GPU] stage  91.0% (25703240339945/28237773109178) | 2312.3M/s | ETA 0:18:16 | best -
[b2=29 b1=27 GPU] stage  91.0% (25708072178153/28237773109178) | 2317.5M/s | ETA 0:18:11 | best -
[b2=29 b1=27 GPU] stage  91.1% (25712904016361/28237773109178) | 2298.1M/s | ETA 0:18:18 | best -
[b2=29 b1=27 GPU] stage  91.1% (25717735854569/28237773109178) | 2303.3M/s | ETA 0:18:14 | best -
[b2=29 b1=27 GPU] stage  91.1% (25722567692777/28237773109178) | 2322.7M/s | ETA 0:18:02 | best -
[b2=29 b1=27 GPU] stage  91.1% (25727399530985/28237773109178) | 2292.4M/s | ETA 0:18:15 | best -
[b2=29 b1=27 GPU] stage  91.1% (25732231369193/28237773109178) | 2302.2M/s | ETA 0:18:08 | best -
[b2=29 b1=27 GPU] stage  91.1% (25737063207401/28237773109178) | 2328.2M/s | ETA 0:17:54 | best -
[b2=29 b1=27 GPU] stage  91.2% (25741895045609/28237773109178) | 2295.9M/s | ETA 0:18:07 | best -
[b2=29 b1=27 GPU] stage  91.2% (25746726883817/28237773109178) | 2302.7M/s | ETA 0:18:01 | best -
[b2=29 b1=27 GPU] stage  91.2% (25751558722025/28237773109178) | 2312.8M/s | ETA 0:17:54 | best -
[b2=29 b1=27 GPU] stage  91.2% (25756390560233/28237773109178) | 2312.3M/s | ETA 0:17:53 | best -
[b2=29 b1=27 GPU] stage  91.2% (25761222398441/28237773109178) | 2296.8M/s | ETA 0:17:58 | best -
[b2=29 b1=27 GPU] stage  91.2% (25766054236649/28237773109178) | 2301.7M/s | ETA 0:17:53 | best -
[b2=29 b1=27 GPU] stage  91.3% (25770886074857/28237773109178) | 2322.8M/s | ETA 0:17:42 | best -
[b2=29 b1=27 GPU] stage  91.3% (25775717913065/28237773109178) | 2297.7M/s | ETA 0:17:51 | best -
[b2=29 b1=27 GPU] stage  91.3% (25780549751273/28237773109178) | 2303.2M/s | ETA 0:17:46 | best -
[b2=29 b1=27 GPU] stage  91.3% (25785381589481/28237773109178) | 2323.5M/s | ETA 0:17:35 | best -
[b2=29 b1=27 GPU] stage  91.3% (25790213427689/28237773109178) | 2302.6M/s | ETA 0:17:42 | best -
[b2=29 b1=27 GPU] stage  91.3% (25795045265897/28237773109178) | 2303.3M/s | ETA 0:17:40 | best -
[b2=29 b1=27 GPU] stage  91.4% (25799877104105/28237773109178) | 2310.5M/s | ETA 0:17:35 | best -
[b2=29 b1=27 GPU] stage  91.4% (25804708942313/28237773109178) | 2315.4M/s | ETA 0:17:30 | best -
[b2=29 b1=27 GPU] stage  91.4% (25809540780521/28237773109178) | 2299.7M/s | ETA 0:17:35 | best -
[b2=29 b1=27 GPU] stage  91.4% (25814372618729/28237773109178) | 2307.8M/s | ETA 0:17:30 | best -
[b2=29 b1=27 GPU] stage  91.4% (25819204456937/28237773109178) | 2318.6M/s | ETA 0:17:23 | best -
[b2=29 b1=27 GPU] stage  91.5% (25824036295145/28237773109178) | 2297.3M/s | ETA 0:17:30 | best -
[b2=29 b1=27 GPU] stage  91.5% (25828868133353/28237773109178) | 2302.1M/s | ETA 0:17:26 | best -
[b2=29 b1=27 GPU] stage  91.5% (25833699971561/28237773109178) | 2324.7M/s | ETA 0:17:14 | best -
[b2=29 b1=27 GPU] stage  91.5% (25838531809769/28237773109178) | 2303.0M/s | ETA 0:17:21 | best -
[b2=29 b1=27 GPU] stage  91.5% (25843363647977/28237773109178) | 2299.9M/s | ETA 0:17:21 | best -
[b2=29 b1=27 GPU] stage  91.5% (25848195486185/28237773109178) | 2303.2M/s | ETA 0:17:17 | best -
[b2=29 b1=27 GPU] stage  91.6% (25853027324393/28237773109178) | 2315.8M/s | ETA 0:17:09 | best -
[b2=29 b1=27 GPU] stage  91.6% (25857859162601/28237773109178) | 2298.4M/s | ETA 0:17:15 | best -
[b2=29 b1=27 GPU] stage  91.6% (25862691000809/28237773109178) | 2300.5M/s | ETA 0:17:12 | best -
[b2=29 b1=27 GPU] stage  91.6% (25867522839017/28237773109178) | 2318.9M/s | ETA 0:17:02 | best -
[b2=29 b1=27 GPU] stage  91.6% (25872354677225/28237773109178) | 2297.9M/s | ETA 0:17:09 | best -
[b2=29 b1=27 GPU] stage  91.6% (25877186515433/28237773109178) | 2307.2M/s | ETA 0:17:03 | best -
[b2=29 b1=27 GPU] stage  91.7% (25882018353641/28237773109178) | 2324.3M/s | ETA 0:16:53 | best -
[b2=29 b1=27 GPU] stage  91.7% (25886850191849/28237773109178) | 2302.7M/s | ETA 0:17:00 | best -
[b2=29 b1=27 GPU] stage  91.7% (25891682030057/28237773109178) | 2309.0M/s | ETA 0:16:56 | best -
[b2=29 b1=27 GPU] stage  91.7% (25896513868265/28237773109178) | 2312.7M/s | ETA 0:16:52 | best -
[b2=29 b1=27 GPU] stage  91.7% (25901345706473/28237773109178) | 2309.1M/s | ETA 0:16:51 | best -
[b2=29 b1=27 GPU] stage  91.7% (25906177544681/28237773109178) | 2301.7M/s | ETA 0:16:53 | best -
[b2=29 b1=27 GPU] stage  91.8% (25911009382889/28237773109178) | 2303.4M/s | ETA 0:16:50 | best -
[b2=29 b1=27 GPU] stage  91.8% (25915841221097/28237773109178) | 2318.3M/s | ETA 0:16:41 | best -
[b2=29 b1=27 GPU] stage  91.8% (25920673059305/28237773109178) | 2293.5M/s | ETA 0:16:50 | best -
[b2=29 b1=27 GPU] stage  91.8% (25925504897513/28237773109178) | 2308.5M/s | ETA 0:16:41 | best -
[b2=29 b1=27 GPU] stage  91.8% (25930336735721/28237773109178) | 2320.7M/s | ETA 0:16:34 | best -
[b2=29 b1=27 GPU] stage  91.8% (25935168573929/28237773109178) | 2294.9M/s | ETA 0:16:43 | best -
[b2=29 b1=27 GPU] stage  91.9% (25940000412137/28237773109178) | 2297.7M/s | ETA 0:16:40 | best -
[b2=29 b1=27 GPU] stage  91.9% (25944832250345/28237773109178) | 2314.9M/s | ETA 0:16:30 | best -
[b2=29 b1=27 GPU] stage  91.9% (25949664088553/28237773109178) | 2308.7M/s | ETA 0:16:31 | best -
[b2=29 b1=27 GPU] stage  91.9% (25954495926761/28237773109178) | 2300.3M/s | ETA 0:16:32 | best -
[b2=29 b1=27 GPU] stage  91.9% (25959327764969/28237773109178) | 2299.4M/s | ETA 0:16:30 | best -
[b2=29 b1=27 GPU] stage  91.9% (25964159603177/28237773109178) | 2323.9M/s | ETA 0:16:18 | best -
[b2=29 b1=27 GPU] stage  92.0% (25968991441385/28237773109178) | 2299.3M/s | ETA 0:16:26 | best -
[b2=29 b1=27 GPU] stage  92.0% (25973823279593/28237773109178) | 2306.3M/s | ETA 0:16:21 | best -
[b2=29 b1=27 GPU] stage  92.0% (25978655117801/28237773109178) | 2322.1M/s | ETA 0:16:12 | best -
[b2=29 b1=27 GPU] stage  92.0% (25983486956009/28237773109178) | 2302.7M/s | ETA 0:16:18 | best -
[b2=29 b1=27 GPU] stage  92.0% (25988318794217/28237773109178) | 2303.4M/s | ETA 0:16:16 | best -
[b2=29 b1=27 GPU] stage  92.1% (25993150632425/28237773109178) | 2312.1M/s | ETA 0:16:10 | best -
[b2=29 b1=27 GPU] stage  92.1% (25997982470633/28237773109178) | 2302.0M/s | ETA 0:16:12 | best -
[b2=29 b1=27 GPU] stage  92.1% (26002814308841/28237773109178) | 2299.5M/s | ETA 0:16:11 | best -
[b2=29 b1=27 GPU] stage  92.1% (26007646147049/28237773109178) | 2307.0M/s | ETA 0:16:06 | best -
[b2=29 b1=27 GPU] stage  92.1% (26012477985257/28237773109178) | 2325.7M/s | ETA 0:15:56 | best -
[b2=29 b1=27 GPU] stage  92.1% (26017309823465/28237773109178) | 2303.5M/s | ETA 0:16:03 | best -
[b2=29 b1=27 GPU] stage  92.2% (26022141661673/28237773109178) | 2302.8M/s | ETA 0:16:02 | best -
[b2=29 b1=27 GPU] stage  92.2% (26026973499881/28237773109178) | 2315.7M/s | ETA 0:15:54 | best -
[b2=29 b1=27 GPU] stage  92.2% (26031805338089/28237773109178) | 2306.7M/s | ETA 0:15:56 | best -
[b2=29 b1=27 GPU] stage  92.2% (26036637176297/28237773109178) | 2303.1M/s | ETA 0:15:55 | best -
[b2=29 b1=27 GPU] stage  92.2% (26041469014505/28237773109178) | 2316.0M/s | ETA 0:15:48 | best -
[b2=29 b1=27 GPU] stage  92.2% (26046300852713/28237773109178) | 2310.9M/s | ETA 0:15:48 | best -
[b2=29 b1=27 GPU] stage  92.3% (26051132690921/28237773109178) | 2306.3M/s | ETA 0:15:48 | best -
[b2=29 b1=27 GPU] stage  92.3% (26055964529129/28237773109178) | 2309.0M/s | ETA 0:15:44 | best -
[b2=29 b1=27 GPU] stage  92.3% (26060796367337/28237773109178) | 2321.1M/s | ETA 0:15:37 | best -
[b2=29 b1=27 GPU] stage  92.3% (26065628205545/28237773109178) | 2292.0M/s | ETA 0:15:47 | best -
[b2=29 b1=27 GPU] stage  92.3% (26070460043753/28237773109178) | 2307.4M/s | ETA 0:15:39 | best -
[b2=29 b1=27 GPU] stage  92.3% (26075291881961/28237773109178) | 2320.4M/s | ETA 0:15:31 | best -
[b2=29 b1=27 GPU] stage  92.4% (26080123720169/28237773109178) | 2300.3M/s | ETA 0:15:37 | best -
[b2=29 b1=27 GPU] stage  92.4% (26084955558377/28237773109178) | 2300.2M/s | ETA 0:15:35 | best -
[b2=29 b1=27 GPU] stage  92.4% (26089787396585/28237773109178) | 2320.9M/s | ETA 0:15:25 | best -
[b2=29 b1=27 GPU] stage  92.4% (26094619234793/28237773109178) | 2305.4M/s | ETA 0:15:29 | best -
[b2=29 b1=27 GPU] stage  92.4% (26099451073001/28237773109178) | 2295.5M/s | ETA 0:15:31 | best -
[b2=29 b1=27 GPU] stage  92.4% (26104282911209/28237773109178) | 2304.9M/s | ETA 0:15:25 | best -
[b2=29 b1=27 GPU] stage  92.5% (26109114749417/28237773109178) | 2319.9M/s | ETA 0:15:17 | best -
[b2=29 b1=27 GPU] stage  92.5% (26113946587625/28237773109178) | 2297.9M/s | ETA 0:15:24 | best -
[b2=29 b1=27 GPU] stage  92.5% (26118778425833/28237773109178) | 2302.3M/s | ETA 0:15:20 | best -
[b2=29 b1=27 GPU] stage  92.5% (26123610264041/28237773109178) | 2312.8M/s | ETA 0:15:14 | best -
[b2=29 b1=27 GPU] stage  92.5% (26128442102249/28237773109178) | 2301.0M/s | ETA 0:15:16 | best -
[b2=29 b1=27 GPU] stage  92.5% (26133273940457/28237773109178) | 2301.2M/s | ETA 0:15:14 | best -
[b2=29 b1=27 GPU] stage  92.6% (26138105778665/28237773109178) | 2319.6M/s | ETA 0:15:05 | best -
[b2=29 b1=27 GPU] stage  92.6% (26142937616873/28237773109178) | 2303.3M/s | ETA 0:15:09 | best -
[b2=29 b1=27 GPU] stage  92.6% (26147769455081/28237773109178) | 2297.9M/s | ETA 0:15:09 | best -
[b2=29 b1=27 GPU] stage  92.6% (26152601293289/28237773109178) | 2307.3M/s | ETA 0:15:03 | best -
[b2=29 b1=27 GPU] stage  92.6% (26157433131497/28237773109178) | 2319.8M/s | ETA 0:14:56 | best -
[b2=29 b1=27 GPU] stage  92.6% (26162264969705/28237773109178) | 2300.4M/s | ETA 0:15:02 | best -
[b2=29 b1=27 GPU] stage  92.7% (26167096807913/28237773109178) | 2315.3M/s | ETA 0:14:54 | best -
[b2=29 b1=27 GPU] stage  92.7% (26171928646121/28237773109178) | 2319.2M/s | ETA 0:14:50 | best -
[b2=29 b1=27 GPU] stage  92.7% (26176760484329/28237773109178) | 2300.8M/s | ETA 0:14:55 | best -
[b2=29 b1=27 GPU] stage  92.7% (26181592322537/28237773109178) | 2298.6M/s | ETA 0:14:54 | best -
[b2=29 b1=27 GPU] stage  92.7% (26186424160745/28237773109178) | 2324.5M/s | ETA 0:14:42 | best -
[b2=29 b1=27 GPU] stage  92.8% (26191255998953/28237773109178) | 2298.7M/s | ETA 0:14:50 | best -
[b2=29 b1=27 GPU] stage  92.8% (26196087837161/28237773109178) | 2300.9M/s | ETA 0:14:47 | best -
[b2=29 b1=27 GPU] stage  92.8% (26200919675369/28237773109178) | 2307.9M/s | ETA 0:14:42 | best -
[b2=29 b1=27 GPU] stage  92.8% (26205751513577/28237773109178) | 2315.2M/s | ETA 0:14:37 | best -
[b2=29 b1=27 GPU] stage  92.8% (26210583351785/28237773109178) | 2298.8M/s | ETA 0:14:41 | best -
[b2=29 b1=27 GPU] stage  92.8% (26215415189993/28237773109178) | 2303.2M/s | ETA 0:14:38 | best -
[b2=29 b1=27 GPU] stage  92.9% (26220247028201/28237773109178) | 2315.4M/s | ETA 0:14:31 | best -
[b2=29 b1=27 GPU] stage  92.9% (26225078866409/28237773109178) | 2292.5M/s | ETA 0:14:37 | best -
[b2=29 b1=27 GPU] stage  92.9% (26229910704617/28237773109178) | 2305.0M/s | ETA 0:14:31 | best -
[b2=29 b1=27 GPU] stage  92.9% (26234742542825/28237773109178) | 2320.9M/s | ETA 0:14:23 | best -
[b2=29 b1=27 GPU] stage  92.9% (26239574381033/28237773109178) | 2297.9M/s | ETA 0:14:29 | best -
[b2=29 b1=27 GPU] stage  92.9% (26244406219241/28237773109178) | 2299.4M/s | ETA 0:14:26 | best -
[b2=29 b1=27 GPU] stage  93.0% (26249238057449/28237773109178) | 2303.6M/s | ETA 0:14:23 | best -
[b2=29 b1=27 GPU] stage  93.0% (26254069895657/28237773109178) | 2320.3M/s | ETA 0:14:14 | best -
[b2=29 b1=27 GPU] stage  93.0% (26258901733865/28237773109178) | 2302.4M/s | ETA 0:14:19 | best -
[b2=29 b1=27 GPU] stage  93.0% (26263733572073/28237773109178) | 2304.6M/s | ETA 0:14:16 | best -
[b2=29 b1=27 GPU] stage  93.0% (26268565410281/28237773109178) | 2322.2M/s | ETA 0:14:07 | best -
[b2=29 b1=27 GPU] stage  93.0% (26273397248489/28237773109178) | 2302.5M/s | ETA 0:14:13 | best -
[b2=29 b1=27 GPU] stage  93.1% (26278229086697/28237773109178) | 2309.2M/s | ETA 0:14:08 | best -
[b2=29 b1=27 GPU] stage  93.1% (26283060924905/28237773109178) | 2326.5M/s | ETA 0:14:00 | best -
[b2=29 b1=27 GPU] stage  93.1% (26287892763113/28237773109178) | 2301.8M/s | ETA 0:14:07 | best -
[b2=29 b1=27 GPU] stage  93.1% (26292724601321/28237773109178) | 2300.9M/s | ETA 0:14:05 | best -
[b2=29 b1=27 GPU] stage  93.1% (26297556439529/28237773109178) | 2316.8M/s | ETA 0:13:57 | best -
[b2=29 b1=27 GPU] stage  93.1% (26302388277737/28237773109178) | 2312.6M/s | ETA 0:13:56 | best -
[b2=29 b1=27 GPU] stage  93.2% (26307220115945/28237773109178) | 2303.1M/s | ETA 0:13:58 | best -
[b2=29 b1=27 GPU] stage  93.2% (26312051954153/28237773109178) | 2304.9M/s | ETA 0:13:55 | best -
[b2=29 b1=27 GPU] stage  93.2% (26316883792361/28237773109178) | 2317.8M/s | ETA 0:13:48 | best -
[b2=29 b1=27 GPU] stage  93.2% (26321715630569/28237773109178) | 2300.7M/s | ETA 0:13:52 | best -
[b2=29 b1=27 GPU] stage  93.2% (26326547468777/28237773109178) | 2305.9M/s | ETA 0:13:48 | best -
[b2=29 b1=27 GPU] stage  93.2% (26331379306985/28237773109178) | 2325.6M/s | ETA 0:13:39 | best -
[b2=29 b1=27 GPU] stage  93.3% (26336211145193/28237773109178) | 2297.3M/s | ETA 0:13:47 | best -
[b2=29 b1=27 GPU] stage  93.3% (26341042983401/28237773109178) | 2299.4M/s | ETA 0:13:44 | best -
[b2=29 b1=27 GPU] stage  93.3% (26345874821609/28237773109178) | 2311.2M/s | ETA 0:13:38 | best -
[b2=29 b1=27 GPU] stage  93.3% (26350706659817/28237773109178) | 2314.7M/s | ETA 0:13:35 | best -
[b2=29 b1=27 GPU] stage  93.3% (26355538498025/28237773109178) | 2301.4M/s | ETA 0:13:37 | best -
[b2=29 b1=27 GPU] stage  93.4% (26360370336233/28237773109178) | 2306.2M/s | ETA 0:13:34 | best -
[b2=29 b1=27 GPU] stage  93.4% (26365202174441/28237773109178) | 2318.0M/s | ETA 0:13:27 | best -
[b2=29 b1=27 GPU] stage  93.4% (26370034012649/28237773109178) | 2301.8M/s | ETA 0:13:31 | best -
[b2=29 b1=27 GPU] stage  93.4% (26374865850857/28237773109178) | 2297.8M/s | ETA 0:13:30 | best -
[b2=29 b1=27 GPU] stage  93.4% (26379697689065/28237773109178) | 2324.6M/s | ETA 0:13:19 | best -
[b2=29 b1=27 GPU] stage  93.4% (26384529527273/28237773109178) | 2293.0M/s | ETA 0:13:28 | best -
[b2=29 b1=27 GPU] stage  93.5% (26389361365481/28237773109178) | 2298.9M/s | ETA 0:13:24 | best -
[b2=29 b1=27 GPU] stage  93.5% (26394193203689/28237773109178) | 2313.5M/s | ETA 0:13:16 | best -
[b2=29 b1=27 GPU] stage  93.5% (26399025041897/28237773109178) | 2314.6M/s | ETA 0:13:14 | best -
[b2=29 b1=27 GPU] stage  93.5% (26403856880105/28237773109178) | 2298.3M/s | ETA 0:13:17 | best -
[b2=29 b1=27 GPU] stage  93.5% (26408688718313/28237773109178) | 2304.7M/s | ETA 0:13:13 | best -
[b2=29 b1=27 GPU] stage  93.5% (26413520556521/28237773109178) | 2316.5M/s | ETA 0:13:07 | best -
[b2=29 b1=27 GPU] stage  93.6% (26418352394729/28237773109178) | 2300.8M/s | ETA 0:13:10 | best -
[b2=29 b1=27 GPU] stage  93.6% (26423184232937/28237773109178) | 2301.4M/s | ETA 0:13:08 | best -
[b2=29 b1=27 GPU] stage  93.6% (26428016071145/28237773109178) | 2324.6M/s | ETA 0:12:58 | best -
[b2=29 b1=27 GPU] stage  93.6% (26432847909353/28237773109178) | 2296.3M/s | ETA 0:13:06 | best -
[b2=29 b1=27 GPU] stage  93.6% (26437679747561/28237773109178) | 2293.3M/s | ETA 0:13:04 | best -
[b2=29 b1=27 GPU] stage  93.6% (26442511585769/28237773109178) | 2316.0M/s | ETA 0:12:55 | best -
[b2=29 b1=27 GPU] stage  93.7% (26447343423977/28237773109178) | 2314.7M/s | ETA 0:12:53 | best -
[b2=29 b1=27 GPU] stage  93.7% (26452175262185/28237773109178) | 2299.8M/s | ETA 0:12:56 | best -
[b2=29 b1=27 GPU] stage  93.7% (26457007100393/28237773109178) | 2304.1M/s | ETA 0:12:52 | best -
[b2=29 b1=27 GPU] stage  93.7% (26461838938601/28237773109178) | 2317.8M/s | ETA 0:12:46 | best -
[b2=29 b1=27 GPU] stage  93.7% (26466670776809/28237773109178) | 2303.3M/s | ETA 0:12:48 | best -
[b2=29 b1=27 GPU] stage  93.7% (26471502615017/28237773109178) | 2301.4M/s | ETA 0:12:47 | best -
[b2=29 b1=27 GPU] stage  93.8% (26476334453225/28237773109178) | 2326.7M/s | ETA 0:12:37 | best -
[b2=29 b1=27 GPU] stage  93.8% (26481166291433/28237773109178) | 2300.6M/s | ETA 0:12:43 | best -
[b2=29 b1=27 GPU] stage  93.8% (26485998129641/28237773109178) | 2301.1M/s | ETA 0:12:41 | best -
[b2=29 b1=27 GPU] stage  93.8% (26490829967849/28237773109178) | 2310.3M/s | ETA 0:12:36 | best -
[b2=29 b1=27 GPU] stage  93.8% (26495661806057/28237773109178) | 2312.6M/s | ETA 0:12:33 | best -
[b2=29 b1=27 GPU] stage  93.8% (26500493644265/28237773109178) | 2302.2M/s | ETA 0:12:34 | best -
[b2=29 b1=27 GPU] stage  93.9% (26505325482473/28237773109178) | 2305.5M/s | ETA 0:12:31 | best -
[b2=29 b1=27 GPU] stage  93.9% (26510157320681/28237773109178) | 2316.3M/s | ETA 0:12:25 | best -
[b2=29 b1=27 GPU] stage  93.9% (26514989158889/28237773109178) | 2293.2M/s | ETA 0:12:31 | best -
[b2=29 b1=27 GPU] stage  93.9% (26519820997097/28237773109178) | 2306.1M/s | ETA 0:12:24 | best -
[b2=29 b1=27 GPU] stage  93.9% (26524652835305/28237773109178) | 2321.6M/s | ETA 0:12:17 | best -
[b2=29 b1=27 GPU] stage  94.0% (26529484673513/28237773109178) | 2301.9M/s | ETA 0:12:22 | best -
[b2=29 b1=27 GPU] stage  94.0% (26534316511721/28237773109178) | 2300.2M/s | ETA 0:12:20 | best -
[b2=29 b1=27 GPU] stage  94.0% (26539148349929/28237773109178) | 2308.3M/s | ETA 0:12:15 | best -
[b2=29 b1=27 GPU] stage  94.0% (26543980188137/28237773109178) | 2309.4M/s | ETA 0:12:13 | best -
[b2=29 b1=27 GPU] stage  94.0% (26548812026345/28237773109178) | 2298.7M/s | ETA 0:12:14 | best -
[b2=29 b1=27 GPU] stage  94.0% (26553643864553/28237773109178) | 2309.9M/s | ETA 0:12:09 | best -
[b2=29 b1=27 GPU] stage  94.1% (26558475702761/28237773109178) | 2328.8M/s | ETA 0:12:01 | best -
[b2=29 b1=27 GPU] stage  94.1% (26563307540969/28237773109178) | 2299.6M/s | ETA 0:12:08 | best -
[b2=29 b1=27 GPU] stage  94.1% (26568139379177/28237773109178) | 2300.5M/s | ETA 0:12:05 | best -
[b2=29 b1=27 GPU] stage  94.1% (26572971217385/28237773109178) | 2327.9M/s | ETA 0:11:55 | best -
[b2=29 b1=27 GPU] stage  94.1% (26577803055593/28237773109178) | 2300.2M/s | ETA 0:12:01 | best -
[b2=29 b1=27 GPU] stage  94.1% (26582634893801/28237773109178) | 2302.6M/s | ETA 0:11:58 | best -
[b2=29 b1=27 GPU] stage  94.2% (26587466732009/28237773109178) | 2315.7M/s | ETA 0:11:52 | best -
[b2=29 b1=27 GPU] stage  94.2% (26592298570217/28237773109178) | 2307.9M/s | ETA 0:11:52 | best -
[b2=29 b1=27 GPU] stage  94.2% (26597130408425/28237773109178) | 2296.6M/s | ETA 0:11:54 | best -
[b2=29 b1=27 GPU] stage  94.2% (26601962246633/28237773109178) | 2301.4M/s | ETA 0:11:50 | best -
[b2=29 b1=27 GPU] stage  94.2% (26606794084841/28237773109178) | 2321.6M/s | ETA 0:11:42 | best -
[b2=29 b1=27 GPU] stage  94.2% (26611625923049/28237773109178) | 2297.1M/s | ETA 0:11:47 | best -
[b2=29 b1=27 GPU] stage  94.3% (26616457761257/28237773109178) | 2301.4M/s | ETA 0:11:44 | best -
[b2=29 b1=27 GPU] stage  94.3% (26621289599465/28237773109178) | 2322.3M/s | ETA 0:11:36 | best -
[b2=29 b1=27 GPU] stage  94.3% (26626121437673/28237773109178) | 2300.1M/s | ETA 0:11:40 | best -
[b2=29 b1=27 GPU] stage  94.3% (26630953275881/28237773109178) | 2302.7M/s | ETA 0:11:37 | best -
[b2=29 b1=27 GPU] stage  94.3% (26635785114089/28237773109178) | 2321.9M/s | ETA 0:11:29 | best -
[b2=29 b1=27 GPU] stage  94.3% (26640616952297/28237773109178) | 2304.6M/s | ETA 0:11:33 | best -
[b2=29 b1=27 GPU] stage  94.4% (26645448790505/28237773109178) | 2298.8M/s | ETA 0:11:32 | best -
[b2=29 b1=27 GPU] stage  94.4% (26650280628713/28237773109178) | 2305.3M/s | ETA 0:11:28 | best -
[b2=29 b1=27 GPU] stage  94.4% (26655112466921/28237773109178) | 2326.9M/s | ETA 0:11:20 | best -
[b2=29 b1=27 GPU] stage  94.4% (26659944305129/28237773109178) | 2307.2M/s | ETA 0:11:23 | best -
[b2=29 b1=27 GPU] stage  94.4% (26664776143337/28237773109178) | 2307.5M/s | ETA 0:11:21 | best -
[b2=29 b1=27 GPU] stage  94.4% (26669607981545/28237773109178) | 2325.1M/s | ETA 0:11:14 | best -
[b2=29 b1=27 GPU] stage  94.5% (26674439819753/28237773109178) | 2298.6M/s | ETA 0:11:20 | best -
[b2=29 b1=27 GPU] stage  94.5% (26679271657961/28237773109178) | 2301.0M/s | ETA 0:11:17 | best -
[b2=29 b1=27 GPU] stage  94.5% (26684103496169/28237773109178) | 2320.4M/s | ETA 0:11:09 | best -
[b2=29 b1=27 GPU] stage  94.5% (26688935334377/28237773109178) | 2306.7M/s | ETA 0:11:11 | best -
[b2=29 b1=27 GPU] stage  94.5% (26693767172585/28237773109178) | 2301.9M/s | ETA 0:11:10 | best -
[b2=29 b1=27 GPU] stage  94.5% (26698599010793/28237773109178) | 2306.0M/s | ETA 0:11:07 | best -
[b2=29 b1=27 GPU] stage  94.6% (26703430849001/28237773109178) | 2322.1M/s | ETA 0:11:00 | best -
[b2=29 b1=27 GPU] stage  94.6% (26708262687209/28237773109178) | 2300.5M/s | ETA 0:11:04 | best -
[b2=29 b1=27 GPU] stage  94.6% (26713094525417/28237773109178) | 2304.0M/s | ETA 0:11:01 | best -
[b2=29 b1=27 GPU] stage  94.6% (26717926363625/28237773109178) | 2319.4M/s | ETA 0:10:55 | best -
[b2=29 b1=27 GPU] stage  94.6% (26722758201833/28237773109178) | 2301.6M/s | ETA 0:10:58 | best -
[b2=29 b1=27 GPU] stage  94.7% (26727590040041/28237773109178) | 2298.1M/s | ETA 0:10:57 | best -
[b2=29 b1=27 GPU] stage  94.7% (26732421878249/28237773109178) | 2322.7M/s | ETA 0:10:48 | best -
[b2=29 b1=27 GPU] stage  94.7% (26737253716457/28237773109178) | 2307.2M/s | ETA 0:10:50 | best -
[b2=29 b1=27 GPU] stage  94.7% (26742085554665/28237773109178) | 2294.9M/s | ETA 0:10:51 | best -
[b2=29 b1=27 GPU] stage  94.7% (26746917392873/28237773109178) | 2309.6M/s | ETA 0:10:45 | best -
[b2=29 b1=27 GPU] stage  94.7% (26751749231081/28237773109178) | 2321.0M/s | ETA 0:10:40 | best -
[b2=29 b1=27 GPU] stage  94.8% (26756581069289/28237773109178) | 2299.4M/s | ETA 0:10:44 | best -
[b2=29 b1=27 GPU] stage  94.8% (26761412907497/28237773109178) | 2301.9M/s | ETA 0:10:41 | best -
[b2=29 b1=27 GPU] stage  94.8% (26766244745705/28237773109178) | 2320.9M/s | ETA 0:10:34 | best -
[b2=29 b1=27 GPU] stage  94.8% (26771076583913/28237773109178) | 2303.3M/s | ETA 0:10:36 | best -
[b2=29 b1=27 GPU] stage  94.8% (26775908422121/28237773109178) | 2300.7M/s | ETA 0:10:35 | best -
[b2=29 b1=27 GPU] stage  94.8% (26780740260329/28237773109178) | 2323.8M/s | ETA 0:10:27 | best -
[b2=29 b1=27 GPU] stage  94.9% (26785572098537/28237773109178) | 2300.8M/s | ETA 0:10:31 | best -
[b2=29 b1=27 GPU] stage  94.9% (26790403936745/28237773109178) | 2298.3M/s | ETA 0:10:29 | best -
[b2=29 b1=27 GPU] stage  94.9% (26795235774953/28237773109178) | 2304.2M/s | ETA 0:10:26 | best -
[b2=29 b1=27 GPU] stage  94.9% (26800067613161/28237773109178) | 2320.2M/s | ETA 0:10:19 | best -
[b2=29 b1=27 GPU] stage  94.9% (26804899451369/28237773109178) | 2299.7M/s | ETA 0:10:23 | best -
[b2=29 b1=27 GPU] stage  94.9% (26809731289577/28237773109178) | 2299.8M/s | ETA 0:10:20 | best -
[b2=29 b1=27 GPU] stage  95.0% (26814563127785/28237773109178) | 2320.3M/s | ETA 0:10:13 | best -
[b2=29 b1=27 GPU] stage  95.0% (26819394965993/28237773109178) | 2296.8M/s | ETA 0:10:17 | best -
[b2=29 b1=27 GPU] stage  95.0% (26824226804201/28237773109178) | 2304.7M/s | ETA 0:10:13 | best -
[b2=29 b1=27 GPU] stage  95.0% (26829058642409/28237773109178) | 2326.3M/s | ETA 0:10:05 | best -
[b2=29 b1=27 GPU] stage  95.0% (26833890480617/28237773109178) | 2301.1M/s | ETA 0:10:10 | best -
[b2=29 b1=27 GPU] stage  95.0% (26838722318825/28237773109178) | 2305.9M/s | ETA 0:10:06 | best -
[b2=29 b1=27 GPU] stage  95.1% (26843554157033/28237773109178) | 2313.0M/s | ETA 0:10:02 | best -
[b2=29 b1=27 GPU] stage  95.1% (26848385995241/28237773109178) | 2314.8M/s | ETA 0:10:00 | best -
[b2=29 b1=27 GPU] stage  95.1% (26853217833449/28237773109178) | 2303.4M/s | ETA 0:10:01 | best -
[b2=29 b1=27 GPU] stage  95.1% (26858049671657/28237773109178) | 2304.9M/s | ETA 0:09:58 | best -
[b2=29 b1=27 GPU] stage  95.1% (26862881509865/28237773109178) | 2319.3M/s | ETA 0:09:52 | best -
[b2=29 b1=27 GPU] stage  95.1% (26867713348073/28237773109178) | 2295.0M/s | ETA 0:09:56 | best -
[b2=29 b1=27 GPU] stage  95.2% (26872545186281/28237773109178) | 2299.6M/s | ETA 0:09:53 | best -
[b2=29 b1=27 GPU] stage  95.2% (26877377024489/28237773109178) | 2326.2M/s | ETA 0:09:44 | best -
[b2=29 b1=27 GPU] stage  95.2% (26882208862697/28237773109178) | 2295.8M/s | ETA 0:09:50 | best -
[b2=29 b1=27 GPU] stage  95.2% (26887040700905/28237773109178) | 2298.1M/s | ETA 0:09:47 | best -
[b2=29 b1=27 GPU] stage  95.2% (26891872539113/28237773109178) | 2311.6M/s | ETA 0:09:42 | best -
[b2=29 b1=27 GPU] stage  95.3% (26896704377321/28237773109178) | 2321.7M/s | ETA 0:09:37 | best -
[b2=29 b1=27 GPU] stage  95.3% (26901536215529/28237773109178) | 2298.6M/s | ETA 0:09:41 | best -
[b2=29 b1=27 GPU] stage  95.3% (26906368053737/28237773109178) | 2308.9M/s | ETA 0:09:36 | best -
[b2=29 b1=27 GPU] stage  95.3% (26911199891945/28237773109178) | 2322.0M/s | ETA 0:09:31 | best -
[b2=29 b1=27 GPU] stage  95.3% (26916031730153/28237773109178) | 2302.7M/s | ETA 0:09:33 | best -
[b2=29 b1=27 GPU] stage  95.3% (26920863568361/28237773109178) | 2302.7M/s | ETA 0:09:31 | best -
[b2=29 b1=27 GPU] stage  95.4% (26925695406569/28237773109178) | 2327.5M/s | ETA 0:09:23 | best -
[b2=29 b1=27 GPU] stage  95.4% (26930527244777/28237773109178) | 2291.4M/s | ETA 0:09:30 | best -
[b2=29 b1=27 GPU] stage  95.4% (26935359082985/28237773109178) | 2297.3M/s | ETA 0:09:26 | best -
[b2=29 b1=27 GPU] stage  95.4% (26940190921193/28237773109178) | 2313.9M/s | ETA 0:09:20 | best -
[b2=29 b1=27 GPU] stage  95.4% (26945022759401/28237773109178) | 2311.0M/s | ETA 0:09:19 | best -
[b2=29 b1=27 GPU] stage  95.4% (26949854597609/28237773109178) | 2299.4M/s | ETA 0:09:20 | best -
[b2=29 b1=27 GPU] stage  95.5% (26954686435817/28237773109178) | 2289.2M/s | ETA 0:09:20 | best -
[b2=29 b1=27 GPU] stage  95.5% (26959518274025/28237773109178) | 2320.9M/s | ETA 0:09:10 | best -
[b2=29 b1=27 GPU] stage  95.5% (26964350112233/28237773109178) | 2300.0M/s | ETA 0:09:13 | best -
[b2=29 b1=27 GPU] stage  95.5% (26969181950441/28237773109178) | 2301.0M/s | ETA 0:09:11 | best -
[b2=29 b1=27 GPU] stage  95.5% (26974013788649/28237773109178) | 2327.4M/s | ETA 0:09:02 | best -
[b2=29 b1=27 GPU] stage  95.5% (26978845626857/28237773109178) | 2299.8M/s | ETA 0:09:07 | best -
[b2=29 b1=27 GPU] stage  95.6% (26983677465065/28237773109178) | 2298.0M/s | ETA 0:09:05 | best -
[b2=29 b1=27 GPU] stage  95.6% (26988509303273/28237773109178) | 2310.5M/s | ETA 0:09:00 | best -
[b2=29 b1=27 GPU] stage  95.6% (26993341141481/28237773109178) | 2316.8M/s | ETA 0:08:57 | best -
[b2=29 b1=27 GPU] stage  95.6% (26998172979689/28237773109178) | 2293.9M/s | ETA 0:09:00 | best -
[b2=29 b1=27 GPU] stage  95.6% (27003004817897/28237773109178) | 2302.3M/s | ETA 0:08:56 | best -
[b2=29 b1=27 GPU] stage  95.6% (27007836656105/28237773109178) | 2321.5M/s | ETA 0:08:49 | best -
[b2=29 b1=27 GPU] stage  95.7% (27012668494313/28237773109178) | 2296.2M/s | ETA 0:08:53 | best -
[b2=29 b1=27 GPU] stage  95.7% (27017500332521/28237773109178) | 2302.0M/s | ETA 0:08:50 | best -
[b2=29 b1=27 GPU] stage  95.7% (27022332170729/28237773109178) | 2323.5M/s | ETA 0:08:43 | best -
[b2=29 b1=27 GPU] stage  95.7% (27027164008937/28237773109178) | 2302.7M/s | ETA 0:08:45 | best -
[b2=29 b1=27 GPU] stage  95.7% (27031995847145/28237773109178) | 2297.8M/s | ETA 0:08:44 | best -
[b2=29 b1=27 GPU] stage  95.7% (27036827685353/28237773109178) | 2311.5M/s | ETA 0:08:39 | best -
[b2=29 b1=27 GPU] stage  95.8% (27041659523561/28237773109178) | 2319.4M/s | ETA 0:08:35 | best -
[b2=29 b1=27 GPU] stage  95.8% (27046491361769/28237773109178) | 2297.6M/s | ETA 0:08:38 | best -
[b2=29 b1=27 GPU] stage  95.8% (27051323199977/28237773109178) | 2305.2M/s | ETA 0:08:34 | best -
[b2=29 b1=27 GPU] stage  95.8% (27056155038185/28237773109178) | 2324.2M/s | ETA 0:08:28 | best -
[b2=29 b1=27 GPU] stage  95.8% (27060986876393/28237773109178) | 2295.8M/s | ETA 0:08:32 | best -
[b2=29 b1=27 GPU] stage  95.8% (27065818714601/28237773109178) | 2306.3M/s | ETA 0:08:28 | best -
[b2=29 b1=27 GPU] stage  95.9% (27070650552809/28237773109178) | 2327.0M/s | ETA 0:08:21 | best -
[b2=29 b1=27 GPU] stage  95.9% (27075482391017/28237773109178) | 2296.6M/s | ETA 0:08:26 | best -
[b2=29 b1=27 GPU] stage  95.9% (27080314229225/28237773109178) | 2299.9M/s | ETA 0:08:23 | best -
[b2=29 b1=27 GPU] stage  95.9% (27085146067433/28237773109178) | 2313.7M/s | ETA 0:08:18 | best -
[b2=29 b1=27 GPU] stage  95.9% (27089709470185/28237773109178) | 2308.7M/s | ETA 0:08:17 | best -
[b2=29 b1=27 GPU] stage  96.0% (27094541308393/28237773109178) | 2302.3M/s | ETA 0:08:16 | best -
[b2=29 b1=27 GPU] stage  96.0% (27099373146601/28237773109178) | 2302.3M/s | ETA 0:08:14 | best -
[b2=29 b1=27 GPU] stage  96.0% (27104204984809/28237773109178) | 2319.3M/s | ETA 0:08:08 | best -
[b2=29 b1=27 GPU] stage  96.0% (27109036823017/28237773109178) | 2294.3M/s | ETA 0:08:11 | best -
[b2=29 b1=27 GPU] stage  96.0% (27113868661225/28237773109178) | 2304.5M/s | ETA 0:08:07 | best -
[b2=29 b1=27 GPU] stage  96.0% (27118700499433/28237773109178) | 2325.0M/s | ETA 0:08:01 | best -
[b2=29 b1=27 GPU] stage  96.1% (27123532337641/28237773109178) | 2303.3M/s | ETA 0:08:03 | best -
[b2=29 b1=27 GPU] stage  96.1% (27128364175849/28237773109178) | 2307.9M/s | ETA 0:08:00 | best -
[b2=29 b1=27 GPU] stage  96.1% (27133196014057/28237773109178) | 2312.6M/s | ETA 0:07:57 | best -
[b2=29 b1=27 GPU] stage  96.1% (27138027852265/28237773109178) | 2311.2M/s | ETA 0:07:55 | best -
[b2=29 b1=27 GPU] stage  96.1% (27142859690473/28237773109178) | 2300.4M/s | ETA 0:07:55 | best -
[b2=29 b1=27 GPU] stage  96.1% (27147691528681/28237773109178) | 2303.7M/s | ETA 0:07:53 | best -
[b2=29 b1=27 GPU] stage  96.2% (27152523366889/28237773109178) | 2320.4M/s | ETA 0:07:47 | best -
[b2=29 b1=27 GPU] stage  96.2% (27157355205097/28237773109178) | 2304.3M/s | ETA 0:07:48 | best -
[b2=29 b1=27 GPU] stage  96.2% (27162187043305/28237773109178) | 2302.7M/s | ETA 0:07:47 | best -
[b2=29 b1=27 GPU] stage  96.2% (27167018881513/28237773109178) | 2322.6M/s | ETA 0:07:41 | best -
[b2=29 b1=27 GPU] stage  96.2% (27171850719721/28237773109178) | 2300.4M/s | ETA 0:07:43 | best -
[b2=29 b1=27 GPU] stage  96.2% (27176682557929/28237773109178) | 2297.1M/s | ETA 0:07:41 | best -
[b2=29 b1=27 GPU] stage  96.3% (27181514396137/28237773109178) | 2313.8M/s | ETA 0:07:36 | best -
[b2=29 b1=27 GPU] stage  96.3% (27186346234345/28237773109178) | 2308.3M/s | ETA 0:07:35 | best -
[b2=29 b1=27 GPU] stage  96.3% (27191178072553/28237773109178) | 2297.5M/s | ETA 0:07:35 | best -
[b2=29 b1=27 GPU] stage  96.3% (27196009910761/28237773109178) | 2308.5M/s | ETA 0:07:31 | best -
[b2=29 b1=27 GPU] stage  96.3% (27200841748969/28237773109178) | 2318.7M/s | ETA 0:07:27 | best -
[b2=29 b1=27 GPU] stage  96.3% (27205673587177/28237773109178) | 2300.0M/s | ETA 0:07:28 | best -
[b2=29 b1=27 GPU] stage  96.4% (27210505425385/28237773109178) | 2301.5M/s | ETA 0:07:26 | best -
[b2=29 b1=27 GPU] stage  96.4% (27215337263593/28237773109178) | 2324.8M/s | ETA 0:07:19 | best -
[b2=29 b1=27 GPU] stage  96.4% (27220169101801/28237773109178) | 2297.3M/s | ETA 0:07:22 | best -
[b2=29 b1=27 GPU] stage  96.4% (27225000940009/28237773109178) | 2297.9M/s | ETA 0:07:20 | best -
[b2=29 b1=27 GPU] stage  96.4% (27229832778217/28237773109178) | 2307.5M/s | ETA 0:07:16 | best -
[b2=29 b1=27 GPU] stage  96.4% (27234664616425/28237773109178) | 2307.5M/s | ETA 0:07:14 | best -
[b2=29 b1=27 GPU] stage  96.5% (27239496454633/28237773109178) | 2293.1M/s | ETA 0:07:15 | best -
[b2=29 b1=27 GPU] stage  96.5% (27244328292841/28237773109178) | 2309.2M/s | ETA 0:07:10 | best -
[b2=29 b1=27 GPU] stage  96.5% (27249160131049/28237773109178) | 2321.7M/s | ETA 0:07:05 | best -
[b2=29 b1=27 GPU] stage  96.5% (27253991969257/28237773109178) | 2298.2M/s | ETA 0:07:08 | best -
[b2=29 b1=27 GPU] stage  96.5% (27258823807465/28237773109178) | 2295.6M/s | ETA 0:07:06 | best -
[b2=29 b1=27 GPU] stage  96.6% (27263655645673/28237773109178) | 2324.2M/s | ETA 0:06:59 | best -
[b2=29 b1=27 GPU] stage  96.6% (27268487483881/28237773109178) | 2301.9M/s | ETA 0:07:01 | best -
[b2=29 b1=27 GPU] stage  96.6% (27273319322089/28237773109178) | 2299.6M/s | ETA 0:06:59 | best -
[b2=29 b1=27 GPU] stage  96.6% (27278151160297/28237773109178) | 2317.8M/s | ETA 0:06:54 | best -
[b2=29 b1=27 GPU] stage  96.6% (27282982998505/28237773109178) | 2304.3M/s | ETA 0:06:54 | best -
[b2=29 b1=27 GPU] stage  96.6% (27287814836713/28237773109178) | 2299.5M/s | ETA 0:06:53 | best -
[b2=29 b1=27 GPU] stage  96.7% (27292646674921/28237773109178) | 2306.8M/s | ETA 0:06:49 | best -
[b2=29 b1=27 GPU] stage  96.7% (27297478513129/28237773109178) | 2319.4M/s | ETA 0:06:45 | best -
[b2=29 b1=27 GPU] stage  96.7% (27302310351337/28237773109178) | 2298.4M/s | ETA 0:06:46 | best -
[b2=29 b1=27 GPU] stage  96.7% (27307142189545/28237773109178) | 2307.3M/s | ETA 0:06:43 | best -
[b2=29 b1=27 GPU] stage  96.7% (27311974027753/28237773109178) | 2322.3M/s | ETA 0:06:38 | best -
[b2=29 b1=27 GPU] stage  96.7% (27316805865961/28237773109178) | 2300.3M/s | ETA 0:06:40 | best -
[b2=29 b1=27 GPU] stage  96.8% (27321637704169/28237773109178) | 2307.2M/s | ETA 0:06:37 | best -
[b2=29 b1=27 GPU] stage  96.8% (27326469542377/28237773109178) | 2321.7M/s | ETA 0:06:32 | best -
[b2=29 b1=27 GPU] stage  96.8% (27331301380585/28237773109178) | 2306.3M/s | ETA 0:06:33 | best -
[b2=29 b1=27 GPU] stage  96.8% (27336133218793/28237773109178) | 2302.7M/s | ETA 0:06:31 | best -
[b2=29 b1=27 GPU] stage  96.8% (27340965057001/28237773109178) | 2306.7M/s | ETA 0:06:28 | best -
[b2=29 b1=27 GPU] stage  96.8% (27345796895209/28237773109178) | 2319.9M/s | ETA 0:06:24 | best -
[b2=29 b1=27 GPU] stage  96.9% (27350628733417/28237773109178) | 2300.1M/s | ETA 0:06:25 | best -
[b2=29 b1=27 GPU] stage  96.9% (27355460571625/28237773109178) | 2302.4M/s | ETA 0:06:23 | best -
[b2=29 b1=27 GPU] stage  96.9% (27360292409833/28237773109178) | 2321.4M/s | ETA 0:06:18 | best -
[b2=29 b1=27 GPU] stage  96.9% (27365124248041/28237773109178) | 2291.1M/s | ETA 0:06:20 | best -
[b2=29 b1=27 GPU] stage  96.9% (27369956086249/28237773109178) | 2300.3M/s | ETA 0:06:17 | best -
[b2=29 b1=27 GPU] stage  96.9% (27374787924457/28237773109178) | 2321.6M/s | ETA 0:06:11 | best -
[b2=29 b1=27 GPU] stage  97.0% (27379619762665/28237773109178) | 2300.3M/s | ETA 0:06:13 | best -
[b2=29 b1=27 GPU] stage  97.0% (27384451600873/28237773109178) | 2305.7M/s | ETA 0:06:10 | best -
[b2=29 b1=27 GPU] stage  97.0% (27389283439081/28237773109178) | 2305.2M/s | ETA 0:06:08 | best -
[b2=29 b1=27 GPU] stage  97.0% (27394115277289/28237773109178) | 2320.0M/s | ETA 0:06:03 | best -
[b2=29 b1=27 GPU] stage  97.0% (27398947115497/28237773109178) | 2303.4M/s | ETA 0:06:04 | best -
[b2=29 b1=27 GPU] stage  97.0% (27403778953705/28237773109178) | 2301.2M/s | ETA 0:06:02 | best -
[b2=29 b1=27 GPU] stage  97.1% (27408610791913/28237773109178) | 2321.8M/s | ETA 0:05:57 | best -
[b2=29 b1=27 GPU] stage  97.1% (27413442630121/28237773109178) | 2297.8M/s | ETA 0:05:58 | best -
[b2=29 b1=27 GPU] stage  97.1% (27418274468329/28237773109178) | 2307.6M/s | ETA 0:05:55 | best -
[b2=29 b1=27 GPU] stage  97.1% (27423106306537/28237773109178) | 2318.2M/s | ETA 0:05:51 | best -
[b2=29 b1=27 GPU] stage  97.1% (27427938144745/28237773109178) | 2302.5M/s | ETA 0:05:51 | best -
[b2=29 b1=27 GPU] stage  97.1% (27432769982953/28237773109178) | 2299.8M/s | ETA 0:05:50 | best -
[b2=29 b1=27 GPU] stage  97.2% (27437601821161/28237773109178) | 2302.0M/s | ETA 0:05:47 | best -
[b2=29 b1=27 GPU] stage  97.2% (27442433659369/28237773109178) | 2314.9M/s | ETA 0:05:43 | best -
[b2=29 b1=27 GPU] stage  97.2% (27447265497577/28237773109178) | 2301.8M/s | ETA 0:05:43 | best -
[b2=29 b1=27 GPU] stage  97.2% (27452097335785/28237773109178) | 2304.7M/s | ETA 0:05:40 | best -
[b2=29 b1=27 GPU] stage  97.2% (27456929173993/28237773109178) | 2319.0M/s | ETA 0:05:36 | best -
[b2=29 b1=27 GPU] stage  97.3% (27461761012201/28237773109178) | 2300.9M/s | ETA 0:05:37 | best -
[b2=29 b1=27 GPU] stage  97.3% (27466592850409/28237773109178) | 2297.3M/s | ETA 0:05:35 | best -
[b2=29 b1=27 GPU] stage  97.3% (27471424688617/28237773109178) | 2324.7M/s | ETA 0:05:29 | best -
[b2=29 b1=27 GPU] stage  97.3% (27476256526825/28237773109178) | 2299.9M/s | ETA 0:05:31 | best -
[b2=29 b1=27 GPU] stage  97.3% (27481088365033/28237773109178) | 2302.9M/s | ETA 0:05:28 | best -
[b2=29 b1=27 GPU] stage  97.3% (27485920203241/28237773109178) | 2307.9M/s | ETA 0:05:25 | best -
[b2=29 b1=27 GPU] stage  97.4% (27490752041449/28237773109178) | 2315.5M/s | ETA 0:05:22 | best -
[b2=29 b1=27 GPU] stage  97.4% (27495583879657/28237773109178) | 2298.5M/s | ETA 0:05:22 | best -
[b2=29 b1=27 GPU] stage  97.4% (27500415717865/28237773109178) | 2304.2M/s | ETA 0:05:20 | best -
[b2=29 b1=27 GPU] stage  97.4% (27505247556073/28237773109178) | 2310.9M/s | ETA 0:05:16 | best -
[b2=29 b1=27 GPU] stage  97.4% (27510079394281/28237773109178) | 2302.6M/s | ETA 0:05:16 | best -
[b2=29 b1=27 GPU] stage  97.4% (27514911232489/28237773109178) | 2304.0M/s | ETA 0:05:13 | best -
[b2=29 b1=27 GPU] stage  97.5% (27519743070697/28237773109178) | 2325.0M/s | ETA 0:05:08 | best -
[b2=29 b1=27 GPU] stage  97.5% (27524574908905/28237773109178) | 2301.8M/s | ETA 0:05:09 | best -
[b2=29 b1=27 GPU] stage  97.5% (27529406747113/28237773109178) | 2301.1M/s | ETA 0:05:07 | best -
[b2=29 b1=27 GPU] stage  97.5% (27534238585321/28237773109178) | 2311.6M/s | ETA 0:05:04 | best -
[b2=29 b1=27 GPU] stage  97.5% (27539070423529/28237773109178) | 2318.2M/s | ETA 0:05:01 | best -
[b2=29 b1=27 GPU] stage  97.5% (27543902261737/28237773109178) | 2299.5M/s | ETA 0:05:01 | best -
[b2=29 b1=27 GPU] stage  97.6% (27548734099945/28237773109178) | 2309.7M/s | ETA 0:04:58 | best -
[b2=29 b1=27 GPU] stage  97.6% (27553565938153/28237773109178) | 2322.9M/s | ETA 0:04:54 | best -
[b2=29 b1=27 GPU] stage  97.6% (27558397776361/28237773109178) | 2302.0M/s | ETA 0:04:55 | best -
[b2=29 b1=27 GPU] stage  97.6% (27563229614569/28237773109178) | 2297.8M/s | ETA 0:04:53 | best -
[b2=29 b1=27 GPU] stage  97.6% (27568061452777/28237773109178) | 2327.7M/s | ETA 0:04:47 | best -
[b2=29 b1=27 GPU] stage  97.6% (27572893290985/28237773109178) | 2295.1M/s | ETA 0:04:49 | best -
[b2=29 b1=27 GPU] stage  97.7% (27577725129193/28237773109178) | 2300.2M/s | ETA 0:04:46 | best -
[b2=29 b1=27 GPU] stage  97.7% (27582556967401/28237773109178) | 2311.2M/s | ETA 0:04:43 | best -
[b2=29 b1=27 GPU] stage  97.7% (27587388805609/28237773109178) | 2315.7M/s | ETA 0:04:40 | best -
[b2=29 b1=27 GPU] stage  97.7% (27592220643817/28237773109178) | 2305.1M/s | ETA 0:04:40 | best -
[b2=29 b1=27 GPU] stage  97.7% (27597052482025/28237773109178) | 2307.1M/s | ETA 0:04:37 | best -
[b2=29 b1=27 GPU] stage  97.7% (27601884320233/28237773109178) | 2324.5M/s | ETA 0:04:33 | best -
[b2=29 b1=27 GPU] stage  97.8% (27606716158441/28237773109178) | 2298.1M/s | ETA 0:04:34 | best -
[b2=29 b1=27 GPU] stage  97.8% (27611547996649/28237773109178) | 2296.5M/s | ETA 0:04:32 | best -
[b2=29 b1=27 GPU] stage  97.8% (27616379834857/28237773109178) | 2323.0M/s | ETA 0:04:27 | best -
[b2=29 b1=27 GPU] stage  97.8% (27621211673065/28237773109178) | 2299.4M/s | ETA 0:04:28 | best -
[b2=29 b1=27 GPU] stage  97.8% (27626043511273/28237773109178) | 2295.3M/s | ETA 0:04:26 | best -
[b2=29 b1=27 GPU] stage  97.9% (27630875349481/28237773109178) | 2314.3M/s | ETA 0:04:22 | best -
[b2=29 b1=27 GPU] stage  97.9% (27635707187689/28237773109178) | 2314.4M/s | ETA 0:04:20 | best -
[b2=29 b1=27 GPU] stage  97.9% (27640539025897/28237773109178) | 2296.8M/s | ETA 0:04:20 | best -
[b2=29 b1=27 GPU] stage  97.9% (27645370864105/28237773109178) | 2294.1M/s | ETA 0:04:18 | best -
[b2=29 b1=27 GPU] stage  97.9% (27650202702313/28237773109178) | 2324.6M/s | ETA 0:04:12 | best -
[b2=29 b1=27 GPU] stage  97.9% (27655034540521/28237773109178) | 2299.4M/s | ETA 0:04:13 | best -
[b2=29 b1=27 GPU] stage  98.0% (27659866378729/28237773109178) | 2302.4M/s | ETA 0:04:10 | best -
[b2=29 b1=27 GPU] stage  98.0% (27664698216937/28237773109178) | 2327.0M/s | ETA 0:04:06 | best -
[b2=29 b1=27 GPU] stage  98.0% (27669530055145/28237773109178) | 2305.9M/s | ETA 0:04:06 | best -
[b2=29 b1=27 GPU] stage  98.0% (27674361893353/28237773109178) | 2296.4M/s | ETA 0:04:05 | best -
[b2=29 b1=27 GPU] stage  98.0% (27679193731561/28237773109178) | 2312.8M/s | ETA 0:04:01 | best -
[b2=29 b1=27 GPU] stage  98.0% (27684025569769/28237773109178) | 2313.6M/s | ETA 0:03:59 | best -
[b2=29 b1=27 GPU] stage  98.1% (27688857407977/28237773109178) | 2300.6M/s | ETA 0:03:58 | best -
[b2=29 b1=27 GPU] stage  98.1% (27693689246185/28237773109178) | 2308.0M/s | ETA 0:03:55 | best -
[b2=29 b1=27 GPU] stage  98.1% (27698521084393/28237773109178) | 2320.9M/s | ETA 0:03:52 | best -
[b2=29 b1=27 GPU] stage  98.1% (27703352922601/28237773109178) | 2294.5M/s | ETA 0:03:52 | best -
[b2=29 b1=27 GPU] stage  98.1% (27708184760809/28237773109178) | 2302.2M/s | ETA 0:03:50 | best -
[b2=29 b1=27 GPU] stage  98.1% (27713016599017/28237773109178) | 2323.4M/s | ETA 0:03:45 | best -
[b2=29 b1=27 GPU] stage  98.2% (27717848437225/28237773109178) | 2296.1M/s | ETA 0:03:46 | best -
[b2=29 b1=27 GPU] stage  98.2% (27722680275433/28237773109178) | 2299.1M/s | ETA 0:03:44 | best -
[b2=29 b1=27 GPU] stage  98.2% (27727512113641/28237773109178) | 2308.0M/s | ETA 0:03:41 | best -
[b2=29 b1=27 GPU] stage  98.2% (27732343951849/28237773109178) | 2315.1M/s | ETA 0:03:38 | best -
[b2=29 b1=27 GPU] stage  98.2% (27737175790057/28237773109178) | 2297.5M/s | ETA 0:03:37 | best -
[b2=29 b1=27 GPU] stage  98.2% (27742007628265/28237773109178) | 2301.7M/s | ETA 0:03:35 | best -
[b2=29 b1=27 GPU] stage  98.3% (27746839466473/28237773109178) | 2320.3M/s | ETA 0:03:31 | best -
[b2=29 b1=27 GPU] stage  98.3% (27751671304681/28237773109178) | 2297.3M/s | ETA 0:03:31 | best -
[b2=29 b1=27 GPU] stage  98.3% (27756503142889/28237773109178) | 2299.8M/s | ETA 0:03:29 | best -
[b2=29 b1=27 GPU] stage  98.3% (27761334981097/28237773109178) | 2324.9M/s | ETA 0:03:24 | best -
[b2=29 b1=27 GPU] stage  98.3% (27766166819305/28237773109178) | 2295.9M/s | ETA 0:03:25 | best -
[b2=29 b1=27 GPU] stage  98.3% (27770998657513/28237773109178) | 2303.4M/s | ETA 0:03:22 | best -
[b2=29 b1=27 GPU] stage  98.4% (27775830495721/28237773109178) | 2317.7M/s | ETA 0:03:19 | best -
[b2=29 b1=27 GPU] stage  98.4% (27780662333929/28237773109178) | 2310.4M/s | ETA 0:03:17 | best -
[b2=29 b1=27 GPU] stage  98.4% (27785494172137/28237773109178) | 2297.3M/s | ETA 0:03:16 | best -
[b2=29 b1=27 GPU] stage  98.4% (27790326010345/28237773109178) | 2308.2M/s | ETA 0:03:13 | best -
[b2=29 b1=27 GPU] stage  98.4% (27795157848553/28237773109178) | 2318.2M/s | ETA 0:03:10 | best -
[b2=29 b1=27 GPU] stage  98.4% (27799989686761/28237773109178) | 2300.0M/s | ETA 0:03:10 | best -
[b2=29 b1=27 GPU] stage  98.5% (27804821524969/28237773109178) | 2307.2M/s | ETA 0:03:07 | best -
[b2=29 b1=27 GPU] stage  98.5% (27809653363177/28237773109178) | 2322.6M/s | ETA 0:03:04 | best -
[b2=29 b1=27 GPU] stage  98.5% (27814485201385/28237773109178) | 2292.1M/s | ETA 0:03:04 | best -
[b2=29 b1=27 GPU] stage  98.5% (27819317039593/28237773109178) | 2298.3M/s | ETA 0:03:02 | best -
[b2=29 b1=27 GPU] stage  98.5% (27824148877801/28237773109178) | 2310.6M/s | ETA 0:02:59 | best -
[b2=29 b1=27 GPU] stage  98.6% (27828980716009/28237773109178) | 2307.2M/s | ETA 0:02:57 | best -
[b2=29 b1=27 GPU] stage  98.6% (27833812554217/28237773109178) | 2298.7M/s | ETA 0:02:55 | best -
[b2=29 b1=27 GPU] stage  98.6% (27838644392425/28237773109178) | 2308.6M/s | ETA 0:02:52 | best -
[b2=29 b1=27 GPU] stage  98.6% (27843476230633/28237773109178) | 2322.1M/s | ETA 0:02:49 | best -
[b2=29 b1=27 GPU] stage  98.6% (27848308068841/28237773109178) | 2299.9M/s | ETA 0:02:49 | best -
[b2=29 b1=27 GPU] stage  98.6% (27853139907049/28237773109178) | 2300.6M/s | ETA 0:02:47 | best -
[b2=29 b1=27 GPU] stage  98.7% (27857971745257/28237773109178) | 2326.1M/s | ETA 0:02:43 | best -
[b2=29 b1=27 GPU] stage  98.7% (27862803583465/28237773109178) | 2303.4M/s | ETA 0:02:42 | best -
[b2=29 b1=27 GPU] stage  98.7% (27867635421673/28237773109178) | 2298.7M/s | ETA 0:02:41 | best -
[b2=29 b1=27 GPU] stage  98.7% (27872467259881/28237773109178) | 2317.0M/s | ETA 0:02:37 | best -
[b2=29 b1=27 GPU] stage  98.7% (27877299098089/28237773109178) | 2310.0M/s | ETA 0:02:36 | best -
[b2=29 b1=27 GPU] stage  98.7% (27882130936297/28237773109178) | 2304.2M/s | ETA 0:02:34 | best -
[b2=29 b1=27 GPU] stage  98.8% (27886962774505/28237773109178) | 2308.4M/s | ETA 0:02:31 | best -
[b2=29 b1=27 GPU] stage  98.8% (27891794612713/28237773109178) | 2319.1M/s | ETA 0:02:29 | best -
[b2=29 b1=27 GPU] stage  98.8% (27896626450921/28237773109178) | 2299.6M/s | ETA 0:02:28 | best -
[b2=29 b1=27 GPU] stage  98.8% (27901458289129/28237773109178) | 2296.6M/s | ETA 0:02:26 | best -
[b2=29 b1=27 GPU] stage  98.8% (27906290127337/28237773109178) | 2321.7M/s | ETA 0:02:22 | best -
[b2=29 b1=27 GPU] stage  98.8% (27911121965545/28237773109178) | 2296.4M/s | ETA 0:02:22 | best -
[b2=29 b1=27 GPU] stage  98.9% (27915953803753/28237773109178) | 2301.3M/s | ETA 0:02:19 | best -
[b2=29 b1=27 GPU] stage  98.9% (27920785641961/28237773109178) | 2305.5M/s | ETA 0:02:17 | best -
[b2=29 b1=27 GPU] stage  98.9% (27925617480169/28237773109178) | 2307.9M/s | ETA 0:02:15 | best -
[b2=29 b1=27 GPU] stage  98.9% (27930449318377/28237773109178) | 2300.7M/s | ETA 0:02:13 | best -
[b2=29 b1=27 GPU] stage  98.9% (27935281156585/28237773109178) | 2301.8M/s | ETA 0:02:11 | best -
[b2=29 b1=27 GPU] stage  98.9% (27940112994793/28237773109178) | 2315.3M/s | ETA 0:02:08 | best -
[b2=29 b1=27 GPU] stage  99.0% (27944944833001/28237773109178) | 2292.5M/s | ETA 0:02:07 | best -
[b2=29 b1=27 GPU] stage  99.0% (27949776671209/28237773109178) | 2308.2M/s | ETA 0:02:04 | best -
[b2=29 b1=27 GPU] stage  99.0% (27954608509417/28237773109178) | 2320.1M/s | ETA 0:02:02 | best -
[b2=29 b1=27 GPU] stage  99.0% (27959440347625/28237773109178) | 2295.7M/s | ETA 0:02:01 | best -
[b2=29 b1=27 GPU] stage  99.0% (27964272185833/28237773109178) | 2300.6M/s | ETA 0:01:58 | best -
[b2=29 b1=27 GPU] stage  99.0% (27969104024041/28237773109178) | 2323.3M/s | ETA 0:01:55 | best -
[b2=29 b1=27 GPU] stage  99.1% (27973935862249/28237773109178) | 2301.7M/s | ETA 0:01:54 | best -
[b2=29 b1=27 GPU] stage  99.1% (27978767700457/28237773109178) | 2300.7M/s | ETA 0:01:52 | best -
[b2=29 b1=27 GPU] stage  99.1% (27983599538665/28237773109178) | 2306.8M/s | ETA 0:01:50 | best -
[b2=29 b1=27 GPU] stage  99.1% (27988431376873/28237773109178) | 2323.6M/s | ETA 0:01:47 | best -
[b2=29 b1=27 GPU] stage  99.1% (27993263215081/28237773109178) | 2302.7M/s | ETA 0:01:46 | best -
[b2=29 b1=27 GPU] stage  99.2% (27998095053289/28237773109178) | 2301.6M/s | ETA 0:01:44 | best -
[b2=29 b1=27 GPU] stage  99.2% (28002926891497/28237773109178) | 2324.2M/s | ETA 0:01:41 | best -
[b2=29 b1=27 GPU] stage  99.2% (28007758729705/28237773109178) | 2301.5M/s | ETA 0:01:39 | best -
[b2=29 b1=27 GPU] stage  99.2% (28012590567913/28237773109178) | 2301.8M/s | ETA 0:01:37 | best -
[b2=29 b1=27 GPU] stage  99.2% (28017422406121/28237773109178) | 2321.8M/s | ETA 0:01:34 | best -
[b2=29 b1=27 GPU] stage  99.2% (28022254244329/28237773109178) | 2300.9M/s | ETA 0:01:33 | best -
[b2=29 b1=27 GPU] stage  99.3% (28027086082537/28237773109178) | 2296.5M/s | ETA 0:01:31 | best -
[b2=29 b1=27 GPU] stage  99.3% (28031917920745/28237773109178) | 2307.5M/s | ETA 0:01:29 | best -
[b2=29 b1=27 GPU] stage  99.3% (28036749758953/28237773109178) | 2317.6M/s | ETA 0:01:26 | best -
[b2=29 b1=27 GPU] stage  99.3% (28041581597161/28237773109178) | 2298.4M/s | ETA 0:01:25 | best -
[b2=29 b1=27 GPU] stage  99.3% (28046413435369/28237773109178) | 2298.4M/s | ETA 0:01:23 | best -
[b2=29 b1=27 GPU] stage  99.3% (28051245273577/28237773109178) | 2323.7M/s | ETA 0:01:20 | best -
[b2=29 b1=27 GPU] stage  99.4% (28056077111785/28237773109178) | 2299.5M/s | ETA 0:01:19 | best -
[b2=29 b1=27 GPU] stage  99.4% (28060908949993/28237773109178) | 2297.8M/s | ETA 0:01:16 | best -
[b2=29 b1=27 GPU] stage  99.4% (28065740788201/28237773109178) | 2326.9M/s | ETA 0:01:13 | best -
[b2=29 b1=27 GPU] stage  99.4% (28070572626409/28237773109178) | 2303.8M/s | ETA 0:01:12 | best -
[b2=29 b1=27 GPU] stage  99.4% (28075404464617/28237773109178) | 2301.0M/s | ETA 0:01:10 | best -
[b2=29 b1=27 GPU] stage  99.4% (28080236302825/28237773109178) | 2313.4M/s | ETA 0:01:08 | best -
[b2=29 b1=27 GPU] stage  99.5% (28085068141033/28237773109178) | 2321.0M/s | ETA 0:01:05 | best -
[b2=29 b1=27 GPU] stage  99.5% (28089899979241/28237773109178) | 2292.8M/s | ETA 0:01:04 | best -
[b2=29 b1=27 GPU] stage  99.5% (28094731817449/28237773109178) | 2299.9M/s | ETA 0:01:02 | best -
[b2=29 b1=27 GPU] stage  99.5% (28099563655657/28237773109178) | 2319.5M/s | ETA 0:00:59 | best -
[b2=29 b1=27 GPU] stage  99.5% (28104395493865/28237773109178) | 2298.8M/s | ETA 0:00:58 | best -
[b2=29 b1=27 GPU] stage  99.5% (28109227332073/28237773109178) | 2297.8M/s | ETA 0:00:55 | best -
[b2=29 b1=27 GPU] stage  99.6% (28114059170281/28237773109178) | 2323.4M/s | ETA 0:00:53 | best -
[b2=29 b1=27 GPU] stage  99.6% (28118891008489/28237773109178) | 2297.5M/s | ETA 0:00:51 | best -
[b2=29 b1=27 GPU] stage  99.6% (28123722846697/28237773109178) | 2303.4M/s | ETA 0:00:49 | best -
[b2=29 b1=27 GPU] stage  99.6% (28128554684905/28237773109178) | 2303.4M/s | ETA 0:00:47 | best -
[b2=29 b1=27 GPU] stage  99.6% (28133386523113/28237773109178) | 2319.9M/s | ETA 0:00:44 | best -
[b2=29 b1=27 GPU] stage  99.6% (28138218361321/28237773109178) | 2302.1M/s | ETA 0:00:43 | best -
[b2=29 b1=27 GPU] stage  99.7% (28143050199529/28237773109178) | 2301.8M/s | ETA 0:00:41 | best -
[b2=29 b1=27 GPU] stage  99.7% (28147882037737/28237773109178) | 2316.8M/s | ETA 0:00:38 | best -
[b2=29 b1=27 GPU] stage  99.7% (28152713875945/28237773109178) | 2297.4M/s | ETA 0:00:37 | best -
[b2=29 b1=27 GPU] stage  99.7% (28157545714153/28237773109178) | 2294.4M/s | ETA 0:00:34 | best -
[b2=29 b1=27 GPU] stage  99.7% (28162377552361/28237773109178) | 2322.2M/s | ETA 0:00:32 | best -
[b2=29 b1=27 GPU] stage  99.8% (28167209390569/28237773109178) | 2303.3M/s | ETA 0:00:30 | best -
[b2=29 b1=27 GPU] stage  99.8% (28172041228777/28237773109178) | 2299.1M/s | ETA 0:00:28 | best -
[b2=29 b1=27 GPU] stage  99.8% (28176873066985/28237773109178) | 2309.2M/s | ETA 0:00:26 | best -
[b2=29 b1=27 GPU] stage  99.8% (28181704905193/28237773109178) | 2322.6M/s | ETA 0:00:24 | best -
[b2=29 b1=27 GPU] stage  99.8% (28186536743401/28237773109178) | 2294.9M/s | ETA 0:00:22 | best -
[b2=29 b1=27 GPU] stage  99.8% (28191368581609/28237773109178) | 2300.7M/s | ETA 0:00:20 | best -
[b2=29 b1=27 GPU] stage  99.9% (28196200419817/28237773109178) | 2317.0M/s | ETA 0:00:17 | best -
[b2=29 b1=27 GPU] stage  99.9% (28201032258025/28237773109178) | 2294.7M/s | ETA 0:00:16 | best -
[b2=29 b1=27 GPU] stage  99.9% (28205864096233/28237773109178) | 2300.4M/s | ETA 0:00:13 | best -
[b2=29 b1=27 GPU] stage  99.9% (28210695934441/28237773109178) | 2324.0M/s | ETA 0:00:11 | best -
[b2=29 b1=27 GPU] stage  99.9% (28215527772649/28237773109178) | 2295.8M/s | ETA 0:00:09 | best -
[b2=29 b1=27 GPU] stage  99.9% (28220359610857/28237773109178) | 2304.3M/s | ETA 0:00:07 | best -
[b2=29 b1=27 GPU] stage 100.0% (28225191449065/28237773109178) | 2309.9M/s | ETA 0:00:05 | best -
[b2=29 b1=27 GPU] stage 100.0% (28230023287273/28237773109178) | 2317.4M/s | ETA 0:00:03 | best -
[b2=29 b1=27 GPU] stage 100.0% (28234855125481/28237773109178) | 2299.1M/s | ETA 0:00:01 | best -
reached -E 30: stopping before stage b2=30
done: 17298.58s, 25668031931857 yh swept
no doubly 32-digit palindrome found below 6176733962839470000000000000000000000000000000
