A171740 search: n=32, threads=14, limit=none
stage b2=22 vs b1={20}: values [412195366437884247746798137865015318806528, 429496729600000000000000000000000000000000), 0 candidates (MITM path)
  MITM b1=20: s=10 t=6 j=6 je=9 Q=64000000 table=113379904 yh=50673551603
[b2=22 b1={20}] stage   0.9% (476065792/50673551603) | 176.2M/s | stage ETA 4:44 | overall ? ETA ? | best -
[b2=22 b1={20}] stage   1.6% (829255680/50673551603) | 176.0M/s | stage ETA 4:43 | overall ? ETA ? | best -
[b2=22 b1={20}] stage   2.3% (1178255360/50673551603) | 175.0M/s | stage ETA 4:42 | overall ? ETA ? | best -
[b2=22 b1={20}] stage   3.0% (1507692544/50673551603) | 169.4M/s | stage ETA 4:50 | overall ? ETA ? | best -
[b2=22 b1={20}] stage   3.7% (1855172608/50673551603) | 171.2M/s | stage ETA 4:45 | overall ? ETA ? | best -
[b2=22 b1={20}] stage   4.4% (2206531584/50673551603) | 173.3M/s | stage ETA 4:39 | overall ? ETA ? | best -
[b2=22 b1={20}] stage   5.1% (2559541248/50673551603) | 174.6M/s | stage ETA 4:35 | overall ? ETA ? | best -
[b2=22 b1={20}] stage   5.7% (2912305152/50673551603) | 175.3M/s | stage ETA 4:32 | overall ? ETA ? | best -
[b2=22 b1={20}] stage   6.4% (3263766528/50673551603) | 175.4M/s | stage ETA 4:30 | overall ? ETA ? | best -
[b2=22 b1={20}] stage   7.1% (3616866304/50673551603) | 175.6M/s | stage ETA 4:28 | overall ? ETA ? | best -
[b2=22 b1={20}] stage   7.8% (3969171456/50673551603) | 175.6M/s | stage ETA 4:25 | overall ? ETA ? | best -
[b2=22 b1={20}] stage   8.5% (4321882112/50673551603) | 175.7M/s | stage ETA 4:23 | overall ? ETA ? | best -
[b2=22 b1={20}] stage   9.2% (4675080192/50673551603) | 176.0M/s | stage ETA 4:21 | overall ? ETA ? | best -
[b2=22 b1={20}] stage   9.9% (5026496512/50673551603) | 175.7M/s | stage ETA 4:19 | overall ? ETA ? | best -
[b2=22 b1={20}] stage  10.6% (5379207168/50673551603) | 175.7M/s | stage ETA 4:17 | overall ? ETA ? | best -
[b2=22 b1={20}] stage  11.3% (5731672064/50673551603) | 175.8M/s | stage ETA 4:15 | overall ? ETA ? | best -
[b2=22 b1={20}] stage  12.0% (6084718592/50673551603) | 176.0M/s | stage ETA 4:13 | overall ? ETA ? | best -
[b2=22 b1={20}] stage  12.7% (6437183488/50673551603) | 175.9M/s | stage ETA 4:11 | overall ? ETA ? | best -
[b2=22 b1={20}] stage  13.4% (6789705728/50673551603) | 175.9M/s | stage ETA 4:09 | overall ? ETA ? | best -
[b2=22 b1={20}] stage  14.1% (7141695488/50673551603) | 175.7M/s | stage ETA 4:07 | overall ? ETA ? | best -
[b2=22 b1={20}] stage  14.8% (7492665344/50673551603) | 175.4M/s | stage ETA 4:06 | overall ? ETA ? | best -
[b2=22 b1={20}] stage  15.5% (7844700160/50673551603) | 175.5M/s | stage ETA 4:04 | overall ? ETA ? | best -
[b2=22 b1={20}] stage  16.2% (8197058560/50673551603) | 175.5M/s | stage ETA 4:01 | overall ? ETA ? | best -
[b2=22 b1={20}] stage  16.9% (8549179392/50673551603) | 175.5M/s | stage ETA 4:00 | overall ? ETA ? | best -
[b2=22 b1={20}] stage  17.6% (8894169088/50673551603) | 173.6M/s | stage ETA 4:00 | overall ? ETA ? | best -
[b2=22 b1={20}] stage  18.2% (9246515200/50673551603) | 174.6M/s | stage ETA 3:57 | overall ? ETA ? | best -
[b2=22 b1={20}] stage  18.9% (9598173184/50673551603) | 175.1M/s | stage ETA 3:54 | overall ? ETA ? | best -
[b2=22 b1={20}] stage  19.6% (9951178752/50673551603) | 175.5M/s | stage ETA 3:52 | overall ? ETA ? | best -
[b2=22 b1={20}] stage  20.3% (10302418944/50673551603) | 175.5M/s | stage ETA 3:50 | overall ? ETA ? | best -
[b2=22 b1={20}] stage  21.0% (10654474240/50673551603) | 175.6M/s | stage ETA 3:47 | overall ? ETA ? | best -
[b2=22 b1={20}] stage  21.7% (11005714432/50673551603) | 175.5M/s | stage ETA 3:46 | overall ? ETA ? | best -
[b2=22 b1={20}] stage  22.4% (11357474816/50673551603) | 175.4M/s | stage ETA 3:44 | overall ? ETA ? | best -
[b2=22 b1={20}] stage  23.1% (11708190720/50673551603) | 175.2M/s | stage ETA 3:42 | overall ? ETA ? | best -
[b2=22 b1={20}] stage  23.8% (12059582464/50673551603) | 175.3M/s | stage ETA 3:40 | overall ? ETA ? | best -
[b2=22 b1={20}] stage  24.5% (12411125760/50673551603) | 175.3M/s | stage ETA 3:38 | overall ? ETA ? | best -
[b2=22 b1={20}] stage  25.2% (12760588288/50673551603) | 174.9M/s | stage ETA 3:36 | overall ? ETA ? | best -
[b2=22 b1={20}] stage  25.9% (13111689216/50673551603) | 175.0M/s | stage ETA 3:34 | overall ? ETA ? | best -
[b2=22 b1={20}] stage  26.6% (13462282240/50673551603) | 175.0M/s | stage ETA 3:32 | overall ? ETA ? | best -
[b2=22 b1={20}] stage  27.3% (13812785152/50673551603) | 175.0M/s | stage ETA 3:30 | overall ? ETA ? | best -
[b2=22 b1={20}] stage  28.0% (14163431424/50673551603) | 175.0M/s | stage ETA 3:28 | overall ? ETA ? | best -
[b2=22 b1={20}] stage  28.6% (14514896896/50673551603) | 175.1M/s | stage ETA 3:26 | overall ? ETA ? | best -
[b2=22 b1={20}] stage  29.3% (14866468864/50673551603) | 175.1M/s | stage ETA 3:24 | overall ? ETA ? | best -
[b2=22 b1={20}] stage  30.0% (15217893376/50673551603) | 175.1M/s | stage ETA 3:22 | overall ? ETA ? | best -
[b2=22 b1={20}] stage  30.7% (15569031168/50673551603) | 174.9M/s | stage ETA 3:20 | overall ? ETA ? | best -
[b2=22 b1={20}] stage  31.4% (15917973504/50673551603) | 174.5M/s | stage ETA 3:19 | overall ? ETA ? | best -
[b2=22 b1={20}] stage  32.1% (16266174464/50673551603) | 174.2M/s | stage ETA 3:17 | overall ? ETA ? | best -
[b2=22 b1={20}] stage  32.8% (16616415232/50673551603) | 174.4M/s | stage ETA 3:15 | overall ? ETA ? | best -
[b2=22 b1={20}] stage  33.5% (16966975488/50673551603) | 174.6M/s | stage ETA 3:13 | overall ? ETA ? | best -
[b2=22 b1={20}] stage  34.2% (17316696064/50673551603) | 174.7M/s | stage ETA 3:10 | overall ? ETA ? | best -
[b2=22 b1={20}] stage  34.9% (17667813376/50673551603) | 175.0M/s | stage ETA 3:08 | overall ? ETA ? | best -
[b2=22 b1={20}] stage  35.6% (18016739328/50673551603) | 174.5M/s | stage ETA 3:07 | overall ? ETA ? | best -
[b2=22 b1={20}] stage  36.2% (18364907520/50673551603) | 174.1M/s | stage ETA 3:05 | overall ? ETA ? | best -
[b2=22 b1={20}] stage  36.9% (18714267648/50673551603) | 174.2M/s | stage ETA 3:03 | overall ? ETA ? | best -
[b2=22 b1={20}] stage  37.6% (19063480320/50673551603) | 174.2M/s | stage ETA 3:01 | overall ? ETA ? | best -
[b2=22 b1={20}] stage  38.3% (19411709952/50673551603) | 174.0M/s | stage ETA 2:59 | overall ? ETA ? | best -
[b2=22 b1={20}] stage  39.0% (19751387136/50673551603) | 171.8M/s | stage ETA 3:00 | overall ? ETA ? | best -
[b2=22 b1={20}] stage  39.7% (20093452288/50673551603) | 171.2M/s | stage ETA 2:58 | overall ? ETA ? | best -
[b2=22 b1={20}] stage  40.3% (20439707648/50673551603) | 171.9M/s | stage ETA 2:55 | overall ? ETA ? | best -
[b2=22 b1={20}] stage  41.0% (20785909760/50673551603) | 172.1M/s | stage ETA 2:53 | overall ? ETA ? | best -
[b2=22 b1={20}] stage  41.7% (21133705216/50673551603) | 172.7M/s | stage ETA 2:51 | overall ? ETA ? | best -
[b2=22 b1={20}] stage  42.3% (21452009472/50673551603) | 165.7M/s | stage ETA 2:56 | overall ? ETA ? | best -
[b2=22 b1={20}] stage  43.0% (21797523456/50673551603) | 169.1M/s | stage ETA 2:50 | overall ? ETA ? | best -
[b2=22 b1={20}] stage  43.7% (22146039808/50673551603) | 171.4M/s | stage ETA 2:46 | overall ? ETA ? | best -
[b2=22 b1={20}] stage  44.4% (22476996608/50673551603) | 168.2M/s | stage ETA 2:47 | overall ? ETA ? | best -
[b2=22 b1={20}] stage  45.0% (22824222720/50673551603) | 170.8M/s | stage ETA 2:43 | overall ? ETA ? | best -
[b2=22 b1={20}] stage  45.7% (23171284992/50673551603) | 172.0M/s | stage ETA 2:39 | overall ? ETA ? | best -
[b2=22 b1={20}] stage  46.4% (23520530432/50673551603) | 173.2M/s | stage ETA 2:36 | overall ? ETA ? | best -
[b2=22 b1={20}] stage  47.1% (23869628416/50673551603) | 173.6M/s | stage ETA 2:34 | overall ? ETA ? | best -
[b2=22 b1={20}] stage  47.8% (24217788416/50673551603) | 173.8M/s | stage ETA 2:32 | overall ? ETA ? | best -
[b2=22 b1={20}] stage  48.5% (24564850688/50673551603) | 173.4M/s | stage ETA 2:30 | overall ? ETA ? | best -
[b2=22 b1={20}] stage  49.2% (24912453632/50673551603) | 173.5M/s | stage ETA 2:28 | overall ? ETA ? | best -
[b2=22 b1={20}] stage  49.9% (25261277184/50673551603) | 173.8M/s | stage ETA 2:26 | overall ? ETA ? | best -
[b2=22 b1={20}] stage  50.5% (25609142272/50673551603) | 173.7M/s | stage ETA 2:24 | overall ? ETA ? | best -
[b2=22 b1={20}] stage  51.2% (25955729408/50673551603) | 173.3M/s | stage ETA 2:22 | overall ? ETA ? | best -
[b2=22 b1={20}] stage  51.9% (26303770624/50673551603) | 173.4M/s | stage ETA 2:20 | overall ? ETA ? | best -
[b2=22 b1={20}] stage  52.6% (26651103232/50673551603) | 173.4M/s | stage ETA 2:18 | overall ? ETA ? | best -
[b2=22 b1={20}] stage  53.3% (27000553472/50673551603) | 173.7M/s | stage ETA 2:16 | overall ? ETA ? | best -
[b2=22 b1={20}] stage  54.0% (27348115456/50673551603) | 173.6M/s | stage ETA 2:14 | overall ? ETA ? | best -
[b2=22 b1={20}] stage  54.7% (27696709632/50673551603) | 173.7M/s | stage ETA 2:12 | overall ? ETA ? | best -
[b2=22 b1={20}] stage  55.3% (28043739136/50673551603) | 173.6M/s | stage ETA 2:10 | overall ? ETA ? | best -
[b2=22 b1={20}] stage  56.0% (28391309312/50673551603) | 173.5M/s | stage ETA 2:08 | overall ? ETA ? | best -
[b2=22 b1={20}] stage  56.7% (28740075520/50673551603) | 173.7M/s | stage ETA 2:06 | overall ? ETA ? | best -
[b2=22 b1={20}] stage  57.4% (29089959936/50673551603) | 174.0M/s | stage ETA 2:04 | overall ? ETA ? | best -
[b2=22 b1={20}] stage  58.1% (29438287872/50673551603) | 173.7M/s | stage ETA 2:02 | overall ? ETA ? | best -
[b2=22 b1={20}] stage  58.8% (29786640384/50673551603) | 173.8M/s | stage ETA 2:00 | overall ? ETA ? | best -
[b2=22 b1={20}] stage  59.5% (30136233984/50673551603) | 173.8M/s | stage ETA 1:58 | overall ? ETA ? | best -
[b2=22 b1={20}] stage  60.2% (30484905984/50673551603) | 173.7M/s | stage ETA 1:56 | overall ? ETA ? | best -
[b2=22 b1={20}] stage  60.8% (30832947200/50673551603) | 173.7M/s | stage ETA 1:54 | overall ? ETA ? | best -
[b2=22 b1={20}] stage  61.5% (31179513856/50673551603) | 173.5M/s | stage ETA 1:52 | overall ? ETA ? | best -
[b2=22 b1={20}] stage  62.2% (31527370752/50673551603) | 173.6M/s | stage ETA 1:50 | overall ? ETA ? | best -
[b2=22 b1={20}] stage  62.9% (31876067328/50673551603) | 173.7M/s | stage ETA 1:48 | overall ? ETA ? | best -
[b2=22 b1={20}] stage  63.6% (32224047104/50673551603) | 173.7M/s | stage ETA 1:46 | overall ? ETA ? | best -
[b2=22 b1={20}] stage  64.3% (32571805696/50673551603) | 173.6M/s | stage ETA 1:44 | overall ? ETA ? | best -
[b2=22 b1={20}] stage  65.0% (32917598208/50673551603) | 173.1M/s | stage ETA 1:42 | overall ? ETA ? | best -
[b2=22 b1={20}] stage  65.6% (33265700864/50673551603) | 173.1M/s | stage ETA 1:40 | overall ? ETA ? | best -
[b2=22 b1={20}] stage  66.3% (33612451840/50673551603) | 173.0M/s | stage ETA 1:38 | overall ? ETA ? | best -
[b2=22 b1={20}] stage  67.0% (33960546304/50673551603) | 173.3M/s | stage ETA 1:36 | overall ? ETA ? | best -
[b2=22 b1={20}] stage  67.7% (34308255744/50673551603) | 173.4M/s | stage ETA 1:34 | overall ? ETA ? | best -
[b2=22 b1={20}] stage  68.4% (34655518720/50673551603) | 173.4M/s | stage ETA 1:32 | overall ? ETA ? | best -
[b2=22 b1={20}] stage  69.1% (35003056128/50673551603) | 173.5M/s | stage ETA 1:30 | overall ? ETA ? | best -
[b2=22 b1={20}] stage  69.8% (35350507520/50673551603) | 173.4M/s | stage ETA 1:28 | overall ? ETA ? | best -
[b2=22 b1={20}] stage  70.4% (35696345088/50673551603) | 173.0M/s | stage ETA 1:26 | overall ? ETA ? | best -
[b2=22 b1={20}] stage  71.1% (36043034624/50673551603) | 172.8M/s | stage ETA 1:24 | overall ? ETA ? | best -
[b2=22 b1={20}] stage  71.8% (36390187008/50673551603) | 173.0M/s | stage ETA 1:22 | overall ? ETA ? | best -
[b2=22 b1={20}] stage  72.5% (36737581056/50673551603) | 173.3M/s | stage ETA 1:20 | overall ? ETA ? | best -
[b2=22 b1={20}] stage  73.2% (37084512256/50673551603) | 173.1M/s | stage ETA 1:18 | overall ? ETA ? | best -
[b2=22 b1={20}] stage  73.9% (37433094144/50673551603) | 173.5M/s | stage ETA 1:16 | overall ? ETA ? | best -
[b2=22 b1={20}] stage  74.6% (37781151744/50673551603) | 173.5M/s | stage ETA 1:14 | overall ? ETA ? | best -
[b2=22 b1={20}] stage  75.2% (38129872896/50673551603) | 173.7M/s | stage ETA 1:12 | overall ? ETA ? | best -
[b2=22 b1={20}] stage  75.9% (38477692928/50673551603) | 173.6M/s | stage ETA 1:10 | overall ? ETA ? | best -
[b2=22 b1={20}] stage  76.6% (38824943616/50673551603) | 173.4M/s | stage ETA 1:08 | overall ? ETA ? | best -
[b2=22 b1={20}] stage  77.3% (39172927488/50673551603) | 173.4M/s | stage ETA 1:06 | overall ? ETA ? | best -
[b2=22 b1={20}] stage  78.0% (39520583680/50673551603) | 173.4M/s | stage ETA 1:04 | overall ? ETA ? | best -
[b2=22 b1={20}] stage  78.7% (39868387328/50673551603) | 173.5M/s | stage ETA 1:02 | overall ? ETA ? | best -
[b2=22 b1={20}] stage  79.4% (40217038848/50673551603) | 173.8M/s | stage ETA 1:00 | overall ? ETA ? | best -
[b2=22 b1={20}] stage  80.1% (40565354496/50673551603) | 173.7M/s | stage ETA 0:58 | overall ? ETA ? | best -
[b2=22 b1={20}] stage  80.7% (40905138176/50673551603) | 171.8M/s | stage ETA 0:56 | overall ? ETA ? | best -
[b2=22 b1={20}] stage  81.4% (41253425152/50673551603) | 172.7M/s | stage ETA 0:54 | overall ? ETA ? | best -
[b2=22 b1={20}] stage  82.1% (41601970176/50673551603) | 173.4M/s | stage ETA 0:52 | overall ? ETA ? | best -
[b2=22 b1={20}] stage  82.8% (41949491200/50673551603) | 173.4M/s | stage ETA 0:50 | overall ? ETA ? | best -
[b2=22 b1={20}] stage  83.5% (42297466880/50673551603) | 173.6M/s | stage ETA 0:48 | overall ? ETA ? | best -
[b2=22 b1={20}] stage  84.2% (42645270528/50673551603) | 173.4M/s | stage ETA 0:46 | overall ? ETA ? | best -
[b2=22 b1={20}] stage  84.8% (42992422912/50673551603) | 173.4M/s | stage ETA 0:44 | overall ? ETA ? | best -
[b2=22 b1={20}] stage  85.5% (43339771904/50673551603) | 173.5M/s | stage ETA 0:42 | overall ? ETA ? | best -
[b2=22 b1={20}] stage  86.2% (43687784448/50673551603) | 173.4M/s | stage ETA 0:40 | overall ? ETA ? | best -
[b2=22 b1={20}] stage  86.9% (44035178496/50673551603) | 173.3M/s | stage ETA 0:38 | overall ? ETA ? | best -
[b2=22 b1={20}] stage  87.6% (44379496448/50673551603) | 172.5M/s | stage ETA 0:36 | overall ? ETA ? | best -
[b2=22 b1={20}] stage  88.3% (44727336960/50673551603) | 172.9M/s | stage ETA 0:34 | overall ? ETA ? | best -
[b2=22 b1={20}] stage  89.0% (45075312640/50673551603) | 173.2M/s | stage ETA 0:32 | overall ? ETA ? | best -
[b2=22 b1={20}] stage  89.6% (45424332800/50673551603) | 173.5M/s | stage ETA 0:30 | overall ? ETA ? | best -
[b2=22 b1={20}] stage  90.3% (45771350016/50673551603) | 173.4M/s | stage ETA 0:28 | overall ? ETA ? | best -
[b2=22 b1={20}] stage  91.0% (46119342080/50673551603) | 173.5M/s | stage ETA 0:26 | overall ? ETA ? | best -
[b2=22 b1={20}] stage  91.7% (46466596864/50673551603) | 173.4M/s | stage ETA 0:24 | overall ? ETA ? | best -
[b2=22 b1={20}] stage  92.4% (46814187520/50673551603) | 173.4M/s | stage ETA 0:22 | overall ? ETA ? | best -
[b2=22 b1={20}] stage  93.1% (47160504320/50673551603) | 173.2M/s | stage ETA 0:20 | overall ? ETA ? | best -
[b2=22 b1={20}] stage  93.8% (47509495808/50673551603) | 173.5M/s | stage ETA 0:18 | overall ? ETA ? | best -
[b2=22 b1={20}] stage  94.4% (47852183552/50673551603) | 172.2M/s | stage ETA 0:16 | overall ? ETA ? | best -
[b2=22 b1={20}] stage  95.1% (48200548352/50673551603) | 172.9M/s | stage ETA 0:14 | overall ? ETA ? | best -
[b2=22 b1={20}] stage  95.8% (48546787328/50673551603) | 172.8M/s | stage ETA 0:12 | overall ? ETA ? | best -
[b2=22 b1={20}] stage  96.5% (48887025664/50673551603) | 171.3M/s | stage ETA 0:10 | overall ? ETA ? | best -
[b2=22 b1={20}] stage  97.2% (49236205568/50673551603) | 172.5M/s | stage ETA 0:08 | overall ? ETA ? | best -
[b2=22 b1={20}] stage  97.8% (49582678016/50673551603) | 172.8M/s | stage ETA 0:06 | overall ? ETA ? | best -
[b2=22 b1={20}] stage  98.5% (49932029952/50673551603) | 173.4M/s | stage ETA 0:04 | overall ? ETA ? | best -
[b2=22 b1={20}] stage  99.2% (50280632320/50673551603) | 173.4M/s | stage ETA 0:02 | overall ? ETA ? | best -
[b2=22 b1={20}] stage  99.9% (50627805184/50673551603) | 173.4M/s | stage ETA 0:00 | overall ? ETA ? | best -
stage b2=23 vs b1={21}: values [1635170022196481349560959748587682926364327, 2046526777500669368329342638102622164679041), 0 candidates (MITM path)
  MITM b1=21: s=10 t=6 j=6 je=9 Q=85766121 table=148035889 yh=453112706673
[b2=23 b1={21}] stage   0.1% (250601472/453112706673) | 0.0M/s | stage ETA ? | overall ? ETA ? | best -
[b2=23 b1={21}] stage   0.1% (600129536/453112706673) | 174.4M/s | stage ETA 43:14 | overall ? ETA ? | best -
[b2=23 b1={21}] stage   0.2% (952172544/453112706673) | 174.9M/s | stage ETA 43:05 | overall ? ETA ? | best -
[b2=23 b1={21}] stage   0.3% (1303490560/453112706673) | 175.2M/s | stage ETA 42:58 | overall ? ETA ? | best -
[b2=23 b1={21}] stage   0.4% (1654218752/453112706673) | 175.1M/s | stage ETA 42:58 | overall ? ETA ? | best -
[b2=23 b1={21}] stage   0.4% (2002993152/453112706673) | 174.7M/s | stage ETA 43:02 | overall ? ETA ? | best -
[b2=23 b1={21}] stage   0.5% (2353401856/453112706673) | 174.7M/s | stage ETA 43:00 | overall ? ETA ? | best -
[b2=23 b1={21}] stage   0.6% (2701877248/453112706673) | 174.3M/s | stage ETA 43:04 | overall ? ETA ? | best -
[b2=23 b1={21}] stage   0.7% (3051884544/453112706673) | 174.2M/s | stage ETA 43:03 | overall ? ETA ? | best -
[b2=23 b1={21}] stage   0.8% (3400630272/453112706673) | 174.1M/s | stage ETA 43:03 | overall ? ETA ? | best -
[b2=23 b1={21}] stage   0.8% (3749445632/453112706673) | 174.0M/s | stage ETA 43:01 | overall ? ETA ? | best -
[b2=23 b1={21}] stage   0.9% (4093345792/453112706673) | 172.8M/s | stage ETA 43:19 | overall ? ETA ? | best -
[b2=23 b1={21}] stage   1.0% (4434145280/453112706673) | 171.2M/s | stage ETA 43:41 | overall ? ETA ? | best -
[b2=23 b1={21}] stage   1.1% (4780896256/453112706673) | 172.0M/s | stage ETA 43:26 | overall ? ETA ? | best -
[b2=23 b1={21}] stage   1.1% (5124513792/453112706673) | 171.6M/s | stage ETA 43:31 | overall ? ETA ? | best -
[b2=23 b1={21}] stage   1.2% (5471854592/453112706673) | 172.3M/s | stage ETA 43:18 | overall ? ETA ? | best -
[b2=23 b1={21}] stage   1.3% (5817139200/453112706673) | 172.0M/s | stage ETA 43:20 | overall ? ETA ? | best -
[b2=23 b1={21}] stage   1.4% (6165209088/453112706673) | 172.8M/s | stage ETA 43:06 | overall ? ETA ? | best -
[b2=23 b1={21}] stage   1.4% (6514450432/453112706673) | 173.1M/s | stage ETA 43:00 | overall ? ETA ? | best -
[b2=23 b1={21}] stage   1.5% (6863724544/453112706673) | 173.6M/s | stage ETA 42:51 | overall ? ETA ? | best -
[b2=23 b1={21}] stage   1.6% (7213232128/453112706673) | 173.9M/s | stage ETA 42:44 | overall ? ETA ? | best -
[b2=23 b1={21}] stage   1.7% (7563161600/453112706673) | 174.0M/s | stage ETA 42:40 | overall ? ETA ? | best -
[b2=23 b1={21}] stage   1.7% (7906492416/453112706673) | 172.6M/s | stage ETA 43:00 | overall ? ETA ? | best -
[b2=23 b1={21}] stage   1.8% (8250937344/453112706673) | 172.1M/s | stage ETA 43:04 | overall ? ETA ? | best -
[b2=23 b1={21}] stage   1.9% (8597876736/453112706673) | 172.4M/s | stage ETA 42:58 | overall ? ETA ? | best -
[b2=23 b1={21}] stage   2.0% (8943120384/453112706673) | 172.3M/s | stage ETA 42:58 | overall ? ETA ? | best -
[b2=23 b1={21}] stage   2.1% (9291776000/453112706673) | 173.1M/s | stage ETA 42:43 | overall ? ETA ? | best -
[b2=23 b1={21}] stage   2.1% (9636892672/453112706673) | 172.7M/s | stage ETA 42:47 | overall ? ETA ? | best -
[b2=23 b1={21}] stage   2.2% (9985929216/453112706673) | 173.4M/s | stage ETA 42:34 | overall ? ETA ? | best -
[b2=23 b1={21}] stage   2.3% (10336296960/453112706673) | 174.0M/s | stage ETA 42:24 | overall ? ETA ? | best -
[b2=23 b1={21}] stage   2.4% (10687991808/453112706673) | 174.3M/s | stage ETA 42:18 | overall ? ETA ? | best -
[b2=23 b1={21}] stage   2.4% (11036344320/453112706673) | 174.2M/s | stage ETA 42:18 | overall ? ETA ? | best -
[b2=23 b1={21}] stage   2.5% (11387604992/453112706673) | 174.2M/s | stage ETA 42:16 | overall ? ETA ? | best -
[b2=23 b1={21}] stage   2.6% (11732508672/453112706673) | 173.1M/s | stage ETA 42:30 | overall ? ETA ? | best -
[b2=23 b1={21}] stage   2.7% (12078120960/453112706673) | 172.8M/s | stage ETA 42:31 | overall ? ETA ? | best -
[b2=23 b1={21}] stage   2.7% (12423786496/453112706673) | 172.6M/s | stage ETA 42:33 | overall ? ETA ? | best -
[b2=23 b1={21}] stage   2.8% (12773306368/453112706673) | 173.0M/s | stage ETA 42:25 | overall ? ETA ? | best -
[b2=23 b1={21}] stage   2.9% (13121191936/453112706673) | 173.3M/s | stage ETA 42:18 | overall ? ETA ? | best -
[b2=23 b1={21}] stage   3.0% (13468884992/453112706673) | 173.2M/s | stage ETA 42:19 | overall ? ETA ? | best -
[b2=23 b1={21}] stage   3.0% (13815103488/453112706673) | 172.7M/s | stage ETA 42:24 | overall ? ETA ? | best -
[b2=23 b1={21}] stage   3.1% (14160592896/453112706673) | 172.6M/s | stage ETA 42:23 | overall ? ETA ? | best -
[b2=23 b1={21}] stage   3.2% (14507413504/453112706673) | 172.6M/s | stage ETA 42:21 | overall ? ETA ? | best -
[b2=23 b1={21}] stage   3.3% (14856101888/453112706673) | 173.2M/s | stage ETA 42:10 | overall ? ETA ? | best -
[b2=23 b1={21}] stage   3.4% (15203483648/453112706673) | 173.4M/s | stage ETA 42:05 | overall ? ETA ? | best -
[b2=23 b1={21}] stage   3.4% (15551574016/453112706673) | 173.6M/s | stage ETA 42:00 | overall ? ETA ? | best -
[b2=23 b1={21}] stage   3.5% (15900880896/453112706673) | 173.9M/s | stage ETA 41:53 | overall ? ETA ? | best -
[b2=23 b1={21}] stage   3.6% (16250318848/453112706673) | 173.9M/s | stage ETA 41:52 | overall ? ETA ? | best -
[b2=23 b1={21}] stage   3.7% (16599965696/453112706673) | 173.9M/s | stage ETA 41:50 | overall ? ETA ? | best -
[b2=23 b1={21}] stage   3.7% (16947777536/453112706673) | 173.7M/s | stage ETA 41:51 | overall ? ETA ? | best -
[b2=23 b1={21}] stage   3.8% (17295372288/453112706673) | 173.3M/s | stage ETA 41:54 | overall ? ETA ? | best -
[b2=23 b1={21}] stage   3.9% (17634783232/453112706673) | 171.2M/s | stage ETA 42:23 | overall ? ETA ? | best -
[b2=23 b1={21}] stage   4.0% (17975754752/453112706673) | 170.4M/s | stage ETA 42:32 | overall ? ETA ? | best -
[b2=23 b1={21}] stage   4.0% (18319183872/453112706673) | 170.9M/s | stage ETA 42:24 | overall ? ETA ? | best -
[b2=23 b1={21}] stage   4.1% (18668003328/453112706673) | 172.2M/s | stage ETA 42:02 | overall ? ETA ? | best -
[b2=23 b1={21}] stage   4.2% (19014955008/453112706673) | 172.4M/s | stage ETA 41:57 | overall ? ETA ? | best -
[b2=23 b1={21}] stage   4.3% (19348611072/453112706673) | 169.3M/s | stage ETA 42:42 | overall ? ETA ? | best -
[b2=23 b1={21}] stage   4.3% (19670454272/453112706673) | 164.8M/s | stage ETA 43:50 | overall ? ETA ? | best -
[b2=23 b1={21}] stage   4.4% (20015337472/453112706673) | 168.5M/s | stage ETA 42:49 | overall ? ETA ? | best -
[b2=23 b1={21}] stage   4.5% (20357345280/453112706673) | 169.6M/s | stage ETA 42:31 | overall ? ETA ? | best -
[b2=23 b1={21}] stage   4.6% (20700659712/453112706673) | 170.4M/s | stage ETA 42:17 | overall ? ETA ? | best -
[b2=23 b1={21}] stage   4.6% (21026717696/453112706673) | 166.7M/s | stage ETA 43:12 | overall ? ETA ? | best -
[b2=23 b1={21}] stage   4.7% (21335388160/453112706673) | 160.5M/s | stage ETA 44:50 | overall ? ETA ? | best -
[b2=23 b1={21}] stage   4.8% (21665116160/453112706673) | 162.4M/s | stage ETA 44:17 | overall ? ETA ? | best -
[b2=23 b1={21}] stage   4.9% (22008676352/453112706673) | 167.0M/s | stage ETA 43:01 | overall ? ETA ? | best -
[b2=23 b1={21}] stage   4.9% (22352588800/453112706673) | 169.3M/s | stage ETA 42:25 | overall ? ETA ? | best -
[b2=23 b1={21}] stage   5.0% (22695682048/453112706673) | 170.1M/s | stage ETA 42:10 | overall ? ETA ? | best -
[b2=23 b1={21}] stage   5.1% (23039766528/453112706673) | 170.8M/s | stage ETA 41:57 | overall ? ETA ? | best -
[b2=23 b1={21}] stage   5.2% (23384715264/453112706673) | 171.5M/s | stage ETA 41:46 | overall ? ETA ? | best -
[b2=23 b1={21}] stage   5.2% (23725756416/453112706673) | 170.8M/s | stage ETA 41:53 | overall ? ETA ? | best -
[b2=23 b1={21}] stage   5.3% (24070983680/453112706673) | 171.4M/s | stage ETA 41:43 | overall ? ETA ? | best -
[b2=23 b1={21}] stage   5.4% (24415916032/453112706673) | 171.9M/s | stage ETA 41:33 | overall ? ETA ? | best -
[b2=23 b1={21}] stage   5.5% (24758329344/453112706673) | 171.4M/s | stage ETA 41:39 | overall ? ETA ? | best -
[b2=23 b1={21}] stage   5.5% (25103396864/453112706673) | 171.7M/s | stage ETA 41:33 | overall ? ETA ? | best -
[b2=23 b1={21}] stage   5.6% (25448566784/453112706673) | 172.0M/s | stage ETA 41:25 | overall ? ETA ? | best -
[b2=23 b1={21}] stage   5.7% (25794973696/453112706673) | 172.2M/s | stage ETA 41:20 | overall ? ETA ? | best -
[b2=23 b1={21}] stage   5.8% (26139856896/453112706673) | 172.1M/s | stage ETA 41:21 | overall ? ETA ? | best -
[b2=23 b1={21}] stage   5.8% (26484502528/453112706673) | 172.1M/s | stage ETA 41:19 | overall ? ETA ? | best -
[b2=23 b1={21}] stage   5.9% (26828447744/453112706673) | 171.8M/s | stage ETA 41:21 | overall ? ETA ? | best -
[b2=23 b1={21}] stage   6.0% (27174916096/453112706673) | 172.3M/s | stage ETA 41:11 | overall ? ETA ? | best -
[b2=23 b1={21}] stage   6.1% (27520573440/453112706673) | 172.4M/s | stage ETA 41:09 | overall ? ETA ? | best -
[b2=23 b1={21}] stage   6.1% (27864555520/453112706673) | 172.0M/s | stage ETA 41:12 | overall ? ETA ? | best -
[b2=23 b1={21}] stage   6.2% (28210184192/453112706673) | 172.3M/s | stage ETA 41:05 | overall ? ETA ? | best -
[b2=23 b1={21}] stage   6.3% (28552667136/453112706673) | 171.3M/s | stage ETA 41:18 | overall ? ETA ? | best -
[b2=23 b1={21}] stage   6.4% (28884226048/453112706673) | 168.4M/s | stage ETA 41:59 | overall ? ETA ? | best -
[b2=23 b1={21}] stage   6.5% (29230362624/453112706673) | 170.6M/s | stage ETA 41:25 | overall ? ETA ? | best -
[b2=23 b1={21}] stage   6.5% (29577170944/453112706673) | 171.8M/s | stage ETA 41:04 | overall ? ETA ? | best -
[b2=23 b1={21}] stage   6.6% (29921615872/453112706673) | 171.6M/s | stage ETA 41:06 | overall ? ETA ? | best -
[b2=23 b1={21}] stage   6.7% (30268575744/453112706673) | 172.3M/s | stage ETA 40:53 | overall ? ETA ? | best -
[b2=23 b1={21}] stage   6.8% (30613729280/453112706673) | 172.4M/s | stage ETA 40:50 | overall ? ETA ? | best -
[b2=23 b1={21}] stage   6.8% (30959226880/453112706673) | 172.4M/s | stage ETA 40:48 | overall ? ETA ? | best -
[b2=23 b1={21}] stage   6.9% (31304212480/453112706673) | 172.3M/s | stage ETA 40:48 | overall ? ETA ? | best -
[b2=23 b1={21}] stage   7.0% (31652003840/453112706673) | 172.6M/s | stage ETA 40:42 | overall ? ETA ? | best -
[b2=23 b1={21}] stage   7.1% (31997513728/453112706673) | 172.5M/s | stage ETA 40:41 | overall ? ETA ? | best -
[b2=23 b1={21}] stage   7.1% (32341934080/453112706673) | 172.2M/s | stage ETA 40:43 | overall ? ETA ? | best -
[b2=23 b1={21}] stage   7.2% (32687157248/453112706673) | 172.2M/s | stage ETA 40:41 | overall ? ETA ? | best -
[b2=23 b1={21}] stage   7.3% (33032646656/453112706673) | 172.3M/s | stage ETA 40:37 | overall ? ETA ? | best -
[b2=23 b1={21}] stage   7.4% (33379123200/453112706673) | 172.6M/s | stage ETA 40:31 | overall ? ETA ? | best -
[b2=23 b1={21}] stage   7.4% (33723756544/453112706673) | 172.4M/s | stage ETA 40:33 | overall ? ETA ? | best -
[b2=23 b1={21}] stage   7.5% (34071232512/453112706673) | 173.0M/s | stage ETA 40:22 | overall ? ETA ? | best -
[b2=23 b1={21}] stage   7.6% (34421751808/453112706673) | 173.9M/s | stage ETA 40:07 | overall ? ETA ? | best -
[b2=23 b1={21}] stage   7.7% (34771542016/453112706673) | 174.2M/s | stage ETA 40:01 | overall ? ETA ? | best -
[b2=23 b1={21}] stage   7.8% (35118968832/453112706673) | 173.8M/s | stage ETA 40:05 | overall ? ETA ? | best -
[b2=23 b1={21}] stage   7.8% (35467165696/453112706673) | 173.8M/s | stage ETA 40:02 | overall ? ETA ? | best -
[b2=23 b1={21}] stage   7.9% (35814670336/453112706673) | 173.7M/s | stage ETA 40:02 | overall ? ETA ? | best -
[b2=23 b1={21}] stage   8.0% (36163010560/453112706673) | 173.7M/s | stage ETA 39:59 | overall ? ETA ? | best -
[b2=23 b1={21}] stage   8.1% (36511731712/453112706673) | 173.8M/s | stage ETA 39:56 | overall ? ETA ? | best -
[b2=23 b1={21}] stage   8.1% (36859957248/453112706673) | 173.8M/s | stage ETA 39:54 | overall ? ETA ? | best -
[b2=23 b1={21}] stage   8.2% (37208924160/453112706673) | 174.0M/s | stage ETA 39:50 | overall ? ETA ? | best -
[b2=23 b1={21}] stage   8.3% (37557420032/453112706673) | 173.9M/s | stage ETA 39:49 | overall ? ETA ? | best -
[b2=23 b1={21}] stage   8.4% (37907120128/453112706673) | 174.2M/s | stage ETA 39:43 | overall ? ETA ? | best -
[b2=23 b1={21}] stage   8.4% (38256005120/453112706673) | 174.1M/s | stage ETA 39:43 | overall ? ETA ? | best -
[b2=23 b1={21}] stage   8.5% (38604898304/453112706673) | 174.0M/s | stage ETA 39:41 | overall ? ETA ? | best -
[b2=23 b1={21}] stage   8.6% (38956101632/453112706673) | 174.3M/s | stage ETA 39:36 | overall ? ETA ? | best -
[b2=23 b1={21}] stage   8.7% (39304871936/453112706673) | 174.0M/s | stage ETA 39:38 | overall ? ETA ? | best -
[b2=23 b1={21}] stage   8.8% (39653019648/453112706673) | 173.7M/s | stage ETA 39:39 | overall ? ETA ? | best -
[b2=23 b1={21}] stage   8.8% (40001880064/453112706673) | 173.8M/s | stage ETA 39:36 | overall ? ETA ? | best -
[b2=23 b1={21}] stage   8.9% (40351227904/453112706673) | 174.1M/s | stage ETA 39:30 | overall ? ETA ? | best -
[b2=23 b1={21}] stage   9.0% (40698302464/453112706673) | 173.8M/s | stage ETA 39:32 | overall ? ETA ? | best -
[b2=23 b1={21}] stage   9.1% (41046958080/453112706673) | 174.1M/s | stage ETA 39:27 | overall ? ETA ? | best -
[b2=23 b1={21}] stage   9.1% (41393909760/453112706673) | 173.6M/s | stage ETA 39:31 | overall ? ETA ? | best -
[b2=23 b1={21}] stage   9.2% (41733701632/453112706673) | 171.3M/s | stage ETA 40:00 | overall ? ETA ? | best -
[b2=23 b1={21}] stage   9.3% (42080808960/453112706673) | 172.2M/s | stage ETA 39:47 | overall ? ETA ? | best -
[b2=23 b1={21}] stage   9.4% (42427056128/453112706673) | 172.4M/s | stage ETA 39:42 | overall ? ETA ? | best -
[b2=23 b1={21}] stage   9.4% (42777882624/453112706673) | 173.5M/s | stage ETA 39:24 | overall ? ETA ? | best -
[b2=23 b1={21}] stage   9.5% (43127279616/453112706673) | 173.8M/s | stage ETA 39:18 | overall ? ETA ? | best -
[b2=23 b1={21}] stage   9.6% (43474022400/453112706673) | 173.5M/s | stage ETA 39:21 | overall ? ETA ? | best -
[b2=23 b1={21}] stage   9.7% (43820425216/453112706673) | 173.2M/s | stage ETA 39:22 | overall ? ETA ? | best -
[b2=23 b1={21}] stage   9.7% (44167802880/453112706673) | 173.3M/s | stage ETA 39:20 | overall ? ETA ? | best -
[b2=23 b1={21}] stage   9.8% (44513959936/453112706673) | 173.0M/s | stage ETA 39:21 | overall ? ETA ? | best -
[b2=23 b1={21}] stage   9.9% (44862898176/453112706673) | 173.5M/s | stage ETA 39:12 | overall ? ETA ? | best -
[b2=23 b1={21}] stage  10.0% (45210914816/453112706673) | 173.6M/s | stage ETA 39:10 | overall ? ETA ? | best -
[b2=23 b1={21}] stage  10.1% (45559951360/453112706673) | 174.0M/s | stage ETA 39:02 | overall ? ETA ? | best -
[b2=23 b1={21}] stage  10.1% (45900075008/453112706673) | 171.8M/s | stage ETA 39:30 | overall ? ETA ? | best -
[b2=23 b1={21}] stage  10.2% (46246825984/453112706673) | 172.4M/s | stage ETA 39:20 | overall ? ETA ? | best -
[b2=23 b1={21}] stage  10.3% (46595829760/453112706673) | 173.2M/s | stage ETA 39:07 | overall ? ETA ? | best -
[b2=23 b1={21}] stage  10.4% (46943993856/453112706673) | 173.4M/s | stage ETA 39:02 | overall ? ETA ? | best -
[b2=23 b1={21}] stage  10.4% (47292096512/453112706673) | 173.6M/s | stage ETA 38:57 | overall ? ETA ? | best -
[b2=23 b1={21}] stage  10.5% (47641567232/453112706673) | 173.9M/s | stage ETA 38:52 | overall ? ETA ? | best -
[b2=23 b1={21}] stage  10.6% (47989407744/453112706673) | 173.8M/s | stage ETA 38:50 | overall ? ETA ? | best -
[b2=23 b1={21}] stage  10.7% (48336347136/453112706673) | 173.4M/s | stage ETA 38:53 | overall ? ETA ? | best -
[b2=23 b1={21}] stage  10.7% (48682811392/453112706673) | 173.2M/s | stage ETA 38:55 | overall ? ETA ? | best -
[b2=23 b1={21}] stage  10.8% (49029722112/453112706673) | 173.0M/s | stage ETA 38:55 | overall ? ETA ? | best -
[b2=23 b1={21}] stage  10.9% (49375567872/453112706673) | 172.9M/s | stage ETA 38:55 | overall ? ETA ? | best -
[b2=23 b1={21}] stage  11.0% (49722736640/453112706673) | 173.0M/s | stage ETA 38:51 | overall ? ETA ? | best -
[b2=23 b1={21}] stage  11.0% (50061770752/453112706673) | 171.1M/s | stage ETA 39:16 | overall ? ETA ? | best -
[b2=23 b1={21}] stage  11.1% (50407698432/453112706673) | 171.9M/s | stage ETA 39:02 | overall ? ETA ? | best -
[b2=23 b1={21}] stage  11.2% (50751852544/453112706673) | 171.9M/s | stage ETA 39:00 | overall ? ETA ? | best -
[b2=23 b1={21}] stage  11.3% (51099799552/453112706673) | 172.7M/s | stage ETA 38:47 | overall ? ETA ? | best -
[b2=23 b1={21}] stage  11.4% (51447033856/453112706673) | 173.1M/s | stage ETA 38:40 | overall ? ETA ? | best -
[b2=23 b1={21}] stage  11.4% (51793248256/453112706673) | 172.9M/s | stage ETA 38:40 | overall ? ETA ? | best -
[b2=23 b1={21}] stage  11.5% (52141211648/453112706673) | 173.4M/s | stage ETA 38:32 | overall ? ETA ? | best -
[b2=23 b1={21}] stage  11.6% (52491202560/453112706673) | 174.0M/s | stage ETA 38:22 | overall ? ETA ? | best -
[b2=23 b1={21}] stage  11.7% (52838653952/453112706673) | 173.7M/s | stage ETA 38:24 | overall ? ETA ? | best -
[b2=23 b1={21}] stage  11.7% (53185343488/453112706673) | 173.4M/s | stage ETA 38:26 | overall ? ETA ? | best -
[b2=23 b1={21}] stage  11.8% (53534400512/453112706673) | 174.0M/s | stage ETA 38:17 | overall ? ETA ? | best -
[b2=23 b1={21}] stage  11.9% (53883572224/453112706673) | 174.1M/s | stage ETA 38:13 | overall ? ETA ? | best -
[b2=23 b1={21}] stage  12.0% (54232064000/453112706673) | 174.0M/s | stage ETA 38:12 | overall ? ETA ? | best -
[b2=23 b1={21}] stage  12.0% (54580027392/453112706673) | 173.8M/s | stage ETA 38:13 | overall ? ETA ? | best -
[b2=23 b1={21}] stage  12.1% (54928490496/453112706673) | 173.9M/s | stage ETA 38:09 | overall ? ETA ? | best -
[b2=23 b1={21}] stage  12.2% (55277637632/453112706673) | 174.0M/s | stage ETA 38:06 | overall ? ETA ? | best -
[b2=23 b1={21}] stage  12.3% (55627190272/453112706673) | 174.2M/s | stage ETA 38:01 | overall ? ETA ? | best -
[b2=23 b1={21}] stage  12.4% (55973670912/453112706673) | 173.6M/s | stage ETA 38:07 | overall ? ETA ? | best -
[b2=23 b1={21}] stage  12.4% (56321323008/453112706673) | 173.7M/s | stage ETA 38:04 | overall ? ETA ? | best -
[b2=23 b1={21}] stage  12.5% (56667820032/453112706673) | 173.4M/s | stage ETA 38:06 | overall ? ETA ? | best -
[b2=23 b1={21}] stage  12.6% (57015353344/453112706673) | 173.4M/s | stage ETA 38:04 | overall ? ETA ? | best -
[b2=23 b1={21}] stage  12.7% (57364250624/453112706673) | 173.7M/s | stage ETA 37:58 | overall ? ETA ? | best -
[b2=23 b1={21}] stage  12.7% (57713229824/453112706673) | 173.9M/s | stage ETA 37:54 | overall ? ETA ? | best -
[b2=23 b1={21}] stage  12.8% (58060095488/453112706673) | 173.5M/s | stage ETA 37:56 | overall ? ETA ? | best -
[b2=23 b1={21}] stage  12.9% (58406248448/453112706673) | 173.1M/s | stage ETA 37:59 | overall ? ETA ? | best -
[b2=23 b1={21}] stage  13.0% (58754211840/453112706673) | 173.3M/s | stage ETA 37:55 | overall ? ETA ? | best -
[b2=23 b1={21}] stage  13.0% (59103391744/453112706673) | 173.9M/s | stage ETA 37:45 | overall ? ETA ? | best -
[b2=23 b1={21}] stage  13.1% (59450212352/453112706673) | 173.6M/s | stage ETA 37:47 | overall ? ETA ? | best -
[b2=23 b1={21}] stage  13.2% (59797438464/453112706673) | 173.5M/s | stage ETA 37:47 | overall ? ETA ? | best -
[b2=23 b1={21}] stage  13.3% (60146864128/453112706673) | 173.9M/s | stage ETA 37:39 | overall ? ETA ? | best -
[b2=23 b1={21}] stage  13.4% (60494303232/453112706673) | 173.6M/s | stage ETA 37:41 | overall ? ETA ? | best -
[b2=23 b1={21}] stage  13.4% (60837552128/453112706673) | 172.5M/s | stage ETA 37:54 | overall ? ETA ? | best -
[b2=23 b1={21}] stage  13.5% (61182918656/453112706673) | 172.2M/s | stage ETA 37:56 | overall ? ETA ? | best -
[b2=23 b1={21}] stage  13.6% (61532405760/453112706673) | 173.1M/s | stage ETA 37:41 | overall ? ETA ? | best -
[b2=23 b1={21}] stage  13.7% (61882789888/453112706673) | 174.0M/s | stage ETA 37:28 | overall ? ETA ? | best -
[b2=23 b1={21}] stage  13.7% (62228500480/453112706673) | 173.3M/s | stage ETA 37:35 | overall ? ETA ? | best -
[b2=23 b1={21}] stage  13.8% (62576287744/453112706673) | 173.4M/s | stage ETA 37:31 | overall ? ETA ? | best -
[b2=23 b1={21}] stage  13.9% (62926237696/453112706673) | 174.0M/s | stage ETA 37:22 | overall ? ETA ? | best -
[b2=23 b1={21}] stage  14.0% (63275089920/453112706673) | 174.0M/s | stage ETA 37:20 | overall ? ETA ? | best -
[b2=23 b1={21}] stage  14.0% (63623008256/453112706673) | 173.8M/s | stage ETA 37:20 | overall ? ETA ? | best -
[b2=23 b1={21}] stage  14.1% (63971958784/453112706673) | 173.9M/s | stage ETA 37:18 | overall ? ETA ? | best -
[b2=23 b1={21}] stage  14.2% (64320327680/453112706673) | 173.8M/s | stage ETA 37:17 | overall ? ETA ? | best -
[b2=23 b1={21}] stage  14.3% (64670949376/453112706673) | 174.4M/s | stage ETA 37:07 | overall ? ETA ? | best -
[b2=23 b1={21}] stage  14.3% (65020608512/453112706673) | 174.2M/s | stage ETA 37:07 | overall ? ETA ? | best -
[b2=23 b1={21}] stage  14.4% (65369673728/453112706673) | 174.2M/s | stage ETA 37:06 | overall ? ETA ? | best -
[b2=23 b1={21}] stage  14.5% (65718931456/453112706673) | 174.2M/s | stage ETA 37:04 | overall ? ETA ? | best -
[b2=23 b1={21}] stage  14.6% (66068938752/453112706673) | 174.6M/s | stage ETA 36:57 | overall ? ETA ? | best -
[b2=23 b1={21}] stage  14.7% (66419806208/453112706673) | 174.8M/s | stage ETA 36:51 | overall ? ETA ? | best -
[b2=23 b1={21}] stage  14.7% (66766786560/453112706673) | 174.0M/s | stage ETA 37:00 | overall ? ETA ? | best -
[b2=23 b1={21}] stage  14.8% (67115356160/453112706673) | 174.1M/s | stage ETA 36:57 | overall ? ETA ? | best -
[b2=23 b1={21}] stage  14.9% (67464368128/453112706673) | 174.2M/s | stage ETA 36:53 | overall ? ETA ? | best -
[b2=23 b1={21}] stage  15.0% (67812511744/453112706673) | 174.0M/s | stage ETA 36:54 | overall ? ETA ? | best -
[b2=23 b1={21}] stage  15.0% (68160176128/453112706673) | 173.7M/s | stage ETA 36:56 | overall ? ETA ? | best -
[b2=23 b1={21}] stage  15.1% (68508352512/453112706673) | 173.6M/s | stage ETA 36:55 | overall ? ETA ? | best -
[b2=23 b1={21}] stage  15.2% (68846190592/453112706673) | 170.9M/s | stage ETA 37:28 | overall ? ETA ? | best -
[b2=23 b1={21}] stage  15.3% (69190844416/453112706673) | 171.4M/s | stage ETA 37:19 | overall ? ETA ? | best -
[b2=23 b1={21}] stage  15.3% (69540106240/453112706673) | 172.8M/s | stage ETA 36:59 | overall ? ETA ? | best -
[b2=23 b1={21}] stage  15.4% (69887086592/453112706673) | 172.8M/s | stage ETA 36:58 | overall ? ETA ? | best -
[b2=23 b1={21}] stage  15.5% (70237638656/453112706673) | 173.8M/s | stage ETA 36:42 | overall ? ETA ? | best -
[b2=23 b1={21}] stage  15.6% (70584270848/453112706673) | 173.3M/s | stage ETA 36:46 | overall ? ETA ? | best -
[b2=23 b1={21}] stage  15.7% (70934147072/453112706673) | 174.0M/s | stage ETA 36:36 | overall ? ETA ? | best -
[b2=23 b1={21}] stage  15.7% (71283650560/453112706673) | 174.3M/s | stage ETA 36:30 | overall ? ETA ? | best -
[b2=23 b1={21}] stage  15.8% (71634255872/453112706673) | 174.3M/s | stage ETA 36:28 | overall ? ETA ? | best -
[b2=23 b1={21}] stage  15.9% (71972286464/453112706673) | 171.5M/s | stage ETA 37:01 | overall ? ETA ? | best -
[b2=23 b1={21}] stage  16.0% (72322572288/453112706673) | 173.2M/s | stage ETA 36:39 | overall ? ETA ? | best -
[b2=23 b1={21}] stage  16.0% (72669425664/453112706673) | 173.0M/s | stage ETA 36:39 | overall ? ETA ? | best -
[b2=23 b1={21}] stage  16.1% (73019338752/453112706673) | 173.8M/s | stage ETA 36:26 | overall ? ETA ? | best -
[b2=23 b1={21}] stage  16.2% (73370533888/453112706673) | 174.5M/s | stage ETA 36:15 | overall ? ETA ? | best -
[b2=23 b1={21}] stage  16.3% (73718546432/453112706673) | 174.0M/s | stage ETA 36:20 | overall ? ETA ? | best -
[b2=23 b1={21}] stage  16.3% (74069319680/453112706673) | 174.3M/s | stage ETA 36:14 | overall ? ETA ? | best -
[b2=23 b1={21}] stage  16.4% (74420994048/453112706673) | 174.6M/s | stage ETA 36:09 | overall ? ETA ? | best -
[b2=23 b1={21}] stage  16.5% (74772373504/453112706673) | 174.8M/s | stage ETA 36:04 | overall ? ETA ? | best -
[b2=23 b1={21}] stage  16.6% (75124731904/453112706673) | 175.0M/s | stage ETA 35:59 | overall ? ETA ? | best -
[b2=23 b1={21}] stage  16.7% (75472551936/453112706673) | 174.4M/s | stage ETA 36:05 | overall ? ETA ? | best -
[b2=23 b1={21}] stage  16.7% (75825385472/453112706673) | 174.9M/s | stage ETA 35:57 | overall ? ETA ? | best -
[b2=23 b1={21}] stage  16.8% (76175478784/453112706673) | 174.6M/s | stage ETA 35:58 | overall ? ETA ? | best -
[b2=23 b1={21}] stage  16.9% (76525838336/453112706673) | 174.4M/s | stage ETA 35:59 | overall ? ETA ? | best -
[b2=23 b1={21}] stage  17.0% (76875382784/453112706673) | 174.3M/s | stage ETA 35:58 | overall ? ETA ? | best -
[b2=23 b1={21}] stage  17.0% (77225807872/453112706673) | 174.4M/s | stage ETA 35:55 | overall ? ETA ? | best -
[b2=23 b1={21}] stage  17.1% (77575081984/453112706673) | 174.4M/s | stage ETA 35:52 | overall ? ETA ? | best -
[b2=23 b1={21}] stage  17.2% (77921673216/453112706673) | 173.6M/s | stage ETA 36:01 | overall ? ETA ? | best -
[b2=23 b1={21}] stage  17.3% (78269685760/453112706673) | 173.8M/s | stage ETA 35:57 | overall ? ETA ? | best -
[b2=23 b1={21}] stage  17.3% (78614016000/453112706673) | 173.0M/s | stage ETA 36:05 | overall ? ETA ? | best -
[b2=23 b1={21}] stage  17.4% (78962991104/453112706673) | 173.4M/s | stage ETA 35:57 | overall ? ETA ? | best -
[b2=23 b1={21}] stage  17.5% (79311884288/453112706673) | 173.5M/s | stage ETA 35:54 | overall ? ETA ? | best -
[b2=23 b1={21}] stage  17.6% (79660634112/453112706673) | 173.5M/s | stage ETA 35:52 | overall ? ETA ? | best -
[b2=23 b1={21}] stage  17.7% (80010985472/453112706673) | 173.9M/s | stage ETA 35:45 | overall ? ETA ? | best -
[b2=23 b1={21}] stage  17.7% (80349716480/453112706673) | 171.4M/s | stage ETA 36:15 | overall ? ETA ? | best -
[b2=23 b1={21}] stage  17.8% (80698179584/453112706673) | 172.8M/s | stage ETA 35:55 | overall ? ETA ? | best -
[b2=23 b1={21}] stage  17.9% (81043664896/453112706673) | 172.6M/s | stage ETA 35:55 | overall ? ETA ? | best -
[b2=23 b1={21}] stage  18.0% (81395298304/453112706673) | 173.9M/s | stage ETA 35:37 | overall ? ETA ? | best -
[b2=23 b1={21}] stage  18.0% (81747398656/453112706673) | 174.5M/s | stage ETA 35:27 | overall ? ETA ? | best -
[b2=23 b1={21}] stage  18.1% (82096349184/453112706673) | 174.1M/s | stage ETA 35:30 | overall ? ETA ? | best -
[b2=23 b1={21}] stage  18.2% (82447306752/453112706673) | 174.5M/s | stage ETA 35:24 | overall ? ETA ? | best -
[b2=23 b1={21}] stage  18.3% (82797076480/453112706673) | 174.3M/s | stage ETA 35:25 | overall ? ETA ? | best -
[b2=23 b1={21}] stage  18.4% (83147657216/453112706673) | 174.3M/s | stage ETA 35:22 | overall ? ETA ? | best -
[b2=23 b1={21}] stage  18.4% (83493728256/453112706673) | 173.7M/s | stage ETA 35:28 | overall ? ETA ? | best -
[b2=23 b1={21}] stage  18.5% (83846164480/453112706673) | 174.5M/s | stage ETA 35:15 | overall ? ETA ? | best -
[b2=23 b1={21}] stage  18.6% (84197023744/453112706673) | 174.8M/s | stage ETA 35:10 | overall ? ETA ? | best -
[b2=23 b1={21}] stage  18.7% (84547588096/453112706673) | 174.5M/s | stage ETA 35:12 | overall ? ETA ? | best -
[b2=23 b1={21}] stage  18.7% (84898594816/453112706673) | 175.0M/s | stage ETA 35:04 | overall ? ETA ? | best -
[b2=23 b1={21}] stage  18.8% (85249249280/453112706673) | 174.6M/s | stage ETA 35:06 | overall ? ETA ? | best -
[b2=23 b1={21}] stage  18.9% (85601349632/453112706673) | 174.8M/s | stage ETA 35:02 | overall ? ETA ? | best -
[b2=23 b1={21}] stage  19.0% (85951410176/453112706673) | 174.8M/s | stage ETA 35:01 | overall ? ETA ? | best -
[b2=23 b1={21}] stage  19.0% (86300332032/453112706673) | 174.5M/s | stage ETA 35:02 | overall ? ETA ? | best -
[b2=23 b1={21}] stage  19.1% (86651641856/453112706673) | 174.5M/s | stage ETA 35:00 | overall ? ETA ? | best -
[b2=23 b1={21}] stage  19.2% (87002497024/453112706673) | 174.5M/s | stage ETA 34:57 | overall ? ETA ? | best -
[b2=23 b1={21}] stage  19.3% (87354888192/453112706673) | 174.9M/s | stage ETA 34:51 | overall ? ETA ? | best -
[b2=23 b1={21}] stage  19.4% (87706411008/453112706673) | 174.8M/s | stage ETA 34:50 | overall ? ETA ? | best -
[b2=23 b1={21}] stage  19.4% (88056741888/453112706673) | 174.8M/s | stage ETA 34:47 | overall ? ETA ? | best -
[b2=23 b1={21}] stage  19.5% (88408653824/453112706673) | 175.1M/s | stage ETA 34:43 | overall ? ETA ? | best -
[b2=23 b1={21}] stage  19.6% (88760717312/453112706673) | 175.0M/s | stage ETA 34:41 | overall ? ETA ? | best -
[b2=23 b1={21}] stage  19.7% (89109053440/453112706673) | 174.5M/s | stage ETA 34:45 | overall ? ETA ? | best -
[b2=23 b1={21}] stage  19.7% (89461256192/453112706673) | 174.8M/s | stage ETA 34:40 | overall ? ETA ? | best -
[b2=23 b1={21}] stage  19.8% (89809555456/453112706673) | 174.4M/s | stage ETA 34:43 | overall ? ETA ? | best -
[b2=23 b1={21}] stage  19.9% (90160599040/453112706673) | 174.8M/s | stage ETA 34:36 | overall ? ETA ? | best -
[b2=23 b1={21}] stage  20.0% (90511532032/453112706673) | 174.8M/s | stage ETA 34:34 | overall ? ETA ? | best -
[b2=23 b1={21}] stage  20.1% (90862395392/453112706673) | 174.5M/s | stage ETA 34:35 | overall ? ETA ? | best -
[b2=23 b1={21}] stage  20.1% (91212611584/453112706673) | 174.4M/s | stage ETA 34:34 | overall ? ETA ? | best -
[b2=23 b1={21}] stage  20.2% (91558117376/453112706673) | 173.5M/s | stage ETA 34:43 | overall ? ETA ? | best -
[b2=23 b1={21}] stage  20.3% (91907190784/453112706673) | 174.0M/s | stage ETA 34:36 | overall ? ETA ? | best -
[b2=23 b1={21}] stage  20.4% (92259094528/453112706673) | 174.5M/s | stage ETA 34:27 | overall ? ETA ? | best -
[b2=23 b1={21}] stage  20.4% (92610007040/453112706673) | 174.4M/s | stage ETA 34:27 | overall ? ETA ? | best -
[b2=23 b1={21}] stage  20.5% (92963201024/453112706673) | 175.1M/s | stage ETA 34:17 | overall ? ETA ? | best -
[b2=23 b1={21}] stage  20.6% (93313196032/453112706673) | 174.9M/s | stage ETA 34:16 | overall ? ETA ? | best -
[b2=23 b1={21}] stage  20.7% (93662187520/453112706673) | 174.3M/s | stage ETA 34:22 | overall ? ETA ? | best -
[b2=23 b1={21}] stage  20.7% (94004600832/453112706673) | 172.3M/s | stage ETA 34:44 | overall ? ETA ? | best -
[b2=23 b1={21}] stage  20.8% (94355390464/453112706673) | 173.6M/s | stage ETA 34:26 | overall ? ETA ? | best -
[b2=23 b1={21}] stage  20.9% (94702346240/453112706673) | 173.2M/s | stage ETA 34:29 | overall ? ETA ? | best -
[b2=23 b1={21}] stage  21.0% (95051358208/453112706673) | 173.5M/s | stage ETA 34:23 | overall ? ETA ? | best -
[b2=23 b1={21}] stage  21.1% (95399739392/453112706673) | 173.5M/s | stage ETA 34:21 | overall ? ETA ? | best -
[b2=23 b1={21}] stage  21.1% (95750119424/453112706673) | 173.8M/s | stage ETA 34:15 | overall ? ETA ? | best -
[b2=23 b1={21}] stage  21.2% (96099348480/453112706673) | 173.8M/s | stage ETA 34:14 | overall ? ETA ? | best -
[b2=23 b1={21}] stage  21.3% (96451334144/453112706673) | 174.4M/s | stage ETA 34:05 | overall ? ETA ? | best -
[b2=23 b1={21}] stage  21.4% (96801837056/453112706673) | 174.2M/s | stage ETA 34:05 | overall ? ETA ? | best -
[b2=23 b1={21}] stage  21.4% (97152962560/453112706673) | 174.6M/s | stage ETA 33:59 | overall ? ETA ? | best -
[b2=23 b1={21}] stage  21.5% (97504944128/453112706673) | 174.9M/s | stage ETA 33:53 | overall ? ETA ? | best -
[b2=23 b1={21}] stage  21.6% (97858277376/453112706673) | 175.4M/s | stage ETA 33:45 | overall ? ETA ? | best -
[b2=23 b1={21}] stage  21.7% (98212155392/453112706673) | 175.8M/s | stage ETA 33:38 | overall ? ETA ? | best -
[b2=23 b1={21}] stage  21.8% (98562064384/453112706673) | 175.2M/s | stage ETA 33:43 | overall ? ETA ? | best -
[b2=23 b1={21}] stage  21.8% (98914226176/453112706673) | 175.3M/s | stage ETA 33:40 | overall ? ETA ? | best -
[b2=23 b1={21}] stage  21.9% (99266400256/453112706673) | 175.3M/s | stage ETA 33:38 | overall ? ETA ? | best -
[b2=23 b1={21}] stage  22.0% (99616555008/453112706673) | 174.8M/s | stage ETA 33:42 | overall ? ETA ? | best -
[b2=23 b1={21}] stage  22.1% (99957075968/453112706673) | 172.1M/s | stage ETA 34:12 | overall ? ETA ? | best -
[b2=23 b1={21}] stage  22.1% (100306374656/453112706673) | 173.3M/s | stage ETA 33:56 | overall ? ETA ? | best -
[b2=23 b1={21}] stage  22.2% (100655104000/453112706673) | 173.4M/s | stage ETA 33:52 | overall ? ETA ? | best -
[b2=23 b1={21}] stage  22.3% (101005373440/453112706673) | 174.0M/s | stage ETA 33:43 | overall ? ETA ? | best -
[b2=23 b1={21}] stage  22.4% (101357105152/453112706673) | 174.8M/s | stage ETA 33:32 | overall ? ETA ? | best -
[b2=23 b1={21}] stage  22.4% (101704507392/453112706673) | 173.9M/s | stage ETA 33:40 | overall ? ETA ? | best -
[b2=23 b1={21}] stage  22.5% (102054723584/453112706673) | 174.4M/s | stage ETA 33:32 | overall ? ETA ? | best -
[b2=23 b1={21}] stage  22.6% (102407467008/453112706673) | 175.0M/s | stage ETA 33:23 | overall ? ETA ? | best -
[b2=23 b1={21}] stage  22.7% (102758719488/453112706673) | 175.0M/s | stage ETA 33:22 | overall ? ETA ? | best -
[b2=23 b1={21}] stage  22.8% (103109984256/453112706673) | 174.6M/s | stage ETA 33:24 | overall ? ETA ? | best -
[b2=23 b1={21}] stage  22.8% (103458111488/453112706673) | 173.8M/s | stage ETA 33:32 | overall ? ETA ? | best -
[b2=23 b1={21}] stage  22.9% (103804223488/453112706673) | 173.2M/s | stage ETA 33:36 | overall ? ETA ? | best -
[b2=23 b1={21}] stage  23.0% (104154652672/453112706673) | 174.0M/s | stage ETA 33:25 | overall ? ETA ? | best -
[b2=23 b1={21}] stage  23.1% (104505184256/453112706673) | 174.4M/s | stage ETA 33:19 | overall ? ETA ? | best -
[b2=23 b1={21}] stage  23.1% (104854052864/453112706673) | 174.2M/s | stage ETA 33:19 | overall ? ETA ? | best -
[b2=23 b1={21}] stage  23.2% (105201823744/453112706673) | 173.9M/s | stage ETA 33:20 | overall ? ETA ? | best -
[b2=23 b1={21}] stage  23.3% (105553584128/453112706673) | 174.5M/s | stage ETA 33:11 | overall ? ETA ? | best -
[b2=23 b1={21}] stage  23.4% (105904304128/453112706673) | 174.6M/s | stage ETA 33:08 | overall ? ETA ? | best -
[b2=23 b1={21}] stage  23.4% (106254696448/453112706673) | 174.4M/s | stage ETA 33:08 | overall ? ETA ? | best -
[b2=23 b1={21}] stage  23.5% (106606977024/453112706673) | 174.6M/s | stage ETA 33:04 | overall ? ETA ? | best -
[b2=23 b1={21}] stage  23.6% (106955579392/453112706673) | 174.4M/s | stage ETA 33:04 | overall ? ETA ? | best -
[b2=23 b1={21}] stage  23.7% (107307454464/453112706673) | 174.8M/s | stage ETA 32:57 | overall ? ETA ? | best -
[b2=23 b1={21}] stage  23.8% (107657428992/453112706673) | 174.6M/s | stage ETA 32:58 | overall ? ETA ? | best -
[b2=23 b1={21}] stage  23.8% (108009955328/453112706673) | 175.1M/s | stage ETA 32:50 | overall ? ETA ? | best -
[b2=23 b1={21}] stage  23.9% (108361261056/453112706673) | 175.2M/s | stage ETA 32:47 | overall ? ETA ? | best -
[b2=23 b1={21}] stage  24.0% (108712570880/453112706673) | 175.0M/s | stage ETA 32:47 | overall ? ETA ? | best -
[b2=23 b1={21}] stage  24.1% (109063933952/453112706673) | 175.0M/s | stage ETA 32:46 | overall ? ETA ? | best -
[b2=23 b1={21}] stage  24.1% (109416214528/453112706673) | 175.1M/s | stage ETA 32:42 | overall ? ETA ? | best -
[b2=23 b1={21}] stage  24.2% (109768134656/453112706673) | 175.2M/s | stage ETA 32:39 | overall ? ETA ? | best -
[b2=23 b1={21}] stage  24.3% (110119522304/453112706673) | 175.2M/s | stage ETA 32:38 | overall ? ETA ? | best -
[b2=23 b1={21}] stage  24.4% (110468308992/453112706673) | 174.5M/s | stage ETA 32:43 | overall ? ETA ? | best -
[b2=23 b1={21}] stage  24.5% (110819495936/453112706673) | 174.7M/s | stage ETA 32:38 | overall ? ETA ? | best -
[b2=23 b1={21}] stage  24.5% (111170990080/453112706673) | 174.7M/s | stage ETA 32:37 | overall ? ETA ? | best -
[b2=23 b1={21}] stage  24.6% (111523528704/453112706673) | 174.9M/s | stage ETA 32:33 | overall ? ETA ? | best -
[b2=23 b1={21}] stage  24.7% (111876386816/453112706673) | 175.1M/s | stage ETA 32:28 | overall ? ETA ? | best -
[b2=23 b1={21}] stage  24.8% (112226414592/453112706673) | 174.9M/s | stage ETA 32:28 | overall ? ETA ? | best -
[b2=23 b1={21}] stage  24.8% (112575426560/453112706673) | 174.3M/s | stage ETA 32:33 | overall ? ETA ? | best -
[b2=23 b1={21}] stage  24.9% (112924602368/453112706673) | 174.4M/s | stage ETA 32:30 | overall ? ETA ? | best -
[b2=23 b1={21}] stage  25.0% (113274748928/453112706673) | 174.7M/s | stage ETA 32:25 | overall ? ETA ? | best -
[b2=23 b1={21}] stage  25.1% (113626775552/453112706673) | 175.0M/s | stage ETA 32:20 | overall ? ETA ? | best -
[b2=23 b1={21}] stage  25.2% (113977716736/453112706673) | 174.8M/s | stage ETA 32:20 | overall ? ETA ? | best -
[b2=23 b1={21}] stage  25.2% (114329022464/453112706673) | 174.6M/s | stage ETA 32:20 | overall ? ETA ? | best -
[b2=23 b1={21}] stage  25.3% (114673496064/453112706673) | 173.3M/s | stage ETA 32:32 | overall ? ETA ? | best -
[b2=23 b1={21}] stage  25.4% (115023933440/453112706673) | 174.0M/s | stage ETA 32:23 | overall ? ETA ? | best -
[b2=23 b1={21}] stage  25.5% (115376181248/453112706673) | 174.6M/s | stage ETA 32:13 | overall ? ETA ? | best -
[b2=23 b1={21}] stage  25.5% (115727859712/453112706673) | 174.9M/s | stage ETA 32:08 | overall ? ETA ? | best -
[b2=23 b1={21}] stage  25.6% (116080066560/453112706673) | 175.1M/s | stage ETA 32:05 | overall ? ETA ? | best -
[b2=23 b1={21}] stage  25.7% (116431716352/453112706673) | 175.0M/s | stage ETA 32:04 | overall ? ETA ? | best -
[b2=23 b1={21}] stage  25.8% (116782829568/453112706673) | 174.9M/s | stage ETA 32:02 | overall ? ETA ? | best -
[b2=23 b1={21}] stage  25.9% (117135196160/453112706673) | 175.3M/s | stage ETA 31:56 | overall ? ETA ? | best -
[b2=23 b1={21}] stage  25.9% (117488222208/453112706673) | 175.5M/s | stage ETA 31:52 | overall ? ETA ? | best -
[b2=23 b1={21}] stage  26.0% (117838528512/453112706673) | 175.2M/s | stage ETA 31:53 | overall ? ETA ? | best -
[b2=23 b1={21}] stage  26.1% (118190059520/453112706673) | 175.2M/s | stage ETA 31:51 | overall ? ETA ? | best -
[b2=23 b1={21}] stage  26.2% (118541189120/453112706673) | 175.1M/s | stage ETA 31:50 | overall ? ETA ? | best -
[b2=23 b1={21}] stage  26.2% (118891474944/453112706673) | 174.8M/s | stage ETA 31:52 | overall ? ETA ? | best -
[b2=23 b1={21}] stage  26.3% (119243169792/453112706673) | 174.9M/s | stage ETA 31:48 | overall ? ETA ? | best -
[b2=23 b1={21}] stage  26.4% (119595044864/453112706673) | 175.2M/s | stage ETA 31:43 | overall ? ETA ? | best -
[b2=23 b1={21}] stage  26.5% (119947583488/453112706673) | 175.2M/s | stage ETA 31:41 | overall ? ETA ? | best -
[b2=23 b1={21}] stage  26.5% (120299896832/453112706673) | 175.2M/s | stage ETA 31:39 | overall ? ETA ? | best -
[b2=23 b1={21}] stage  26.6% (120650932224/453112706673) | 174.9M/s | stage ETA 31:40 | overall ? ETA ? | best -
[b2=23 b1={21}] stage  26.7% (121000218624/453112706673) | 174.7M/s | stage ETA 31:41 | overall ? ETA ? | best -
[b2=23 b1={21}] stage  26.8% (121349795840/453112706673) | 174.4M/s | stage ETA 31:42 | overall ? ETA ? | best -
[b2=23 b1={21}] stage  26.9% (121698258944/453112706673) | 174.2M/s | stage ETA 31:42 | overall ? ETA ? | best -
[b2=23 b1={21}] stage  26.9% (122048122880/453112706673) | 174.5M/s | stage ETA 31:37 | overall ? ETA ? | best -
[b2=23 b1={21}] stage  27.0% (122397827072/453112706673) | 174.3M/s | stage ETA 31:37 | overall ? ETA ? | best -
[b2=23 b1={21}] stage  27.1% (122747457536/453112706673) | 174.1M/s | stage ETA 31:37 | overall ? ETA ? | best -
[b2=23 b1={21}] stage  27.2% (123097317376/453112706673) | 174.4M/s | stage ETA 31:32 | overall ? ETA ? | best -
[b2=23 b1={21}] stage  27.2% (123447980032/453112706673) | 174.6M/s | stage ETA 31:27 | overall ? ETA ? | best -
[b2=23 b1={21}] stage  27.3% (123796451328/453112706673) | 174.1M/s | stage ETA 31:31 | overall ? ETA ? | best -
[b2=23 b1={21}] stage  27.4% (124141117440/453112706673) | 172.5M/s | stage ETA 31:47 | overall ? ETA ? | best -
[b2=23 b1={21}] stage  27.5% (124492660736/453112706673) | 173.8M/s | stage ETA 31:30 | overall ? ETA ? | best -
[b2=23 b1={21}] stage  27.6% (124839391232/453112706673) | 173.4M/s | stage ETA 31:32 | overall ? ETA ? | best -
[b2=23 b1={21}] stage  27.6% (125188911104/453112706673) | 173.9M/s | stage ETA 31:25 | overall ? ETA ? | best -
[b2=23 b1={21}] stage  27.7% (125537136640/453112706673) | 173.7M/s | stage ETA 31:25 | overall ? ETA ? | best -
[b2=23 b1={21}] stage  27.8% (125884903424/453112706673) | 173.6M/s | stage ETA 31:25 | overall ? ETA ? | best -
[b2=23 b1={21}] stage  27.9% (126211731456/453112706673) | 168.4M/s | stage ETA 32:21 | overall ? ETA ? | best -
[b2=23 b1={21}] stage  27.9% (126560534528/453112706673) | 171.3M/s | stage ETA 31:46 | overall ? ETA ? | best -
[b2=23 b1={21}] stage  28.0% (126911954944/453112706673) | 172.9M/s | stage ETA 31:26 | overall ? ETA ? | best -
[b2=23 b1={21}] stage  28.1% (127262703616/453112706673) | 173.7M/s | stage ETA 31:15 | overall ? ETA ? | best -
[b2=23 b1={21}] stage  28.2% (127614992384/453112706673) | 174.5M/s | stage ETA 31:05 | overall ? ETA ? | best -
[b2=23 b1={21}] stage  28.2% (127964688384/453112706673) | 174.3M/s | stage ETA 31:05 | overall ? ETA ? | best -
[b2=23 b1={21}] stage  28.3% (128315256832/453112706673) | 174.5M/s | stage ETA 31:01 | overall ? ETA ? | best -
[b2=23 b1={21}] stage  28.4% (128661139456/453112706673) | 173.3M/s | stage ETA 31:12 | overall ? ETA ? | best -
[b2=23 b1={21}] stage  28.5% (129011089408/453112706673) | 173.9M/s | stage ETA 31:04 | overall ? ETA ? | best -
[b2=23 b1={21}] stage  28.5% (129360674816/453112706673) | 174.0M/s | stage ETA 31:00 | overall ? ETA ? | best -
[b2=23 b1={21}] stage  28.6% (129706057728/453112706673) | 173.1M/s | stage ETA 31:07 | overall ? ETA ? | best -
[b2=23 b1={21}] stage  28.7% (130054578176/453112706673) | 173.6M/s | stage ETA 31:00 | overall ? ETA ? | best -
[b2=23 b1={21}] stage  28.8% (130403393536/453112706673) | 173.8M/s | stage ETA 30:56 | overall ? ETA ? | best -
[b2=23 b1={21}] stage  28.9% (130752602112/453112706673) | 173.8M/s | stage ETA 30:55 | overall ? ETA ? | best -
[b2=23 b1={21}] stage  28.9% (131087421440/453112706673) | 170.2M/s | stage ETA 31:31 | overall ? ETA ? | best -
[b2=23 b1={21}] stage  29.0% (131257143296/453112706673) | 127.4M/s | stage ETA 42:07 | overall ? ETA ? | best -
[b2=23 b1={21}] stage  29.0% (131426127872/453112706673) | 105.9M/s | stage ETA 50:37 | overall ? ETA ? | best -
[b2=23 b1={21}] stage  29.0% (131596099584/453112706673) | 95.3M/s | stage ETA 56:12 | overall ? ETA ? | best -
[b2=23 b1={21}] stage  29.1% (131765567488/453112706673) | 89.8M/s | stage ETA 59:36 | overall ? ETA ? | best -
[b2=23 b1={21}] stage  29.1% (131935105024/453112706673) | 87.3M/s | stage ETA 1:01:19 | overall ? ETA ? | best -
[b2=23 b1={21}] stage  29.2% (132102631424/453112706673) | 85.3M/s | stage ETA 1:02:41 | overall ? ETA ? | best -
[b2=23 b1={21}] stage  29.2% (132270759936/453112706673) | 84.4M/s | stage ETA 1:03:22 | overall ? ETA ? | best -
[b2=23 b1={21}] stage  29.2% (132439908352/453112706673) | 84.2M/s | stage ETA 1:03:27 | overall ? ETA ? | best -
[b2=23 b1={21}] stage  29.3% (132610891776/453112706673) | 84.6M/s | stage ETA 1:03:08 | overall ? ETA ? | best -
[b2=23 b1={21}] stage  29.3% (132779577344/453112706673) | 84.3M/s | stage ETA 1:03:21 | overall ? ETA ? | best -
[b2=23 b1={21}] stage  29.3% (132949839872/453112706673) | 84.5M/s | stage ETA 1:03:09 | overall ? ETA ? | best -
[b2=23 b1={21}] stage  29.4% (133118992384/453112706673) | 84.3M/s | stage ETA 1:03:14 | overall ? ETA ? | best -
[b2=23 b1={21}] stage  29.4% (133289324544/453112706673) | 84.5M/s | stage ETA 1:03:05 | overall ? ETA ? | best -
[b2=23 b1={21}] stage  29.5% (133458599936/453112706673) | 84.5M/s | stage ETA 1:03:02 | overall ? ETA ? | best -
[b2=23 b1={21}] stage  29.5% (133628243968/453112706673) | 84.5M/s | stage ETA 1:02:59 | overall ? ETA ? | best -
[b2=23 b1={21}] stage  29.5% (133798416384/453112706673) | 84.6M/s | stage ETA 1:02:55 | overall ? ETA ? | best -
[b2=23 b1={21}] stage  29.6% (133967745024/453112706673) | 84.4M/s | stage ETA 1:03:00 | overall ? ETA ? | best -
[b2=23 b1={21}] stage  29.6% (134137892864/453112706673) | 84.6M/s | stage ETA 1:02:50 | overall ? ETA ? | best -
[b2=23 b1={21}] stage  29.6% (134307430400/453112706673) | 84.4M/s | stage ETA 1:02:56 | overall ? ETA ? | best -
[b2=23 b1={21}] stage  29.7% (134477135872/453112706673) | 84.5M/s | stage ETA 1:02:52 | overall ? ETA ? | best -
[b2=23 b1={21}] stage  29.7% (134647681024/453112706673) | 84.6M/s | stage ETA 1:02:44 | overall ? ETA ? | best -
[b2=23 b1={21}] stage  29.8% (134818078720/453112706673) | 84.7M/s | stage ETA 1:02:38 | overall ? ETA ? | best -
[b2=23 b1={21}] stage  29.8% (134987894784/453112706673) | 84.7M/s | stage ETA 1:02:35 | overall ? ETA ? | best -
[b2=23 b1={21}] stage  29.8% (135157256192/453112706673) | 84.4M/s | stage ETA 1:02:47 | overall ? ETA ? | best -
[b2=23 b1={21}] stage  29.9% (135326420992/453112706673) | 84.4M/s | stage ETA 1:02:45 | overall ? ETA ? | best -
[b2=23 b1={21}] stage  29.9% (135496048640/453112706673) | 84.4M/s | stage ETA 1:02:43 | overall ? ETA ? | best -
[b2=23 b1={21}] stage  29.9% (135666663424/453112706673) | 84.6M/s | stage ETA 1:02:33 | overall ? ETA ? | best -
[b2=23 b1={21}] stage  30.0% (135836749824/453112706673) | 84.7M/s | stage ETA 1:02:27 | overall ? ETA ? | best -
[b2=23 b1={21}] stage  30.0% (136006688768/453112706673) | 84.7M/s | stage ETA 1:02:21 | overall ? ETA ? | best -
[b2=23 b1={21}] stage  30.1% (136176631808/453112706673) | 84.9M/s | stage ETA 1:02:14 | overall ? ETA ? | best -
[b2=23 b1={21}] stage  30.1% (136344928256/453112706673) | 84.3M/s | stage ETA 1:02:38 | overall ? ETA ? | best -
[b2=23 b1={21}] stage  30.1% (136515145728/453112706673) | 84.5M/s | stage ETA 1:02:27 | overall ? ETA ? | best -
[b2=23 b1={21}] stage  30.2% (136685064192/453112706673) | 84.7M/s | stage ETA 1:02:17 | overall ? ETA ? | best -
[b2=23 b1={21}] stage  30.2% (136854212608/453112706673) | 84.6M/s | stage ETA 1:02:20 | overall ? ETA ? | best -
[b2=23 b1={21}] stage  30.2% (137024442368/453112706673) | 84.8M/s | stage ETA 1:02:08 | overall ? ETA ? | best -
[b2=23 b1={21}] stage  30.3% (137194704896/453112706673) | 84.7M/s | stage ETA 1:02:08 | overall ? ETA ? | best -
[b2=23 b1={21}] stage  30.3% (137364422656/453112706673) | 84.7M/s | stage ETA 1:02:09 | overall ? ETA ? | best -
[b2=23 b1={21}] stage  30.4% (137534726144/453112706673) | 84.7M/s | stage ETA 1:02:05 | overall ? ETA ? | best -
[b2=23 b1={21}] stage  30.4% (137703890944/453112706673) | 84.5M/s | stage ETA 1:02:12 | overall ? ETA ? | best -
[b2=23 b1={21}] stage  30.4% (137873469440/453112706673) | 84.6M/s | stage ETA 1:02:08 | overall ? ETA ? | best -
[b2=23 b1={21}] stage  30.5% (138043027456/453112706673) | 84.7M/s | stage ETA 1:02:01 | overall ? ETA ? | best -
[b2=23 b1={21}] stage  30.5% (138213695488/453112706673) | 84.6M/s | stage ETA 1:02:00 | overall ? ETA ? | best -
[b2=23 b1={21}] stage  30.5% (138384277504/453112706673) | 84.8M/s | stage ETA 1:01:53 | overall ? ETA ? | best -
[b2=23 b1={21}] stage  30.6% (138554347520/453112706673) | 84.7M/s | stage ETA 1:01:52 | overall ? ETA ? | best -
[b2=23 b1={21}] stage  30.6% (138723168256/453112706673) | 84.5M/s | stage ETA 1:02:00 | overall ? ETA ? | best -
[b2=23 b1={21}] stage  30.7% (138893324288/453112706673) | 84.6M/s | stage ETA 1:01:54 | overall ? ETA ? | best -
[b2=23 b1={21}] stage  30.7% (139063353344/453112706673) | 84.6M/s | stage ETA 1:01:49 | overall ? ETA ? | best -
[b2=23 b1={21}] stage  30.7% (139234250752/453112706673) | 84.8M/s | stage ETA 1:01:41 | overall ? ETA ? | best -
[b2=23 b1={21}] stage  30.8% (139404177408/453112706673) | 84.7M/s | stage ETA 1:01:41 | overall ? ETA ? | best -
[b2=23 b1={21}] stage  30.8% (139573207040/453112706673) | 84.5M/s | stage ETA 1:01:49 | overall ? ETA ? | best -
[b2=23 b1={21}] stage  30.8% (139742638080/453112706673) | 84.6M/s | stage ETA 1:01:45 | overall ? ETA ? | best -
[b2=23 b1={21}] stage  30.9% (139912634368/453112706673) | 84.6M/s | stage ETA 1:01:42 | overall ? ETA ? | best -
[b2=23 b1={21}] stage  30.9% (140082630656/453112706673) | 84.8M/s | stage ETA 1:01:32 | overall ? ETA ? | best -
[b2=23 b1={21}] stage  31.0% (140252803072/453112706673) | 84.8M/s | stage ETA 1:01:30 | overall ? ETA ? | best -
[b2=23 b1={21}] stage  31.0% (140423540736/453112706673) | 84.9M/s | stage ETA 1:01:24 | overall ? ETA ? | best -
[b2=23 b1={21}] stage  31.0% (140593811456/453112706673) | 85.0M/s | stage ETA 1:01:18 | overall ? ETA ? | best -
[b2=23 b1={21}] stage  31.1% (140764123136/453112706673) | 84.9M/s | stage ETA 1:01:21 | overall ? ETA ? | best -
[b2=23 b1={21}] stage  31.1% (140931379200/453112706673) | 84.1M/s | stage ETA 1:01:52 | overall ? ETA ? | best -
[b2=23 b1={21}] stage  31.1% (141099692032/453112706673) | 84.0M/s | stage ETA 1:01:54 | overall ? ETA ? | best -
[b2=23 b1={21}] stage  31.2% (141268963328/453112706673) | 84.2M/s | stage ETA 1:01:42 | overall ? ETA ? | best -
[b2=23 b1={21}] stage  31.2% (141438251008/453112706673) | 84.2M/s | stage ETA 1:01:39 | overall ? ETA ? | best -
[b2=23 b1={21}] stage  31.3% (141607047168/453112706673) | 84.3M/s | stage ETA 1:01:35 | overall ? ETA ? | best -
[b2=23 b1={21}] stage  31.3% (141776658432/453112706673) | 84.4M/s | stage ETA 1:01:30 | overall ? ETA ? | best -
[b2=23 b1={21}] stage  31.3% (141946212352/453112706673) | 84.4M/s | stage ETA 1:01:24 | overall ? ETA ? | best -
[b2=23 b1={21}] stage  31.4% (142116335616/453112706673) | 84.5M/s | stage ETA 1:01:19 | overall ? ETA ? | best -
[b2=23 b1={21}] stage  31.4% (142286139392/453112706673) | 84.5M/s | stage ETA 1:01:18 | overall ? ETA ? | best -
[b2=23 b1={21}] stage  31.4% (142455496704/453112706673) | 84.5M/s | stage ETA 1:01:16 | overall ? ETA ? | best -
[b2=23 b1={21}] stage  31.5% (142625861632/453112706673) | 84.7M/s | stage ETA 1:01:07 | overall ? ETA ? | best -
[b2=23 b1={21}] stage  31.5% (142795177984/453112706673) | 84.6M/s | stage ETA 1:01:10 | overall ? ETA ? | best -
[b2=23 b1={21}] stage  31.6% (142964817920/453112706673) | 84.7M/s | stage ETA 1:01:03 | overall ? ETA ? | best -
[b2=23 b1={21}] stage  31.6% (143133159424/453112706673) | 84.3M/s | stage ETA 1:01:18 | overall ? ETA ? | best -
[b2=23 b1={21}] stage  31.6% (143302770688/453112706673) | 84.4M/s | stage ETA 1:01:11 | overall ? ETA ? | best -
[b2=23 b1={21}] stage  31.7% (143472717824/453112706673) | 84.6M/s | stage ETA 1:00:58 | overall ? ETA ? | best -
[b2=23 b1={21}] stage  31.7% (143643684864/453112706673) | 84.8M/s | stage ETA 1:00:50 | overall ? ETA ? | best -
[b2=23 b1={21}] stage  31.7% (143813582848/453112706673) | 84.8M/s | stage ETA 1:00:48 | overall ? ETA ? | best -
[b2=23 b1={21}] stage  31.8% (143983521792/453112706673) | 84.6M/s | stage ETA 1:00:52 | overall ? ETA ? | best -
[b2=23 b1={21}] stage  31.8% (144153137152/453112706673) | 84.6M/s | stage ETA 1:00:52 | overall ? ETA ? | best -
[b2=23 b1={21}] stage  31.9% (144322375680/453112706673) | 84.5M/s | stage ETA 1:00:54 | overall ? ETA ? | best -
[b2=23 b1={21}] stage  31.9% (144492085248/453112706673) | 84.6M/s | stage ETA 1:00:46 | overall ? ETA ? | best -
[b2=23 b1={21}] stage  31.9% (144661663744/453112706673) | 84.6M/s | stage ETA 1:00:47 | overall ? ETA ? | best -
[b2=23 b1={21}] stage  32.0% (144831303680/453112706673) | 84.6M/s | stage ETA 1:00:43 | overall ? ETA ? | best -
[b2=23 b1={21}] stage  32.0% (145001541632/453112706673) | 84.7M/s | stage ETA 1:00:36 | overall ? ETA ? | best -
[b2=23 b1={21}] stage  32.0% (145171378176/453112706673) | 84.8M/s | stage ETA 1:00:32 | overall ? ETA ? | best -
[b2=23 b1={21}] stage  32.1% (145341116416/453112706673) | 84.7M/s | stage ETA 1:00:34 | overall ? ETA ? | best -
[b2=23 b1={21}] stage  32.1% (145511120896/453112706673) | 84.7M/s | stage ETA 1:00:32 | overall ? ETA ? | best -
[b2=23 b1={21}] stage  32.2% (145679007744/453112706673) | 84.2M/s | stage ETA 1:00:52 | overall ? ETA ? | best -
[b2=23 b1={21}] stage  32.2% (145849135104/453112706673) | 84.5M/s | stage ETA 1:00:37 | overall ? ETA ? | best -
[b2=23 b1={21}] stage  32.2% (146018836480/453112706673) | 84.5M/s | stage ETA 1:00:34 | overall ? ETA ? | best -
[b2=23 b1={21}] stage  32.3% (146188296192/453112706673) | 84.4M/s | stage ETA 1:00:37 | overall ? ETA ? | best -
[b2=23 b1={21}] stage  32.3% (146354360320/453112706673) | 83.6M/s | stage ETA 1:01:09 | overall ? ETA ? | best -
[b2=23 b1={21}] stage  32.3% (146520309760/453112706673) | 83.2M/s | stage ETA 1:01:26 | overall ? ETA ? | best -
[b2=23 b1={21}] stage  32.4% (146690699264/453112706673) | 84.0M/s | stage ETA 1:00:47 | overall ? ETA ? | best -
[b2=23 b1={21}] stage  32.4% (146859311104/453112706673) | 84.0M/s | stage ETA 1:00:45 | overall ? ETA ? | best -
[b2=23 b1={21}] stage  32.4% (147029602304/453112706673) | 84.4M/s | stage ETA 1:00:26 | overall ? ETA ? | best -
[b2=23 b1={21}] stage  32.5% (147200237568/453112706673) | 84.7M/s | stage ETA 1:00:12 | overall ? ETA ? | best -
[b2=23 b1={21}] stage  32.5% (147363803136/453112706673) | 83.0M/s | stage ETA 1:01:25 | overall ? ETA ? | best -
[b2=23 b1={21}] stage  32.6% (147530178560/453112706673) | 83.0M/s | stage ETA 1:01:22 | overall ? ETA ? | best -
[b2=23 b1={21}] stage  32.6% (147700838400/453112706673) | 83.9M/s | stage ETA 1:00:40 | overall ? ETA ? | best -
[b2=23 b1={21}] stage  32.6% (147868155904/453112706673) | 83.7M/s | stage ETA 1:00:47 | overall ? ETA ? | best -
[b2=23 b1={21}] stage  32.7% (148036927488/453112706673) | 83.8M/s | stage ETA 1:00:38 | overall ? ETA ? | best -
[b2=23 b1={21}] stage  32.7% (148205207552/453112706673) | 83.8M/s | stage ETA 1:00:36 | overall ? ETA ? | best -
[b2=23 b1={21}] stage  32.7% (148375019520/453112706673) | 84.3M/s | stage ETA 1:00:15 | overall ? ETA ? | best -
[b2=23 b1={21}] stage  32.8% (148544114688/453112706673) | 84.3M/s | stage ETA 1:00:11 | overall ? ETA ? | best -
[b2=23 b1={21}] stage  32.8% (148713877504/453112706673) | 84.5M/s | stage ETA 1:00:02 | overall ? ETA ? | best -
[b2=23 b1={21}] stage  32.9% (148884357120/453112706673) | 84.8M/s | stage ETA 59:49 | overall ? ETA ? | best -
[b2=23 b1={21}] stage  32.9% (149054636032/453112706673) | 84.8M/s | stage ETA 59:47 | overall ? ETA ? | best -
[b2=23 b1={21}] stage  32.9% (149224267776/453112706673) | 84.7M/s | stage ETA 59:45 | overall ? ETA ? | best -
[b2=23 b1={21}] stage  33.0% (149391441920/453112706673) | 84.0M/s | stage ETA 1:00:14 | overall ? ETA ? | best -
[b2=23 b1={21}] stage  33.0% (149558087680/453112706673) | 83.5M/s | stage ETA 1:00:33 | overall ? ETA ? | best -
[b2=23 b1={21}] stage  33.0% (149726679040/453112706673) | 83.8M/s | stage ETA 1:00:18 | overall ? ETA ? | best -
[b2=23 b1={21}] stage  33.1% (149893877760/453112706673) | 83.5M/s | stage ETA 1:00:31 | overall ? ETA ? | best -
[b2=23 b1={21}] stage  33.1% (150064091136/453112706673) | 84.1M/s | stage ETA 1:00:03 | overall ? ETA ? | best -
[b2=23 b1={21}] stage  33.2% (150231842816/453112706673) | 83.9M/s | stage ETA 1:00:11 | overall ? ETA ? | best -
[b2=23 b1={21}] stage  33.2% (150401519616/453112706673) | 84.2M/s | stage ETA 59:57 | overall ? ETA ? | best -
[b2=23 b1={21}] stage  33.2% (150570631168/453112706673) | 84.2M/s | stage ETA 59:55 | overall ? ETA ? | best -
[b2=23 b1={21}] stage  33.3% (150739955712/453112706673) | 84.3M/s | stage ETA 59:45 | overall ? ETA ? | best -
[b2=23 b1={21}] stage  33.3% (150909177856/453112706673) | 84.4M/s | stage ETA 59:39 | overall ? ETA ? | best -
[b2=23 b1={21}] stage  33.3% (151078621184/453112706673) | 84.4M/s | stage ETA 59:39 | overall ? ETA ? | best -
[b2=23 b1={21}] stage  33.4% (151246934016/453112706673) | 83.8M/s | stage ETA 1:00:00 | overall ? ETA ? | best -
[b2=23 b1={21}] stage  33.4% (151416377344/453112706673) | 84.2M/s | stage ETA 59:44 | overall ? ETA ? | best -
[b2=23 b1={21}] stage  33.5% (151585349632/453112706673) | 84.1M/s | stage ETA 59:47 | overall ? ETA ? | best -
[b2=23 b1={21}] stage  33.5% (151755382784/453112706673) | 84.4M/s | stage ETA 59:32 | overall ? ETA ? | best -
[b2=23 b1={21}] stage  33.5% (151924461568/453112706673) | 84.3M/s | stage ETA 59:31 | overall ? ETA ? | best -
[b2=23 b1={21}] stage  33.6% (152094380032/453112706673) | 84.5M/s | stage ETA 59:20 | overall ? ETA ? | best -
[b2=23 b1={21}] stage  33.6% (152263856128/453112706673) | 84.4M/s | stage ETA 59:23 | overall ? ETA ? | best -
[b2=23 b1={21}] stage  33.6% (152432209920/453112706673) | 84.2M/s | stage ETA 59:29 | overall ? ETA ? | best -
[b2=23 b1={21}] stage  33.7% (152601997312/453112706673) | 84.5M/s | stage ETA 59:17 | overall ? ETA ? | best -
[b2=23 b1={21}] stage  33.7% (152771969024/453112706673) | 84.6M/s | stage ETA 59:08 | overall ? ETA ? | best -
[b2=23 b1={21}] stage  33.8% (152943058944/453112706673) | 84.9M/s | stage ETA 58:56 | overall ? ETA ? | best -
[b2=23 b1={21}] stage  33.8% (153113804800/453112706673) | 84.9M/s | stage ETA 58:52 | overall ? ETA ? | best -
[b2=23 b1={21}] stage  33.8% (153282940928/453112706673) | 84.6M/s | stage ETA 59:04 | overall ? ETA ? | best -
[b2=23 b1={21}] stage  33.9% (153454268416/453112706673) | 84.8M/s | stage ETA 58:52 | overall ? ETA ? | best -
[b2=23 b1={21}] stage  33.9% (153624879104/453112706673) | 84.9M/s | stage ETA 58:47 | overall ? ETA ? | best -
[b2=23 b1={21}] stage  33.9% (153794490368/453112706673) | 84.8M/s | stage ETA 58:48 | overall ? ETA ? | best -
[b2=23 b1={21}] stage  34.0% (153965211648/453112706673) | 84.9M/s | stage ETA 58:43 | overall ? ETA ? | best -
[b2=23 b1={21}] stage  34.0% (154134786048/453112706673) | 84.8M/s | stage ETA 58:44 | overall ? ETA ? | best -
[b2=23 b1={21}] stage  34.1% (154305449984/453112706673) | 84.9M/s | stage ETA 58:37 | overall ? ETA ? | best -
[b2=23 b1={21}] stage  34.1% (154475663360/453112706673) | 84.8M/s | stage ETA 58:40 | overall ? ETA ? | best -
[b2=23 b1={21}] stage  34.1% (154645008384/453112706673) | 84.7M/s | stage ETA 58:45 | overall ? ETA ? | best -
[b2=23 b1={21}] stage  34.2% (154815320064/453112706673) | 84.6M/s | stage ETA 58:46 | overall ? ETA ? | best -
[b2=23 b1={21}] stage  34.2% (154985828352/453112706673) | 84.7M/s | stage ETA 58:38 | overall ? ETA ? | best -
[b2=23 b1={21}] stage  34.2% (155156152320/453112706673) | 84.8M/s | stage ETA 58:34 | overall ? ETA ? | best -
[b2=23 b1={21}] stage  34.3% (155325456384/453112706673) | 84.6M/s | stage ETA 58:40 | overall ? ETA ? | best -
[b2=23 b1={21}] stage  34.3% (155495751680/453112706673) | 84.7M/s | stage ETA 58:33 | overall ? ETA ? | best -
[b2=23 b1={21}] stage  34.4% (155665887232/453112706673) | 84.7M/s | stage ETA 58:32 | overall ? ETA ? | best -
[b2=23 b1={21}] stage  34.4% (155835297792/453112706673) | 84.4M/s | stage ETA 58:40 | overall ? ETA ? | best -
[b2=23 b1={21}] stage  34.4% (156005195776/453112706673) | 84.5M/s | stage ETA 58:34 | overall ? ETA ? | best -
[b2=23 b1={21}] stage  34.5% (156175745024/453112706673) | 84.6M/s | stage ETA 58:28 | overall ? ETA ? | best -
[b2=23 b1={21}] stage  34.5% (156345638912/453112706673) | 84.6M/s | stage ETA 58:28 | overall ? ETA ? | best -
[b2=23 b1={21}] stage  34.5% (156514799616/453112706673) | 84.5M/s | stage ETA 58:30 | overall ? ETA ? | best -
[b2=23 b1={21}] stage  34.6% (156683984896/453112706673) | 84.5M/s | stage ETA 58:29 | overall ? ETA ? | best -
[b2=23 b1={21}] stage  34.6% (156854800384/453112706673) | 84.7M/s | stage ETA 58:16 | overall ? ETA ? | best -
[b2=23 b1={21}] stage  34.7% (157023674368/453112706673) | 84.4M/s | stage ETA 58:27 | overall ? ETA ? | best -
[b2=23 b1={21}] stage  34.7% (157193867264/453112706673) | 84.5M/s | stage ETA 58:20 | overall ? ETA ? | best -
[b2=23 b1={21}] stage  34.7% (157363302400/453112706673) | 84.5M/s | stage ETA 58:18 | overall ? ETA ? | best -
[b2=23 b1={21}] stage  34.8% (157527867392/453112706673) | 83.2M/s | stage ETA 59:11 | overall ? ETA ? | best -
[b2=23 b1={21}] stage  34.8% (157698191360/453112706673) | 84.1M/s | stage ETA 58:33 | overall ? ETA ? | best -
[b2=23 b1={21}] stage  34.8% (157862125568/453112706673) | 82.8M/s | stage ETA 59:27 | overall ? ETA ? | best -
[b2=23 b1={21}] stage  34.9% (158030966784/453112706673) | 83.4M/s | stage ETA 58:56 | overall ? ETA ? | best -
[b2=23 b1={21}] stage  34.9% (158196080640/453112706673) | 82.8M/s | stage ETA 59:20 | overall ? ETA ? | best -
[b2=23 b1={21}] stage  35.0% (158364663808/453112706673) | 83.3M/s | stage ETA 58:59 | overall ? ETA ? | best -
[b2=23 b1={21}] stage  35.0% (158531248128/453112706673) | 83.1M/s | stage ETA 59:06 | overall ? ETA ? | best -
[b2=23 b1={21}] stage  35.0% (158698491904/453112706673) | 83.3M/s | stage ETA 58:53 | overall ? ETA ? | best -
[b2=23 b1={21}] stage  35.1% (158867181568/453112706673) | 83.8M/s | stage ETA 58:29 | overall ? ETA ? | best -
[b2=23 b1={21}] stage  35.1% (159034118144/453112706673) | 83.5M/s | stage ETA 58:42 | overall ? ETA ? | best -
[b2=23 b1={21}] stage  35.1% (159204286464/453112706673) | 84.1M/s | stage ETA 58:16 | overall ? ETA ? | best -
[b2=23 b1={21}] stage  35.2% (159373623296/453112706673) | 84.1M/s | stage ETA 58:11 | overall ? ETA ? | best -
[b2=23 b1={21}] stage  35.2% (159541440512/453112706673) | 83.9M/s | stage ETA 58:20 | overall ? ETA ? | best -
[b2=23 b1={21}] stage  35.2% (159711461376/453112706673) | 84.2M/s | stage ETA 58:06 | overall ? ETA ? | best -
[b2=23 b1={21}] stage  35.3% (159881424896/453112706673) | 84.3M/s | stage ETA 57:56 | overall ? ETA ? | best -
[b2=23 b1={21}] stage  35.3% (160050524160/453112706673) | 84.4M/s | stage ETA 57:53 | overall ? ETA ? | best -
[b2=23 b1={21}] stage  35.4% (160220913664/453112706673) | 84.5M/s | stage ETA 57:45 | overall ? ETA ? | best -
[b2=23 b1={21}] stage  35.4% (160391692288/453112706673) | 84.7M/s | stage ETA 57:34 | overall ? ETA ? | best -
[b2=23 b1={21}] stage  35.4% (160561647616/453112706673) | 84.6M/s | stage ETA 57:37 | overall ? ETA ? | best -
[b2=23 b1={21}] stage  35.5% (160730476544/453112706673) | 84.4M/s | stage ETA 57:45 | overall ? ETA ? | best -
[b2=23 b1={21}] stage  35.5% (160900280320/453112706673) | 84.5M/s | stage ETA 57:38 | overall ? ETA ? | best -
[b2=23 b1={21}] stage  35.5% (161069588480/453112706673) | 84.6M/s | stage ETA 57:33 | overall ? ETA ? | best -
[b2=23 b1={21}] stage  35.6% (161239973888/453112706673) | 84.7M/s | stage ETA 57:27 | overall ? ETA ? | best -
[b2=23 b1={21}] stage  35.6% (161410007040/453112706673) | 84.7M/s | stage ETA 57:25 | overall ? ETA ? | best -
[b2=23 b1={21}] stage  35.7% (161580097536/453112706673) | 84.7M/s | stage ETA 57:22 | overall ? ETA ? | best -
[b2=23 b1={21}] stage  35.7% (161750196224/453112706673) | 84.7M/s | stage ETA 57:20 | overall ? ETA ? | best -
[b2=23 b1={21}] stage  35.7% (161919868928/453112706673) | 84.7M/s | stage ETA 57:19 | overall ? ETA ? | best -
[b2=23 b1={21}] stage  35.8% (162089844736/453112706673) | 84.6M/s | stage ETA 57:19 | overall ? ETA ? | best -
[b2=23 b1={21}] stage  35.8% (162259935232/453112706673) | 84.7M/s | stage ETA 57:14 | overall ? ETA ? | best -
[b2=23 b1={21}] stage  35.8% (162429673472/453112706673) | 84.7M/s | stage ETA 57:10 | overall ? ETA ? | best -
[b2=23 b1={21}] stage  35.9% (162599780352/453112706673) | 84.7M/s | stage ETA 57:09 | overall ? ETA ? | best -
[b2=23 b1={21}] stage  35.9% (162768261120/453112706673) | 84.3M/s | stage ETA 57:24 | overall ? ETA ? | best -
[b2=23 b1={21}] stage  36.0% (162938699776/453112706673) | 84.6M/s | stage ETA 57:11 | overall ? ETA ? | best -
[b2=23 b1={21}] stage  36.0% (163109900288/453112706673) | 84.8M/s | stage ETA 56:57 | overall ? ETA ? | best -
[b2=23 b1={21}] stage  36.0% (163279413248/453112706673) | 84.7M/s | stage ETA 57:00 | overall ? ETA ? | best -
[b2=23 b1={21}] stage  36.1% (163449167872/453112706673) | 84.6M/s | stage ETA 57:03 | overall ? ETA ? | best -
[b2=23 b1={21}] stage  36.1% (163618750464/453112706673) | 84.6M/s | stage ETA 57:01 | overall ? ETA ? | best -
[b2=23 b1={21}] stage  36.1% (163788079104/453112706673) | 84.5M/s | stage ETA 57:03 | overall ? ETA ? | best -
[b2=23 b1={21}] stage  36.2% (163958448128/453112706673) | 84.7M/s | stage ETA 56:55 | overall ? ETA ? | best -
[b2=23 b1={21}] stage  36.2% (164127666176/453112706673) | 84.6M/s | stage ETA 56:56 | overall ? ETA ? | best -
[b2=23 b1={21}] stage  36.3% (164298412032/453112706673) | 84.7M/s | stage ETA 56:49 | overall ? ETA ? | best -
[b2=23 b1={21}] stage  36.3% (164467183616/453112706673) | 84.4M/s | stage ETA 56:58 | overall ? ETA ? | best -
[b2=23 b1={21}] stage  36.3% (164637433856/453112706673) | 84.6M/s | stage ETA 56:50 | overall ? ETA ? | best -
[b2=23 b1={21}] stage  36.4% (164807712768/453112706673) | 84.7M/s | stage ETA 56:44 | overall ? ETA ? | best -
[b2=23 b1={21}] stage  36.4% (164977217536/453112706673) | 84.6M/s | stage ETA 56:44 | overall ? ETA ? | best -
[b2=23 b1={21}] stage  36.4% (165146746880/453112706673) | 84.6M/s | stage ETA 56:42 | overall ? ETA ? | best -
[b2=23 b1={21}] stage  36.5% (165317189632/453112706673) | 84.8M/s | stage ETA 56:35 | overall ? ETA ? | best -
[b2=23 b1={21}] stage  36.5% (165486936064/453112706673) | 84.8M/s | stage ETA 56:33 | overall ? ETA ? | best -
[b2=23 b1={21}] stage  36.6% (165657145344/453112706673) | 84.8M/s | stage ETA 56:31 | overall ? ETA ? | best -
[b2=23 b1={21}] stage  36.6% (165827010560/453112706673) | 84.7M/s | stage ETA 56:31 | overall ? ETA ? | best -
[b2=23 b1={21}] stage  36.6% (165997768704/453112706673) | 84.8M/s | stage ETA 56:24 | overall ? ETA ? | best -
[b2=23 b1={21}] stage  36.7% (166166790144/453112706673) | 84.5M/s | stage ETA 56:35 | overall ? ETA ? | best -
[b2=23 b1={21}] stage  36.7% (166337011712/453112706673) | 84.5M/s | stage ETA 56:32 | overall ? ETA ? | best -
[b2=23 b1={21}] stage  36.7% (166506647552/453112706673) | 84.4M/s | stage ETA 56:34 | overall ? ETA ? | best -
[b2=23 b1={21}] stage  36.8% (166674968576/453112706673) | 84.1M/s | stage ETA 56:46 | overall ? ETA ? | best -
[b2=23 b1={21}] stage  36.8% (166845136896/453112706673) | 84.3M/s | stage ETA 56:34 | overall ? ETA ? | best -
[b2=23 b1={21}] stage  36.9% (167013322752/453112706673) | 84.2M/s | stage ETA 56:39 | overall ? ETA ? | best -
[b2=23 b1={21}] stage  36.9% (167181672448/453112706673) | 84.1M/s | stage ETA 56:40 | overall ? ETA ? | best -
[b2=23 b1={21}] stage  36.9% (167350923264/453112706673) | 84.1M/s | stage ETA 56:35 | overall ? ETA ? | best -
[b2=23 b1={21}] stage  37.0% (167520964608/453112706673) | 84.5M/s | stage ETA 56:20 | overall ? ETA ? | best -
[b2=23 b1={21}] stage  37.0% (167691649024/453112706673) | 84.7M/s | stage ETA 56:10 | overall ? ETA ? | best -
[b2=23 b1={21}] stage  37.0% (167860137984/453112706673) | 84.5M/s | stage ETA 56:17 | overall ? ETA ? | best -
[b2=23 b1={21}] stage  37.1% (168028844032/453112706673) | 84.3M/s | stage ETA 56:19 | overall ? ETA ? | best -
[b2=23 b1={21}] stage  37.1% (168198459392/453112706673) | 84.5M/s | stage ETA 56:09 | overall ? ETA ? | best -
[b2=23 b1={21}] stage  37.2% (168368680960/453112706673) | 84.7M/s | stage ETA 56:03 | overall ? ETA ? | best -
[b2=23 b1={21}] stage  37.2% (168538230784/453112706673) | 84.7M/s | stage ETA 56:00 | overall ? ETA ? | best -
[b2=23 b1={21}] stage  37.2% (168708784128/453112706673) | 84.7M/s | stage ETA 55:55 | overall ? ETA ? | best -
[b2=23 b1={21}] stage  37.3% (168878796800/453112706673) | 84.7M/s | stage ETA 55:55 | overall ? ETA ? | best -
[b2=23 b1={21}] stage  37.3% (169049546752/453112706673) | 84.8M/s | stage ETA 55:50 | overall ? ETA ? | best -
[b2=23 b1={21}] stage  37.3% (169219649536/453112706673) | 84.7M/s | stage ETA 55:51 | overall ? ETA ? | best -
[b2=23 b1={21}] stage  37.4% (169388539904/453112706673) | 84.5M/s | stage ETA 55:55 | overall ? ETA ? | best -
[b2=23 b1={21}] stage  37.4% (169558269952/453112706673) | 84.5M/s | stage ETA 55:57 | overall ? ETA ? | best -
[b2=23 b1={21}] stage  37.5% (169728589824/453112706673) | 84.5M/s | stage ETA 55:51 | overall ? ETA ? | best -
[b2=23 b1={21}] stage  37.5% (169898704896/453112706673) | 84.7M/s | stage ETA 55:45 | overall ? ETA ? | best -
[b2=23 b1={21}] stage  37.5% (170069475328/453112706673) | 84.7M/s | stage ETA 55:42 | overall ? ETA ? | best -
[b2=23 b1={21}] stage  37.6% (170238386176/453112706673) | 84.5M/s | stage ETA 55:47 | overall ? ETA ? | best -
[b2=23 b1={21}] stage  37.6% (170408607744/453112706673) | 84.5M/s | stage ETA 55:44 | overall ? ETA ? | best -
[b2=23 b1={21}] stage  37.6% (170578137088/453112706673) | 84.5M/s | stage ETA 55:45 | overall ? ETA ? | best -
[b2=23 b1={21}] stage  37.7% (170742579200/453112706673) | 83.2M/s | stage ETA 56:33 | overall ? ETA ? | best -
[b2=23 b1={21}] stage  37.7% (170912088064/453112706673) | 83.9M/s | stage ETA 56:02 | overall ? ETA ? | best -
[b2=23 b1={21}] stage  37.8% (171079663616/453112706673) | 83.6M/s | stage ETA 56:11 | overall ? ETA ? | best -
[b2=23 b1={21}] stage  37.8% (171248771072/453112706673) | 83.9M/s | stage ETA 55:59 | overall ? ETA ? | best -
[b2=23 b1={21}] stage  37.8% (171418230784/453112706673) | 84.1M/s | stage ETA 55:50 | overall ? ETA ? | best -
[b2=23 b1={21}] stage  37.9% (171587198976/453112706673) | 84.1M/s | stage ETA 55:48 | overall ? ETA ? | best -
[b2=23 b1={21}] stage  37.9% (171756912640/453112706673) | 84.3M/s | stage ETA 55:39 | overall ? ETA ? | best -
[b2=23 b1={21}] stage  37.9% (171926392832/453112706673) | 84.4M/s | stage ETA 55:33 | overall ? ETA ? | best -
[b2=23 b1={21}] stage  38.0% (172094988288/453112706673) | 84.2M/s | stage ETA 55:38 | overall ? ETA ? | best -
[b2=23 b1={21}] stage  38.0% (172264566784/453112706673) | 84.4M/s | stage ETA 55:26 | overall ? ETA ? | best -
[b2=23 b1={21}] stage  38.1% (172434542592/453112706673) | 84.5M/s | stage ETA 55:22 | overall ? ETA ? | best -
[b2=23 b1={21}] stage  38.1% (172604264448/453112706673) | 84.4M/s | stage ETA 55:25 | overall ? ETA ? | best -
[b2=23 b1={21}] stage  38.1% (172773416960/453112706673) | 84.4M/s | stage ETA 55:22 | overall ? ETA ? | best -
[b2=23 b1={21}] stage  38.2% (172941889536/453112706673) | 84.1M/s | stage ETA 55:31 | overall ? ETA ? | best -
[b2=23 b1={21}] stage  38.2% (173109649408/453112706673) | 83.7M/s | stage ETA 55:45 | overall ? ETA ? | best -
[b2=23 b1={21}] stage  38.2% (173277532160/453112706673) | 83.6M/s | stage ETA 55:47 | overall ? ETA ? | best -
[b2=23 b1={21}] stage  38.3% (173447770112/453112706673) | 84.3M/s | stage ETA 55:18 | overall ? ETA ? | best -
[b2=23 b1={21}] stage  38.3% (173617549312/453112706673) | 84.4M/s | stage ETA 55:13 | overall ? ETA ? | best -
[b2=23 b1={21}] stage  38.4% (173786808320/453112706673) | 84.5M/s | stage ETA 55:07 | overall ? ETA ? | best -
[b2=23 b1={21}] stage  38.4% (173958504448/453112706673) | 84.8M/s | stage ETA 54:51 | overall ? ETA ? | best -
[b2=23 b1={21}] stage  38.4% (174129545216/453112706673) | 84.9M/s | stage ETA 54:44 | overall ? ETA ? | best -
[b2=23 b1={21}] stage  38.5% (174299156480/453112706673) | 84.8M/s | stage ETA 54:47 | overall ? ETA ? | best -
[b2=23 b1={21}] stage  38.5% (174467997696/453112706673) | 84.5M/s | stage ETA 54:58 | overall ? ETA ? | best -
[b2=23 b1={21}] stage  38.5% (174638723072/453112706673) | 84.7M/s | stage ETA 54:48 | overall ? ETA ? | best -
[b2=23 b1={21}] stage  38.6% (174808694784/453112706673) | 84.7M/s | stage ETA 54:46 | overall ? ETA ? | best -
[b2=23 b1={21}] stage  38.6% (174978064384/453112706673) | 84.6M/s | stage ETA 54:48 | overall ? ETA ? | best -
[b2=23 b1={21}] stage  38.7% (175147364352/453112706673) | 84.5M/s | stage ETA 54:49 | overall ? ETA ? | best -
[b2=23 b1={21}] stage  38.7% (175317323776/453112706673) | 84.5M/s | stage ETA 54:45 | overall ? ETA ? | best -
[b2=23 b1={21}] stage  38.7% (175488122880/453112706673) | 84.8M/s | stage ETA 54:35 | overall ? ETA ? | best -
[b2=23 b1={21}] stage  38.8% (175658577920/453112706673) | 84.7M/s | stage ETA 54:34 | overall ? ETA ? | best -
[b2=23 b1={21}] stage  38.8% (175827492864/453112706673) | 84.6M/s | stage ETA 54:39 | overall ? ETA ? | best -
[b2=23 b1={21}] stage  38.8% (175997116416/453112706673) | 84.6M/s | stage ETA 54:35 | overall ? ETA ? | best -
[b2=23 b1={21}] stage  38.9% (176166752256/453112706673) | 84.6M/s | stage ETA 54:33 | overall ? ETA ? | best -
[b2=23 b1={21}] stage  38.9% (176335740928/453112706673) | 84.4M/s | stage ETA 54:39 | overall ? ETA ? | best -
[b2=23 b1={21}] stage  39.0% (176505270272/453112706673) | 84.5M/s | stage ETA 54:33 | overall ? ETA ? | best -
[b2=23 b1={21}] stage  39.0% (176675573760/453112706673) | 84.6M/s | stage ETA 54:27 | overall ? ETA ? | best -
[b2=23 b1={21}] stage  39.0% (176845717504/453112706673) | 84.6M/s | stage ETA 54:25 | overall ? ETA ? | best -
[b2=23 b1={21}] stage  39.1% (177014939648/453112706673) | 84.6M/s | stage ETA 54:25 | overall ? ETA ? | best -
[b2=23 b1={21}] stage  39.1% (177185521664/453112706673) | 84.7M/s | stage ETA 54:17 | overall ? ETA ? | best -
[b2=23 b1={21}] stage  39.1% (177355169792/453112706673) | 84.6M/s | stage ETA 54:17 | overall ? ETA ? | best -
[b2=23 b1={21}] stage  39.2% (177524219904/453112706673) | 84.4M/s | stage ETA 54:27 | overall ? ETA ? | best -
[b2=23 b1={21}] stage  39.2% (177694220288/453112706673) | 84.4M/s | stage ETA 54:22 | overall ? ETA ? | best -
[b2=23 b1={21}] stage  39.3% (177864302592/453112706673) | 84.6M/s | stage ETA 54:13 | overall ? ETA ? | best -
[b2=23 b1={21}] stage  39.3% (178034962432/453112706673) | 84.7M/s | stage ETA 54:06 | overall ? ETA ? | best -
[b2=23 b1={21}] stage  39.3% (178205290496/453112706673) | 84.8M/s | stage ETA 54:01 | overall ? ETA ? | best -
[b2=23 b1={21}] stage  39.4% (178375221248/453112706673) | 84.6M/s | stage ETA 54:05 | overall ? ETA ? | best -
[b2=23 b1={21}] stage  39.4% (178545065984/453112706673) | 84.5M/s | stage ETA 54:08 | overall ? ETA ? | best -
[b2=23 b1={21}] stage  39.4% (178715086848/453112706673) | 84.6M/s | stage ETA 54:03 | overall ? ETA ? | best -
[b2=23 b1={21}] stage  39.5% (178881777664/453112706673) | 83.7M/s | stage ETA 54:37 | overall ? ETA ? | best -
[b2=23 b1={21}] stage  39.5% (179049054208/453112706673) | 83.6M/s | stage ETA 54:37 | overall ? ETA ? | best -
[b2=23 b1={21}] stage  39.6% (179217489920/453112706673) | 83.9M/s | stage ETA 54:24 | overall ? ETA ? | best -
[b2=23 b1={21}] stage  39.6% (179385602048/453112706673) | 83.8M/s | stage ETA 54:27 | overall ? ETA ? | best -
[b2=23 b1={21}] stage  39.6% (179554574336/453112706673) | 84.0M/s | stage ETA 54:18 | overall ? ETA ? | best -
[b2=23 b1={21}] stage  39.7% (179723689984/453112706673) | 84.0M/s | stage ETA 54:13 | overall ? ETA ? | best -
[b2=23 b1={21}] stage  39.7% (179893534720/453112706673) | 84.3M/s | stage ETA 53:59 | overall ? ETA ? | best -
[b2=23 b1={21}] stage  39.7% (180064546816/453112706673) | 84.7M/s | stage ETA 53:45 | overall ? ETA ? | best -
[b2=23 b1={21}] stage  39.8% (180234551296/453112706673) | 84.7M/s | stage ETA 53:43 | overall ? ETA ? | best -
[b2=23 b1={21}] stage  39.8% (180402855936/453112706673) | 84.2M/s | stage ETA 53:58 | overall ? ETA ? | best -
[b2=23 b1={21}] stage  39.9% (180572966912/453112706673) | 84.5M/s | stage ETA 53:45 | overall ? ETA ? | best -
[b2=23 b1={21}] stage  39.9% (180742328320/453112706673) | 84.5M/s | stage ETA 53:43 | overall ? ETA ? | best -
[b2=23 b1={21}] stage  39.9% (180912074752/453112706673) | 84.4M/s | stage ETA 53:43 | overall ? ETA ? | best -
[b2=23 b1={21}] stage  40.0% (181081632768/453112706673) | 84.4M/s | stage ETA 53:43 | overall ? ETA ? | best -
[b2=23 b1={21}] stage  40.0% (181251264512/453112706673) | 84.5M/s | stage ETA 53:37 | overall ? ETA ? | best -
[b2=23 b1={21}] stage  40.0% (181420687360/453112706673) | 84.4M/s | stage ETA 53:39 | overall ? ETA ? | best -
[b2=23 b1={21}] stage  40.1% (181591003136/453112706673) | 84.7M/s | stage ETA 53:26 | overall ? ETA ? | best -
[b2=23 b1={21}] stage  40.1% (181761015808/453112706673) | 84.6M/s | stage ETA 53:26 | overall ? ETA ? | best -
[b2=23 b1={21}] stage  40.2% (181929455616/453112706673) | 84.3M/s | stage ETA 53:35 | overall ? ETA ? | best -
[b2=23 b1={21}] stage  40.2% (182100008960/453112706673) | 84.6M/s | stage ETA 53:23 | overall ? ETA ? | best -
[b2=23 b1={21}] stage  40.2% (182271442944/453112706673) | 84.9M/s | stage ETA 53:09 | overall ? ETA ? | best -
[b2=23 b1={21}] stage  40.3% (182442078208/453112706673) | 84.9M/s | stage ETA 53:07 | overall ? ETA ? | best -
[b2=23 b1={21}] stage  40.3% (182612594688/453112706673) | 85.0M/s | stage ETA 53:03 | overall ? ETA ? | best -
[b2=23 b1={21}] stage  40.3% (182781550592/453112706673) | 84.7M/s | stage ETA 53:11 | overall ? ETA ? | best -
[b2=23 b1={21}] stage  40.4% (182952398848/453112706673) | 84.8M/s | stage ETA 53:04 | overall ? ETA ? | best -
[b2=23 b1={21}] stage  40.4% (183122595840/453112706673) | 84.8M/s | stage ETA 53:05 | overall ? ETA ? | best -
[b2=23 b1={21}] stage  40.5% (183292014592/453112706673) | 84.5M/s | stage ETA 53:14 | overall ? ETA ? | best -
[b2=23 b1={21}] stage  40.5% (183463763968/453112706673) | 84.7M/s | stage ETA 53:01 | overall ? ETA ? | best -
[b2=23 b1={21}] stage  40.5% (183632875520/453112706673) | 84.6M/s | stage ETA 53:06 | overall ? ETA ? | best -
[b2=23 b1={21}] stage  40.6% (183804059648/453112706673) | 84.8M/s | stage ETA 52:56 | overall ? ETA ? | best -
[b2=23 b1={21}] stage  40.6% (183974150144/453112706673) | 84.8M/s | stage ETA 52:52 | overall ? ETA ? | best -
[b2=23 b1={21}] stage  40.6% (184144699392/453112706673) | 85.0M/s | stage ETA 52:43 | overall ? ETA ? | best -
[b2=23 b1={21}] stage  40.7% (184314626048/453112706673) | 84.8M/s | stage ETA 52:47 | overall ? ETA ? | best -
[b2=23 b1={21}] stage  40.7% (184485109760/453112706673) | 84.9M/s | stage ETA 52:45 | overall ? ETA ? | best -
[b2=23 b1={21}] stage  40.8% (184655347712/453112706673) | 84.9M/s | stage ETA 52:42 | overall ? ETA ? | best -
[b2=23 b1={21}] stage  40.8% (184825479168/453112706673) | 84.8M/s | stage ETA 52:44 | overall ? ETA ? | best -
[b2=23 b1={21}] stage  40.8% (184995037184/453112706673) | 84.7M/s | stage ETA 52:44 | overall ? ETA ? | best -
[b2=23 b1={21}] stage  40.9% (185165881344/453112706673) | 84.9M/s | stage ETA 52:37 | overall ? ETA ? | best -
[b2=23 b1={21}] stage  40.9% (185335775232/453112706673) | 84.6M/s | stage ETA 52:43 | overall ? ETA ? | best -
[b2=23 b1={21}] stage  40.9% (185505300480/453112706673) | 84.7M/s | stage ETA 52:39 | overall ? ETA ? | best -
[b2=23 b1={21}] stage  41.0% (185675108352/453112706673) | 84.7M/s | stage ETA 52:37 | overall ? ETA ? | best -
[b2=23 b1={21}] stage  41.0% (185845481472/453112706673) | 84.8M/s | stage ETA 52:31 | overall ? ETA ? | best -
[b2=23 b1={21}] stage  41.1% (186014117888/453112706673) | 84.4M/s | stage ETA 52:45 | overall ? ETA ? | best -
[b2=23 b1={21}] stage  41.1% (186184409088/453112706673) | 84.5M/s | stage ETA 52:38 | overall ? ETA ? | best -
[b2=23 b1={21}] stage  41.1% (186353057792/453112706673) | 84.3M/s | stage ETA 52:43 | overall ? ETA ? | best -
[b2=23 b1={21}] stage  41.2% (186522980352/453112706673) | 84.3M/s | stage ETA 52:41 | overall ? ETA ? | best -
[b2=23 b1={21}] stage  41.2% (186692313088/453112706673) | 84.3M/s | stage ETA 52:41 | overall ? ETA ? | best -
[b2=23 b1={21}] stage  41.2% (186861768704/453112706673) | 84.4M/s | stage ETA 52:34 | overall ? ETA ? | best -
[b2=23 b1={21}] stage  41.3% (187032309760/453112706673) | 84.5M/s | stage ETA 52:27 | overall ? ETA ? | best -
[b2=23 b1={21}] stage  41.3% (187202494464/453112706673) | 84.7M/s | stage ETA 52:19 | overall ? ETA ? | best -
[b2=23 b1={21}] stage  41.4% (187372892160/453112706673) | 84.8M/s | stage ETA 52:14 | overall ? ETA ? | best -
[b2=23 b1={21}] stage  41.4% (187543769088/453112706673) | 84.9M/s | stage ETA 52:07 | overall ? ETA ? | best -
[b2=23 b1={21}] stage  41.4% (187714011136/453112706673) | 84.8M/s | stage ETA 52:08 | overall ? ETA ? | best -
[b2=23 b1={21}] stage  41.5% (187883847680/453112706673) | 84.8M/s | stage ETA 52:08 | overall ? ETA ? | best -
[b2=23 b1={21}] stage  41.5% (188054896640/453112706673) | 85.0M/s | stage ETA 51:59 | overall ? ETA ? | best -
[b2=23 b1={21}] stage  41.5% (188225470464/453112706673) | 84.9M/s | stage ETA 52:01 | overall ? ETA ? | best -
[b2=23 b1={21}] stage  41.6% (188394987520/453112706673) | 84.7M/s | stage ETA 52:04 | overall ? ETA ? | best -
[b2=23 b1={21}] stage  41.6% (188564905984/453112706673) | 84.6M/s | stage ETA 52:05 | overall ? ETA ? | best -
[b2=23 b1={21}] stage  41.7% (188734554112/453112706673) | 84.5M/s | stage ETA 52:07 | overall ? ETA ? | best -
[b2=23 b1={21}] stage  41.7% (188904869888/453112706673) | 84.8M/s | stage ETA 51:57 | overall ? ETA ? | best -
[b2=23 b1={21}] stage  41.7% (189075595264/453112706673) | 84.8M/s | stage ETA 51:54 | overall ? ETA ? | best -
[b2=23 b1={21}] stage  41.8% (189246566400/453112706673) | 84.9M/s | stage ETA 51:48 | overall ? ETA ? | best -
[b2=23 b1={21}] stage  41.8% (189416624128/453112706673) | 84.8M/s | stage ETA 51:49 | overall ? ETA ? | best -
[b2=23 b1={21}] stage  41.8% (189587009536/453112706673) | 84.8M/s | stage ETA 51:47 | overall ? ETA ? | best -
[b2=23 b1={21}] stage  41.9% (189756284928/453112706673) | 84.6M/s | stage ETA 51:52 | overall ? ETA ? | best -
[b2=23 b1={21}] stage  41.9% (189926707200/453112706673) | 84.8M/s | stage ETA 51:44 | overall ? ETA ? | best -
[b2=23 b1={21}] stage  42.0% (190097727488/453112706673) | 84.9M/s | stage ETA 51:36 | overall ? ETA ? | best -
[b2=23 b1={21}] stage  42.0% (190266970112/453112706673) | 84.7M/s | stage ETA 51:44 | overall ? ETA ? | best -
[b2=23 b1={21}] stage  42.0% (190437470208/453112706673) | 84.8M/s | stage ETA 51:38 | overall ? ETA ? | best -
[b2=23 b1={21}] stage  42.1% (190606655488/453112706673) | 84.7M/s | stage ETA 51:40 | overall ? ETA ? | best -
[b2=23 b1={21}] stage  42.1% (190776406016/453112706673) | 84.6M/s | stage ETA 51:40 | overall ? ETA ? | best -
[b2=23 b1={21}] stage  42.1% (190945632256/453112706673) | 84.6M/s | stage ETA 51:39 | overall ? ETA ? | best -
[b2=23 b1={21}] stage  42.2% (191114506240/453112706673) | 84.3M/s | stage ETA 51:48 | overall ? ETA ? | best -
[b2=23 b1={21}] stage  42.2% (191279837184/453112706673) | 83.3M/s | stage ETA 52:23 | overall ? ETA ? | best -
[b2=23 b1={21}] stage  42.3% (191450873856/453112706673) | 84.1M/s | stage ETA 51:52 | overall ? ETA ? | best -
[b2=23 b1={21}] stage  42.3% (191618539520/453112706673) | 83.8M/s | stage ETA 52:00 | overall ? ETA ? | best -
[b2=23 b1={21}] stage  42.3% (191787823104/453112706673) | 84.0M/s | stage ETA 51:51 | overall ? ETA ? | best -
[b2=23 b1={21}] stage  42.4% (191956054016/453112706673) | 83.9M/s | stage ETA 51:51 | overall ? ETA ? | best -
[b2=23 b1={21}] stage  42.4% (192124735488/453112706673) | 84.1M/s | stage ETA 51:43 | overall ? ETA ? | best -
[b2=23 b1={21}] stage  42.4% (192294653952/453112706673) | 84.4M/s | stage ETA 51:29 | overall ? ETA ? | best -
[b2=23 b1={21}] stage  42.5% (192465223680/453112706673) | 84.7M/s | stage ETA 51:17 | overall ? ETA ? | best -
[b2=23 b1={21}] stage  42.5% (192635949056/453112706673) | 84.8M/s | stage ETA 51:10 | overall ? ETA ? | best -
[b2=23 b1={21}] stage  42.6% (192806498304/453112706673) | 84.9M/s | stage ETA 51:07 | overall ? ETA ? | best -
[b2=23 b1={21}] stage  42.6% (192976244736/453112706673) | 84.8M/s | stage ETA 51:07 | overall ? ETA ? | best -
[b2=23 b1={21}] stage  42.6% (193146961920/453112706673) | 84.9M/s | stage ETA 51:03 | overall ? ETA ? | best -
[b2=23 b1={21}] stage  42.7% (193316368384/453112706673) | 84.6M/s | stage ETA 51:09 | overall ? ETA ? | best -
[b2=23 b1={21}] stage  42.7% (193487282176/453112706673) | 84.8M/s | stage ETA 51:00 | overall ? ETA ? | best -
[b2=23 b1={21}] stage  42.7% (193657294848/453112706673) | 84.8M/s | stage ETA 50:59 | overall ? ETA ? | best -
[b2=23 b1={21}] stage  42.8% (193827766272/453112706673) | 84.9M/s | stage ETA 50:54 | overall ? ETA ? | best -
[b2=23 b1={21}] stage  42.8% (193997234176/453112706673) | 84.7M/s | stage ETA 50:59 | overall ? ETA ? | best -
[b2=23 b1={21}] stage  42.9% (194166894592/453112706673) | 84.5M/s | stage ETA 51:03 | overall ? ETA ? | best -
[b2=23 b1={21}] stage  42.9% (194336849920/453112706673) | 84.7M/s | stage ETA 50:56 | overall ? ETA ? | best -
[b2=23 b1={21}] stage  42.9% (194506387456/453112706673) | 84.6M/s | stage ETA 50:57 | overall ? ETA ? | best -
[b2=23 b1={21}] stage  43.0% (194676736000/453112706673) | 84.7M/s | stage ETA 50:51 | overall ? ETA ? | best -
[b2=23 b1={21}] stage  43.0% (194847051776/453112706673) | 84.7M/s | stage ETA 50:49 | overall ? ETA ? | best -
[b2=23 b1={21}] stage  43.0% (195016658944/453112706673) | 84.7M/s | stage ETA 50:48 | overall ? ETA ? | best -
[b2=23 b1={21}] stage  43.1% (195187068928/453112706673) | 84.8M/s | stage ETA 50:41 | overall ? ETA ? | best -
[b2=23 b1={21}] stage  43.1% (195355312128/453112706673) | 84.4M/s | stage ETA 50:52 | overall ? ETA ? | best -
[b2=23 b1={21}] stage  43.2% (195524960256/453112706673) | 84.6M/s | stage ETA 50:45 | overall ? ETA ? | best -
[b2=23 b1={21}] stage  43.2% (195694968832/453112706673) | 84.6M/s | stage ETA 50:43 | overall ? ETA ? | best -
[b2=23 b1={21}] stage  43.2% (195864653824/453112706673) | 84.6M/s | stage ETA 50:39 | overall ? ETA ? | best -
[b2=23 b1={21}] stage  43.3% (196035104768/453112706673) | 84.7M/s | stage ETA 50:33 | overall ? ETA ? | best -
[b2=23 b1={21}] stage  43.3% (196205731840/453112706673) | 84.8M/s | stage ETA 50:28 | overall ? ETA ? | best -
[b2=23 b1={21}] stage  43.3% (196375994368/453112706673) | 84.9M/s | stage ETA 50:25 | overall ? ETA ? | best -
[b2=23 b1={21}] stage  43.4% (196545761280/453112706673) | 84.7M/s | stage ETA 50:29 | overall ? ETA ? | best -
[b2=23 b1={21}] stage  43.4% (196714217472/453112706673) | 84.2M/s | stage ETA 50:46 | overall ? ETA ? | best -
[b2=23 b1={21}] stage  43.5% (196879941632/453112706673) | 83.4M/s | stage ETA 51:12 | overall ? ETA ? | best -
[b2=23 b1={21}] stage  43.5% (197043548160/453112706673) | 82.5M/s | stage ETA 51:43 | overall ? ETA ? | best -
[b2=23 b1={21}] stage  43.5% (197213597696/453112706673) | 83.6M/s | stage ETA 51:02 | overall ? ETA ? | best -
[b2=23 b1={21}] stage  43.6% (197381365760/453112706673) | 83.6M/s | stage ETA 50:59 | overall ? ETA ? | best -
[b2=23 b1={21}] stage  43.6% (197550608384/453112706673) | 84.0M/s | stage ETA 50:41 | overall ? ETA ? | best -
[b2=23 b1={21}] stage  43.6% (197720813568/453112706673) | 84.3M/s | stage ETA 50:30 | overall ? ETA ? | best -
[b2=23 b1={21}] stage  43.7% (197891076096/453112706673) | 84.5M/s | stage ETA 50:20 | overall ? ETA ? | best -
[b2=23 b1={21}] stage  43.7% (198059941888/453112706673) | 84.3M/s | stage ETA 50:26 | overall ? ETA ? | best -
[b2=23 b1={21}] stage  43.7% (198224748544/453112706673) | 83.2M/s | stage ETA 51:04 | overall ? ETA ? | best -
[b2=23 b1={21}] stage  43.8% (198394822656/453112706673) | 83.9M/s | stage ETA 50:35 | overall ? ETA ? | best -
[b2=23 b1={21}] stage  43.8% (198561771520/453112706673) | 83.6M/s | stage ETA 50:43 | overall ? ETA ? | best -
[b2=23 b1={21}] stage  43.9% (198732013568/453112706673) | 84.3M/s | stage ETA 50:17 | overall ? ETA ? | best -
[b2=23 b1={21}] stage  43.9% (198901325824/453112706673) | 84.4M/s | stage ETA 50:10 | overall ? ETA ? | best -
[b2=23 b1={21}] stage  43.9% (199070953472/453112706673) | 84.5M/s | stage ETA 50:08 | overall ? ETA ? | best -
[b2=23 b1={21}] stage  44.0% (199240937472/453112706673) | 84.7M/s | stage ETA 49:57 | overall ? ETA ? | best -
[b2=23 b1={21}] stage  44.0% (199411290112/453112706673) | 84.8M/s | stage ETA 49:52 | overall ? ETA ? | best -
[b2=23 b1={21}] stage  44.0% (199582093312/453112706673) | 84.8M/s | stage ETA 49:51 | overall ? ETA ? | best -
[b2=23 b1={21}] stage  44.1% (199752130560/453112706673) | 84.7M/s | stage ETA 49:51 | overall ? ETA ? | best -
[b2=23 b1={21}] stage  44.1% (199920283648/453112706673) | 84.2M/s | stage ETA 50:08 | overall ? ETA ? | best -
[b2=23 b1={21}] stage  44.2% (200091217920/453112706673) | 84.5M/s | stage ETA 49:52 | overall ? ETA ? | best -
[b2=23 b1={21}] stage  44.2% (200261873664/453112706673) | 84.7M/s | stage ETA 49:44 | overall ? ETA ? | best -
[b2=23 b1={21}] stage  44.2% (200430387200/453112706673) | 84.4M/s | stage ETA 49:55 | overall ? ETA ? | best -
[b2=23 b1={21}] stage  44.3% (200600477696/453112706673) | 84.5M/s | stage ETA 49:48 | overall ? ETA ? | best -
[b2=23 b1={21}] stage  44.3% (200771350528/453112706673) | 84.8M/s | stage ETA 49:35 | overall ? ETA ? | best -
[b2=23 b1={21}] stage  44.3% (200941760512/453112706673) | 84.8M/s | stage ETA 49:35 | overall ? ETA ? | best -
[b2=23 b1={21}] stage  44.4% (201111687168/453112706673) | 84.8M/s | stage ETA 49:32 | overall ? ETA ? | best -
[b2=23 b1={21}] stage  44.4% (201282265088/453112706673) | 84.7M/s | stage ETA 49:32 | overall ? ETA ? | best -
[b2=23 b1={21}] stage  44.5% (201452830720/453112706673) | 84.8M/s | stage ETA 49:27 | overall ? ETA ? | best -
[b2=23 b1={21}] stage  44.5% (201622863872/453112706673) | 84.9M/s | stage ETA 49:23 | overall ? ETA ? | best -
[b2=23 b1={21}] stage  44.5% (201793228800/453112706673) | 84.9M/s | stage ETA 49:21 | overall ? ETA ? | best -
[b2=23 b1={21}] stage  44.6% (201963536384/453112706673) | 84.8M/s | stage ETA 49:21 | overall ? ETA ? | best -
[b2=23 b1={21}] stage  44.6% (202133835776/453112706673) | 84.7M/s | stage ETA 49:23 | overall ? ETA ? | best -
[b2=23 b1={21}] stage  44.6% (202303651840/453112706673) | 84.6M/s | stage ETA 49:24 | overall ? ETA ? | best -
[b2=23 b1={21}] stage  44.7% (202473574400/453112706673) | 84.6M/s | stage ETA 49:23 | overall ? ETA ? | best -
[b2=23 b1={21}] stage  44.7% (202644389888/453112706673) | 84.8M/s | stage ETA 49:14 | overall ? ETA ? | best -
[b2=23 b1={21}] stage  44.8% (202813370368/453112706673) | 84.6M/s | stage ETA 49:18 | overall ? ETA ? | best -
[b2=23 b1={21}] stage  44.8% (202983796736/453112706673) | 84.8M/s | stage ETA 49:10 | overall ? ETA ? | best -
[b2=23 b1={21}] stage  44.8% (203152973824/453112706673) | 84.5M/s | stage ETA 49:18 | overall ? ETA ? | best -
[b2=23 b1={21}] stage  44.9% (203323027456/453112706673) | 84.6M/s | stage ETA 49:11 | overall ? ETA ? | best -
[b2=23 b1={21}] stage  44.9% (203493064704/453112706673) | 84.7M/s | stage ETA 49:05 | overall ? ETA ? | best -
[b2=23 b1={21}] stage  44.9% (203662913536/453112706673) | 84.6M/s | stage ETA 49:09 | overall ? ETA ? | best -
[b2=23 b1={21}] stage  45.0% (203833344000/453112706673) | 84.6M/s | stage ETA 49:05 | overall ? ETA ? | best -
[b2=23 b1={21}] stage  45.0% (204002189312/453112706673) | 84.5M/s | stage ETA 49:09 | overall ? ETA ? | best -
[b2=23 b1={21}] stage  45.1% (204172328960/453112706673) | 84.6M/s | stage ETA 49:02 | overall ? ETA ? | best -
[b2=23 b1={21}] stage  45.1% (204342530048/453112706673) | 84.7M/s | stage ETA 48:57 | overall ? ETA ? | best -
[b2=23 b1={21}] stage  45.1% (204511309824/453112706673) | 84.5M/s | stage ETA 49:02 | overall ? ETA ? | best -
[b2=23 b1={21}] stage  45.2% (204681322496/453112706673) | 84.5M/s | stage ETA 48:59 | overall ? ETA ? | best -
[b2=23 b1={21}] stage  45.2% (204851236864/453112706673) | 84.6M/s | stage ETA 48:53 | overall ? ETA ? | best -
[b2=23 b1={21}] stage  45.2% (205009653760/453112706673) | 80.7M/s | stage ETA 51:13 | overall ? ETA ? | best -
[b2=23 b1={21}] stage  45.3% (205178912768/453112706673) | 82.5M/s | stage ETA 50:04 | overall ? ETA ? | best -
[b2=23 b1={21}] stage  45.3% (205349519360/453112706673) | 83.7M/s | stage ETA 49:19 | overall ? ETA ? | best -
[b2=23 b1={21}] stage  45.4% (205519454208/453112706673) | 84.2M/s | stage ETA 49:01 | overall ? ETA ? | best -
[b2=23 b1={21}] stage  45.4% (205686448128/453112706673) | 83.6M/s | stage ETA 49:20 | overall ? ETA ? | best -
[b2=23 b1={21}] stage  45.4% (205857095680/453112706673) | 84.2M/s | stage ETA 48:55 | overall ? ETA ? | best -
[b2=23 b1={21}] stage  45.5% (206025879552/453112706673) | 84.2M/s | stage ETA 48:54 | overall ? ETA ? | best -
[b2=23 b1={21}] stage  45.5% (206196346880/453112706673) | 84.6M/s | stage ETA 48:39 | overall ? ETA ? | best -
[b2=23 b1={21}] stage  45.5% (206365286400/453112706673) | 84.5M/s | stage ETA 48:41 | overall ? ETA ? | best -
[b2=23 b1={21}] stage  45.6% (206534385664/453112706673) | 84.4M/s | stage ETA 48:40 | overall ? ETA ? | best -
[b2=23 b1={21}] stage  45.6% (206702632960/453112706673) | 84.2M/s | stage ETA 48:46 | overall ? ETA ? | best -
[b2=23 b1={21}] stage  45.7% (206872739840/453112706673) | 84.5M/s | stage ETA 48:34 | overall ? ETA ? | best -
[b2=23 b1={21}] stage  45.7% (207043137536/453112706673) | 84.6M/s | stage ETA 48:29 | overall ? ETA ? | best -
[b2=23 b1={21}] stage  45.7% (207213617152/453112706673) | 84.7M/s | stage ETA 48:23 | overall ? ETA ? | best -
[b2=23 b1={21}] stage  45.8% (207383842816/453112706673) | 84.7M/s | stage ETA 48:20 | overall ? ETA ? | best -
[b2=23 b1={21}] stage  45.8% (207554523136/453112706673) | 84.8M/s | stage ETA 48:16 | overall ? ETA ? | best -
[b2=23 b1={21}] stage  45.8% (207724228608/453112706673) | 84.7M/s | stage ETA 48:15 | overall ? ETA ? | best -
[b2=23 b1={21}] stage  45.9% (207894863872/453112706673) | 84.9M/s | stage ETA 48:06 | overall ? ETA ? | best -
[b2=23 b1={21}] stage  45.9% (208064819200/453112706673) | 84.8M/s | stage ETA 48:11 | overall ? ETA ? | best -
[b2=23 b1={21}] stage  46.0% (208234766336/453112706673) | 84.7M/s | stage ETA 48:11 | overall ? ETA ? | best -
[b2=23 b1={21}] stage  46.0% (208404979712/453112706673) | 84.9M/s | stage ETA 48:03 | overall ? ETA ? | best -
[b2=23 b1={21}] stage  46.0% (208575074304/453112706673) | 84.7M/s | stage ETA 48:06 | overall ? ETA ? | best -
[b2=23 b1={21}] stage  46.1% (208743510016/453112706673) | 84.2M/s | stage ETA 48:21 | overall ? ETA ? | best -
[b2=23 b1={21}] stage  46.1% (208909160448/453112706673) | 83.3M/s | stage ETA 48:53 | overall ? ETA ? | best -
[b2=23 b1={21}] stage  46.1% (209079324672/453112706673) | 84.0M/s | stage ETA 48:25 | overall ? ETA ? | best -
[b2=23 b1={21}] stage  46.2% (209247567872/453112706673) | 83.9M/s | stage ETA 48:28 | overall ? ETA ? | best -
[b2=23 b1={21}] stage  46.2% (209417486336/453112706673) | 84.3M/s | stage ETA 48:10 | overall ? ETA ? | best -
[b2=23 b1={21}] stage  46.3% (209586606080/453112706673) | 84.2M/s | stage ETA 48:11 | overall ? ETA ? | best -
[b2=23 b1={21}] stage  46.3% (209756217344/453112706673) | 84.3M/s | stage ETA 48:06 | overall ? ETA ? | best -
[b2=23 b1={21}] stage  46.3% (209925992448/453112706673) | 84.4M/s | stage ETA 47:59 | overall ? ETA ? | best -
[b2=23 b1={21}] stage  46.4% (210095939584/453112706673) | 84.5M/s | stage ETA 47:54 | overall ? ETA ? | best -
[b2=23 b1={21}] stage  46.4% (210266095616/453112706673) | 84.6M/s | stage ETA 47:49 | overall ? ETA ? | best -
[b2=23 b1={21}] stage  46.4% (210435768320/453112706673) | 84.5M/s | stage ETA 47:50 | overall ? ETA ? | best -
[b2=23 b1={21}] stage  46.5% (210605379584/453112706673) | 84.6M/s | stage ETA 47:46 | overall ? ETA ? | best -
[b2=23 b1={21}] stage  46.5% (210775076864/453112706673) | 84.6M/s | stage ETA 47:44 | overall ? ETA ? | best -
[b2=23 b1={21}] stage  46.6% (210945888256/453112706673) | 84.8M/s | stage ETA 47:36 | overall ? ETA ? | best -
[b2=23 b1={21}] stage  46.6% (211115429888/453112706673) | 84.7M/s | stage ETA 47:36 | overall ? ETA ? | best -
[b2=23 b1={21}] stage  46.6% (211285204992/453112706673) | 84.7M/s | stage ETA 47:34 | overall ? ETA ? | best -
[b2=23 b1={21}] stage  46.7% (211455918080/453112706673) | 84.8M/s | stage ETA 47:28 | overall ? ETA ? | best -
[b2=23 b1={21}] stage  46.7% (211625656320/453112706673) | 84.7M/s | stage ETA 47:30 | overall ? ETA ? | best -
[b2=23 b1={21}] stage  46.7% (211796267008/453112706673) | 84.8M/s | stage ETA 47:25 | overall ? ETA ? | best -
[b2=23 b1={21}] stage  46.8% (211966173184/453112706673) | 84.6M/s | stage ETA 47:29 | overall ? ETA ? | best -
[b2=23 b1={21}] stage  46.8% (212131659776/453112706673) | 83.5M/s | stage ETA 48:05 | overall ? ETA ? | best -
[b2=23 b1={21}] stage  46.9% (212300738560/453112706673) | 83.9M/s | stage ETA 47:49 | overall ? ETA ? | best -
[b2=23 b1={21}] stage  46.9% (212468297728/453112706673) | 83.6M/s | stage ETA 47:57 | overall ? ETA ? | best -
[b2=23 b1={21}] stage  46.9% (212638842880/453112706673) | 84.2M/s | stage ETA 47:35 | overall ? ETA ? | best -
[b2=23 b1={21}] stage  47.0% (212809150464/453112706673) | 84.5M/s | stage ETA 47:25 | overall ? ETA ? | best -
[b2=23 b1={21}] stage  47.0% (212977287168/453112706673) | 84.2M/s | stage ETA 47:31 | overall ? ETA ? | best -
[b2=23 b1={21}] stage  47.0% (213147328512/453112706673) | 84.5M/s | stage ETA 47:18 | overall ? ETA ? | best -
[b2=23 b1={21}] stage  47.1% (213316751360/453112706673) | 84.5M/s | stage ETA 47:17 | overall ? ETA ? | best -
[b2=23 b1={21}] stage  47.1% (213486153728/453112706673) | 84.6M/s | stage ETA 47:13 | overall ? ETA ? | best -
[b2=23 b1={21}] stage  47.2% (213656363008/453112706673) | 84.7M/s | stage ETA 47:07 | overall ? ETA ? | best -
[b2=23 b1={21}] stage  47.2% (213826576384/453112706673) | 84.8M/s | stage ETA 47:03 | overall ? ETA ? | best -
[b2=23 b1={21}] stage  47.2% (213996969984/453112706673) | 84.8M/s | stage ETA 46:58 | overall ? ETA ? | best -
[b2=23 b1={21}] stage  47.3% (214166994944/453112706673) | 84.8M/s | stage ETA 46:57 | overall ? ETA ? | best -
[b2=23 b1={21}] stage  47.3% (214336638976/453112706673) | 84.7M/s | stage ETA 46:58 | overall ? ETA ? | best -
[b2=23 b1={21}] stage  47.3% (214507171840/453112706673) | 84.8M/s | stage ETA 46:55 | overall ? ETA ? | best -
[b2=23 b1={21}] stage  47.4% (214677270528/453112706673) | 84.7M/s | stage ETA 46:55 | overall ? ETA ? | best -
[b2=23 b1={21}] stage  47.4% (214846521344/453112706673) | 84.6M/s | stage ETA 46:54 | overall ? ETA ? | best -
[b2=23 b1={21}] stage  47.5% (215017111552/453112706673) | 84.8M/s | stage ETA 46:47 | overall ? ETA ? | best -
[b2=23 b1={21}] stage  47.5% (215187714048/453112706673) | 84.9M/s | stage ETA 46:42 | overall ? ETA ? | best -
[b2=23 b1={21}] stage  47.5% (215357767680/453112706673) | 84.9M/s | stage ETA 46:41 | overall ? ETA ? | best -
[b2=23 b1={21}] stage  47.6% (215527378944/453112706673) | 84.7M/s | stage ETA 46:43 | overall ? ETA ? | best -
[b2=23 b1={21}] stage  47.6% (215696756736/453112706673) | 84.6M/s | stage ETA 46:47 | overall ? ETA ? | best -
[b2=23 b1={21}] stage  47.6% (215866535936/453112706673) | 84.6M/s | stage ETA 46:43 | overall ? ETA ? | best -
[b2=23 b1={21}] stage  47.7% (216036667392/453112706673) | 84.7M/s | stage ETA 46:38 | overall ? ETA ? | best -
[b2=23 b1={21}] stage  47.7% (216207290368/453112706673) | 84.7M/s | stage ETA 46:35 | overall ? ETA ? | best -
[b2=23 b1={21}] stage  47.8% (216377143296/453112706673) | 84.6M/s | stage ETA 46:38 | overall ? ETA ? | best -
[b2=23 b1={21}] stage  47.8% (216547192832/453112706673) | 84.7M/s | stage ETA 46:32 | overall ? ETA ? | best -
[b2=23 b1={21}] stage  47.8% (216716644352/453112706673) | 84.6M/s | stage ETA 46:32 | overall ? ETA ? | best -
[b2=23 b1={21}] stage  47.9% (216886820864/453112706673) | 84.7M/s | stage ETA 46:29 | overall ? ETA ? | best -
[b2=23 b1={21}] stage  47.9% (217056985088/453112706673) | 84.6M/s | stage ETA 46:30 | overall ? ETA ? | best -
[b2=23 b1={21}] stage  47.9% (217227141120/453112706673) | 84.6M/s | stage ETA 46:27 | overall ? ETA ? | best -
[b2=23 b1={21}] stage  48.0% (217397551104/453112706673) | 84.7M/s | stage ETA 46:24 | overall ? ETA ? | best -
[b2=23 b1={21}] stage  48.0% (217564889088/453112706673) | 84.0M/s | stage ETA 46:44 | overall ? ETA ? | best -
[b2=23 b1={21}] stage  48.1% (217735327744/453112706673) | 84.4M/s | stage ETA 46:29 | overall ? ETA ? | best -
[b2=23 b1={21}] stage  48.1% (217905889280/453112706673) | 84.7M/s | stage ETA 46:18 | overall ? ETA ? | best -
[b2=23 b1={21}] stage  48.1% (218075529216/453112706673) | 84.7M/s | stage ETA 46:14 | overall ? ETA ? | best -
[b2=23 b1={21}] stage  48.2% (218245537792/453112706673) | 84.7M/s | stage ETA 46:12 | overall ? ETA ? | best -
[b2=23 b1={21}] stage  48.2% (218415579136/453112706673) | 84.7M/s | stage ETA 46:10 | overall ? ETA ? | best -
[b2=23 b1={21}] stage  48.2% (218585206784/453112706673) | 84.6M/s | stage ETA 46:11 | overall ? ETA ? | best -
[b2=23 b1={21}] stage  48.3% (218755526656/453112706673) | 84.7M/s | stage ETA 46:06 | overall ? ETA ? | best -
[b2=23 b1={21}] stage  48.3% (218924777472/453112706673) | 84.4M/s | stage ETA 46:13 | overall ? ETA ? | best -
[b2=23 b1={21}] stage  48.4% (219095445504/453112706673) | 84.7M/s | stage ETA 46:03 | overall ? ETA ? | best -
[b2=23 b1={21}] stage  48.4% (219266232320/453112706673) | 84.8M/s | stage ETA 45:58 | overall ? ETA ? | best -
[b2=23 b1={21}] stage  48.4% (219436208128/453112706673) | 84.8M/s | stage ETA 45:55 | overall ? ETA ? | best -
[b2=23 b1={21}] stage  48.5% (219607420928/453112706673) | 84.9M/s | stage ETA 45:49 | overall ? ETA ? | best -
[b2=23 b1={21}] stage  48.5% (219777363968/453112706673) | 84.9M/s | stage ETA 45:48 | overall ? ETA ? | best -
[b2=23 b1={21}] stage  48.5% (219947749376/453112706673) | 85.0M/s | stage ETA 45:43 | overall ? ETA ? | best -
[b2=23 b1={21}] stage  48.6% (220118179840/453112706673) | 84.9M/s | stage ETA 45:43 | overall ? ETA ? | best -
[b2=23 b1={21}] stage  48.6% (220288983040/453112706673) | 84.9M/s | stage ETA 45:40 | overall ? ETA ? | best -
[b2=23 b1={21}] stage  48.7% (220459126784/453112706673) | 84.8M/s | stage ETA 45:42 | overall ? ETA ? | best -
[b2=23 b1={21}] stage  48.7% (220629549056/453112706673) | 84.9M/s | stage ETA 45:37 | overall ? ETA ? | best -
[b2=23 b1={21}] stage  48.7% (220800319488/453112706673) | 84.9M/s | stage ETA 45:37 | overall ? ETA ? | best -
[b2=23 b1={21}] stage  48.8% (220970082304/453112706673) | 84.8M/s | stage ETA 45:36 | overall ? ETA ? | best -
[b2=23 b1={21}] stage  48.8% (221140164608/453112706673) | 84.7M/s | stage ETA 45:37 | overall ? ETA ? | best -
[b2=23 b1={21}] stage  48.8% (221309210624/453112706673) | 84.4M/s | stage ETA 45:45 | overall ? ETA ? | best -
[b2=23 b1={21}] stage  48.9% (221479612416/453112706673) | 84.6M/s | stage ETA 45:38 | overall ? ETA ? | best -
[b2=23 b1={21}] stage  48.9% (221649743872/453112706673) | 84.6M/s | stage ETA 45:35 | overall ? ETA ? | best -
[b2=23 b1={21}] stage  49.0% (221819555840/453112706673) | 84.7M/s | stage ETA 45:32 | overall ? ETA ? | best -
[b2=23 b1={21}] stage  49.0% (221989949440/453112706673) | 84.9M/s | stage ETA 45:23 | overall ? ETA ? | best -
[b2=23 b1={21}] stage  49.0% (222161010688/453112706673) | 85.0M/s | stage ETA 45:18 | overall ? ETA ? | best -
[b2=23 b1={21}] stage  49.1% (222331260928/453112706673) | 84.8M/s | stage ETA 45:21 | overall ? ETA ? | best -
[b2=23 b1={21}] stage  49.1% (222501429248/453112706673) | 84.7M/s | stage ETA 45:21 | overall ? ETA ? | best -
[b2=23 b1={21}] stage  49.1% (222670331904/453112706673) | 84.4M/s | stage ETA 45:30 | overall ? ETA ? | best -
[b2=23 b1={21}] stage  49.2% (222839611392/453112706673) | 84.5M/s | stage ETA 45:26 | overall ? ETA ? | best -
[b2=23 b1={21}] stage  49.2% (223009755136/453112706673) | 84.6M/s | stage ETA 45:20 | overall ? ETA ? | best -
[b2=23 b1={21}] stage  49.3% (223180759040/453112706673) | 84.8M/s | stage ETA 45:11 | overall ? ETA ? | best -
[b2=23 b1={21}] stage  49.3% (223350390784/453112706673) | 84.7M/s | stage ETA 45:13 | overall ? ETA ? | best -
[b2=23 b1={21}] stage  49.3% (223521538048/453112706673) | 84.9M/s | stage ETA 45:05 | overall ? ETA ? | best -
[b2=23 b1={21}] stage  49.4% (223691493376/453112706673) | 84.7M/s | stage ETA 45:08 | overall ? ETA ? | best -
[b2=23 b1={21}] stage  49.4% (223861465088/453112706673) | 84.6M/s | stage ETA 45:09 | overall ? ETA ? | best -
[b2=23 b1={21}] stage  49.4% (224031993856/453112706673) | 84.7M/s | stage ETA 45:04 | overall ? ETA ? | best -
[b2=23 b1={21}] stage  49.5% (224201809920/453112706673) | 84.7M/s | stage ETA 45:03 | overall ? ETA ? | best -
[b2=23 b1={21}] stage  49.5% (224372285440/453112706673) | 84.7M/s | stage ETA 44:59 | overall ? ETA ? | best -
[b2=23 b1={21}] stage  49.6% (224542560256/453112706673) | 84.8M/s | stage ETA 44:55 | overall ? ETA ? | best -
[b2=23 b1={21}] stage  49.6% (224713220096/453112706673) | 84.9M/s | stage ETA 44:49 | overall ? ETA ? | best -
[b2=23 b1={21}] stage  49.6% (224882159616/453112706673) | 84.7M/s | stage ETA 44:54 | overall ? ETA ? | best -
[b2=23 b1={21}] stage  49.7% (225052729344/453112706673) | 84.9M/s | stage ETA 44:45 | overall ? ETA ? | best -
[b2=23 b1={21}] stage  49.7% (225222201344/453112706673) | 84.8M/s | stage ETA 44:48 | overall ? ETA ? | best -
[b2=23 b1={21}] stage  49.7% (225391153152/453112706673) | 84.4M/s | stage ETA 44:57 | overall ? ETA ? | best -
[b2=23 b1={21}] stage  49.8% (225560379392/453112706673) | 84.5M/s | stage ETA 44:54 | overall ? ETA ? | best -
[b2=23 b1={21}] stage  49.8% (225730789376/453112706673) | 84.6M/s | stage ETA 44:46 | overall ? ETA ? | best -
[b2=23 b1={21}] stage  49.9% (225900519424/453112706673) | 84.6M/s | stage ETA 44:46 | overall ? ETA ? | best -
[b2=23 b1={21}] stage  49.9% (226071330816/453112706673) | 84.8M/s | stage ETA 44:37 | overall ? ETA ? | best -
[b2=23 b1={21}] stage  49.9% (226241028096/453112706673) | 84.6M/s | stage ETA 44:41 | overall ? ETA ? | best -
[b2=23 b1={21}] stage  50.0% (226411433984/453112706673) | 84.7M/s | stage ETA 44:35 | overall ? ETA ? | best -
[b2=23 b1={21}] stage  50.0% (226581020672/453112706673) | 84.6M/s | stage ETA 44:36 | overall ? ETA ? | best -
[b2=23 b1={21}] stage  50.0% (226750590976/453112706673) | 84.5M/s | stage ETA 44:38 | overall ? ETA ? | best -
[b2=23 b1={21}] stage  50.1% (226920554496/453112706673) | 84.7M/s | stage ETA 44:30 | overall ? ETA ? | best -
[b2=23 b1={21}] stage  50.1% (227090141184/453112706673) | 84.6M/s | stage ETA 44:32 | overall ? ETA ? | best -
[b2=23 b1={21}] stage  50.2% (227259236352/453112706673) | 84.4M/s | stage ETA 44:37 | overall ? ETA ? | best -
[b2=23 b1={21}] stage  50.2% (227430178816/453112706673) | 84.6M/s | stage ETA 44:27 | overall ? ETA ? | best -
[b2=23 b1={21}] stage  50.2% (227599523840/453112706673) | 84.6M/s | stage ETA 44:26 | overall ? ETA ? | best -
[b2=23 b1={21}] stage  50.3% (227769511936/453112706673) | 84.6M/s | stage ETA 44:22 | overall ? ETA ? | best -
[b2=23 b1={21}] stage  50.3% (227939422208/453112706673) | 84.7M/s | stage ETA 44:18 | overall ? ETA ? | best -
[b2=23 b1={21}] stage  50.3% (228109893632/453112706673) | 84.8M/s | stage ETA 44:14 | overall ? ETA ? | best -
[b2=23 b1={21}] stage  50.4% (228280111104/453112706673) | 84.7M/s | stage ETA 44:14 | overall ? ETA ? | best -
[b2=23 b1={21}] stage  50.4% (228450197504/453112706673) | 84.6M/s | stage ETA 44:15 | overall ? ETA ? | best -
[b2=23 b1={21}] stage  50.5% (228619943936/453112706673) | 84.6M/s | stage ETA 44:12 | overall ? ETA ? | best -
[b2=23 b1={21}] stage  50.5% (228790022144/453112706673) | 84.7M/s | stage ETA 44:07 | overall ? ETA ? | best -
[b2=23 b1={21}] stage  50.5% (228959444992/453112706673) | 84.4M/s | stage ETA 44:14 | overall ? ETA ? | best -
[b2=23 b1={21}] stage  50.6% (229130039296/453112706673) | 84.7M/s | stage ETA 44:04 | overall ? ETA ? | best -
[b2=23 b1={21}] stage  50.6% (229299949568/453112706673) | 84.7M/s | stage ETA 44:01 | overall ? ETA ? | best -
[b2=23 b1={21}] stage  50.6% (229469581312/453112706673) | 84.6M/s | stage ETA 44:02 | overall ? ETA ? | best -
[b2=23 b1={21}] stage  50.7% (229639696384/453112706673) | 84.7M/s | stage ETA 43:58 | overall ? ETA ? | best -
[b2=23 b1={21}] stage  50.7% (229810114560/453112706673) | 84.8M/s | stage ETA 43:54 | overall ? ETA ? | best -
[b2=23 b1={21}] stage  50.8% (229980434432/453112706673) | 84.9M/s | stage ETA 43:49 | overall ? ETA ? | best -
[b2=23 b1={21}] stage  50.8% (230150184960/453112706673) | 84.7M/s | stage ETA 43:52 | overall ? ETA ? | best -
[b2=23 b1={21}] stage  50.8% (230321045504/453112706673) | 84.7M/s | stage ETA 43:49 | overall ? ETA ? | best -
[b2=23 b1={21}] stage  50.9% (230490439680/453112706673) | 84.6M/s | stage ETA 43:50 | overall ? ETA ? | best -
[b2=23 b1={21}] stage  50.9% (230660493312/453112706673) | 84.7M/s | stage ETA 43:46 | overall ? ETA ? | best -
[b2=23 b1={21}] stage  50.9% (230823165952/453112706673) | 83.0M/s | stage ETA 44:38 | overall ? ETA ? | best -
[b2=23 b1={21}] stage  51.0% (230970462208/453112706673) | 78.0M/s | stage ETA 47:26 | overall ? ETA ? | best -
[b2=23 b1={21}] stage  51.0% (231122178048/453112706673) | 76.8M/s | stage ETA 48:10 | overall ? ETA ? | best -
[b2=23 b1={21}] stage  51.0% (231291297792/453112706673) | 80.5M/s | stage ETA 45:54 | overall ? ETA ? | best -
[b2=23 b1={21}] stage  51.1% (231458447360/453112706673) | 81.9M/s | stage ETA 45:07 | overall ? ETA ? | best -
[b2=23 b1={21}] stage  51.1% (231627304960/453112706673) | 82.9M/s | stage ETA 44:30 | overall ? ETA ? | best -
[b2=23 b1={21}] stage  51.2% (231797264384/453112706673) | 83.9M/s | stage ETA 43:57 | overall ? ETA ? | best -
[b2=23 b1={21}] stage  51.2% (231968534528/453112706673) | 84.5M/s | stage ETA 43:38 | overall ? ETA ? | best -
[b2=23 b1={21}] stage  51.2% (232140013568/453112706673) | 84.9M/s | stage ETA 43:21 | overall ? ETA ? | best -
[b2=23 b1={21}] stage  51.3% (232311472128/453112706673) | 85.3M/s | stage ETA 43:09 | overall ? ETA ? | best -
[b2=23 b1={21}] stage  51.3% (232482168832/453112706673) | 85.1M/s | stage ETA 43:12 | overall ? ETA ? | best -
[b2=23 b1={21}] stage  51.3% (232653070336/453112706673) | 85.1M/s | stage ETA 43:11 | overall ? ETA ? | best -
[b2=23 b1={21}] stage  51.4% (232819765248/453112706673) | 83.9M/s | stage ETA 43:44 | overall ? ETA ? | best -
[b2=23 b1={21}] stage  51.4% (232991006720/453112706673) | 84.5M/s | stage ETA 43:25 | overall ? ETA ? | best -
[b2=23 b1={21}] stage  51.5% (233162760192/453112706673) | 84.9M/s | stage ETA 43:09 | overall ? ETA ? | best -
[b2=23 b1={21}] stage  51.5% (233333862400/453112706673) | 85.1M/s | stage ETA 43:01 | overall ? ETA ? | best -
[b2=23 b1={21}] stage  51.5% (233504337920/453112706673) | 84.9M/s | stage ETA 43:05 | overall ? ETA ? | best -
[b2=23 b1={21}] stage  51.6% (233675862016/453112706673) | 85.2M/s | stage ETA 42:55 | overall ? ETA ? | best -
[b2=23 b1={21}] stage  51.6% (233847885824/453112706673) | 85.4M/s | stage ETA 42:48 | overall ? ETA ? | best -
[b2=23 b1={21}] stage  51.6% (234019299328/453112706673) | 85.4M/s | stage ETA 42:45 | overall ? ETA ? | best -
[b2=23 b1={21}] stage  51.7% (234190970880/453112706673) | 85.4M/s | stage ETA 42:42 | overall ? ETA ? | best -
[b2=23 b1={21}] stage  51.7% (234362920960/453112706673) | 85.6M/s | stage ETA 42:35 | overall ? ETA ? | best -
[b2=23 b1={21}] stage  51.8% (234534178816/453112706673) | 85.6M/s | stage ETA 42:33 | overall ? ETA ? | best -
[b2=23 b1={21}] stage  51.8% (234705571840/453112706673) | 85.5M/s | stage ETA 42:34 | overall ? ETA ? | best -
[b2=23 b1={21}] stage  51.8% (234876547072/453112706673) | 85.4M/s | stage ETA 42:35 | overall ? ETA ? | best -
[b2=23 b1={21}] stage  51.9% (235046854656/453112706673) | 85.1M/s | stage ETA 42:41 | overall ? ETA ? | best -
[b2=23 b1={21}] stage  51.9% (235217625088/453112706673) | 85.1M/s | stage ETA 42:39 | overall ? ETA ? | best -
[b2=23 b1={21}] stage  51.9% (235388858368/453112706673) | 85.3M/s | stage ETA 42:31 | overall ? ETA ? | best -
[b2=23 b1={21}] stage  52.0% (235560308736/453112706673) | 85.3M/s | stage ETA 42:28 | overall ? ETA ? | best -
[b2=23 b1={21}] stage  52.0% (235732770816/453112706673) | 85.5M/s | stage ETA 42:21 | overall ? ETA ? | best -
[b2=23 b1={21}] stage  52.1% (235903537152/453112706673) | 85.3M/s | stage ETA 42:26 | overall ? ETA ? | best -
[b2=23 b1={21}] stage  52.1% (236074041344/453112706673) | 85.1M/s | stage ETA 42:30 | overall ? ETA ? | best -
[b2=23 b1={21}] stage  52.1% (236241494016/453112706673) | 84.2M/s | stage ETA 42:55 | overall ? ETA ? | best -
[b2=23 b1={21}] stage  52.2% (236410753024/453112706673) | 84.3M/s | stage ETA 42:51 | overall ? ETA ? | best -
[b2=23 b1={21}] stage  52.2% (236580089856/453112706673) | 84.3M/s | stage ETA 42:49 | overall ? ETA ? | best -
[b2=23 b1={21}] stage  52.2% (236750270464/453112706673) | 84.5M/s | stage ETA 42:41 | overall ? ETA ? | best -
[b2=23 b1={21}] stage  52.3% (236920537088/453112706673) | 84.6M/s | stage ETA 42:34 | overall ? ETA ? | best -
[b2=23 b1={21}] stage  52.3% (237090107392/453112706673) | 84.5M/s | stage ETA 42:36 | overall ? ETA ? | best -
[b2=23 b1={21}] stage  52.4% (237260320768/453112706673) | 84.7M/s | stage ETA 42:28 | overall ? ETA ? | best -
[b2=23 b1={21}] stage  52.4% (237431795712/453112706673) | 85.0M/s | stage ETA 42:17 | overall ? ETA ? | best -
[b2=23 b1={21}] stage  52.4% (237603237888/453112706673) | 85.2M/s | stage ETA 42:09 | overall ? ETA ? | best -
[b2=23 b1={21}] stage  52.5% (237773987840/453112706673) | 85.0M/s | stage ETA 42:12 | overall ? ETA ? | best -
[b2=23 b1={21}] stage  52.5% (237944270848/453112706673) | 85.0M/s | stage ETA 42:11 | overall ? ETA ? | best -
[b2=23 b1={21}] stage  52.6% (238115332096/453112706673) | 85.2M/s | stage ETA 42:04 | overall ? ETA ? | best -
[b2=23 b1={21}] stage  52.6% (238285983744/453112706673) | 85.1M/s | stage ETA 42:05 | overall ? ETA ? | best -
[b2=23 b1={21}] stage  52.6% (238494093312/453112706673) | 94.4M/s | stage ETA 37:54 | overall ? ETA ? | best -
[b2=23 b1={21}] stage  52.7% (238849224704/453112706673) | 135.9M/s | stage ETA 26:16 | overall ? ETA ? | best -
[b2=23 b1={21}] stage  52.8% (239206039552/453112706673) | 157.1M/s | stage ETA 22:41 | overall ? ETA ? | best -
[b2=23 b1={21}] stage  52.9% (239563001856/453112706673) | 167.7M/s | stage ETA 21:13 | overall ? ETA ? | best -
[b2=23 b1={21}] stage  52.9% (239919386624/453112706673) | 172.7M/s | stage ETA 20:34 | overall ? ETA ? | best -
[b2=23 b1={21}] stage  53.0% (240272257024/453112706673) | 174.4M/s | stage ETA 20:20 | overall ? ETA ? | best -
[b2=23 b1={21}] stage  53.1% (240625201152/453112706673) | 175.4M/s | stage ETA 20:11 | overall ? ETA ? | best -
[b2=23 b1={21}] stage  53.2% (240981803008/453112706673) | 176.5M/s | stage ETA 20:01 | overall ? ETA ? | best -
[b2=23 b1={21}] stage  53.3% (241337569280/453112706673) | 176.8M/s | stage ETA 19:58 | overall ? ETA ? | best -
[b2=23 b1={21}] stage  53.3% (241692917760/453112706673) | 177.2M/s | stage ETA 19:53 | overall ? ETA ? | best -
[b2=23 b1={21}] stage  53.4% (242049503232/453112706673) | 177.4M/s | stage ETA 19:49 | overall ? ETA ? | best -
[b2=23 b1={21}] stage  53.5% (242403774464/453112706673) | 177.0M/s | stage ETA 19:50 | overall ? ETA ? | best -
[b2=23 b1={21}] stage  53.6% (242761752576/453112706673) | 177.5M/s | stage ETA 19:44 | overall ? ETA ? | best -
[b2=23 b1={21}] stage  53.7% (243118276608/453112706673) | 177.5M/s | stage ETA 19:43 | overall ? ETA ? | best -
[b2=23 b1={21}] stage  53.7% (243475038208/453112706673) | 177.6M/s | stage ETA 19:40 | overall ? ETA ? | best -
[b2=23 b1={21}] stage  53.8% (243830689792/453112706673) | 177.4M/s | stage ETA 19:39 | overall ? ETA ? | best -
[b2=23 b1={21}] stage  53.9% (244186062848/453112706673) | 177.2M/s | stage ETA 19:38 | overall ? ETA ? | best -
[b2=23 b1={21}] stage  54.0% (244535963648/453112706673) | 176.0M/s | stage ETA 19:44 | overall ? ETA ? | best -
[b2=23 b1={21}] stage  54.0% (244893057024/453112706673) | 176.8M/s | stage ETA 19:37 | overall ? ETA ? | best -
[b2=23 b1={21}] stage  54.1% (245248552960/453112706673) | 177.0M/s | stage ETA 19:34 | overall ? ETA ? | best -
[b2=23 b1={21}] stage  54.2% (245604032512/453112706673) | 177.3M/s | stage ETA 19:30 | overall ? ETA ? | best -
[b2=23 b1={21}] stage  54.3% (245961793536/453112706673) | 177.6M/s | stage ETA 19:26 | overall ? ETA ? | best -
[b2=23 b1={21}] stage  54.4% (246318665728/453112706673) | 177.5M/s | stage ETA 19:25 | overall ? ETA ? | best -
[b2=23 b1={21}] stage  54.4% (246674280448/453112706673) | 177.3M/s | stage ETA 19:24 | overall ? ETA ? | best -
[b2=23 b1={21}] stage  54.5% (247032438784/453112706673) | 177.7M/s | stage ETA 19:19 | overall ? ETA ? | best -
[b2=23 b1={21}] stage  54.6% (247389392896/453112706673) | 177.7M/s | stage ETA 19:17 | overall ? ETA ? | best -
[b2=23 b1={21}] stage  54.7% (247746277376/453112706673) | 177.8M/s | stage ETA 19:14 | overall ? ETA ? | best -
[b2=23 b1={21}] stage  54.8% (248103608320/453112706673) | 177.8M/s | stage ETA 19:13 | overall ? ETA ? | best -
[b2=23 b1={21}] stage  54.8% (248460328960/453112706673) | 177.6M/s | stage ETA 19:12 | overall ? ETA ? | best -
[b2=23 b1={21}] stage  54.9% (248816488448/453112706673) | 177.3M/s | stage ETA 19:12 | overall ? ETA ? | best -
[b2=23 b1={21}] stage  55.0% (249174106112/453112706673) | 177.6M/s | stage ETA 19:08 | overall ? ETA ? | best -
[b2=23 b1={21}] stage  55.1% (249528717312/453112706673) | 177.2M/s | stage ETA 19:08 | overall ? ETA ? | best -
[b2=23 b1={21}] stage  55.1% (249884295168/453112706673) | 177.1M/s | stage ETA 19:07 | overall ? ETA ? | best -
[b2=23 b1={21}] stage  55.2% (250240241664/453112706673) | 177.5M/s | stage ETA 19:02 | overall ? ETA ? | best -
[b2=23 b1={21}] stage  55.3% (250596810752/453112706673) | 177.5M/s | stage ETA 19:00 | overall ? ETA ? | best -
[b2=23 b1={21}] stage  55.4% (250951651328/453112706673) | 177.2M/s | stage ETA 19:00 | overall ? ETA ? | best -
[b2=23 b1={21}] stage  55.5% (251306266624/453112706673) | 177.2M/s | stage ETA 18:58 | overall ? ETA ? | best -
[b2=23 b1={21}] stage  55.5% (251661737984/453112706673) | 177.3M/s | stage ETA 18:56 | overall ? ETA ? | best -
[b2=23 b1={21}] stage  55.6% (252017070080/453112706673) | 177.1M/s | stage ETA 18:55 | overall ? ETA ? | best -
[b2=23 b1={21}] stage  55.7% (252373475328/453112706673) | 177.2M/s | stage ETA 18:52 | overall ? ETA ? | best -
[b2=23 b1={21}] stage  55.8% (252729102336/453112706673) | 177.0M/s | stage ETA 18:52 | overall ? ETA ? | best -
[b2=23 b1={21}] stage  55.9% (253084594176/453112706673) | 177.0M/s | stage ETA 18:50 | overall ? ETA ? | best -
[b2=23 b1={21}] stage  55.9% (253441806336/453112706673) | 177.4M/s | stage ETA 18:45 | overall ? ETA ? | best -
[b2=23 b1={21}] stage  56.0% (253796151296/453112706673) | 176.9M/s | stage ETA 18:46 | overall ? ETA ? | best -
[b2=23 b1={21}] stage  56.1% (254153441280/453112706673) | 177.4M/s | stage ETA 18:41 | overall ? ETA ? | best -
[b2=23 b1={21}] stage  56.2% (254510534656/453112706673) | 177.5M/s | stage ETA 18:38 | overall ? ETA ? | best -
[b2=23 b1={21}] stage  56.2% (254865182720/453112706673) | 177.3M/s | stage ETA 18:38 | overall ? ETA ? | best -
[b2=23 b1={21}] stage  56.3% (255221772288/453112706673) | 177.3M/s | stage ETA 18:36 | overall ? ETA ? | best -
[b2=23 b1={21}] stage  56.4% (255578726400/453112706673) | 177.5M/s | stage ETA 18:33 | overall ? ETA ? | best -
[b2=23 b1={21}] stage  56.5% (255933837312/453112706673) | 177.4M/s | stage ETA 18:31 | overall ? ETA ? | best -
[b2=23 b1={21}] stage  56.6% (256288481280/453112706673) | 177.0M/s | stage ETA 18:32 | overall ? ETA ? | best -
[b2=23 b1={21}] stage  56.6% (256644718592/453112706673) | 177.2M/s | stage ETA 18:28 | overall ? ETA ? | best -
[b2=23 b1={21}] stage  56.7% (257000468480/453112706673) | 177.5M/s | stage ETA 18:25 | overall ? ETA ? | best -
[b2=23 b1={21}] stage  56.8% (257358921728/453112706673) | 177.8M/s | stage ETA 18:21 | overall ? ETA ? | best -
[b2=23 b1={21}] stage  56.9% (257714327552/453112706673) | 177.5M/s | stage ETA 18:21 | overall ? ETA ? | best -
[b2=23 b1={21}] stage  57.0% (258071314432/453112706673) | 177.8M/s | stage ETA 18:16 | overall ? ETA ? | best -
[b2=23 b1={21}] stage  57.0% (258425880576/453112706673) | 177.1M/s | stage ETA 18:19 | overall ? ETA ? | best -
[b2=23 b1={21}] stage  57.1% (258783219712/453112706673) | 177.6M/s | stage ETA 18:14 | overall ? ETA ? | best -
[b2=23 b1={21}] stage  57.2% (259139571712/453112706673) | 177.7M/s | stage ETA 18:11 | overall ? ETA ? | best -
[b2=23 b1={21}] stage  57.3% (259494416384/453112706673) | 177.3M/s | stage ETA 18:12 | overall ? ETA ? | best -
[b2=23 b1={21}] stage  57.3% (259849404416/453112706673) | 177.3M/s | stage ETA 18:09 | overall ? ETA ? | best -
[b2=23 b1={21}] stage  57.4% (260203663360/453112706673) | 177.1M/s | stage ETA 18:08 | overall ? ETA ? | best -
[b2=23 b1={21}] stage  57.5% (260560027648/453112706673) | 177.3M/s | stage ETA 18:05 | overall ? ETA ? | best -
[b2=23 b1={21}] stage  57.6% (260913938432/453112706673) | 177.0M/s | stage ETA 18:05 | overall ? ETA ? | best -
[b2=23 b1={21}] stage  57.7% (261272215552/453112706673) | 177.6M/s | stage ETA 17:59 | overall ? ETA ? | best -
[b2=23 b1={21}] stage  57.7% (261628829696/453112706673) | 178.0M/s | stage ETA 17:55 | overall ? ETA ? | best -
[b2=23 b1={21}] stage  57.8% (261985972224/453112706673) | 177.9M/s | stage ETA 17:54 | overall ? ETA ? | best -
[b2=23 b1={21}] stage  57.9% (262345297920/453112706673) | 178.5M/s | stage ETA 17:48 | overall ? ETA ? | best -
[b2=23 b1={21}] stage  58.0% (262703329280/453112706673) | 178.5M/s | stage ETA 17:46 | overall ? ETA ? | best -
[b2=23 b1={21}] stage  58.1% (263062413312/453112706673) | 178.4M/s | stage ETA 17:45 | overall ? ETA ? | best -
[b2=23 b1={21}] stage  58.1% (263420297216/453112706673) | 178.0M/s | stage ETA 17:45 | overall ? ETA ? | best -
[b2=23 b1={21}] stage  58.2% (263777075200/453112706673) | 178.0M/s | stage ETA 17:43 | overall ? ETA ? | best -
[b2=23 b1={21}] stage  58.3% (264133328896/453112706673) | 178.1M/s | stage ETA 17:41 | overall ? ETA ? | best -
[b2=23 b1={21}] stage  58.4% (264490307584/453112706673) | 177.9M/s | stage ETA 17:40 | overall ? ETA ? | best -
[b2=23 b1={21}] stage  58.5% (264845881344/453112706673) | 177.6M/s | stage ETA 17:39 | overall ? ETA ? | best -
[b2=23 b1={21}] stage  58.5% (265203822592/453112706673) | 177.8M/s | stage ETA 17:36 | overall ? ETA ? | best -
[b2=23 b1={21}] stage  58.6% (265558413312/453112706673) | 177.3M/s | stage ETA 17:37 | overall ? ETA ? | best -
[b2=23 b1={21}] stage  58.7% (265914298368/453112706673) | 177.4M/s | stage ETA 17:35 | overall ? ETA ? | best -
[b2=23 b1={21}] stage  58.8% (266270736384/453112706673) | 177.5M/s | stage ETA 17:32 | overall ? ETA ? | best -
[b2=23 b1={21}] stage  58.8% (266628935680/453112706673) | 177.8M/s | stage ETA 17:28 | overall ? ETA ? | best -
[b2=23 b1={21}] stage  58.9% (266986065920/453112706673) | 177.8M/s | stage ETA 17:26 | overall ? ETA ? | best -
[b2=23 b1={21}] stage  59.0% (267342737408/453112706673) | 177.8M/s | stage ETA 17:24 | overall ? ETA ? | best -
[b2=23 b1={21}] stage  59.1% (267699843072/453112706673) | 177.8M/s | stage ETA 17:22 | overall ? ETA ? | best -
[b2=23 b1={21}] stage  59.2% (268058271744/453112706673) | 178.0M/s | stage ETA 17:19 | overall ? ETA ? | best -
[b2=23 b1={21}] stage  59.2% (268413108224/453112706673) | 177.4M/s | stage ETA 17:21 | overall ? ETA ? | best -
[b2=23 b1={21}] stage  59.3% (268770709504/453112706673) | 177.8M/s | stage ETA 17:16 | overall ? ETA ? | best -
[b2=23 b1={21}] stage  59.4% (269127544832/453112706673) | 177.9M/s | stage ETA 17:14 | overall ? ETA ? | best -
[b2=23 b1={21}] stage  59.5% (269485658112/453112706673) | 177.9M/s | stage ETA 17:12 | overall ? ETA ? | best -
[b2=23 b1={21}] stage  59.6% (269841948672/453112706673) | 177.7M/s | stage ETA 17:11 | overall ? ETA ? | best -
[b2=23 b1={21}] stage  59.6% (270198820864/453112706673) | 177.6M/s | stage ETA 17:09 | overall ? ETA ? | best -
[b2=23 b1={21}] stage  59.7% (270555492352/453112706673) | 177.6M/s | stage ETA 17:08 | overall ? ETA ? | best -
[b2=23 b1={21}] stage  59.8% (270911508480/453112706673) | 177.4M/s | stage ETA 17:06 | overall ? ETA ? | best -
[b2=23 b1={21}] stage  59.9% (271267422208/453112706673) | 177.6M/s | stage ETA 17:04 | overall ? ETA ? | best -
[b2=23 b1={21}] stage  59.9% (271622062080/453112706673) | 177.2M/s | stage ETA 17:04 | overall ? ETA ? | best -
[b2=23 b1={21}] stage  60.0% (271979397120/453112706673) | 177.7M/s | stage ETA 16:59 | overall ? ETA ? | best -
[b2=23 b1={21}] stage  60.1% (272337559552/453112706673) | 178.0M/s | stage ETA 16:55 | overall ? ETA ? | best -
[b2=23 b1={21}] stage  60.2% (272692592640/453112706673) | 177.7M/s | stage ETA 16:55 | overall ? ETA ? | best -
[b2=23 b1={21}] stage  60.3% (273050157056/453112706673) | 177.8M/s | stage ETA 16:52 | overall ? ETA ? | best -
[b2=23 b1={21}] stage  60.3% (273407369216/453112706673) | 177.8M/s | stage ETA 16:50 | overall ? ETA ? | best -
[b2=23 b1={21}] stage  60.4% (273766756352/453112706673) | 178.3M/s | stage ETA 16:46 | overall ? ETA ? | best -
[b2=23 b1={21}] stage  60.5% (274121822208/453112706673) | 177.6M/s | stage ETA 16:47 | overall ? ETA ? | best -
[b2=23 b1={21}] stage  60.6% (274479394816/453112706673) | 178.0M/s | stage ETA 16:43 | overall ? ETA ? | best -
[b2=23 b1={21}] stage  60.7% (274837041152/453112706673) | 178.1M/s | stage ETA 16:41 | overall ? ETA ? | best -
[b2=23 b1={21}] stage  60.7% (275194568704/453112706673) | 178.3M/s | stage ETA 16:38 | overall ? ETA ? | best -
[b2=23 b1={21}] stage  60.8% (275553554432/453112706673) | 178.4M/s | stage ETA 16:35 | overall ? ETA ? | best -
[b2=23 b1={21}] stage  60.9% (275910651904/453112706673) | 178.1M/s | stage ETA 16:35 | overall ? ETA ? | best -
[b2=23 b1={21}] stage  61.0% (276268077056/453112706673) | 178.2M/s | stage ETA 16:32 | overall ? ETA ? | best -
[b2=23 b1={21}] stage  61.1% (276626731008/453112706673) | 178.2M/s | stage ETA 16:30 | overall ? ETA ? | best -
[b2=23 b1={21}] stage  61.1% (276984283136/453112706673) | 178.1M/s | stage ETA 16:29 | overall ? ETA ? | best -
[b2=23 b1={21}] stage  61.2% (277341622272/453112706673) | 178.0M/s | stage ETA 16:27 | overall ? ETA ? | best -
[b2=23 b1={21}] stage  61.3% (277697994752/453112706673) | 178.0M/s | stage ETA 16:25 | overall ? ETA ? | best -
[b2=23 b1={21}] stage  61.4% (278054109184/453112706673) | 177.7M/s | stage ETA 16:25 | overall ? ETA ? | best -
[b2=23 b1={21}] stage  61.4% (278410997760/453112706673) | 177.9M/s | stage ETA 16:21 | overall ? ETA ? | best -
[b2=23 b1={21}] stage  61.5% (278767636480/453112706673) | 177.7M/s | stage ETA 16:21 | overall ? ETA ? | best -
[b2=23 b1={21}] stage  61.6% (279123951616/453112706673) | 177.6M/s | stage ETA 16:19 | overall ? ETA ? | best -
[b2=23 b1={21}] stage  61.7% (279482859520/453112706673) | 178.1M/s | stage ETA 16:15 | overall ? ETA ? | best -
[b2=23 b1={21}] stage  61.8% (279839182848/453112706673) | 178.0M/s | stage ETA 16:13 | overall ? ETA ? | best -
[b2=23 b1={21}] stage  61.8% (280195063808/453112706673) | 177.9M/s | stage ETA 16:11 | overall ? ETA ? | best -
[b2=23 b1={21}] stage  61.9% (280553156608/453112706673) | 177.9M/s | stage ETA 16:10 | overall ? ETA ? | best -
[b2=23 b1={21}] stage  62.0% (280911785984/453112706673) | 178.3M/s | stage ETA 16:05 | overall ? ETA ? | best -
[b2=23 b1={21}] stage  62.1% (281268195328/453112706673) | 177.9M/s | stage ETA 16:06 | overall ? ETA ? | best -
[b2=23 b1={21}] stage  62.2% (281624080384/453112706673) | 177.9M/s | stage ETA 16:04 | overall ? ETA ? | best -
[b2=23 b1={21}] stage  62.2% (281981198336/453112706673) | 177.8M/s | stage ETA 16:02 | overall ? ETA ? | best -
[b2=23 b1={21}] stage  62.3% (282339528704/453112706673) | 177.9M/s | stage ETA 15:59 | overall ? ETA ? | best -
[b2=23 b1={21}] stage  62.4% (282696835072/453112706673) | 178.0M/s | stage ETA 15:57 | overall ? ETA ? | best -
[b2=23 b1={21}] stage  62.5% (283054374912/453112706673) | 177.6M/s | stage ETA 15:57 | overall ? ETA ? | best -
[b2=23 b1={21}] stage  62.5% (283409715200/453112706673) | 177.6M/s | stage ETA 15:55 | overall ? ETA ? | best -
[b2=23 b1={21}] stage  62.6% (283767427072/453112706673) | 177.9M/s | stage ETA 15:51 | overall ? ETA ? | best -
[b2=23 b1={21}] stage  62.7% (284124336128/453112706673) | 178.1M/s | stage ETA 15:48 | overall ? ETA ? | best -
[b2=23 b1={21}] stage  62.8% (284481122304/453112706673) | 177.9M/s | stage ETA 15:48 | overall ? ETA ? | best -
[b2=23 b1={21}] stage  62.9% (284837224448/453112706673) | 177.9M/s | stage ETA 15:45 | overall ? ETA ? | best -
[b2=23 b1={21}] stage  62.9% (285195366400/453112706673) | 178.2M/s | stage ETA 15:42 | overall ? ETA ? | best -
[b2=23 b1={21}] stage  63.0% (285552476160/453112706673) | 178.1M/s | stage ETA 15:40 | overall ? ETA ? | best -
[b2=23 b1={21}] stage  63.1% (285911556096/453112706673) | 178.1M/s | stage ETA 15:38 | overall ? ETA ? | best -
[b2=23 b1={21}] stage  63.2% (286266294272/453112706673) | 177.7M/s | stage ETA 15:38 | overall ? ETA ? | best -
[b2=23 b1={21}] stage  63.3% (286622982144/453112706673) | 177.8M/s | stage ETA 15:36 | overall ? ETA ? | best -
[b2=23 b1={21}] stage  63.3% (286977687552/453112706673) | 177.4M/s | stage ETA 15:36 | overall ? ETA ? | best -
[b2=23 b1={21}] stage  63.4% (287334957056/453112706673) | 177.5M/s | stage ETA 15:33 | overall ? ETA ? | best -
[b2=23 b1={21}] stage  63.5% (287691272192/453112706673) | 177.5M/s | stage ETA 15:31 | overall ? ETA ? | best -
[b2=23 b1={21}] stage  63.6% (288048459776/453112706673) | 177.8M/s | stage ETA 15:28 | overall ? ETA ? | best -
[b2=23 b1={21}] stage  63.6% (288406081536/453112706673) | 178.2M/s | stage ETA 15:24 | overall ? ETA ? | best -
[b2=23 b1={21}] stage  63.7% (288762605568/453112706673) | 177.5M/s | stage ETA 15:26 | overall ? ETA ? | best -
[b2=23 b1={21}] stage  63.8% (289109270528/453112706673) | 175.2M/s | stage ETA 15:36 | overall ? ETA ? | best -
[b2=23 b1={21}] stage  63.9% (289467199488/453112706673) | 176.8M/s | stage ETA 15:25 | overall ? ETA ? | best -
[b2=23 b1={21}] stage  64.0% (289822748672/453112706673) | 177.2M/s | stage ETA 15:21 | overall ? ETA ? | best -
[b2=23 b1={21}] stage  64.0% (290179907584/453112706673) | 177.6M/s | stage ETA 15:17 | overall ? ETA ? | best -
[b2=23 b1={21}] stage  64.1% (290535165952/453112706673) | 177.4M/s | stage ETA 15:16 | overall ? ETA ? | best -
[b2=23 b1={21}] stage  64.2% (290892341248/453112706673) | 177.7M/s | stage ETA 15:13 | overall ? ETA ? | best -
[b2=23 b1={21}] stage  64.3% (291250061312/453112706673) | 177.9M/s | stage ETA 15:10 | overall ? ETA ? | best -
[b2=23 b1={21}] stage  64.4% (291607044096/453112706673) | 177.7M/s | stage ETA 15:08 | overall ? ETA ? | best -
[b2=23 b1={21}] stage  64.4% (291920523264/453112706673) | 167.0M/s | stage ETA 16:05 | overall ? ETA ? | best -
[b2=23 b1={21}] stage  64.5% (292216573952/453112706673) | 157.3M/s | stage ETA 17:02 | overall ? ETA ? | best -
[b2=23 b1={21}] stage  64.6% (292553555968/453112706673) | 162.6M/s | stage ETA 16:27 | overall ? ETA ? | best -
[b2=23 b1={21}] stage  64.6% (292904714240/453112706673) | 168.8M/s | stage ETA 15:48 | overall ? ETA ? | best -
[b2=23 b1={21}] stage  64.7% (293254594560/453112706673) | 171.7M/s | stage ETA 15:31 | overall ? ETA ? | best -
[b2=23 b1={21}] stage  64.8% (293587345408/453112706673) | 169.0M/s | stage ETA 15:44 | overall ? ETA ? | best -
[b2=23 b1={21}] stage  64.9% (293866651648/453112706673) | 154.1M/s | stage ETA 17:13 | overall ? ETA ? | best -
[b2=23 b1={21}] stage  64.9% (294181629952/453112706673) | 155.8M/s | stage ETA 17:00 | overall ? ETA ? | best -
[b2=23 b1={21}] stage  65.0% (294513094656/453112706673) | 160.6M/s | stage ETA 16:27 | overall ? ETA ? | best -
[b2=23 b1={21}] stage  65.1% (294784880640/453112706673) | 148.0M/s | stage ETA 17:49 | overall ? ETA ? | best -
[b2=23 b1={21}] stage  65.1% (295131131904/453112706673) | 160.3M/s | stage ETA 16:25 | overall ? ETA ? | best -
[b2=23 b1={21}] stage  65.2% (295485800448/453112706673) | 168.3M/s | stage ETA 15:36 | overall ? ETA ? | best -
[b2=23 b1={21}] stage  65.3% (295839870976/453112706673) | 172.5M/s | stage ETA 15:11 | overall ? ETA ? | best -
[b2=23 b1={21}] stage  65.4% (296191401984/453112706673) | 173.9M/s | stage ETA 15:02 | overall ? ETA ? | best -
[b2=23 b1={21}] stage  65.4% (296535810048/453112706673) | 172.9M/s | stage ETA 15:05 | overall ? ETA ? | best -
[b2=23 b1={21}] stage  65.5% (296881979392/453112706673) | 172.7M/s | stage ETA 15:04 | overall ? ETA ? | best -
[b2=23 b1={21}] stage  65.6% (297216684032/453112706673) | 170.0M/s | stage ETA 15:17 | overall ? ETA ? | best -
[b2=23 b1={21}] stage  65.7% (297564045312/453112706673) | 171.6M/s | stage ETA 15:06 | overall ? ETA ? | best -
[b2=23 b1={21}] stage  65.7% (297910423552/453112706673) | 172.2M/s | stage ETA 15:01 | overall ? ETA ? | best -
[b2=23 b1={21}] stage  65.8% (298256293888/453112706673) | 172.5M/s | stage ETA 14:57 | overall ? ETA ? | best -
[b2=23 b1={21}] stage  65.9% (298570838016/453112706673) | 164.7M/s | stage ETA 15:38 | overall ? ETA ? | best -
[b2=23 b1={21}] stage  66.0% (298923872256/453112706673) | 170.5M/s | stage ETA 15:04 | overall ? ETA ? | best -
[b2=23 b1={21}] stage  66.0% (299278512128/453112706673) | 173.5M/s | stage ETA 14:46 | overall ? ETA ? | best -
[b2=23 b1={21}] stage  66.1% (299627479040/453112706673) | 173.8M/s | stage ETA 14:42 | overall ? ETA ? | best -
[b2=23 b1={21}] stage  66.2% (299976941568/453112706673) | 174.1M/s | stage ETA 14:39 | overall ? ETA ? | best -
[b2=23 b1={21}] stage  66.3% (300319850496/453112706673) | 172.6M/s | stage ETA 14:45 | overall ? ETA ? | best -
[b2=23 b1={21}] stage  66.4% (300671782912/453112706673) | 173.8M/s | stage ETA 14:36 | overall ? ETA ? | best -
[b2=23 b1={21}] stage  66.4% (301023629312/453112706673) | 174.6M/s | stage ETA 14:30 | overall ? ETA ? | best -
[b2=23 b1={21}] stage  66.5% (301374857216/453112706673) | 174.8M/s | stage ETA 14:28 | overall ? ETA ? | best -
[b2=23 b1={21}] stage  66.6% (301725745152/453112706673) | 174.9M/s | stage ETA 14:25 | overall ? ETA ? | best -
[b2=23 b1={21}] stage  66.7% (302077378560/453112706673) | 175.0M/s | stage ETA 14:22 | overall ? ETA ? | best -
[b2=23 b1={21}] stage  66.7% (302418448384/453112706673) | 172.6M/s | stage ETA 14:33 | overall ? ETA ? | best -
[b2=23 b1={21}] stage  66.8% (302756364288/453112706673) | 170.7M/s | stage ETA 14:40 | overall ? ETA ? | best -
[b2=23 b1={21}] stage  66.9% (303095066624/453112706673) | 169.8M/s | stage ETA 14:43 | overall ? ETA ? | best -
[b2=23 b1={21}] stage  67.0% (303446568960/453112706673) | 172.6M/s | stage ETA 14:27 | overall ? ETA ? | best -
[b2=23 b1={21}] stage  67.0% (303791620096/453112706673) | 172.3M/s | stage ETA 14:26 | overall ? ETA ? | best -
[b2=23 b1={21}] stage  67.1% (304133218304/453112706673) | 171.4M/s | stage ETA 14:29 | overall ? ETA ? | best -
[b2=23 b1={21}] stage  67.2% (304467464192/453112706673) | 169.2M/s | stage ETA 14:38 | overall ? ETA ? | best -
[b2=23 b1={21}] stage  67.3% (304807256064/453112706673) | 169.4M/s | stage ETA 14:35 | overall ? ETA ? | best -
[b2=23 b1={21}] stage  67.3% (305155956736/453112706673) | 171.3M/s | stage ETA 14:23 | overall ? ETA ? | best -
[b2=23 b1={21}] stage  67.4% (305506430976/453112706673) | 173.0M/s | stage ETA 14:13 | overall ? ETA ? | best -
[b2=23 b1={21}] stage  67.5% (305857396736/453112706673) | 174.0M/s | stage ETA 14:06 | overall ? ETA ? | best -
[b2=23 b1={21}] stage  67.6% (306204614656/453112706673) | 173.4M/s | stage ETA 14:07 | overall ? ETA ? | best -
[b2=23 b1={21}] stage  67.7% (306556321792/453112706673) | 174.1M/s | stage ETA 14:01 | overall ? ETA ? | best -
[b2=23 b1={21}] stage  67.7% (306908188672/453112706673) | 174.9M/s | stage ETA 13:55 | overall ? ETA ? | best -
[b2=23 b1={21}] stage  67.8% (307258241024/453112706673) | 174.6M/s | stage ETA 13:55 | overall ? ETA ? | best -
[b2=23 b1={21}] stage  67.9% (307604328448/453112706673) | 173.5M/s | stage ETA 13:58 | overall ? ETA ? | best -
[b2=23 b1={21}] stage  68.0% (307949371392/453112706673) | 172.7M/s | stage ETA 14:00 | overall ? ETA ? | best -
[b2=23 b1={21}] stage  68.0% (308295073792/453112706673) | 172.4M/s | stage ETA 13:59 | overall ? ETA ? | best -
[b2=23 b1={21}] stage  68.1% (308648120320/453112706673) | 174.2M/s | stage ETA 13:49 | overall ? ETA ? | best -
[b2=23 b1={21}] stage  68.2% (308999938048/453112706673) | 175.0M/s | stage ETA 13:43 | overall ? ETA ? | best -
[b2=23 b1={21}] stage  68.3% (309352050688/453112706673) | 175.4M/s | stage ETA 13:39 | overall ? ETA ? | best -
[b2=23 b1={21}] stage  68.3% (309700169728/453112706673) | 174.4M/s | stage ETA 13:42 | overall ? ETA ? | best -
[b2=23 b1={21}] stage  68.4% (310039175168/453112706673) | 171.8M/s | stage ETA 13:52 | overall ? ETA ? | best -
[b2=23 b1={21}] stage  68.5% (310386499584/453112706673) | 172.6M/s | stage ETA 13:46 | overall ? ETA ? | best -
[b2=23 b1={21}] stage  68.6% (310740520960/453112706673) | 174.6M/s | stage ETA 13:35 | overall ? ETA ? | best -
[b2=23 b1={21}] stage  68.7% (311096205312/453112706673) | 175.8M/s | stage ETA 13:27 | overall ? ETA ? | best -
[b2=23 b1={21}] stage  68.7% (311445426176/453112706673) | 175.0M/s | stage ETA 13:29 | overall ? ETA ? | best -
[b2=23 b1={21}] stage  68.8% (311794036736/453112706673) | 174.5M/s | stage ETA 13:29 | overall ? ETA ? | best -
[b2=23 b1={21}] stage  68.9% (312138063872/453112706673) | 173.2M/s | stage ETA 13:34 | overall ? ETA ? | best -
[b2=23 b1={21}] stage  69.0% (312480382976/453112706673) | 171.9M/s | stage ETA 13:38 | overall ? ETA ? | best -
[b2=23 b1={21}] stage  69.0% (312825548800/453112706673) | 172.1M/s | stage ETA 13:35 | overall ? ETA ? | best -
[b2=23 b1={21}] stage  69.1% (313175781376/453112706673) | 173.3M/s | stage ETA 13:27 | overall ? ETA ? | best -
[b2=23 b1={21}] stage  69.2% (313521008640/453112706673) | 172.7M/s | stage ETA 13:28 | overall ? ETA ? | best -
[b2=23 b1={21}] stage  69.3% (313864929280/453112706673) | 172.3M/s | stage ETA 13:28 | overall ? ETA ? | best -
[b2=23 b1={21}] stage  69.3% (314215137280/453112706673) | 173.4M/s | stage ETA 13:20 | overall ? ETA ? | best -
[b2=23 b1={21}] stage  69.4% (314568253440/453112706673) | 175.0M/s | stage ETA 13:11 | overall ? ETA ? | best -
[b2=23 b1={21}] stage  69.5% (314921512960/453112706673) | 175.6M/s | stage ETA 13:07 | overall ? ETA ? | best -
[b2=23 b1={21}] stage  69.6% (315265462272/453112706673) | 173.4M/s | stage ETA 13:14 | overall ? ETA ? | best -
[b2=23 b1={21}] stage  69.7% (315604090880/453112706673) | 171.2M/s | stage ETA 13:23 | overall ? ETA ? | best -
[b2=23 b1={21}] stage  69.7% (315949785088/453112706673) | 171.9M/s | stage ETA 13:17 | overall ? ETA ? | best -
[b2=23 b1={21}] stage  69.8% (316295991296/453112706673) | 172.2M/s | stage ETA 13:14 | overall ? ETA ? | best -
[b2=23 b1={21}] stage  69.9% (316571860992/453112706673) | 155.1M/s | stage ETA 14:40 | overall ? ETA ? | best -
[b2=23 b1={21}] stage  69.9% (316909715456/453112706673) | 161.8M/s | stage ETA 14:02 | overall ? ETA ? | best -
[b2=23 b1={21}] stage  70.0% (317253971968/453112706673) | 166.8M/s | stage ETA 13:34 | overall ? ETA ? | best -
[b2=23 b1={21}] stage  70.1% (317598679040/453112706673) | 169.4M/s | stage ETA 13:20 | overall ? ETA ? | best -
[b2=23 b1={21}] stage  70.2% (317915795456/453112706673) | 163.7M/s | stage ETA 13:45 | overall ? ETA ? | best -
[b2=23 b1={21}] stage  70.2% (318180810752/453112706673) | 148.0M/s | stage ETA 15:11 | overall ? ETA ? | best -
[b2=23 b1={21}] stage  70.3% (318515249152/453112706673) | 157.2M/s | stage ETA 14:15 | overall ? ETA ? | best -
[b2=23 b1={21}] stage  70.4% (318855012352/453112706673) | 163.4M/s | stage ETA 13:41 | overall ? ETA ? | best -
[b2=23 b1={21}] stage  70.4% (319130341376/453112706673) | 150.3M/s | stage ETA 14:51 | overall ? ETA ? | best -
[b2=23 b1={21}] stage  70.5% (319466078208/453112706673) | 158.6M/s | stage ETA 14:02 | overall ? ETA ? | best -
[b2=23 b1={21}] stage  70.6% (319820505088/453112706673) | 167.9M/s | stage ETA 13:13 | overall ? ETA ? | best -
[b2=23 b1={21}] stage  70.7% (320159846400/453112706673) | 168.7M/s | stage ETA 13:07 | overall ? ETA ? | best -
[b2=23 b1={21}] stage  70.7% (320476602368/453112706673) | 163.4M/s | stage ETA 13:31 | overall ? ETA ? | best -
[b2=23 b1={21}] stage  70.8% (320828960768/453112706673) | 169.6M/s | stage ETA 13:00 | overall ? ETA ? | best -
[b2=23 b1={21}] stage  70.9% (321184198656/453112706673) | 173.2M/s | stage ETA 12:41 | overall ? ETA ? | best -
[b2=23 b1={21}] stage  71.0% (321536778240/453112706673) | 174.3M/s | stage ETA 12:34 | overall ? ETA ? | best -
[b2=23 b1={21}] stage  71.0% (321882918912/453112706673) | 173.6M/s | stage ETA 12:35 | overall ? ETA ? | best -
[b2=23 b1={21}] stage  71.1% (322214600704/453112706673) | 169.7M/s | stage ETA 12:51 | overall ? ETA ? | best -
[b2=23 b1={21}] stage  71.2% (322560663552/453112706673) | 171.3M/s | stage ETA 12:42 | overall ? ETA ? | best -
[b2=23 b1={21}] stage  71.3% (322909569024/453112706673) | 172.7M/s | stage ETA 12:34 | overall ? ETA ? | best -
[b2=23 b1={21}] stage  71.3% (323261046784/453112706673) | 173.8M/s | stage ETA 12:27 | overall ? ETA ? | best -
[b2=23 b1={21}] stage  71.4% (323612983296/453112706673) | 174.7M/s | stage ETA 12:21 | overall ? ETA ? | best -
[b2=23 b1={21}] stage  71.5% (323966742528/453112706673) | 175.5M/s | stage ETA 12:15 | overall ? ETA ? | best -
[b2=23 b1={21}] stage  71.6% (324320874496/453112706673) | 175.9M/s | stage ETA 12:12 | overall ? ETA ? | best -
[b2=23 b1={21}] stage  71.7% (324669059072/453112706673) | 175.0M/s | stage ETA 12:14 | overall ? ETA ? | best -
[b2=23 b1={21}] stage  71.7% (325011628032/453112706673) | 173.0M/s | stage ETA 12:20 | overall ? ETA ? | best -
[b2=23 b1={21}] stage  71.8% (325358247936/453112706673) | 173.0M/s | stage ETA 12:18 | overall ? ETA ? | best -
[b2=23 b1={21}] stage  71.9% (325692919808/453112706673) | 170.0M/s | stage ETA 12:29 | overall ? ETA ? | best -
[b2=23 b1={21}] stage  72.0% (326025551872/453112706673) | 168.0M/s | stage ETA 12:36 | overall ? ETA ? | best -
[b2=23 b1={21}] stage  72.0% (326365241344/453112706673) | 168.7M/s | stage ETA 12:31 | overall ? ETA ? | best -
[b2=23 b1={21}] stage  72.1% (326716276736/453112706673) | 171.8M/s | stage ETA 12:15 | overall ? ETA ? | best -
[b2=23 b1={21}] stage  72.2% (327063257088/453112706673) | 172.2M/s | stage ETA 12:12 | overall ? ETA ? | best -
[b2=23 b1={21}] stage  72.3% (327408640000/453112706673) | 172.3M/s | stage ETA 12:09 | overall ? ETA ? | best -
[b2=23 b1={21}] stage  72.3% (327758802944/453112706673) | 173.5M/s | stage ETA 12:02 | overall ? ETA ? | best -
[b2=23 b1={21}] stage  72.4% (328107249664/453112706673) | 173.7M/s | stage ETA 11:59 | overall ? ETA ? | best -
[b2=23 b1={21}] stage  72.5% (328454098944/453112706673) | 173.2M/s | stage ETA 11:59 | overall ? ETA ? | best -
[b2=23 b1={21}] stage  72.6% (328805679104/453112706673) | 174.3M/s | stage ETA 11:53 | overall ? ETA ? | best -
[b2=23 b1={21}] stage  72.6% (329158483968/453112706673) | 175.1M/s | stage ETA 11:48 | overall ? ETA ? | best -
[b2=23 b1={21}] stage  72.7% (329509212160/453112706673) | 174.9M/s | stage ETA 11:46 | overall ? ETA ? | best -
[b2=23 b1={21}] stage  72.8% (329859833856/453112706673) | 174.8M/s | stage ETA 11:45 | overall ? ETA ? | best -
[b2=23 b1={21}] stage  72.9% (330211909632/453112706673) | 175.2M/s | stage ETA 11:41 | overall ? ETA ? | best -
[b2=23 b1={21}] stage  73.0% (330562912256/453112706673) | 175.2M/s | stage ETA 11:39 | overall ? ETA ? | best -
[b2=23 b1={21}] stage  73.0% (330917146624/453112706673) | 175.9M/s | stage ETA 11:34 | overall ? ETA ? | best -
[b2=23 b1={21}] stage  73.1% (331270455296/453112706673) | 176.2M/s | stage ETA 11:31 | overall ? ETA ? | best -
[b2=23 b1={21}] stage  73.2% (331620921344/453112706673) | 175.3M/s | stage ETA 11:33 | overall ? ETA ? | best -
[b2=23 b1={21}] stage  73.3% (331972468736/453112706673) | 175.1M/s | stage ETA 11:31 | overall ? ETA ? | best -
[b2=23 b1={21}] stage  73.3% (332326678528/453112706673) | 175.8M/s | stage ETA 11:26 | overall ? ETA ? | best -
[b2=23 b1={21}] stage  73.4% (332679897088/453112706673) | 176.1M/s | stage ETA 11:24 | overall ? ETA ? | best -
[b2=23 b1={21}] stage  73.5% (333033488384/453112706673) | 176.3M/s | stage ETA 11:21 | overall ? ETA ? | best -
[b2=23 b1={21}] stage  73.6% (333386108928/453112706673) | 176.1M/s | stage ETA 11:19 | overall ? ETA ? | best -
[b2=23 b1={21}] stage  73.7% (333740064768/453112706673) | 176.3M/s | stage ETA 11:17 | overall ? ETA ? | best -
[b2=23 b1={21}] stage  73.7% (334091251712/453112706673) | 175.7M/s | stage ETA 11:17 | overall ? ETA ? | best -
[b2=23 b1={21}] stage  73.8% (334437494784/453112706673) | 174.3M/s | stage ETA 11:20 | overall ? ETA ? | best -
[b2=23 b1={21}] stage  73.9% (334791639040/453112706673) | 175.4M/s | stage ETA 11:14 | overall ? ETA ? | best -
[b2=23 b1={21}] stage  74.0% (335146500096/453112706673) | 176.1M/s | stage ETA 11:10 | overall ? ETA ? | best -
[b2=23 b1={21}] stage  74.0% (335499706368/453112706673) | 176.1M/s | stage ETA 11:07 | overall ? ETA ? | best -
[b2=23 b1={21}] stage  74.1% (335854272512/453112706673) | 176.4M/s | stage ETA 11:04 | overall ? ETA ? | best -
[b2=23 b1={21}] stage  74.2% (336206729216/453112706673) | 176.1M/s | stage ETA 11:03 | overall ? ETA ? | best -
[b2=23 b1={21}] stage  74.3% (336557916160/453112706673) | 175.5M/s | stage ETA 11:04 | overall ? ETA ? | best -
[b2=23 b1={21}] stage  74.4% (336909152256/453112706673) | 175.3M/s | stage ETA 11:02 | overall ? ETA ? | best -
[b2=23 b1={21}] stage  74.4% (337262714880/453112706673) | 175.8M/s | stage ETA 10:58 | overall ? ETA ? | best -
[b2=23 b1={21}] stage  74.5% (337613848576/453112706673) | 175.5M/s | stage ETA 10:57 | overall ? ETA ? | best -
[b2=23 b1={21}] stage  74.6% (337969172480/453112706673) | 176.4M/s | stage ETA 10:52 | overall ? ETA ? | best -
[b2=23 b1={21}] stage  74.7% (338320162816/453112706673) | 175.7M/s | stage ETA 10:53 | overall ? ETA ? | best -
[b2=23 b1={21}] stage  74.7% (338673102848/453112706673) | 175.9M/s | stage ETA 10:50 | overall ? ETA ? | best -
[b2=23 b1={21}] stage  74.8% (339026358272/453112706673) | 176.1M/s | stage ETA 10:47 | overall ? ETA ? | best -
[b2=23 b1={21}] stage  74.9% (339370278912/453112706673) | 173.7M/s | stage ETA 10:54 | overall ? ETA ? | best -
[b2=23 b1={21}] stage  75.0% (339719221248/453112706673) | 174.0M/s | stage ETA 10:51 | overall ? ETA ? | best -
[b2=23 b1={21}] stage  75.1% (340066926592/453112706673) | 173.6M/s | stage ETA 10:51 | overall ? ETA ? | best -
[b2=23 b1={21}] stage  75.1% (340376473600/453112706673) | 164.2M/s | stage ETA 11:26 | overall ? ETA ? | best -
[b2=23 b1={21}] stage  75.2% (340709101568/453112706673) | 165.0M/s | stage ETA 11:21 | overall ? ETA ? | best -
[b2=23 b1={21}] stage  75.3% (341037940736/453112706673) | 164.6M/s | stage ETA 11:20 | overall ? ETA ? | best -
[b2=23 b1={21}] stage  75.3% (341384593408/453112706673) | 168.9M/s | stage ETA 11:01 | overall ? ETA ? | best -
[b2=23 b1={21}] stage  75.4% (341707395072/453112706673) | 164.9M/s | stage ETA 11:15 | overall ? ETA ? | best -
[b2=23 b1={21}] stage  75.5% (342049775616/453112706673) | 167.8M/s | stage ETA 11:01 | overall ? ETA ? | best -
[b2=23 b1={21}] stage  75.6% (342387175424/453112706673) | 168.1M/s | stage ETA 10:58 | overall ? ETA ? | best -
[b2=23 b1={21}] stage  75.6% (342726045696/453112706673) | 168.5M/s | stage ETA 10:54 | overall ? ETA ? | best -
[b2=23 b1={21}] stage  75.7% (343074631680/453112706673) | 171.3M/s | stage ETA 10:42 | overall ? ETA ? | best -
[b2=23 b1={21}] stage  75.8% (343426662400/453112706673) | 173.4M/s | stage ETA 10:32 | overall ? ETA ? | best -
[b2=23 b1={21}] stage  75.9% (343760850944/453112706673) | 170.0M/s | stage ETA 10:43 | overall ? ETA ? | best -
[b2=23 b1={21}] stage  75.9% (344103923712/453112706673) | 170.5M/s | stage ETA 10:39 | overall ? ETA ? | best -
[b2=23 b1={21}] stage  76.0% (344453779456/453112706673) | 172.4M/s | stage ETA 10:30 | overall ? ETA ? | best -
[b2=23 b1={21}] stage  76.1% (344803004416/453112706673) | 173.2M/s | stage ETA 10:25 | overall ? ETA ? | best -
[b2=23 b1={21}] stage  76.2% (345140371456/453112706673) | 170.7M/s | stage ETA 10:32 | overall ? ETA ? | best -
[b2=23 b1={21}] stage  76.2% (345480024064/453112706673) | 170.1M/s | stage ETA 10:32 | overall ? ETA ? | best -
[b2=23 b1={21}] stage  76.3% (345810796544/453112706673) | 167.5M/s | stage ETA 10:40 | overall ? ETA ? | best -
[b2=23 b1={21}] stage  76.4% (346160349184/453112706673) | 170.9M/s | stage ETA 10:25 | overall ? ETA ? | best -
[b2=23 b1={21}] stage  76.5% (346505244672/453112706673) | 171.5M/s | stage ETA 10:21 | overall ? ETA ? | best -
[b2=23 b1={21}] stage  76.5% (346856325120/453112706673) | 173.3M/s | stage ETA 10:13 | overall ? ETA ? | best -
[b2=23 b1={21}] stage  76.6% (347199893504/453112706673) | 172.5M/s | stage ETA 10:14 | overall ? ETA ? | best -
[b2=23 b1={21}] stage  76.7% (347540787200/453112706673) | 171.4M/s | stage ETA 10:16 | overall ? ETA ? | best -
[b2=23 b1={21}] stage  76.8% (347870527488/453112706673) | 167.8M/s | stage ETA 10:27 | overall ? ETA ? | best -
[b2=23 b1={21}] stage  76.8% (348212592640/453112706673) | 169.2M/s | stage ETA 10:19 | overall ? ETA ? | best -
[b2=23 b1={21}] stage  76.9% (348547022848/453112706673) | 168.0M/s | stage ETA 10:22 | overall ? ETA ? | best -
[b2=23 b1={21}] stage  77.0% (348900610048/453112706673) | 172.2M/s | stage ETA 10:05 | overall ? ETA ? | best -
[b2=23 b1={21}] stage  77.1% (349229846528/453112706673) | 168.3M/s | stage ETA 10:17 | overall ? ETA ? | best -
[b2=23 b1={21}] stage  77.1% (349546528768/453112706673) | 163.1M/s | stage ETA 10:34 | overall ? ETA ? | best -
[b2=23 b1={21}] stage  77.2% (349887627264/453112706673) | 166.6M/s | stage ETA 10:19 | overall ? ETA ? | best -
[b2=23 b1={21}] stage  77.3% (350229176320/453112706673) | 168.0M/s | stage ETA 10:12 | overall ? ETA ? | best -
[b2=23 b1={21}] stage  77.4% (350566539264/453112706673) | 168.3M/s | stage ETA 10:09 | overall ? ETA ? | best -
[b2=23 b1={21}] stage  77.4% (350914867200/453112706673) | 170.6M/s | stage ETA 9:58 | overall ? ETA ? | best -
[b2=23 b1={21}] stage  77.5% (351259238400/453112706673) | 171.1M/s | stage ETA 9:55 | overall ? ETA ? | best -
[b2=23 b1={21}] stage  77.6% (351596519424/453112706673) | 169.7M/s | stage ETA 9:58 | overall ? ETA ? | best -
[b2=23 b1={21}] stage  77.7% (351930875904/453112706673) | 167.8M/s | stage ETA 10:02 | overall ? ETA ? | best -
[b2=23 b1={21}] stage  77.7% (352254504960/453112706673) | 164.5M/s | stage ETA 10:13 | overall ? ETA ? | best -
[b2=23 b1={21}] stage  77.8% (352596414464/453112706673) | 167.5M/s | stage ETA 10:00 | overall ? ETA ? | best -
[b2=23 b1={21}] stage  77.9% (352933404672/453112706673) | 167.9M/s | stage ETA 9:56 | overall ? ETA ? | best -
[b2=23 b1={21}] stage  78.0% (353243545600/453112706673) | 161.3M/s | stage ETA 10:19 | overall ? ETA ? | best -
[b2=23 b1={21}] stage  78.0% (353511067648/453112706673) | 147.3M/s | stage ETA 11:16 | overall ? ETA ? | best -
[b2=23 b1={21}] stage  78.1% (353839783936/453112706673) | 155.7M/s | stage ETA 10:37 | overall ? ETA ? | best -
[b2=23 b1={21}] stage  78.2% (354171359232/453112706673) | 160.5M/s | stage ETA 10:16 | overall ? ETA ? | best -
[b2=23 b1={21}] stage  78.2% (354493321216/453112706673) | 160.7M/s | stage ETA 10:13 | overall ? ETA ? | best -
[b2=23 b1={21}] stage  78.3% (354834726912/453112706673) | 165.6M/s | stage ETA 9:53 | overall ? ETA ? | best -
[b2=23 b1={21}] stage  78.4% (355140599808/453112706673) | 159.0M/s | stage ETA 10:16 | overall ? ETA ? | best -
[b2=23 b1={21}] stage  78.5% (355476623360/453112706673) | 163.2M/s | stage ETA 9:58 | overall ? ETA ? | best -
[b2=23 b1={21}] stage  78.5% (355815534592/453112706673) | 166.1M/s | stage ETA 9:45 | overall ? ETA ? | best -
[b2=23 b1={21}] stage  78.6% (356163080192/453112706673) | 169.7M/s | stage ETA 9:31 | overall ? ETA ? | best -
[b2=23 b1={21}] stage  78.7% (356511494144/453112706673) | 171.7M/s | stage ETA 9:22 | overall ? ETA ? | best -
[b2=23 b1={21}] stage  78.8% (356859940864/453112706673) | 172.7M/s | stage ETA 9:17 | overall ? ETA ? | best -
[b2=23 b1={21}] stage  78.8% (357199388672/453112706673) | 171.0M/s | stage ETA 9:20 | overall ? ETA ? | best -
[b2=23 b1={21}] stage  78.9% (357542010880/453112706673) | 170.9M/s | stage ETA 9:19 | overall ? ETA ? | best -
[b2=23 b1={21}] stage  79.0% (357890400256/453112706673) | 172.3M/s | stage ETA 9:12 | overall ? ETA ? | best -
[b2=23 b1={21}] stage  79.1% (358237646848/453112706673) | 172.6M/s | stage ETA 9:09 | overall ? ETA ? | best -
[b2=23 b1={21}] stage  79.1% (358575837184/453112706673) | 170.5M/s | stage ETA 9:14 | overall ? ETA ? | best -
[b2=23 b1={21}] stage  79.2% (358918426624/453112706673) | 170.8M/s | stage ETA 9:11 | overall ? ETA ? | best -
[b2=23 b1={21}] stage  79.3% (359255396352/453112706673) | 169.3M/s | stage ETA 9:14 | overall ? ETA ? | best -
[b2=23 b1={21}] stage  79.4% (359608532992/453112706673) | 172.8M/s | stage ETA 9:01 | overall ? ETA ? | best -
[b2=23 b1={21}] stage  79.4% (359946911744/453112706673) | 170.7M/s | stage ETA 9:05 | overall ? ETA ? | best -
[b2=23 b1={21}] stage  79.5% (360294535168/453112706673) | 172.1M/s | stage ETA 8:59 | overall ? ETA ? | best -
[b2=23 b1={21}] stage  79.6% (360639184896/453112706673) | 172.0M/s | stage ETA 8:57 | overall ? ETA ? | best -
[b2=23 b1={21}] stage  79.7% (360988913664/453112706673) | 173.2M/s | stage ETA 8:51 | overall ? ETA ? | best -
[b2=23 b1={21}] stage  79.7% (361338662912/453112706673) | 174.0M/s | stage ETA 8:47 | overall ? ETA ? | best -
[b2=23 b1={21}] stage  79.8% (361686302720/453112706673) | 173.9M/s | stage ETA 8:45 | overall ? ETA ? | best -
[b2=23 b1={21}] stage  79.9% (362035847168/453112706673) | 173.8M/s | stage ETA 8:44 | overall ? ETA ? | best -
[b2=23 b1={21}] stage  80.0% (362386399232/453112706673) | 174.4M/s | stage ETA 8:40 | overall ? ETA ? | best -
[b2=23 b1={21}] stage  80.1% (362739216384/453112706673) | 175.0M/s | stage ETA 8:36 | overall ? ETA ? | best -
[b2=23 b1={21}] stage  80.1% (363088769024/453112706673) | 174.8M/s | stage ETA 8:35 | overall ? ETA ? | best -
[b2=23 b1={21}] stage  80.2% (363432161280/453112706673) | 173.0M/s | stage ETA 8:38 | overall ? ETA ? | best -
[b2=23 b1={21}] stage  80.3% (363775877120/453112706673) | 172.3M/s | stage ETA 8:38 | overall ? ETA ? | best -
[b2=23 b1={21}] stage  80.4% (364123045888/453112706673) | 172.8M/s | stage ETA 8:34 | overall ? ETA ? | best -
[b2=23 b1={21}] stage  80.4% (364471279616/453112706673) | 173.4M/s | stage ETA 8:31 | overall ? ETA ? | best -
[b2=23 b1={21}] stage  80.5% (364821315584/453112706673) | 174.2M/s | stage ETA 8:26 | overall ? ETA ? | best -
[b2=23 b1={21}] stage  80.6% (365170700288/453112706673) | 174.3M/s | stage ETA 8:24 | overall ? ETA ? | best -
[b2=23 b1={21}] stage  80.7% (365522145280/453112706673) | 174.8M/s | stage ETA 8:21 | overall ? ETA ? | best -
[b2=23 b1={21}] stage  80.7% (365872254976/453112706673) | 174.7M/s | stage ETA 8:19 | overall ? ETA ? | best -
[b2=23 b1={21}] stage  80.8% (366223093760/453112706673) | 174.9M/s | stage ETA 8:16 | overall ? ETA ? | best -
[b2=23 b1={21}] stage  80.9% (366566289408/453112706673) | 173.0M/s | stage ETA 8:20 | overall ? ETA ? | best -
[b2=23 b1={21}] stage  81.0% (366912327680/453112706673) | 173.0M/s | stage ETA 8:18 | overall ? ETA ? | best -
[b2=23 b1={21}] stage  81.1% (367255527424/453112706673) | 172.2M/s | stage ETA 8:18 | overall ? ETA ? | best -
[b2=23 b1={21}] stage  81.1% (367600230400/453112706673) | 172.0M/s | stage ETA 8:17 | overall ? ETA ? | best -
[b2=23 b1={21}] stage  81.2% (367938121728/453112706673) | 170.3M/s | stage ETA 8:20 | overall ? ETA ? | best -
[b2=23 b1={21}] stage  81.3% (368286179328/453112706673) | 172.0M/s | stage ETA 8:13 | overall ? ETA ? | best -
[b2=23 b1={21}] stage  81.4% (368628797440/453112706673) | 171.5M/s | stage ETA 8:12 | overall ? ETA ? | best -
[b2=23 b1={21}] stage  81.4% (368968572928/453112706673) | 170.6M/s | stage ETA 8:13 | overall ? ETA ? | best -
[b2=23 b1={21}] stage  81.5% (369310650368/453112706673) | 170.7M/s | stage ETA 8:10 | overall ? ETA ? | best -
[b2=23 b1={21}] stage  81.6% (369651621888/453112706673) | 170.4M/s | stage ETA 8:09 | overall ? ETA ? | best -
[b2=23 b1={21}] stage  81.7% (369986834432/453112706673) | 169.0M/s | stage ETA 8:11 | overall ? ETA ? | best -
[b2=23 b1={21}] stage  81.7% (370328223744/453112706673) | 169.8M/s | stage ETA 8:07 | overall ? ETA ? | best -
[b2=23 b1={21}] stage  81.8% (370663968768/453112706673) | 168.6M/s | stage ETA 8:09 | overall ? ETA ? | best -
[b2=23 b1={21}] stage  81.9% (371005009920/453112706673) | 169.5M/s | stage ETA 8:04 | overall ? ETA ? | best -
[b2=23 b1={21}] stage  82.0% (371337977856/453112706673) | 167.6M/s | stage ETA 8:07 | overall ? ETA ? | best -
[b2=23 b1={21}] stage  82.0% (371686801408/453112706673) | 170.6M/s | stage ETA 7:57 | overall ? ETA ? | best -
[b2=23 b1={21}] stage  82.1% (372032385024/453112706673) | 171.5M/s | stage ETA 7:52 | overall ? ETA ? | best -
[b2=23 b1={21}] stage  82.2% (372387495936/453112706673) | 174.3M/s | stage ETA 7:43 | overall ? ETA ? | best -
[b2=23 b1={21}] stage  82.3% (372733693952/453112706673) | 173.6M/s | stage ETA 7:42 | overall ? ETA ? | best -
[b2=23 b1={21}] stage  82.3% (373085069312/453112706673) | 174.1M/s | stage ETA 7:39 | overall ? ETA ? | best -
[b2=23 b1={21}] stage  82.4% (373429002240/453112706673) | 172.9M/s | stage ETA 7:40 | overall ? ETA ? | best -
[b2=23 b1={21}] stage  82.5% (373771599872/453112706673) | 172.0M/s | stage ETA 7:41 | overall ? ETA ? | best -
[b2=23 b1={21}] stage  82.6% (374120562688/453112706673) | 172.7M/s | stage ETA 7:37 | overall ? ETA ? | best -
[b2=23 b1={21}] stage  82.6% (374471516160/453112706673) | 173.9M/s | stage ETA 7:32 | overall ? ETA ? | best -
[b2=23 b1={21}] stage  82.7% (374819688448/453112706673) | 173.7M/s | stage ETA 7:30 | overall ? ETA ? | best -
[b2=23 b1={21}] stage  82.8% (375172202496/453112706673) | 174.8M/s | stage ETA 7:25 | overall ? ETA ? | best -
[b2=23 b1={21}] stage  82.9% (375528189952/453112706673) | 176.2M/s | stage ETA 7:20 | overall ? ETA ? | best -
[b2=23 b1={21}] stage  83.0% (375872987136/453112706673) | 174.1M/s | stage ETA 7:23 | overall ? ETA ? | best -
[b2=23 b1={21}] stage  83.0% (376216817664/453112706673) | 172.7M/s | stage ETA 7:25 | overall ? ETA ? | best -
[b2=23 b1={21}] stage  83.1% (376561885184/453112706673) | 172.4M/s | stage ETA 7:24 | overall ? ETA ? | best -
[b2=23 b1={21}] stage  83.2% (376910778368/453112706673) | 173.2M/s | stage ETA 7:19 | overall ? ETA ? | best -
[b2=23 b1={21}] stage  83.3% (377253601280/453112706673) | 172.1M/s | stage ETA 7:20 | overall ? ETA ? | best -
[b2=23 b1={21}] stage  83.3% (377589026816/453112706673) | 169.7M/s | stage ETA 7:25 | overall ? ETA ? | best -
[b2=23 b1={21}] stage  83.4% (377936498688/453112706673) | 171.5M/s | stage ETA 7:18 | overall ? ETA ? | best -
[b2=23 b1={21}] stage  83.5% (378292973568/453112706673) | 174.5M/s | stage ETA 7:08 | overall ? ETA ? | best -
[b2=23 b1={21}] stage  83.6% (378647965696/453112706673) | 175.9M/s | stage ETA 7:03 | overall ? ETA ? | best -
[b2=23 b1={21}] stage  83.6% (379001716736/453112706673) | 176.2M/s | stage ETA 7:00 | overall ? ETA ? | best -
[b2=23 b1={21}] stage  83.7% (379345231872/453112706673) | 173.8M/s | stage ETA 7:04 | overall ? ETA ? | best -
[b2=23 b1={21}] stage  83.8% (379692900352/453112706673) | 173.6M/s | stage ETA 7:02 | overall ? ETA ? | best -
[b2=23 b1={21}] stage  83.9% (380048936960/453112706673) | 175.3M/s | stage ETA 6:56 | overall ? ETA ? | best -
[b2=23 b1={21}] stage  84.0% (380403781632/453112706673) | 176.1M/s | stage ETA 6:52 | overall ? ETA ? | best -
[b2=23 b1={21}] stage  84.0% (380750684160/453112706673) | 174.5M/s | stage ETA 6:54 | overall ? ETA ? | best -
[b2=23 b1={21}] stage  84.1% (381099806720/453112706673) | 174.1M/s | stage ETA 6:53 | overall ? ETA ? | best -
[b2=23 b1={21}] stage  84.2% (381451972608/453112706673) | 174.8M/s | stage ETA 6:49 | overall ? ETA ? | best -
[b2=23 b1={21}] stage  84.3% (381808406528/453112706673) | 176.2M/s | stage ETA 6:44 | overall ? ETA ? | best -
[b2=23 b1={21}] stage  84.3% (382165041152/453112706673) | 177.0M/s | stage ETA 6:40 | overall ? ETA ? | best -
[b2=23 b1={21}] stage  84.4% (382519353344/453112706673) | 177.0M/s | stage ETA 6:38 | overall ? ETA ? | best -
[b2=23 b1={21}] stage  84.5% (382874648576/453112706673) | 177.3M/s | stage ETA 6:36 | overall ? ETA ? | best -
[b2=23 b1={21}] stage  84.6% (383226138624/453112706673) | 176.4M/s | stage ETA 6:36 | overall ? ETA ? | best -
[b2=23 b1={21}] stage  84.7% (383582203904/453112706673) | 177.0M/s | stage ETA 6:32 | overall ? ETA ? | best -
[b2=23 b1={21}] stage  84.7% (383939174400/453112706673) | 177.6M/s | stage ETA 6:29 | overall ? ETA ? | best -
[b2=23 b1={21}] stage  84.8% (384293752832/453112706673) | 177.3M/s | stage ETA 6:28 | overall ? ETA ? | best -
[b2=23 b1={21}] stage  84.9% (384643112960/453112706673) | 175.9M/s | stage ETA 6:29 | overall ? ETA ? | best -
[b2=23 b1={21}] stage  85.0% (384998273024/453112706673) | 176.5M/s | stage ETA 6:25 | overall ? ETA ? | best -
[b2=23 b1={21}] stage  85.0% (385342820352/453112706673) | 174.2M/s | stage ETA 6:28 | overall ? ETA ? | best -
[b2=23 b1={21}] stage  85.1% (385690095616/453112706673) | 173.7M/s | stage ETA 6:28 | overall ? ETA ? | best -
[b2=23 b1={21}] stage  85.2% (386031730688/453112706673) | 172.1M/s | stage ETA 6:29 | overall ? ETA ? | best -
[b2=23 b1={21}] stage  85.3% (386385686528/453112706673) | 174.5M/s | stage ETA 6:22 | overall ? ETA ? | best -
[b2=23 b1={21}] stage  85.4% (386737860608/453112706673) | 175.2M/s | stage ETA 6:18 | overall ? ETA ? | best -
[b2=23 b1={21}] stage  85.4% (387088355328/453112706673) | 175.1M/s | stage ETA 6:17 | overall ? ETA ? | best -
[b2=23 b1={21}] stage  85.5% (387428270080/453112706673) | 172.3M/s | stage ETA 6:21 | overall ? ETA ? | best -
[b2=23 b1={21}] stage  85.6% (387769659392/453112706673) | 171.1M/s | stage ETA 6:21 | overall ? ETA ? | best -
[b2=23 b1={21}] stage  85.7% (388110946304/453112706673) | 170.7M/s | stage ETA 6:20 | overall ? ETA ? | best -
[b2=23 b1={21}] stage  85.7% (388456857600/453112706673) | 171.5M/s | stage ETA 6:16 | overall ? ETA ? | best -
[b2=23 b1={21}] stage  85.8% (388810924032/453112706673) | 174.1M/s | stage ETA 6:09 | overall ? ETA ? | best -
[b2=23 b1={21}] stage  85.9% (389153742848/453112706673) | 172.5M/s | stage ETA 6:10 | overall ? ETA ? | best -
[b2=23 b1={21}] stage  86.0% (389485936640/453112706673) | 169.0M/s | stage ETA 6:16 | overall ? ETA ? | best -
[b2=23 b1={21}] stage  86.0% (389822926848/453112706673) | 168.6M/s | stage ETA 6:15 | overall ? ETA ? | best -
[b2=23 b1={21}] stage  86.1% (390174023680/453112706673) | 171.8M/s | stage ETA 6:06 | overall ? ETA ? | best -
[b2=23 b1={21}] stage  86.2% (390519599104/453112706673) | 172.0M/s | stage ETA 6:03 | overall ? ETA ? | best -
[b2=23 b1={21}] stage  86.3% (390869774336/453112706673) | 173.4M/s | stage ETA 5:58 | overall ? ETA ? | best -
[b2=23 b1={21}] stage  86.3% (391181807616/453112706673) | 164.4M/s | stage ETA 6:16 | overall ? ETA ? | best -
[b2=23 b1={21}] stage  86.4% (391516504064/453112706673) | 165.7M/s | stage ETA 6:11 | overall ? ETA ? | best -
[b2=23 b1={21}] stage  86.5% (391863562240/453112706673) | 169.2M/s | stage ETA 6:01 | overall ? ETA ? | best -
[b2=23 b1={21}] stage  86.6% (392211513344/453112706673) | 171.5M/s | stage ETA 5:55 | overall ? ETA ? | best -
[b2=23 b1={21}] stage  86.6% (392558493696/453112706673) | 172.1M/s | stage ETA 5:51 | overall ? ETA ? | best -
[b2=23 b1={21}] stage  86.7% (392897904640/453112706673) | 170.7M/s | stage ETA 5:52 | overall ? ETA ? | best -
[b2=23 b1={21}] stage  86.8% (393243074560/453112706673) | 171.4M/s | stage ETA 5:49 | overall ? ETA ? | best -
[b2=23 b1={21}] stage  86.9% (393592844288/453112706673) | 172.9M/s | stage ETA 5:44 | overall ? ETA ? | best -
[b2=23 b1={21}] stage  86.9% (393941352448/453112706673) | 173.4M/s | stage ETA 5:41 | overall ? ETA ? | best -
[b2=23 b1={21}] stage  87.0% (394287951872/453112706673) | 173.2M/s | stage ETA 5:39 | overall ? ETA ? | best -
[b2=23 b1={21}] stage  87.1% (394628747264/453112706673) | 171.5M/s | stage ETA 5:41 | overall ? ETA ? | best -
[b2=23 b1={21}] stage  87.2% (394971709440/453112706673) | 171.3M/s | stage ETA 5:39 | overall ? ETA ? | best -
[b2=23 b1={21}] stage  87.2% (395321327616/453112706673) | 172.8M/s | stage ETA 5:34 | overall ? ETA ? | best -
[b2=23 b1={21}] stage  87.3% (395664834560/453112706673) | 171.9M/s | stage ETA 5:34 | overall ? ETA ? | best -
[b2=23 b1={21}] stage  87.4% (396009472000/453112706673) | 171.9M/s | stage ETA 5:32 | overall ? ETA ? | best -
[b2=23 b1={21}] stage  87.5% (396354359296/453112706673) | 172.2M/s | stage ETA 5:29 | overall ? ETA ? | best -
[b2=23 b1={21}] stage  87.5% (396696121344/453112706673) | 171.5M/s | stage ETA 5:28 | overall ? ETA ? | best -
[b2=23 b1={21}] stage  87.6% (397042405376/453112706673) | 172.1M/s | stage ETA 5:25 | overall ? ETA ? | best -
[b2=23 b1={21}] stage  87.7% (397393309696/453112706673) | 173.6M/s | stage ETA 5:21 | overall ? ETA ? | best -
[b2=23 b1={21}] stage  87.8% (397737947136/453112706673) | 172.8M/s | stage ETA 5:20 | overall ? ETA ? | best -
[b2=23 b1={21}] stage  87.9% (398082088960/453112706673) | 172.2M/s | stage ETA 5:19 | overall ? ETA ? | best -
[b2=23 b1={21}] stage  87.9% (398424588288/453112706673) | 171.4M/s | stage ETA 5:19 | overall ? ETA ? | best -
[b2=23 b1={21}] stage  88.0% (398760493056/453112706673) | 169.6M/s | stage ETA 5:20 | overall ? ETA ? | best -
[b2=23 b1={21}] stage  88.1% (399101771776/453112706673) | 170.1M/s | stage ETA 5:17 | overall ? ETA ? | best -
[b2=23 b1={21}] stage  88.2% (399445364736/453112706673) | 170.9M/s | stage ETA 5:14 | overall ? ETA ? | best -
[b2=23 b1={21}] stage  88.2% (399798525952/453112706673) | 173.6M/s | stage ETA 5:07 | overall ? ETA ? | best -
[b2=23 b1={21}] stage  88.3% (400149970944/453112706673) | 174.5M/s | stage ETA 5:03 | overall ? ETA ? | best -
[b2=23 b1={21}] stage  88.4% (400502648832/453112706673) | 175.0M/s | stage ETA 5:00 | overall ? ETA ? | best -
[b2=23 b1={21}] stage  88.5% (400853688320/453112706673) | 175.0M/s | stage ETA 4:58 | overall ? ETA ? | best -
[b2=23 b1={21}] stage  88.5% (401198694400/453112706673) | 173.3M/s | stage ETA 4:59 | overall ? ETA ? | best -
[b2=23 b1={21}] stage  88.6% (401550708736/453112706673) | 174.4M/s | stage ETA 4:55 | overall ? ETA ? | best -
[b2=23 b1={21}] stage  88.7% (401903005696/453112706673) | 175.0M/s | stage ETA 4:52 | overall ? ETA ? | best -
[b2=23 b1={21}] stage  88.8% (402252943360/453112706673) | 174.7M/s | stage ETA 4:51 | overall ? ETA ? | best -
[b2=23 b1={21}] stage  88.9% (402600382464/453112706673) | 174.0M/s | stage ETA 4:50 | overall ? ETA ? | best -
[b2=23 b1={21}] stage  88.9% (402951720960/453112706673) | 174.6M/s | stage ETA 4:47 | overall ? ETA ? | best -
[b2=23 b1={21}] stage  89.0% (403302973440/453112706673) | 175.0M/s | stage ETA 4:44 | overall ? ETA ? | best -
[b2=23 b1={21}] stage  89.1% (403647778816/453112706673) | 173.5M/s | stage ETA 4:45 | overall ? ETA ? | best -
[b2=23 b1={21}] stage  89.2% (403992719360/453112706673) | 172.8M/s | stage ETA 4:44 | overall ? ETA ? | best -
[b2=23 b1={21}] stage  89.2% (404329734144/453112706673) | 170.6M/s | stage ETA 4:45 | overall ? ETA ? | best -
[b2=23 b1={21}] stage  89.3% (404675350528/453112706673) | 171.5M/s | stage ETA 4:42 | overall ? ETA ? | best -
[b2=23 b1={21}] stage  89.4% (405026607104/453112706673) | 173.1M/s | stage ETA 4:37 | overall ? ETA ? | best -
[b2=23 b1={21}] stage  89.5% (405379706880/453112706673) | 174.6M/s | stage ETA 4:33 | overall ? ETA ? | best -
[b2=23 b1={21}] stage  89.5% (405731864576/453112706673) | 175.0M/s | stage ETA 4:30 | overall ? ETA ? | best -
[b2=23 b1={21}] stage  89.6% (406080270336/453112706673) | 174.3M/s | stage ETA 4:29 | overall ? ETA ? | best -
[b2=23 b1={21}] stage  89.7% (406420910080/453112706673) | 172.0M/s | stage ETA 4:31 | overall ? ETA ? | best -
[b2=23 b1={21}] stage  89.8% (406759264256/453112706673) | 170.4M/s | stage ETA 4:31 | overall ? ETA ? | best -
[b2=23 b1={21}] stage  89.8% (407110979584/453112706673) | 173.0M/s | stage ETA 4:25 | overall ? ETA ? | best -
[b2=23 b1={21}] stage  89.9% (407464067072/453112706673) | 174.7M/s | stage ETA 4:21 | overall ? ETA ? | best -
[b2=23 b1={21}] stage  90.0% (407816933376/453112706673) | 175.2M/s | stage ETA 4:18 | overall ? ETA ? | best -
[b2=23 b1={21}] stage  90.1% (408163663872/453112706673) | 174.2M/s | stage ETA 4:18 | overall ? ETA ? | best -
[b2=23 b1={21}] stage  90.2% (408506281984/453112706673) | 172.5M/s | stage ETA 4:18 | overall ? ETA ? | best -
[b2=23 b1={21}] stage  90.2% (408857665536/453112706673) | 174.0M/s | stage ETA 4:14 | overall ? ETA ? | best -
[b2=23 b1={21}] stage  90.3% (409209237504/453112706673) | 174.6M/s | stage ETA 4:11 | overall ? ETA ? | best -
[b2=23 b1={21}] stage  90.4% (409563500544/453112706673) | 175.6M/s | stage ETA 4:07 | overall ? ETA ? | best -
[b2=23 b1={21}] stage  90.5% (409913982976/453112706673) | 175.2M/s | stage ETA 4:06 | overall ? ETA ? | best -
[b2=23 b1={21}] stage  90.5% (410254823424/453112706673) | 172.6M/s | stage ETA 4:08 | overall ? ETA ? | best -
[b2=23 b1={21}] stage  90.6% (410569539584/453112706673) | 164.9M/s | stage ETA 4:17 | overall ? ETA ? | best -
[b2=23 b1={21}] stage  90.7% (410880401408/453112706673) | 159.9M/s | stage ETA 4:24 | overall ? ETA ? | best -
[b2=23 b1={21}] stage  90.8% (411220295680/453112706673) | 164.7M/s | stage ETA 4:14 | overall ? ETA ? | best -
[b2=23 b1={21}] stage  90.8% (411562254336/453112706673) | 167.8M/s | stage ETA 4:07 | overall ? ETA ? | best -
[b2=23 b1={21}] stage  90.9% (411902468096/453112706673) | 169.0M/s | stage ETA 4:03 | overall ? ETA ? | best -
[b2=23 b1={21}] stage  91.0% (412244221952/453112706673) | 169.7M/s | stage ETA 4:00 | overall ? ETA ? | best -
[b2=23 b1={21}] stage  91.1% (412587495424/453112706673) | 170.6M/s | stage ETA 3:57 | overall ? ETA ? | best -
[b2=23 b1={21}] stage  91.1% (412903972864/453112706673) | 164.2M/s | stage ETA 4:04 | overall ? ETA ? | best -
[b2=23 b1={21}] stage  91.2% (413205626880/453112706673) | 157.4M/s | stage ETA 4:13 | overall ? ETA ? | best -
[b2=23 b1={21}] stage  91.3% (413550329856/453112706673) | 164.6M/s | stage ETA 4:00 | overall ? ETA ? | best -
[b2=23 b1={21}] stage  91.3% (413902905344/453112706673) | 170.3M/s | stage ETA 3:50 | overall ? ETA ? | best -
[b2=23 b1={21}] stage  91.4% (414259462144/453112706673) | 174.1M/s | stage ETA 3:43 | overall ? ETA ? | best -
[b2=23 b1={21}] stage  91.5% (414612705280/453112706673) | 175.1M/s | stage ETA 3:39 | overall ? ETA ? | best -
[b2=23 b1={21}] stage  91.6% (414965899264/453112706673) | 175.7M/s | stage ETA 3:37 | overall ? ETA ? | best -
[b2=23 b1={21}] stage  91.7% (415306731520/453112706673) | 173.0M/s | stage ETA 3:38 | overall ? ETA ? | best -
[b2=23 b1={21}] stage  91.7% (415626612736/453112706673) | 166.2M/s | stage ETA 3:45 | overall ? ETA ? | best -
[b2=23 b1={21}] stage  91.8% (415960506368/453112706673) | 166.3M/s | stage ETA 3:43 | overall ? ETA ? | best -
[b2=23 b1={21}] stage  91.9% (416279502848/453112706673) | 162.9M/s | stage ETA 3:46 | overall ? ETA ? | best -
[b2=23 b1={21}] stage  91.9% (416602165248/453112706673) | 162.0M/s | stage ETA 3:45 | overall ? ETA ? | best -
[b2=23 b1={21}] stage  92.0% (416946761728/453112706673) | 166.9M/s | stage ETA 3:36 | overall ? ETA ? | best -
[b2=23 b1={21}] stage  92.1% (417302241280/453112706673) | 172.0M/s | stage ETA 3:28 | overall ? ETA ? | best -
[b2=23 b1={21}] stage  92.2% (417654579200/453112706673) | 173.9M/s | stage ETA 3:23 | overall ? ETA ? | best -
[b2=23 b1={21}] stage  92.3% (418007760896/453112706673) | 175.1M/s | stage ETA 3:20 | overall ? ETA ? | best -
[b2=23 b1={21}] stage  92.3% (418362380288/453112706673) | 176.2M/s | stage ETA 3:17 | overall ? ETA ? | best -
[b2=23 b1={21}] stage  92.4% (418716946432/453112706673) | 176.5M/s | stage ETA 3:14 | overall ? ETA ? | best -
[b2=23 b1={21}] stage  92.5% (419071582208/453112706673) | 176.7M/s | stage ETA 3:12 | overall ? ETA ? | best -
[b2=23 b1={21}] stage  92.6% (419426562048/453112706673) | 176.9M/s | stage ETA 3:10 | overall ? ETA ? | best -
[b2=23 b1={21}] stage  92.6% (419782705152/453112706673) | 177.1M/s | stage ETA 3:08 | overall ? ETA ? | best -
[b2=23 b1={21}] stage  92.7% (420137861120/453112706673) | 177.1M/s | stage ETA 3:06 | overall ? ETA ? | best -
[b2=23 b1={21}] stage  92.8% (420490473472/453112706673) | 176.5M/s | stage ETA 3:04 | overall ? ETA ? | best -
[b2=23 b1={21}] stage  92.9% (420844322816/453112706673) | 176.4M/s | stage ETA 3:02 | overall ? ETA ? | best -
[b2=23 b1={21}] stage  93.0% (421197312000/453112706673) | 176.2M/s | stage ETA 3:01 | overall ? ETA ? | best -
[b2=23 b1={21}] stage  93.0% (421550448640/453112706673) | 176.3M/s | stage ETA 2:59 | overall ? ETA ? | best -
[b2=23 b1={21}] stage  93.1% (421890281472/453112706673) | 172.9M/s | stage ETA 3:00 | overall ? ETA ? | best -
[b2=23 b1={21}] stage  93.2% (422222311424/453112706673) | 169.2M/s | stage ETA 3:02 | overall ? ETA ? | best -
[b2=23 b1={21}] stage  93.3% (422569533440/453112706673) | 171.1M/s | stage ETA 2:58 | overall ? ETA ? | best -
[b2=23 b1={21}] stage  93.3% (422917206016/453112706673) | 172.3M/s | stage ETA 2:55 | overall ? ETA ? | best -
[b2=23 b1={21}] stage  93.4% (423262932992/453112706673) | 172.4M/s | stage ETA 2:53 | overall ? ETA ? | best -
[b2=23 b1={21}] stage  93.5% (423603073024/453112706673) | 170.9M/s | stage ETA 2:52 | overall ? ETA ? | best -
[b2=23 b1={21}] stage  93.6% (423950008320/453112706673) | 172.0M/s | stage ETA 2:49 | overall ? ETA ? | best -
[b2=23 b1={21}] stage  93.6% (424287391744/453112706673) | 170.2M/s | stage ETA 2:49 | overall ? ETA ? | best -
[b2=23 b1={21}] stage  93.7% (424623394816/453112706673) | 168.9M/s | stage ETA 2:48 | overall ? ETA ? | best -
[b2=23 b1={21}] stage  93.8% (424973414400/453112706673) | 171.7M/s | stage ETA 2:43 | overall ? ETA ? | best -
[b2=23 b1={21}] stage  93.9% (425325772800/453112706673) | 173.8M/s | stage ETA 2:39 | overall ? ETA ? | best -
[b2=23 b1={21}] stage  93.9% (425677418496/453112706673) | 174.6M/s | stage ETA 2:37 | overall ? ETA ? | best -
[b2=23 b1={21}] stage  94.0% (426029494272/453112706673) | 175.2M/s | stage ETA 2:34 | overall ? ETA ? | best -
[b2=23 b1={21}] stage  94.1% (426379055104/453112706673) | 174.8M/s | stage ETA 2:32 | overall ? ETA ? | best -
[b2=23 b1={21}] stage  94.2% (426727731200/453112706673) | 174.4M/s | stage ETA 2:31 | overall ? ETA ? | best -
[b2=23 b1={21}] stage  94.3% (427072376832/453112706673) | 173.3M/s | stage ETA 2:30 | overall ? ETA ? | best -
[b2=23 b1={21}] stage  94.3% (427420905472/453112706673) | 173.5M/s | stage ETA 2:28 | overall ? ETA ? | best -
[b2=23 b1={21}] stage  94.4% (427774554112/453112706673) | 174.9M/s | stage ETA 2:24 | overall ? ETA ? | best -
[b2=23 b1={21}] stage  94.5% (428126695424/453112706673) | 175.4M/s | stage ETA 2:22 | overall ? ETA ? | best -
[b2=23 b1={21}] stage  94.6% (428473643008/453112706673) | 174.3M/s | stage ETA 2:21 | overall ? ETA ? | best -
[b2=23 b1={21}] stage  94.6% (428825460736/453112706673) | 175.1M/s | stage ETA 2:18 | overall ? ETA ? | best -
[b2=23 b1={21}] stage  94.7% (429178949632/453112706673) | 175.7M/s | stage ETA 2:16 | overall ? ETA ? | best -
[b2=23 b1={21}] stage  94.8% (429534216192/453112706673) | 176.6M/s | stage ETA 2:13 | overall ? ETA ? | best -
[b2=23 b1={21}] stage  94.9% (429887176704/453112706673) | 176.3M/s | stage ETA 2:11 | overall ? ETA ? | best -
[b2=23 b1={21}] stage  95.0% (430240989184/453112706673) | 176.3M/s | stage ETA 2:09 | overall ? ETA ? | best -
[b2=23 b1={21}] stage  95.0% (430594166784/453112706673) | 176.1M/s | stage ETA 2:07 | overall ? ETA ? | best -
[b2=23 b1={21}] stage  95.1% (430947782656/453112706673) | 176.2M/s | stage ETA 2:05 | overall ? ETA ? | best -
[b2=23 b1={21}] stage  95.2% (431299903488/453112706673) | 176.1M/s | stage ETA 2:03 | overall ? ETA ? | best -
[b2=23 b1={21}] stage  95.3% (431652888576/453112706673) | 176.0M/s | stage ETA 2:01 | overall ? ETA ? | best -
[b2=23 b1={21}] stage  95.3% (432003895296/453112706673) | 175.7M/s | stage ETA 2:00 | overall ? ETA ? | best -
[b2=23 b1={21}] stage  95.4% (432354467840/453112706673) | 175.3M/s | stage ETA 1:58 | overall ? ETA ? | best -
[b2=23 b1={21}] stage  95.5% (432702386176/453112706673) | 174.3M/s | stage ETA 1:57 | overall ? ETA ? | best -
[b2=23 b1={21}] stage  95.6% (433042210816/453112706673) | 172.0M/s | stage ETA 1:56 | overall ? ETA ? | best -
[b2=23 b1={21}] stage  95.6% (433390022656/453112706673) | 172.8M/s | stage ETA 1:54 | overall ? ETA ? | best -
[b2=23 b1={21}] stage  95.7% (433739689984/453112706673) | 173.6M/s | stage ETA 1:51 | overall ? ETA ? | best -
[b2=23 b1={21}] stage  95.8% (434090725376/453112706673) | 174.4M/s | stage ETA 1:49 | overall ? ETA ? | best -
[b2=23 b1={21}] stage  95.9% (434435878912/453112706673) | 173.2M/s | stage ETA 1:47 | overall ? ETA ? | best -
[b2=23 b1={21}] stage  96.0% (434781212672/453112706673) | 172.7M/s | stage ETA 1:46 | overall ? ETA ? | best -
[b2=23 b1={21}] stage  96.0% (435135270912/453112706673) | 174.6M/s | stage ETA 1:42 | overall ? ETA ? | best -
[b2=23 b1={21}] stage  96.1% (435487301632/453112706673) | 175.1M/s | stage ETA 1:40 | overall ? ETA ? | best -
[b2=23 b1={21}] stage  96.2% (435840024576/453112706673) | 175.6M/s | stage ETA 1:38 | overall ? ETA ? | best -
[b2=23 b1={21}] stage  96.3% (436187115520/453112706673) | 174.5M/s | stage ETA 1:37 | overall ? ETA ? | best -
[b2=23 b1={21}] stage  96.3% (436536389632/453112706673) | 174.3M/s | stage ETA 1:35 | overall ? ETA ? | best -
[b2=23 b1={21}] stage  96.4% (436888240128/453112706673) | 174.8M/s | stage ETA 1:32 | overall ? ETA ? | best -
[b2=23 b1={21}] stage  96.5% (437237026816/453112706673) | 174.2M/s | stage ETA 1:31 | overall ? ETA ? | best -
[b2=23 b1={21}] stage  96.6% (437576695808/453112706673) | 171.8M/s | stage ETA 1:30 | overall ? ETA ? | best -
[b2=23 b1={21}] stage  96.6% (437905641472/453112706673) | 167.9M/s | stage ETA 1:30 | overall ? ETA ? | best -
[b2=23 b1={21}] stage  96.7% (438246117376/453112706673) | 168.8M/s | stage ETA 1:28 | overall ? ETA ? | best -
[b2=23 b1={21}] stage  96.8% (438591520768/453112706673) | 170.5M/s | stage ETA 1:25 | overall ? ETA ? | best -
[b2=23 b1={21}] stage  96.9% (438934786048/453112706673) | 170.8M/s | stage ETA 1:22 | overall ? ETA ? | best -
[b2=23 b1={21}] stage  96.9% (439288479744/453112706673) | 173.6M/s | stage ETA 1:19 | overall ? ETA ? | best -
[b2=23 b1={21}] stage  97.0% (439639068672/453112706673) | 174.1M/s | stage ETA 1:17 | overall ? ETA ? | best -
[b2=23 b1={21}] stage  97.1% (439984300032/453112706673) | 173.3M/s | stage ETA 1:15 | overall ? ETA ? | best -
[b2=23 b1={21}] stage  97.2% (440331636736/453112706673) | 173.2M/s | stage ETA 1:13 | overall ? ETA ? | best -
[b2=23 b1={21}] stage  97.3% (440669921280/453112706673) | 170.8M/s | stage ETA 1:12 | overall ? ETA ? | best -
[b2=23 b1={21}] stage  97.3% (441014607872/453112706673) | 171.4M/s | stage ETA 1:10 | overall ? ETA ? | best -
[b2=23 b1={21}] stage  97.4% (441366581248/453112706673) | 173.5M/s | stage ETA 1:07 | overall ? ETA ? | best -
[b2=23 b1={21}] stage  97.5% (441716330496/453112706673) | 174.1M/s | stage ETA 1:05 | overall ? ETA ? | best -
[b2=23 b1={21}] stage  97.6% (442069123072/453112706673) | 175.0M/s | stage ETA 1:03 | overall ? ETA ? | best -
[b2=23 b1={21}] stage  97.6% (442409517056/453112706673) | 172.5M/s | stage ETA 1:02 | overall ? ETA ? | best -
[b2=23 b1={21}] stage  97.7% (442758938624/453112706673) | 173.5M/s | stage ETA 0:59 | overall ? ETA ? | best -
[b2=23 b1={21}] stage  97.8% (443105628160/453112706673) | 173.4M/s | stage ETA 0:57 | overall ? ETA ? | best -
[b2=23 b1={21}] stage  97.9% (443453284352/453112706673) | 173.4M/s | stage ETA 0:55 | overall ? ETA ? | best -
[b2=23 b1={21}] stage  97.9% (443800297472/453112706673) | 173.4M/s | stage ETA 0:53 | overall ? ETA ? | best -
[b2=23 b1={21}] stage  98.0% (444147953664/453112706673) | 173.3M/s | stage ETA 0:51 | overall ? ETA ? | best -
[b2=23 b1={21}] stage  98.1% (444491259904/453112706673) | 172.4M/s | stage ETA 0:49 | overall ? ETA ? | best -
[b2=23 b1={21}] stage  98.2% (444835995648/453112706673) | 172.2M/s | stage ETA 0:48 | overall ? ETA ? | best -
[b2=23 b1={21}] stage  98.3% (445189050368/453112706673) | 174.0M/s | stage ETA 0:45 | overall ? ETA ? | best -
[b2=23 b1={21}] stage  98.3% (445540786176/453112706673) | 174.8M/s | stage ETA 0:43 | overall ? ETA ? | best -
[b2=23 b1={21}] stage  98.4% (445894168576/453112706673) | 175.6M/s | stage ETA 0:41 | overall ? ETA ? | best -
[b2=23 b1={21}] stage  98.5% (446244720640/453112706673) | 175.3M/s | stage ETA 0:39 | overall ? ETA ? | best -
[b2=23 b1={21}] stage  98.6% (446597599232/453112706673) | 175.7M/s | stage ETA 0:37 | overall ? ETA ? | best -
[b2=23 b1={21}] stage  98.6% (446949216256/453112706673) | 175.6M/s | stage ETA 0:35 | overall ? ETA ? | best -
[b2=23 b1={21}] stage  98.7% (447286210560/453112706673) | 171.9M/s | stage ETA 0:33 | overall ? ETA ? | best -
[b2=23 b1={21}] stage  98.8% (447627935744/453112706673) | 171.1M/s | stage ETA 0:32 | overall ? ETA ? | best -
[b2=23 b1={21}] stage  98.9% (447971524608/453112706673) | 171.1M/s | stage ETA 0:30 | overall ? ETA ? | best -
[b2=23 b1={21}] stage  98.9% (448306896896/453112706673) | 169.3M/s | stage ETA 0:28 | overall ? ETA ? | best -
[b2=23 b1={21}] stage  99.0% (448648728576/453112706673) | 169.9M/s | stage ETA 0:26 | overall ? ETA ? | best -
[b2=23 b1={21}] stage  99.1% (448991629312/453112706673) | 170.4M/s | stage ETA 0:24 | overall ? ETA ? | best -
[b2=23 b1={21}] stage  99.2% (449337085952/453112706673) | 171.2M/s | stage ETA 0:22 | overall ? ETA ? | best -
[b2=23 b1={21}] stage  99.2% (449676099584/453112706673) | 170.0M/s | stage ETA 0:20 | overall ? ETA ? | best -
[b2=23 b1={21}] stage  99.3% (450024697856/453112706673) | 172.0M/s | stage ETA 0:17 | overall ? ETA ? | best -
[b2=23 b1={21}] stage  99.4% (450372804608/453112706673) | 172.8M/s | stage ETA 0:15 | overall ? ETA ? | best -
[b2=23 b1={21}] stage  99.5% (450721947648/453112706673) | 173.5M/s | stage ETA 0:13 | overall ? ETA ? | best -
[b2=23 b1={21}] stage  99.5% (451071254528/453112706673) | 173.7M/s | stage ETA 0:11 | overall ? ETA ? | best -
[b2=23 b1={21}] stage  99.6% (451417247744/453112706673) | 173.2M/s | stage ETA 0:09 | overall ? ETA ? | best -
[b2=23 b1={21}] stage  99.7% (451759857664/453112706673) | 172.2M/s | stage ETA 0:07 | overall ? ETA ? | best -
[b2=23 b1={21}] stage  99.8% (452104896512/453112706673) | 172.2M/s | stage ETA 0:05 | overall ? ETA ? | best -
[b2=23 b1={21}] stage  99.9% (452449755136/453112706673) | 171.8M/s | stage ETA 0:03 | overall ? ETA ? | best -
[b2=23 b1={21}] stage  99.9% (452796911616/453112706673) | 172.3M/s | stage ETA 0:01 | overall ? ETA ? | best -
stage b2=24 vs b1={22}: values [6117141027690268863066571918245810640257024, 9068298061633453450429559033030337013743616), 0 candidates (MITM path)
  MITM b1=22: s=10 t=6 j=6 je=8 Q=113379904 table=191102976 yh=1274515148395
[b2=24 b1={22}] stage 100.0% (453112706673/0) | 0.0M/s | stage ETA ? | overall ? ETA ? | best -
[b2=24 b1={22}] stage   0.0% (138874880/1274515148395) | 0.0M/s | stage ETA ? | overall ? ETA ? | best -
[b2=24 b1={22}] stage   0.0% (524034048/1274515148395) | 192.4M/s | stage ETA 1:50:21 | overall ? ETA ? | best -
[b2=24 b1={22}] stage   0.1% (936165376/1274515148395) | 199.0M/s | stage ETA 1:46:40 | overall ? ETA ? | best -
[b2=24 b1={22}] stage   0.1% (1358995456/1274515148395) | 205.0M/s | stage ETA 1:43:29 | overall ? ETA ? | best -
[b2=24 b1={22}] stage   0.1% (1780215808/1274515148395) | 207.6M/s | stage ETA 1:42:12 | overall ? ETA ? | best -
[b2=24 b1={22}] stage   0.2% (2204356608/1274515148395) | 209.5M/s | stage ETA 1:41:12 | overall ? ETA ? | best -
[b2=24 b1={22}] stage   0.2% (2627887104/1274515148395) | 210.5M/s | stage ETA 1:40:41 | overall ? ETA ? | best -
[b2=24 b1={22}] stage   0.2% (3051347968/1274515148395) | 211.1M/s | stage ETA 1:40:23 | overall ? ETA ? | best -
[b2=24 b1={22}] stage   0.3% (3474649088/1274515148395) | 211.0M/s | stage ETA 1:40:22 | overall ? ETA ? | best -
[b2=24 b1={22}] stage   0.3% (3901145088/1274515148395) | 211.7M/s | stage ETA 1:40:02 | overall ? ETA ? | best -
[b2=24 b1={22}] stage   0.3% (4300492800/1274515148395) | 205.5M/s | stage ETA 1:43:01 | overall ? ETA ? | best -
[b2=24 b1={22}] stage   0.4% (4696711168/1274515148395) | 201.5M/s | stage ETA 1:45:00 | overall ? ETA ? | best -
[b2=24 b1={22}] stage   0.4% (5074894848/1274515148395) | 195.0M/s | stage ETA 1:48:31 | overall ? ETA ? | best -
[b2=24 b1={22}] stage   0.4% (5472145408/1274515148395) | 196.4M/s | stage ETA 1:47:41 | overall ? ETA ? | best -
[b2=24 b1={22}] stage   0.5% (5864779776/1274515148395) | 196.1M/s | stage ETA 1:47:49 | overall ? ETA ? | best -
[b2=24 b1={22}] stage   0.5% (6281904128/1274515148395) | 202.1M/s | stage ETA 1:44:35 | overall ? ETA ? | best -
[b2=24 b1={22}] stage   0.5% (6666334208/1274515148395) | 197.0M/s | stage ETA 1:47:16 | overall ? ETA ? | best -
[b2=24 b1={22}] stage   0.6% (7088742400/1274515148395) | 203.8M/s | stage ETA 1:43:39 | overall ? ETA ? | best -
[b2=24 b1={22}] stage   0.6% (7472054272/1274515148395) | 197.6M/s | stage ETA 1:46:51 | overall ? ETA ? | best -
[b2=24 b1={22}] stage   0.6% (7896133632/1274515148395) | 204.4M/s | stage ETA 1:43:17 | overall ? ETA ? | best -
[b2=24 b1={22}] stage   0.6% (8282431488/1274515148395) | 198.6M/s | stage ETA 1:46:14 | overall ? ETA ? | best -
[b2=24 b1={22}] stage   0.7% (8692121600/1274515148395) | 201.5M/s | stage ETA 1:44:42 | overall ? ETA ? | best -
[b2=24 b1={22}] stage   0.7% (9095266304/1274515148395) | 201.2M/s | stage ETA 1:44:49 | overall ? ETA ? | best -
[b2=24 b1={22}] stage   0.7% (9496756224/1274515148395) | 200.7M/s | stage ETA 1:45:03 | overall ? ETA ? | best -
[b2=24 b1={22}] stage   0.8% (9903800320/1274515148395) | 201.8M/s | stage ETA 1:44:26 | overall ? ETA ? | best -
[b2=24 b1={22}] stage   0.8% (10298486784/1274515148395) | 199.3M/s | stage ETA 1:45:43 | overall ? ETA ? | best -
[b2=24 b1={22}] stage   0.8% (10720067584/1274515148395) | 204.8M/s | stage ETA 1:42:51 | overall ? ETA ? | best -
[b2=24 b1={22}] stage   0.9% (11107323904/1274515148395) | 199.0M/s | stage ETA 1:45:50 | overall ? ETA ? | best -
[b2=24 b1={22}] stage   0.9% (11529900032/1274515148395) | 204.9M/s | stage ETA 1:42:45 | overall ? ETA ? | best -
[b2=24 b1={22}] stage   0.9% (11920195584/1274515148395) | 199.8M/s | stage ETA 1:45:19 | overall ? ETA ? | best -
[b2=24 b1={22}] stage   1.0% (12347318272/1274515148395) | 206.5M/s | stage ETA 1:41:51 | overall ? ETA ? | best -
[b2=24 b1={22}] stage   1.0% (12753199104/1274515148395) | 204.5M/s | stage ETA 1:42:51 | overall ? ETA ? | best -
[b2=24 b1={22}] stage   1.0% (13170282496/1274515148395) | 206.5M/s | stage ETA 1:41:49 | overall ? ETA ? | best -
[b2=24 b1={22}] stage   1.1% (13586112512/1274515148395) | 207.1M/s | stage ETA 1:41:27 | overall ? ETA ? | best -
[b2=24 b1={22}] stage   1.1% (14005268480/1274515148395) | 208.1M/s | stage ETA 1:40:57 | overall ? ETA ? | best -
[b2=24 b1={22}] stage   1.1% (14400798720/1274515148395) | 202.1M/s | stage ETA 1:43:53 | overall ? ETA ? | best -
[b2=24 b1={22}] stage   1.2% (14804545536/1274515148395) | 201.6M/s | stage ETA 1:44:09 | overall ? ETA ? | best -
[b2=24 b1={22}] stage   1.2% (15226920960/1274515148395) | 206.1M/s | stage ETA 1:41:50 | overall ? ETA ? | best -
[b2=24 b1={22}] stage   1.2% (15639085056/1274515148395) | 205.8M/s | stage ETA 1:41:56 | overall ? ETA ? | best -
[b2=24 b1={22}] stage   1.3% (16035627008/1274515148395) | 201.7M/s | stage ETA 1:43:58 | overall ? ETA ? | best -
[b2=24 b1={22}] stage   1.3% (16435908608/1274515148395) | 200.6M/s | stage ETA 1:44:30 | overall ? ETA ? | best -
[b2=24 b1={22}] stage   1.3% (16855834624/1274515148395) | 205.0M/s | stage ETA 1:42:14 | overall ? ETA ? | best -
[b2=24 b1={22}] stage   1.4% (17277677568/1274515148395) | 207.7M/s | stage ETA 1:40:52 | overall ? ETA ? | best -
[b2=24 b1={22}] stage   1.4% (17712959488/1274515148395) | 211.9M/s | stage ETA 1:38:51 | overall ? ETA ? | best -
[b2=24 b1={22}] stage   1.4% (18138492928/1274515148395) | 212.1M/s | stage ETA 1:38:43 | overall ? ETA ? | best -
[b2=24 b1={22}] stage   1.5% (18568450048/1274515148395) | 213.4M/s | stage ETA 1:38:05 | overall ? ETA ? | best -
[b2=24 b1={22}] stage   1.5% (18998046720/1274515148395) | 213.8M/s | stage ETA 1:37:51 | overall ? ETA ? | best -
[b2=24 b1={22}] stage   1.5% (19429089280/1274515148395) | 214.5M/s | stage ETA 1:37:31 | overall ? ETA ? | best -
[b2=24 b1={22}] stage   1.6% (19861475328/1274515148395) | 215.1M/s | stage ETA 1:37:12 | overall ? ETA ? | best -
[b2=24 b1={22}] stage   1.6% (20294148096/1274515148395) | 215.5M/s | stage ETA 1:37:00 | overall ? ETA ? | best -
[b2=24 b1={22}] stage   1.6% (20717932544/1274515148395) | 213.6M/s | stage ETA 1:37:50 | overall ? ETA ? | best -
[b2=24 b1={22}] stage   1.7% (21105115136/1274515148395) | 203.2M/s | stage ETA 1:42:47 | overall ? ETA ? | best -
[b2=24 b1={22}] stage   1.7% (21525164032/1274515148395) | 206.2M/s | stage ETA 1:41:17 | overall ? ETA ? | best -
[b2=24 b1={22}] stage   1.7% (21922267136/1274515148395) | 202.1M/s | stage ETA 1:43:18 | overall ? ETA ? | best -
[b2=24 b1={22}] stage   1.8% (22331367424/1274515148395) | 202.9M/s | stage ETA 1:42:49 | overall ? ETA ? | best -
[b2=24 b1={22}] stage   1.8% (22736719872/1274515148395) | 202.4M/s | stage ETA 1:43:05 | overall ? ETA ? | best -
[b2=24 b1={22}] stage   1.8% (23135997952/1274515148395) | 200.6M/s | stage ETA 1:43:56 | overall ? ETA ? | best -
[b2=24 b1={22}] stage   1.8% (23551074304/1274515148395) | 203.9M/s | stage ETA 1:42:15 | overall ? ETA ? | best -
[b2=24 b1={22}] stage   1.9% (23942062080/1274515148395) | 199.3M/s | stage ETA 1:44:34 | overall ? ETA ? | best -
[b2=24 b1={22}] stage   1.9% (24368619520/1274515148395) | 206.2M/s | stage ETA 1:41:03 | overall ? ETA ? | best -
[b2=24 b1={22}] stage   1.9% (24747167744/1274515148395) | 197.6M/s | stage ETA 1:45:26 | overall ? ETA ? | best -
[b2=24 b1={22}] stage   2.0% (25169891328/1274515148395) | 204.1M/s | stage ETA 1:42:01 | overall ? ETA ? | best -
[b2=24 b1={22}] stage   2.0% (25562640384/1274515148395) | 200.2M/s | stage ETA 1:43:59 | overall ? ETA ? | best -
[b2=24 b1={22}] stage   2.0% (25971601408/1274515148395) | 202.2M/s | stage ETA 1:42:53 | overall ? ETA ? | best -
[b2=24 b1={22}] stage   2.1% (26371194880/1274515148395) | 200.9M/s | stage ETA 1:43:33 | overall ? ETA ? | best -
[b2=24 b1={22}] stage   2.1% (26773504000/1274515148395) | 200.8M/s | stage ETA 1:43:33 | overall ? ETA ? | best -
[b2=24 b1={22}] stage   2.1% (27182641152/1274515148395) | 202.7M/s | stage ETA 1:42:34 | overall ? ETA ? | best -
[b2=24 b1={22}] stage   2.2% (27581116416/1274515148395) | 200.6M/s | stage ETA 1:43:36 | overall ? ETA ? | best -
[b2=24 b1={22}] stage   2.2% (28002795520/1274515148395) | 205.4M/s | stage ETA 1:41:09 | overall ? ETA ? | best -
[b2=24 b1={22}] stage   2.2% (28361187328/1274515148395) | 192.1M/s | stage ETA 1:48:06 | overall ? ETA ? | best -
[b2=24 b1={22}] stage   2.3% (28769218560/1274515148395) | 198.0M/s | stage ETA 1:44:52 | overall ? ETA ? | best -
[b2=24 b1={22}] stage   2.3% (29213954048/1274515148395) | 209.8M/s | stage ETA 1:38:55 | overall ? ETA ? | best -
[b2=24 b1={22}] stage   2.3% (29624799232/1274515148395) | 207.1M/s | stage ETA 1:40:11 | overall ? ETA ? | best -
[b2=24 b1={22}] stage   2.4% (30045245440/1274515148395) | 208.4M/s | stage ETA 1:39:32 | overall ? ETA ? | best -
[b2=24 b1={22}] stage   2.4% (30477664256/1274515148395) | 212.1M/s | stage ETA 1:37:44 | overall ? ETA ? | best -
[b2=24 b1={22}] stage   2.4% (30895325184/1274515148395) | 210.4M/s | stage ETA 1:38:31 | overall ? ETA ? | best -
[b2=24 b1={22}] stage   2.5% (31308451840/1274515148395) | 208.2M/s | stage ETA 1:39:30 | overall ? ETA ? | best -
[b2=24 b1={22}] stage   2.5% (31715995648/1274515148395) | 205.8M/s | stage ETA 1:40:37 | overall ? ETA ? | best -
[b2=24 b1={22}] stage   2.5% (32115257344/1274515148395) | 202.5M/s | stage ETA 1:42:15 | overall ? ETA ? | best -
[b2=24 b1={22}] stage   2.6% (32505520128/1274515148395) | 198.6M/s | stage ETA 1:44:14 | overall ? ETA ? | best -
[b2=24 b1={22}] stage   2.6% (32928808960/1274515148395) | 205.0M/s | stage ETA 1:40:57 | overall ? ETA ? | best -
[b2=24 b1={22}] stage   2.6% (33354665984/1274515148395) | 208.6M/s | stage ETA 1:39:09 | overall ? ETA ? | best -
[b2=24 b1={22}] stage   2.6% (33770336256/1274515148395) | 208.0M/s | stage ETA 1:39:24 | overall ? ETA ? | best -
[b2=24 b1={22}] stage   2.7% (34191081472/1274515148395) | 209.2M/s | stage ETA 1:38:49 | overall ? ETA ? | best -
[b2=24 b1={22}] stage   2.7% (34622939136/1274515148395) | 211.9M/s | stage ETA 1:37:31 | overall ? ETA ? | best -
[b2=24 b1={22}] stage   2.7% (35048468480/1274515148395) | 211.9M/s | stage ETA 1:37:29 | overall ? ETA ? | best -
[b2=24 b1={22}] stage   2.8% (35478949888/1274515148395) | 213.2M/s | stage ETA 1:36:51 | overall ? ETA ? | best -
[b2=24 b1={22}] stage   2.8% (35908055040/1274515148395) | 213.6M/s | stage ETA 1:36:38 | overall ? ETA ? | best -
[b2=24 b1={22}] stage   2.9% (36338065408/1274515148395) | 214.0M/s | stage ETA 1:36:24 | overall ? ETA ? | best -
[b2=24 b1={22}] stage   2.9% (36768223232/1274515148395) | 214.2M/s | stage ETA 1:36:19 | overall ? ETA ? | best -
[b2=24 b1={22}] stage   2.9% (37059833856/1274515148395) | 179.7M/s | stage ETA 1:54:44 | overall ? ETA ? | best -
[b2=24 b1={22}] stage   2.9% (37335580672/1274515148395) | 158.5M/s | stage ETA 2:10:06 | overall ? ETA ? | best -
[b2=24 b1={22}] stage   3.0% (37689106432/1274515148395) | 167.4M/s | stage ETA 2:03:10 | overall ? ETA ? | best -
[b2=24 b1={22}] stage   3.0% (37928202240/1274515148395) | 143.4M/s | stage ETA 2:23:43 | overall ? ETA ? | best -
[b2=24 b1={22}] stage   3.0% (38332293120/1274515148395) | 172.5M/s | stage ETA 1:59:27 | overall ? ETA ? | best -
[b2=24 b1={22}] stage   3.0% (38574850048/1274515148395) | 146.9M/s | stage ETA 2:20:15 | overall ? ETA ? | best -
[b2=24 b1={22}] stage   3.1% (38890168320/1274515148395) | 152.1M/s | stage ETA 2:15:23 | overall ? ETA ? | best -
[b2=24 b1={22}] stage   3.1% (39212535808/1274515148395) | 156.4M/s | stage ETA 2:11:35 | overall ? ETA ? | best -
[b2=24 b1={22}] stage   3.1% (39454801920/1274515148395) | 138.7M/s | stage ETA 2:28:22 | overall ? ETA ? | best -
[b2=24 b1={22}] stage   3.1% (39859138560/1274515148395) | 170.2M/s | stage ETA 2:00:53 | overall ? ETA ? | best -
[b2=24 b1={22}] stage   3.1% (40099561472/1274515148395) | 145.0M/s | stage ETA 2:21:50 | overall ? ETA ? | best -
[b2=24 b1={22}] stage   3.2% (40447844352/1274515148395) | 159.5M/s | stage ETA 2:08:59 | overall ? ETA ? | best -
[b2=24 b1={22}] stage   3.2% (40698634240/1274515148395) | 142.3M/s | stage ETA 2:24:31 | overall ? ETA ? | best -
[b2=24 b1={22}] stage   3.2% (40952344576/1274515148395) | 134.5M/s | stage ETA 2:32:52 | overall ? ETA ? | best -
[b2=24 b1={22}] stage   3.2% (41325363200/1274515148395) | 160.0M/s | stage ETA 2:08:25 | overall ? ETA ? | best -
[b2=24 b1={22}] stage   3.3% (41543536640/1274515148395) | 134.5M/s | stage ETA 2:32:49 | overall ? ETA ? | best -
[b2=24 b1={22}] stage   3.3% (41860628480/1274515148395) | 146.3M/s | stage ETA 2:20:24 | overall ? ETA ? | best -
[b2=24 b1={22}] stage   3.3% (42166992896/1274515148395) | 149.5M/s | stage ETA 2:17:22 | overall ? ETA ? | best -
[b2=24 b1={22}] stage   3.3% (42427797504/1274515148395) | 139.9M/s | stage ETA 2:26:48 | overall ? ETA ? | best -
[b2=24 b1={22}] stage   3.4% (42816897024/1274515148395) | 167.0M/s | stage ETA 2:02:55 | overall ? ETA ? | best -
[b2=24 b1={22}] stage   3.4% (43053920256/1274515148395) | 142.6M/s | stage ETA 2:23:53 | overall ? ETA ? | best -
[b2=24 b1={22}] stage   3.4% (43416260608/1274515148395) | 161.7M/s | stage ETA 2:06:52 | overall ? ETA ? | best -
[b2=24 b1={22}] stage   3.4% (43678666752/1274515148395) | 146.2M/s | stage ETA 2:20:19 | overall ? ETA ? | best -
[b2=24 b1={22}] stage   3.5% (43976527872/1274515148395) | 147.3M/s | stage ETA 2:19:16 | overall ? ETA ? | best -
[b2=24 b1={22}] stage   3.5% (44326137856/1274515148395) | 160.9M/s | stage ETA 2:07:23 | overall ? ETA ? | best -
[b2=24 b1={22}] stage   3.5% (44560506880/1274515148395) | 138.8M/s | stage ETA 2:27:38 | overall ? ETA ? | best -
[b2=24 b1={22}] stage   3.5% (44959186944/1274515148395) | 168.9M/s | stage ETA 2:01:20 | overall ? ETA ? | best -
[b2=24 b1={22}] stage   3.6% (45392494592/1274515148395) | 192.3M/s | stage ETA 1:46:30 | overall ? ETA ? | best -
[b2=24 b1={22}] stage   3.6% (45826686976/1274515148395) | 204.4M/s | stage ETA 1:40:11 | overall ? ETA ? | best -
[b2=24 b1={22}] stage   3.6% (46256803840/1274515148395) | 209.5M/s | stage ETA 1:37:43 | overall ? ETA ? | best -
[b2=24 b1={22}] stage   3.7% (46688321536/1274515148395) | 212.3M/s | stage ETA 1:36:24 | overall ? ETA ? | best -
[b2=24 b1={22}] stage   3.7% (47123775488/1274515148395) | 214.5M/s | stage ETA 1:35:21 | overall ? ETA ? | best -
[b2=24 b1={22}] stage   3.7% (47558692864/1274515148395) | 215.7M/s | stage ETA 1:34:49 | overall ? ETA ? | best -
[b2=24 b1={22}] stage   3.8% (47994335232/1274515148395) | 216.2M/s | stage ETA 1:34:33 | overall ? ETA ? | best -
[b2=24 b1={22}] stage   3.8% (48428687360/1274515148395) | 216.0M/s | stage ETA 1:34:35 | overall ? ETA ? | best -
[b2=24 b1={22}] stage   3.8% (48861761536/1274515148395) | 216.1M/s | stage ETA 1:34:32 | overall ? ETA ? | best -
[b2=24 b1={22}] stage   3.9% (49297080320/1274515148395) | 216.7M/s | stage ETA 1:34:13 | overall ? ETA ? | best -
[b2=24 b1={22}] stage   3.9% (49726717952/1274515148395) | 215.4M/s | stage ETA 1:34:44 | overall ? ETA ? | best -
[b2=24 b1={22}] stage   3.9% (50127028224/1274515148395) | 207.5M/s | stage ETA 1:38:19 | overall ? ETA ? | best -
[b2=24 b1={22}] stage   4.0% (50514141184/1274515148395) | 200.4M/s | stage ETA 1:41:48 | overall ? ETA ? | best -
[b2=24 b1={22}] stage   4.0% (50928857088/1274515148395) | 203.6M/s | stage ETA 1:40:09 | overall ? ETA ? | best -
[b2=24 b1={22}] stage   4.0% (51353411584/1274515148395) | 207.7M/s | stage ETA 1:38:09 | overall ? ETA ? | best -
[b2=24 b1={22}] stage   4.1% (51786682368/1274515148395) | 211.6M/s | stage ETA 1:36:19 | overall ? ETA ? | best -
[b2=24 b1={22}] stage   4.1% (52219445248/1274515148395) | 213.6M/s | stage ETA 1:35:21 | overall ? ETA ? | best -
[b2=24 b1={22}] stage   4.1% (52648157184/1274515148395) | 213.9M/s | stage ETA 1:35:11 | overall ? ETA ? | best -
[b2=24 b1={22}] stage   4.2% (52899115008/1274515148395) | 169.4M/s | stage ETA 2:00:11 | overall ? ETA ? | best -
[b2=24 b1={22}] stage   4.2% (53213626368/1274515148395) | 163.2M/s | stage ETA 2:04:43 | overall ? ETA ? | best -
[b2=24 b1={22}] stage   4.2% (53547921408/1274515148395) | 164.8M/s | stage ETA 2:03:29 | overall ? ETA ? | best -
[b2=24 b1={22}] stage   4.2% (53785116672/1274515148395) | 141.6M/s | stage ETA 2:23:42 | overall ? ETA ? | best -
[b2=24 b1={22}] stage   4.3% (54179815424/1274515148395) | 169.3M/s | stage ETA 2:00:09 | overall ? ETA ? | best -
[b2=24 b1={22}] stage   4.3% (54421471232/1274515148395) | 144.9M/s | stage ETA 2:20:17 | overall ? ETA ? | best -
[b2=24 b1={22}] stage   4.3% (54767185920/1274515148395) | 158.8M/s | stage ETA 2:08:02 | overall ? ETA ? | best -
[b2=24 b1={22}] stage   4.3% (55065485312/1274515148395) | 153.7M/s | stage ETA 2:12:14 | overall ? ETA ? | best -
[b2=24 b1={22}] stage   4.3% (55331233792/1274515148395) | 143.2M/s | stage ETA 2:21:55 | overall ? ETA ? | best -
[b2=24 b1={22}] stage   4.4% (55701164032/1274515148395) | 163.9M/s | stage ETA 2:03:57 | overall ? ETA ? | best -
[b2=24 b1={22}] stage   4.4% (55936819200/1274515148395) | 140.7M/s | stage ETA 2:24:21 | overall ? ETA ? | best -
[b2=24 b1={22}] stage   4.4% (56323780608/1274515148395) | 167.0M/s | stage ETA 2:01:34 | overall ? ETA ? | best -
[b2=24 b1={22}] stage   4.4% (56586321920/1274515148395) | 149.0M/s | stage ETA 2:16:12 | overall ? ETA ? | best -
[b2=24 b1={22}] stage   4.5% (56887664640/1274515148395) | 149.5M/s | stage ETA 2:15:44 | overall ? ETA ? | best -
[b2=24 b1={22}] stage   4.5% (57215836160/1274515148395) | 156.5M/s | stage ETA 2:09:36 | overall ? ETA ? | best -
[b2=24 b1={22}] stage   4.5% (57452658688/1274515148395) | 137.4M/s | stage ETA 2:27:37 | overall ? ETA ? | best -
[b2=24 b1={22}] stage   4.5% (57865424896/1274515148395) | 171.6M/s | stage ETA 1:58:09 | overall ? ETA ? | best -
[b2=24 b1={22}] stage   4.6% (58103328768/1274515148395) | 144.9M/s | stage ETA 2:19:55 | overall ? ETA ? | best -
[b2=24 b1={22}] stage   4.6% (58452455424/1274515148395) | 159.7M/s | stage ETA 2:06:54 | overall ? ETA ? | best -
[b2=24 b1={22}] stage   4.6% (58742378496/1274515148395) | 152.1M/s | stage ETA 2:13:13 | overall ? ETA ? | best -
[b2=24 b1={22}] stage   4.6% (59016142848/1274515148395) | 144.3M/s | stage ETA 2:20:22 | overall ? ETA ? | best -
[b2=24 b1={22}] stage   4.7% (59388772352/1274515148395) | 165.3M/s | stage ETA 2:02:31 | overall ? ETA ? | best -
[b2=24 b1={22}] stage   4.7% (59625385984/1274515148395) | 141.6M/s | stage ETA 2:22:58 | overall ? ETA ? | best -
[b2=24 b1={22}] stage   4.7% (60004814848/1274515148395) | 165.1M/s | stage ETA 2:02:36 | overall ? ETA ? | best -
[b2=24 b1={22}] stage   4.7% (60254826496/1274515148395) | 145.0M/s | stage ETA 2:19:36 | overall ? ETA ? | best -
[b2=24 b1={22}] stage   4.8% (60570103808/1274515148395) | 151.1M/s | stage ETA 2:13:52 | overall ? ETA ? | best -
[b2=24 b1={22}] stage   4.8% (61001961472/1274515148395) | 183.3M/s | stage ETA 1:50:21 | overall ? ETA ? | best -
[b2=24 b1={22}] stage   4.8% (61436719104/1274515148395) | 199.9M/s | stage ETA 1:41:09 | overall ? ETA ? | best -
[b2=24 b1={22}] stage   4.9% (61869723648/1274515148395) | 208.0M/s | stage ETA 1:37:11 | overall ? ETA ? | best -
[b2=24 b1={22}] stage   4.9% (62305165312/1274515148395) | 212.6M/s | stage ETA 1:35:02 | overall ? ETA ? | best -
[b2=24 b1={22}] stage   4.9% (62739767296/1274515148395) | 214.4M/s | stage ETA 1:34:11 | overall ? ETA ? | best -
[b2=24 b1={22}] stage   5.0% (63174721536/1274515148395) | 215.6M/s | stage ETA 1:33:38 | overall ? ETA ? | best -
[b2=24 b1={22}] stage   5.0% (63610048512/1274515148395) | 216.1M/s | stage ETA 1:33:24 | overall ? ETA ? | best -
[b2=24 b1={22}] stage   5.0% (64042172416/1274515148395) | 215.8M/s | stage ETA 1:33:29 | overall ? ETA ? | best -
[b2=24 b1={22}] stage   5.1% (64476913664/1274515148395) | 216.2M/s | stage ETA 1:33:15 | overall ? ETA ? | best -
[b2=24 b1={22}] stage   5.1% (64910434304/1274515148395) | 216.3M/s | stage ETA 1:33:11 | overall ? ETA ? | best -
[b2=24 b1={22}] stage   5.1% (65342894080/1274515148395) | 215.9M/s | stage ETA 1:33:19 | overall ? ETA ? | best -
[b2=24 b1={22}] stage   5.2% (65780101120/1274515148395) | 216.9M/s | stage ETA 1:32:52 | overall ? ETA ? | best -
[b2=24 b1={22}] stage   5.2% (66213756928/1274515148395) | 216.3M/s | stage ETA 1:33:06 | overall ? ETA ? | best -
[b2=24 b1={22}] stage   5.2% (66644971520/1274515148395) | 215.3M/s | stage ETA 1:33:29 | overall ? ETA ? | best -
[b2=24 b1={22}] stage   5.3% (67076009984/1274515148395) | 215.3M/s | stage ETA 1:33:28 | overall ? ETA ? | best -
[b2=24 b1={22}] stage   5.3% (67507851264/1274515148395) | 215.4M/s | stage ETA 1:33:22 | overall ? ETA ? | best -
[b2=24 b1={22}] stage   5.3% (67936899072/1274515148395) | 214.8M/s | stage ETA 1:33:36 | overall ? ETA ? | best -
[b2=24 b1={22}] stage   5.4% (68370223104/1274515148395) | 215.4M/s | stage ETA 1:33:19 | overall ? ETA ? | best -
[b2=24 b1={22}] stage   5.4% (68801093632/1274515148395) | 215.2M/s | stage ETA 1:33:23 | overall ? ETA ? | best -
[b2=24 b1={22}] stage   5.4% (69232787456/1274515148395) | 215.4M/s | stage ETA 1:33:15 | overall ? ETA ? | best -
[b2=24 b1={22}] stage   5.5% (69473230848/1274515148395) | 167.8M/s | stage ETA 1:59:43 | overall ? ETA ? | best -
[b2=24 b1={22}] stage   5.5% (69794820096/1274515148395) | 164.1M/s | stage ETA 2:02:21 | overall ? ETA ? | best -
[b2=24 b1={22}] stage   5.5% (70114693120/1274515148395) | 161.9M/s | stage ETA 2:03:56 | overall ? ETA ? | best -
[b2=24 b1={22}] stage   5.5% (70355083264/1274515148395) | 141.0M/s | stage ETA 2:22:17 | overall ? ETA ? | best -
[b2=24 b1={22}] stage   5.6% (70747836416/1274515148395) | 168.6M/s | stage ETA 1:58:58 | overall ? ETA ? | best -
[b2=24 b1={22}] stage   5.6% (70985269248/1274515148395) | 143.6M/s | stage ETA 2:19:41 | overall ? ETA ? | best -
[b2=24 b1={22}] stage   5.6% (71346790400/1274515148395) | 161.9M/s | stage ETA 2:03:53 | overall ? ETA ? | best -
[b2=24 b1={22}] stage   5.6% (71634710528/1274515148395) | 152.7M/s | stage ETA 2:11:15 | overall ? ETA ? | best -
[b2=24 b1={22}] stage   5.6% (71909412864/1274515148395) | 144.9M/s | stage ETA 2:18:18 | overall ? ETA ? | best -
[b2=24 b1={22}] stage   5.7% (72261632000/1274515148395) | 160.2M/s | stage ETA 2:05:06 | overall ? ETA ? | best -
[b2=24 b1={22}] stage   5.7% (72498032640/1274515148395) | 138.9M/s | stage ETA 2:24:16 | overall ? ETA ? | best -
[b2=24 b1={22}] stage   5.7% (72900681728/1274515148395) | 169.8M/s | stage ETA 1:57:55 | overall ? ETA ? | best -
[b2=24 b1={22}] stage   5.7% (73147518976/1274515148395) | 146.5M/s | stage ETA 2:16:40 | overall ? ETA ? | best -
[b2=24 b1={22}] stage   5.8% (73468932096/1274515148395) | 153.3M/s | stage ETA 2:10:33 | overall ? ETA ? | best -
[b2=24 b1={22}] stage   5.8% (73788346368/1274515148395) | 156.3M/s | stage ETA 2:08:04 | overall ? ETA ? | best -
[b2=24 b1={22}] stage   5.8% (74036924416/1274515148395) | 140.1M/s | stage ETA 2:22:46 | overall ? ETA ? | best -
[b2=24 b1={22}] stage   5.8% (74438291456/1274515148395) | 170.2M/s | stage ETA 1:57:29 | overall ? ETA ? | best -
[b2=24 b1={22}] stage   5.9% (74675736576/1274515148395) | 144.3M/s | stage ETA 2:18:33 | overall ? ETA ? | best -
[b2=24 b1={22}] stage   5.9% (75035058176/1274515148395) | 161.8M/s | stage ETA 2:03:31 | overall ? ETA ? | best -
[b2=24 b1={22}] stage   5.9% (75306647552/1274515148395) | 148.6M/s | stage ETA 2:14:28 | overall ? ETA ? | best -
[b2=24 b1={22}] stage   5.9% (75605454848/1274515148395) | 148.8M/s | stage ETA 2:14:16 | overall ? ETA ? | best -
[b2=24 b1={22}] stage   6.0% (75957800960/1274515148395) | 162.0M/s | stage ETA 2:03:18 | overall ? ETA ? | best -
[b2=24 b1={22}] stage   6.0% (76199137280/1274515148395) | 141.2M/s | stage ETA 2:21:25 | overall ? ETA ? | best -
[b2=24 b1={22}] stage   6.0% (76598198272/1274515148395) | 170.2M/s | stage ETA 1:57:19 | overall ? ETA ? | best -
[b2=24 b1={22}] stage   6.0% (76809846784/1274515148395) | 137.7M/s | stage ETA 2:24:57 | overall ? ETA ? | best -
[b2=24 b1={22}] stage   6.1% (77117964288/1274515148395) | 145.6M/s | stage ETA 2:17:01 | overall ? ETA ? | best -
[b2=24 b1={22}] stage   6.1% (77545177088/1274515148395) | 179.6M/s | stage ETA 1:51:06 | overall ? ETA ? | best -
[b2=24 b1={22}] stage   6.1% (77977100288/1274515148395) | 197.2M/s | stage ETA 1:41:07 | overall ? ETA ? | best -
[b2=24 b1={22}] stage   6.2% (78407827456/1274515148395) | 206.1M/s | stage ETA 1:36:43 | overall ? ETA ? | best -
[b2=24 b1={22}] stage   6.2% (78841753600/1274515148395) | 211.1M/s | stage ETA 1:34:23 | overall ? ETA ? | best -
[b2=24 b1={22}] stage   6.2% (79268065280/1274515148395) | 211.8M/s | stage ETA 1:34:02 | overall ? ETA ? | best -
[b2=24 b1={22}] stage   6.3% (79683145728/1274515148395) | 209.5M/s | stage ETA 1:35:04 | overall ? ETA ? | best -
[b2=24 b1={22}] stage   6.3% (80099741696/1274515148395) | 208.7M/s | stage ETA 1:35:21 | overall ? ETA ? | best -
[b2=24 b1={22}] stage   6.3% (80532926464/1274515148395) | 212.3M/s | stage ETA 1:33:43 | overall ? ETA ? | best -
[b2=24 b1={22}] stage   6.4% (80955961344/1274515148395) | 211.7M/s | stage ETA 1:33:57 | overall ? ETA ? | best -
[b2=24 b1={22}] stage   6.4% (81386676224/1274515148395) | 213.5M/s | stage ETA 1:33:08 | overall ? ETA ? | best -
[b2=24 b1={22}] stage   6.4% (81817047040/1274515148395) | 214.2M/s | stage ETA 1:32:48 | overall ? ETA ? | best -
[b2=24 b1={22}] stage   6.5% (82241908736/1274515148395) | 213.1M/s | stage ETA 1:33:15 | overall ? ETA ? | best -
[b2=24 b1={22}] stage   6.5% (82665213952/1274515148395) | 212.2M/s | stage ETA 1:33:37 | overall ? ETA ? | best -
[b2=24 b1={22}] stage   6.5% (83096821760/1274515148395) | 213.7M/s | stage ETA 1:32:55 | overall ? ETA ? | best -
[b2=24 b1={22}] stage   6.6% (83530194944/1274515148395) | 214.8M/s | stage ETA 1:32:23 | overall ? ETA ? | best -
[b2=24 b1={22}] stage   6.6% (83965849600/1274515148395) | 216.0M/s | stage ETA 1:31:50 | overall ? ETA ? | best -
[b2=24 b1={22}] stage   6.6% (84399448064/1274515148395) | 216.1M/s | stage ETA 1:31:47 | overall ? ETA ? | best -
[b2=24 b1={22}] stage   6.7% (84836372480/1274515148395) | 217.0M/s | stage ETA 1:31:22 | overall ? ETA ? | best -
[b2=24 b1={22}] stage   6.7% (85175889920/1274515148395) | 193.2M/s | stage ETA 1:42:35 | overall ? ETA ? | best -
[b2=24 b1={22}] stage   6.7% (85412573184/1274515148395) | 155.7M/s | stage ETA 2:07:14 | overall ? ETA ? | best -
[b2=24 b1={22}] stage   6.7% (85807079424/1274515148395) | 176.3M/s | stage ETA 1:52:24 | overall ? ETA ? | best -
[b2=24 b1={22}] stage   6.8% (86045757440/1274515148395) | 147.7M/s | stage ETA 2:14:09 | overall ? ETA ? | best -
[b2=24 b1={22}] stage   6.8% (86391742464/1274515148395) | 159.9M/s | stage ETA 2:03:49 | overall ? ETA ? | best -
[b2=24 b1={22}] stage   6.8% (86688993280/1274515148395) | 154.0M/s | stage ETA 2:08:32 | overall ? ETA ? | best -
[b2=24 b1={22}] stage   6.8% (86953349120/1274515148395) | 142.9M/s | stage ETA 2:18:27 | overall ? ETA ? | best -
[b2=24 b1={22}] stage   6.9% (87328907264/1274515148395) | 165.2M/s | stage ETA 1:59:46 | overall ? ETA ? | best -
[b2=24 b1={22}] stage   6.9% (87567036416/1274515148395) | 142.0M/s | stage ETA 2:19:17 | overall ? ETA ? | best -
[b2=24 b1={22}] stage   6.9% (87953625088/1274515148395) | 167.4M/s | stage ETA 1:58:06 | overall ? ETA ? | best -
[b2=24 b1={22}] stage   6.9% (88216649728/1274515148395) | 149.2M/s | stage ETA 2:12:33 | overall ? ETA ? | best -
[b2=24 b1={22}] stage   6.9% (88521670656/1274515148395) | 150.6M/s | stage ETA 2:11:13 | overall ? ETA ? | best -
[b2=24 b1={22}] stage   7.0% (88844591104/1274515148395) | 155.9M/s | stage ETA 2:06:45 | overall ? ETA ? | best -
[b2=24 b1={22}] stage   7.0% (89069465600/1274515148395) | 134.1M/s | stage ETA 2:27:22 | overall ? ETA ? | best -
[b2=24 b1={22}] stage   7.0% (89476124672/1274515148395) | 168.3M/s | stage ETA 1:57:19 | overall ? ETA ? | best -
[b2=24 b1={22}] stage   7.0% (89716719616/1274515148395) | 144.1M/s | stage ETA 2:17:01 | overall ? ETA ? | best -
[b2=24 b1={22}] stage   7.1% (90039398400/1274515148395) | 152.6M/s | stage ETA 2:09:24 | overall ? ETA ? | best -
[b2=24 b1={22}] stage   7.1% (90346196992/1274515148395) | 152.7M/s | stage ETA 2:09:15 | overall ? ETA ? | best -
[b2=24 b1={22}] stage   7.1% (90600554496/1274515148395) | 139.8M/s | stage ETA 2:21:06 | overall ? ETA ? | best -
[b2=24 b1={22}] stage   7.1% (90994479104/1274515148395) | 168.4M/s | stage ETA 1:57:09 | overall ? ETA ? | best -
[b2=24 b1={22}] stage   7.2% (91230625792/1274515148395) | 143.0M/s | stage ETA 2:17:52 | overall ? ETA ? | best -
[b2=24 b1={22}] stage   7.2% (91595755520/1274515148395) | 162.7M/s | stage ETA 2:01:12 | overall ? ETA ? | best -
[b2=24 b1={22}] stage   7.2% (91865849856/1274515148395) | 148.7M/s | stage ETA 2:12:35 | overall ? ETA ? | best -
[b2=24 b1={22}] stage   7.2% (92160040960/1274515148395) | 147.9M/s | stage ETA 2:13:15 | overall ? ETA ? | best -
[b2=24 b1={22}] stage   7.3% (92501917696/1274515148395) | 159.1M/s | stage ETA 2:03:48 | overall ? ETA ? | best -
[b2=24 b1={22}] stage   7.3% (92737232896/1274515148395) | 138.1M/s | stage ETA 2:22:37 | overall ? ETA ? | best -
[b2=24 b1={22}] stage   7.3% (93133049856/1274515148395) | 167.8M/s | stage ETA 1:57:19 | overall ? ETA ? | best -
[b2=24 b1={22}] stage   7.3% (93566828544/1274515148395) | 192.2M/s | stage ETA 1:42:22 | overall ? ETA ? | best -
[b2=24 b1={22}] stage   7.4% (94001512448/1274515148395) | 204.6M/s | stage ETA 1:36:10 | overall ? ETA ? | best -
[b2=24 b1={22}] stage   7.4% (94435115008/1274515148395) | 210.4M/s | stage ETA 1:33:28 | overall ? ETA ? | best -
[b2=24 b1={22}] stage   7.4% (94869381120/1274515148395) | 213.5M/s | stage ETA 1:32:05 | overall ? ETA ? | best -
[b2=24 b1={22}] stage   7.5% (95304757248/1274515148395) | 215.3M/s | stage ETA 1:31:17 | overall ? ETA ? | best -
[b2=24 b1={22}] stage   7.5% (95739584512/1274515148395) | 216.1M/s | stage ETA 1:30:54 | overall ? ETA ? | best -
[b2=24 b1={22}] stage   7.5% (96175861760/1274515148395) | 216.9M/s | stage ETA 1:30:32 | overall ? ETA ? | best -
[b2=24 b1={22}] stage   7.6% (96612245504/1274515148395) | 217.3M/s | stage ETA 1:30:20 | overall ? ETA ? | best -
[b2=24 b1={22}] stage   7.6% (97047314432/1274515148395) | 217.2M/s | stage ETA 1:30:21 | overall ? ETA ? | best -
[b2=24 b1={22}] stage   7.6% (97472196608/1274515148395) | 214.6M/s | stage ETA 1:31:25 | overall ? ETA ? | best -
[b2=24 b1={22}] stage   7.7% (97879748608/1274515148395) | 208.9M/s | stage ETA 1:33:51 | overall ? ETA ? | best -
[b2=24 b1={22}] stage   7.7% (98307895296/1274515148395) | 211.2M/s | stage ETA 1:32:48 | overall ? ETA ? | best -
[b2=24 b1={22}] stage   7.7% (98734419968/1274515148395) | 212.0M/s | stage ETA 1:32:26 | overall ? ETA ? | best -
[b2=24 b1={22}] stage   7.8% (99164143616/1274515148395) | 213.3M/s | stage ETA 1:31:49 | overall ? ETA ? | best -
[b2=24 b1={22}] stage   7.8% (99593379840/1274515148395) | 214.0M/s | stage ETA 1:31:31 | overall ? ETA ? | best -
[b2=24 b1={22}] stage   7.8% (100023701504/1274515148395) | 214.3M/s | stage ETA 1:31:20 | overall ? ETA ? | best -
[b2=24 b1={22}] stage   7.9% (100452442112/1274515148395) | 214.0M/s | stage ETA 1:31:25 | overall ? ETA ? | best -
[b2=24 b1={22}] stage   7.9% (100883935232/1274515148395) | 214.6M/s | stage ETA 1:31:08 | overall ? ETA ? | best -
[b2=24 b1={22}] stage   7.9% (101310926848/1274515148395) | 213.7M/s | stage ETA 1:31:30 | overall ? ETA ? | best -
[b2=24 b1={22}] stage   8.0% (101671333888/1274515148395) | 196.8M/s | stage ETA 1:39:18 | overall ? ETA ? | best -
[b2=24 b1={22}] stage   8.0% (101897416704/1274515148395) | 154.8M/s | stage ETA 2:06:16 | overall ? ETA ? | best -
[b2=24 b1={22}] stage   8.0% (102235791360/1274515148395) | 161.9M/s | stage ETA 2:00:42 | overall ? ETA ? | best -
[b2=24 b1={22}] stage   8.0% (102509555712/1274515148395) | 149.0M/s | stage ETA 2:11:04 | overall ? ETA ? | best -
[b2=24 b1={22}] stage   8.1% (102780624896/1274515148395) | 142.0M/s | stage ETA 2:17:30 | overall ? ETA ? | best -
[b2=24 b1={22}] stage   8.1% (103156809728/1274515148395) | 164.9M/s | stage ETA 1:58:23 | overall ? ETA ? | best -
[b2=24 b1={22}] stage   8.1% (103396044800/1274515148395) | 142.1M/s | stage ETA 2:17:18 | overall ? ETA ? | best -
[b2=24 b1={22}] stage   8.1% (103781203968/1274515148395) | 166.9M/s | stage ETA 1:56:56 | overall ? ETA ? | best -
[b2=24 b1={22}] stage   8.2% (104028045312/1274515148395) | 145.1M/s | stage ETA 2:14:27 | overall ? ETA ? | best -
[b2=24 b1={22}] stage   8.2% (104338956288/1274515148395) | 150.1M/s | stage ETA 2:09:56 | overall ? ETA ? | best -
[b2=24 b1={22}] stage   8.2% (104668897280/1274515148395) | 157.5M/s | stage ETA 2:03:47 | overall ? ETA ? | best -
[b2=24 b1={22}] stage   8.2% (104906960896/1274515148395) | 138.2M/s | stage ETA 2:21:05 | overall ? ETA ? | best -
[b2=24 b1={22}] stage   8.3% (105294630912/1274515148395) | 165.8M/s | stage ETA 1:57:32 | overall ? ETA ? | best -
[b2=24 b1={22}] stage   8.3% (105532010496/1274515148395) | 141.9M/s | stage ETA 2:17:15 | overall ? ETA ? | best -
[b2=24 b1={22}] stage   8.3% (105879003136/1274515148395) | 157.5M/s | stage ETA 2:03:37 | overall ? ETA ? | best -
[b2=24 b1={22}] stage   8.3% (106181922816/1274515148395) | 154.2M/s | stage ETA 2:06:14 | overall ? ETA ? | best -
[b2=24 b1={22}] stage   8.4% (106447314944/1274515148395) | 143.4M/s | stage ETA 2:15:46 | overall ? ETA ? | best -
[b2=24 b1={22}] stage   8.4% (106822926336/1274515148395) | 165.4M/s | stage ETA 1:57:37 | overall ? ETA ? | best -
[b2=24 b1={22}] stage   8.4% (107061006336/1274515148395) | 141.9M/s | stage ETA 2:17:04 | overall ? ETA ? | best -
[b2=24 b1={22}] stage   8.4% (107450650624/1274515148395) | 168.1M/s | stage ETA 1:55:41 | overall ? ETA ? | best -
[b2=24 b1={22}] stage   8.5% (107711287296/1274515148395) | 149.1M/s | stage ETA 2:10:27 | overall ? ETA ? | best -
[b2=24 b1={22}] stage   8.5% (108018237440/1274515148395) | 151.1M/s | stage ETA 2:08:41 | overall ? ETA ? | best -
[b2=24 b1={22}] stage   8.5% (108345012224/1274515148395) | 156.9M/s | stage ETA 2:03:52 | overall ? ETA ? | best -
[b2=24 b1={22}] stage   8.5% (108586057728/1274515148395) | 138.6M/s | stage ETA 2:20:11 | overall ? ETA ? | best -
[b2=24 b1={22}] stage   8.6% (108993245184/1274515148395) | 170.9M/s | stage ETA 1:53:39 | overall ? ETA ? | best -
[b2=24 b1={22}] stage   8.6% (109235769344/1274515148395) | 146.0M/s | stage ETA 2:13:02 | overall ? ETA ? | best -
[b2=24 b1={22}] stage   8.6% (109589962752/1274515148395) | 161.4M/s | stage ETA 2:00:18 | overall ? ETA ? | best -
[b2=24 b1={22}] stage   8.6% (110024863744/1274515148395) | 189.1M/s | stage ETA 1:42:38 | overall ? ETA ? | best -
[b2=24 b1={22}] stage   8.7% (110459437056/1274515148395) | 202.7M/s | stage ETA 1:35:43 | overall ? ETA ? | best -
[b2=24 b1={22}] stage   8.7% (110858588160/1274515148395) | 200.8M/s | stage ETA 1:36:36 | overall ? ETA ? | best -
[b2=24 b1={22}] stage   8.7% (111267991552/1274515148395) | 202.4M/s | stage ETA 1:35:46 | overall ? ETA ? | best -
[b2=24 b1={22}] stage   8.8% (111684546560/1274515148395) | 205.1M/s | stage ETA 1:34:30 | overall ? ETA ? | best -
[b2=24 b1={22}] stage   8.8% (112115380224/1274515148395) | 210.1M/s | stage ETA 1:32:13 | overall ? ETA ? | best -
[b2=24 b1={22}] stage   8.8% (112548519936/1274515148395) | 213.0M/s | stage ETA 1:30:54 | overall ? ETA ? | best -
[b2=24 b1={22}] stage   8.9% (112976793600/1274515148395) | 213.3M/s | stage ETA 1:30:44 | overall ? ETA ? | best -
[b2=24 b1={22}] stage   8.9% (113402077184/1274515148395) | 212.9M/s | stage ETA 1:30:55 | overall ? ETA ? | best -
[b2=24 b1={22}] stage   8.9% (113833684992/1274515148395) | 213.9M/s | stage ETA 1:30:26 | overall ? ETA ? | best -
[b2=24 b1={22}] stage   9.0% (114265522176/1274515148395) | 214.6M/s | stage ETA 1:30:05 | overall ? ETA ? | best -
[b2=24 b1={22}] stage   9.0% (114698416128/1274515148395) | 215.3M/s | stage ETA 1:29:48 | overall ? ETA ? | best -
[b2=24 b1={22}] stage   9.0% (115131838464/1274515148395) | 215.7M/s | stage ETA 1:29:33 | overall ? ETA ? | best -
[b2=24 b1={22}] stage   9.1% (115541684224/1274515148395) | 210.2M/s | stage ETA 1:31:54 | overall ? ETA ? | best -
[b2=24 b1={22}] stage   9.1% (115959586816/1274515148395) | 209.1M/s | stage ETA 1:32:20 | overall ? ETA ? | best -
[b2=24 b1={22}] stage   9.1% (116394315776/1274515148395) | 213.0M/s | stage ETA 1:30:37 | overall ? ETA ? | best -
[b2=24 b1={22}] stage   9.2% (116826652672/1274515148395) | 214.4M/s | stage ETA 1:30:00 | overall ? ETA ? | best -
[b2=24 b1={22}] stage   9.2% (117262675968/1274515148395) | 215.5M/s | stage ETA 1:29:29 | overall ? ETA ? | best -
[b2=24 b1={22}] stage   9.2% (117576589312/1274515148395) | 186.0M/s | stage ETA 1:43:40 | overall ? ETA ? | best -
[b2=24 b1={22}] stage   9.2% (117829959680/1274515148395) | 156.1M/s | stage ETA 2:03:27 | overall ? ETA ? | best -
[b2=24 b1={22}] stage   9.3% (118207369216/1274515148395) | 172.0M/s | stage ETA 1:52:01 | overall ? ETA ? | best -
[b2=24 b1={22}] stage   9.3% (118432034816/1274515148395) | 142.0M/s | stage ETA 2:15:39 | overall ? ETA ? | best -
[b2=24 b1={22}] stage   9.3% (118778630144/1274515148395) | 157.4M/s | stage ETA 2:02:23 | overall ? ETA ? | best -
[b2=24 b1={22}] stage   9.3% (119056072704/1274515148395) | 147.9M/s | stage ETA 2:10:14 | overall ? ETA ? | best -
[b2=24 b1={22}] stage   9.4% (119293190144/1274515148395) | 133.0M/s | stage ETA 2:24:42 | overall ? ETA ? | best -
[b2=24 b1={22}] stage   9.4% (119670263808/1274515148395) | 160.6M/s | stage ETA 1:59:50 | overall ? ETA ? | best -
[b2=24 b1={22}] stage   9.4% (119903473664/1274515148395) | 138.4M/s | stage ETA 2:19:01 | overall ? ETA ? | best -
[b2=24 b1={22}] stage   9.4% (120252620800/1274515148395) | 156.2M/s | stage ETA 2:03:07 | overall ? ETA ? | best -
[b2=24 b1={22}] stage   9.5% (120525295616/1274515148395) | 146.1M/s | stage ETA 2:11:39 | overall ? ETA ? | best -
[b2=24 b1={22}] stage   9.5% (120783093760/1274515148395) | 137.3M/s | stage ETA 2:20:01 | overall ? ETA ? | best -
[b2=24 b1={22}] stage   9.5% (121150562304/1274515148395) | 160.3M/s | stage ETA 1:59:55 | overall ? ETA ? | best -
[b2=24 b1={22}] stage   9.5% (121389330432/1274515148395) | 139.6M/s | stage ETA 2:17:42 | overall ? ETA ? | best -
[b2=24 b1={22}] stage   9.6% (121746751488/1274515148395) | 159.0M/s | stage ETA 2:00:50 | overall ? ETA ? | best -
[b2=24 b1={22}] stage   9.6% (122012135424/1274515148395) | 145.6M/s | stage ETA 2:11:53 | overall ? ETA ? | best -
[b2=24 b1={22}] stage   9.6% (122263322624/1274515148395) | 135.5M/s | stage ETA 2:21:45 | overall ? ETA ? | best -
[b2=24 b1={22}] stage   9.6% (122598170624/1274515148395) | 151.2M/s | stage ETA 2:06:58 | overall ? ETA ? | best -
[b2=24 b1={22}] stage   9.6% (122804264960/1274515148395) | 127.0M/s | stage ETA 2:31:05 | overall ? ETA ? | best -
[b2=24 b1={22}] stage   9.7% (123126296576/1274515148395) | 144.0M/s | stage ETA 2:13:17 | overall ? ETA ? | best -
[b2=24 b1={22}] stage   9.7% (123455131648/1274515148395) | 154.0M/s | stage ETA 2:04:34 | overall ? ETA ? | best -
[b2=24 b1={22}] stage   9.7% (123702353920/1274515148395) | 138.6M/s | stage ETA 2:18:20 | overall ? ETA ? | best -
[b2=24 b1={22}] stage   9.7% (124088983552/1274515148395) | 165.7M/s | stage ETA 1:55:41 | overall ? ETA ? | best -
[b2=24 b1={22}] stage   9.8% (124333764608/1274515148395) | 143.7M/s | stage ETA 2:13:24 | overall ? ETA ? | best -
[b2=24 b1={22}] stage   9.8% (124712108032/1274515148395) | 166.1M/s | stage ETA 1:55:21 | overall ? ETA ? | best -
[b2=24 b1={22}] stage   9.8% (124987936768/1274515148395) | 151.8M/s | stage ETA 2:06:14 | overall ? ETA ? | best -
[b2=24 b1={22}] stage   9.8% (125290782720/1274515148395) | 151.5M/s | stage ETA 2:06:25 | overall ? ETA ? | best -
[b2=24 b1={22}] stage   9.9% (125738414080/1274515148395) | 187.3M/s | stage ETA 1:42:12 | overall ? ETA ? | best -
[b2=24 b1={22}] stage   9.9% (126187261952/1274515148395) | 205.5M/s | stage ETA 1:33:08 | overall ? ETA ? | best -
[b2=24 b1={22}] stage   9.9% (126629093376/1274515148395) | 212.9M/s | stage ETA 1:29:52 | overall ? ETA ? | best -
[b2=24 b1={22}] stage  10.0% (127070134272/1274515148395) | 216.5M/s | stage ETA 1:28:20 | overall ? ETA ? | best -
[b2=24 b1={22}] stage  10.0% (127515152384/1274515148395) | 219.2M/s | stage ETA 1:27:12 | overall ? ETA ? | best -
[b2=24 b1={22}] stage  10.0% (127956934656/1274515148395) | 219.7M/s | stage ETA 1:26:58 | overall ? ETA ? | best -
[b2=24 b1={22}] stage  10.1% (128402427904/1274515148395) | 220.7M/s | stage ETA 1:26:33 | overall ? ETA ? | best -
[b2=24 b1={22}] stage  10.1% (128846864384/1274515148395) | 221.2M/s | stage ETA 1:26:19 | overall ? ETA ? | best -
[b2=24 b1={22}] stage  10.1% (129292279808/1274515148395) | 221.9M/s | stage ETA 1:26:02 | overall ? ETA ? | best -
[b2=24 b1={22}] stage  10.2% (129739108352/1274515148395) | 222.4M/s | stage ETA 1:25:46 | overall ? ETA ? | best -
[b2=24 b1={22}] stage  10.2% (130182602752/1274515148395) | 221.8M/s | stage ETA 1:25:59 | overall ? ETA ? | best -
[b2=24 b1={22}] stage  10.2% (130628304896/1274515148395) | 221.9M/s | stage ETA 1:25:55 | overall ? ETA ? | best -
[b2=24 b1={22}] stage  10.3% (131071459328/1274515148395) | 221.3M/s | stage ETA 1:26:06 | overall ? ETA ? | best -
[b2=24 b1={22}] stage  10.3% (131510185984/1274515148395) | 220.0M/s | stage ETA 1:26:36 | overall ? ETA ? | best -
[b2=24 b1={22}] stage  10.4% (131953197056/1274515148395) | 220.2M/s | stage ETA 1:26:29 | overall ? ETA ? | best -
[b2=24 b1={22}] stage  10.4% (132401451008/1274515148395) | 221.7M/s | stage ETA 1:25:51 | overall ? ETA ? | best -
[b2=24 b1={22}] stage  10.4% (132811649024/1274515148395) | 213.1M/s | stage ETA 1:29:17 | overall ? ETA ? | best -
[b2=24 b1={22}] stage  10.5% (133206880256/1274515148395) | 205.1M/s | stage ETA 1:32:43 | overall ? ETA ? | best -
[b2=24 b1={22}] stage  10.5% (133637513216/1274515148395) | 209.8M/s | stage ETA 1:30:37 | overall ? ETA ? | best -
[b2=24 b1={22}] stage  10.5% (134025543680/1274515148395) | 201.6M/s | stage ETA 1:34:18 | overall ? ETA ? | best -
[b2=24 b1={22}] stage  10.5% (134265417728/1274515148395) | 160.5M/s | stage ETA 1:58:22 | overall ? ETA ? | best -
[b2=24 b1={22}] stage  10.6% (134640365568/1274515148395) | 173.7M/s | stage ETA 1:49:22 | overall ? ETA ? | best -
[b2=24 b1={22}] stage  10.6% (134891847680/1274515148395) | 149.6M/s | stage ETA 2:06:55 | overall ? ETA ? | best -
[b2=24 b1={22}] stage  10.6% (135174098944/1274515148395) | 145.1M/s | stage ETA 2:10:50 | overall ? ETA ? | best -
[b2=24 b1={22}] stage  10.6% (135532134400/1274515148395) | 162.0M/s | stage ETA 1:57:11 | overall ? ETA ? | best -
[b2=24 b1={22}] stage  10.7% (135767232512/1274515148395) | 139.5M/s | stage ETA 2:16:01 | overall ? ETA ? | best -
[b2=24 b1={22}] stage  10.7% (136134889472/1274515148395) | 161.5M/s | stage ETA 1:57:30 | overall ? ETA ? | best -
[b2=24 b1={22}] stage  10.7% (136383586304/1274515148395) | 142.8M/s | stage ETA 2:12:51 | overall ? ETA ? | best -
[b2=24 b1={22}] stage  10.7% (136668008448/1274515148395) | 142.4M/s | stage ETA 2:13:12 | overall ? ETA ? | best -
[b2=24 b1={22}] stage  10.8% (137012817920/1274515148395) | 157.2M/s | stage ETA 2:00:37 | overall ? ETA ? | best -
[b2=24 b1={22}] stage  10.8% (137249267712/1274515148395) | 137.5M/s | stage ETA 2:17:53 | overall ? ETA ? | best -
[b2=24 b1={22}] stage  10.8% (137653710848/1274515148395) | 169.6M/s | stage ETA 1:51:42 | overall ? ETA ? | best -
[b2=24 b1={22}] stage  10.8% (137892782080/1274515148395) | 144.4M/s | stage ETA 2:11:08 | overall ? ETA ? | best -
[b2=24 b1={22}] stage  10.8% (138240413696/1274515148395) | 158.9M/s | stage ETA 1:59:11 | overall ? ETA ? | best -
[b2=24 b1={22}] stage  10.9% (138548858880/1274515148395) | 156.3M/s | stage ETA 2:01:05 | overall ? ETA ? | best -
[b2=24 b1={22}] stage  10.9% (138820161536/1274515148395) | 145.8M/s | stage ETA 2:09:49 | overall ? ETA ? | best -
[b2=24 b1={22}] stage  10.9% (139195338752/1274515148395) | 166.1M/s | stage ETA 1:53:53 | overall ? ETA ? | best -
[b2=24 b1={22}] stage  10.9% (139433451520/1274515148395) | 142.5M/s | stage ETA 2:12:46 | overall ? ETA ? | best -
[b2=24 b1={22}] stage  11.0% (139841843200/1274515148395) | 173.0M/s | stage ETA 1:49:17 | overall ? ETA ? | best -
[b2=24 b1={22}] stage  11.0% (140087877632/1274515148395) | 148.0M/s | stage ETA 2:07:45 | overall ? ETA ? | best -
[b2=24 b1={22}] stage  11.0% (140411326464/1274515148395) | 154.6M/s | stage ETA 2:02:14 | overall ? ETA ? | best -
[b2=24 b1={22}] stage  11.0% (140729880576/1274515148395) | 156.8M/s | stage ETA 2:00:32 | overall ? ETA ? | best -
[b2=24 b1={22}] stage  11.1% (140981030912/1274515148395) | 141.0M/s | stage ETA 2:13:58 | overall ? ETA ? | best -
[b2=24 b1={22}] stage  11.1% (141382729728/1274515148395) | 170.8M/s | stage ETA 1:50:34 | overall ? ETA ? | best -
[b2=24 b1={22}] stage  11.1% (141619023872/1274515148395) | 144.3M/s | stage ETA 2:10:52 | overall ? ETA ? | best -
[b2=24 b1={22}] stage  11.1% (141978288128/1274515148395) | 161.9M/s | stage ETA 1:56:33 | overall ? ETA ? | best -
[b2=24 b1={22}] stage  11.2% (142411612160/1274515148395) | 188.8M/s | stage ETA 1:39:54 | overall ? ETA ? | best -
[b2=24 b1={22}] stage  11.2% (142840516608/1274515148395) | 201.4M/s | stage ETA 1:33:39 | overall ? ETA ? | best -
[b2=24 b1={22}] stage  11.2% (143282282496/1274515148395) | 210.8M/s | stage ETA 1:29:25 | overall ? ETA ? | best -
[b2=24 b1={22}] stage  11.3% (143722192896/1274515148395) | 215.3M/s | stage ETA 1:27:31 | overall ? ETA ? | best -
[b2=24 b1={22}] stage  11.3% (144163209216/1274515148395) | 217.5M/s | stage ETA 1:26:36 | overall ? ETA ? | best -
[b2=24 b1={22}] stage  11.3% (144605696000/1274515148395) | 219.3M/s | stage ETA 1:25:52 | overall ? ETA ? | best -
[b2=24 b1={22}] stage  11.4% (145034969088/1274515148395) | 216.6M/s | stage ETA 1:26:53 | overall ? ETA ? | best -
[b2=24 b1={22}] stage  11.4% (145463410688/1274515148395) | 215.1M/s | stage ETA 1:27:28 | overall ? ETA ? | best -
[b2=24 b1={22}] stage  11.4% (145885802496/1274515148395) | 212.9M/s | stage ETA 1:28:22 | overall ? ETA ? | best -
[b2=24 b1={22}] stage  11.5% (146329554944/1274515148395) | 217.1M/s | stage ETA 1:26:36 | overall ? ETA ? | best -
[b2=24 b1={22}] stage  11.5% (146766852096/1274515148395) | 217.6M/s | stage ETA 1:26:23 | overall ? ETA ? | best -
[b2=24 b1={22}] stage  11.5% (147187060736/1274515148395) | 213.7M/s | stage ETA 1:27:55 | overall ? ETA ? | best -
[b2=24 b1={22}] stage  11.6% (147627249664/1274515148395) | 216.7M/s | stage ETA 1:26:39 | overall ? ETA ? | best -
[b2=24 b1={22}] stage  11.6% (148071809024/1274515148395) | 219.2M/s | stage ETA 1:25:38 | overall ? ETA ? | best -
[b2=24 b1={22}] stage  11.7% (148516749312/1274515148395) | 220.5M/s | stage ETA 1:25:06 | overall ? ETA ? | best -
[b2=24 b1={22}] stage  11.7% (148960796672/1274515148395) | 221.0M/s | stage ETA 1:24:53 | overall ? ETA ? | best -
[b2=24 b1={22}] stage  11.7% (149407367168/1274515148395) | 221.9M/s | stage ETA 1:24:30 | overall ? ETA ? | best -
[b2=24 b1={22}] stage  11.8% (149820719104/1274515148395) | 214.1M/s | stage ETA 1:27:34 | overall ? ETA ? | best -
[b2=24 b1={22}] stage  11.8% (150060703744/1274515148395) | 166.8M/s | stage ETA 1:52:22 | overall ? ETA ? | best -
[b2=24 b1={22}] stage  11.8% (150432907264/1274515148395) | 176.3M/s | stage ETA 1:46:16 | overall ? ETA ? | best -
[b2=24 b1={22}] stage  11.8% (150718599168/1274515148395) | 159.4M/s | stage ETA 1:57:30 | overall ? ETA ? | best -
[b2=24 b1={22}] stage  11.8% (151013462016/1274515148395) | 153.2M/s | stage ETA 2:02:14 | overall ? ETA ? | best -
[b2=24 b1={22}] stage  11.9% (151360749568/1274515148395) | 163.2M/s | stage ETA 1:54:42 | overall ? ETA ? | best -
[b2=24 b1={22}] stage  11.9% (151598739456/1274515148395) | 141.0M/s | stage ETA 2:12:43 | overall ? ETA ? | best -
[b2=24 b1={22}] stage  11.9% (152015085568/1274515148395) | 174.5M/s | stage ETA 1:47:13 | overall ? ETA ? | best -
[b2=24 b1={22}] stage  11.9% (152247046144/1274515148395) | 145.2M/s | stage ETA 2:08:49 | overall ? ETA ? | best -
[b2=24 b1={22}] stage  12.0% (152559173632/1274515148395) | 150.4M/s | stage ETA 2:04:18 | overall ? ETA ? | best -
[b2=24 b1={22}] stage  12.0% (152865705984/1274515148395) | 151.6M/s | stage ETA 2:03:17 | overall ? ETA ? | best -
[b2=24 b1={22}] stage  12.0% (153115049984/1274515148395) | 138.0M/s | stage ETA 2:15:28 | overall ? ETA ? | best -
[b2=24 b1={22}] stage  12.0% (153519423488/1274515148395) | 169.7M/s | stage ETA 1:50:05 | overall ? ETA ? | best -
[b2=24 b1={22}] stage  12.1% (153756049408/1274515148395) | 143.8M/s | stage ETA 2:09:52 | overall ? ETA ? | best -
[b2=24 b1={22}] stage  12.1% (154130087936/1274515148395) | 165.1M/s | stage ETA 1:53:05 | overall ? ETA ? | best -
[b2=24 b1={22}] stage  12.1% (154403221504/1274515148395) | 150.5M/s | stage ETA 2:04:00 | overall ? ETA ? | best -
[b2=24 b1={22}] stage  12.1% (154707542016/1274515148395) | 151.1M/s | stage ETA 2:03:33 | overall ? ETA ? | best -
[b2=24 b1={22}] stage  12.2% (155057049600/1274515148395) | 162.7M/s | stage ETA 1:54:39 | overall ? ETA ? | best -
[b2=24 b1={22}] stage  12.2% (155295420416/1274515148395) | 140.8M/s | stage ETA 2:12:28 | overall ? ETA ? | best -
[b2=24 b1={22}] stage  12.2% (155676577792/1274515148395) | 165.7M/s | stage ETA 1:52:34 | overall ? ETA ? | best -
[b2=24 b1={22}] stage  12.2% (155915509760/1274515148395) | 142.5M/s | stage ETA 2:10:51 | overall ? ETA ? | best -
[b2=24 b1={22}] stage  12.3% (156260118528/1274515148395) | 157.4M/s | stage ETA 1:58:26 | overall ? ETA ? | best -
[b2=24 b1={22}] stage  12.3% (156568109056/1274515148395) | 155.4M/s | stage ETA 1:59:55 | overall ? ETA ? | best -
[b2=24 b1={22}] stage  12.3% (156820320256/1274515148395) | 140.5M/s | stage ETA 2:12:36 | overall ? ETA ? | best -
[b2=24 b1={22}] stage  12.3% (157194358784/1274515148395) | 163.4M/s | stage ETA 1:53:58 | overall ? ETA ? | best -
[b2=24 b1={22}] stage  12.4% (157425606656/1274515148395) | 139.4M/s | stage ETA 2:13:35 | overall ? ETA ? | best -
[b2=24 b1={22}] stage  12.4% (157794574336/1274515148395) | 161.6M/s | stage ETA 1:55:09 | overall ? ETA ? | best -
[b2=24 b1={22}] stage  12.4% (158221451264/1274515148395) | 187.2M/s | stage ETA 1:39:22 | overall ? ETA ? | best -
[b2=24 b1={22}] stage  12.4% (158652477440/1274515148395) | 201.0M/s | stage ETA 1:32:30 | overall ? ETA ? | best -
[b2=24 b1={22}] stage  12.5% (159082545152/1274515148395) | 208.0M/s | stage ETA 1:29:23 | overall ? ETA ? | best -
[b2=24 b1={22}] stage  12.5% (159509090304/1274515148395) | 210.4M/s | stage ETA 1:28:19 | overall ? ETA ? | best -
[b2=24 b1={22}] stage  12.5% (159941255168/1274515148395) | 213.0M/s | stage ETA 1:27:13 | overall ? ETA ? | best -
[b2=24 b1={22}] stage  12.6% (160368676864/1274515148395) | 213.0M/s | stage ETA 1:27:10 | overall ? ETA ? | best -
[b2=24 b1={22}] stage  12.6% (160799363072/1274515148395) | 214.0M/s | stage ETA 1:26:44 | overall ? ETA ? | best -
[b2=24 b1={22}] stage  12.7% (161229361152/1274515148395) | 214.2M/s | stage ETA 1:26:36 | overall ? ETA ? | best -
[b2=24 b1={22}] stage  12.7% (161660362752/1274515148395) | 214.6M/s | stage ETA 1:26:25 | overall ? ETA ? | best -
[b2=24 b1={22}] stage  12.7% (162090860544/1274515148395) | 214.7M/s | stage ETA 1:26:21 | overall ? ETA ? | best -
[b2=24 b1={22}] stage  12.8% (162519269376/1274515148395) | 214.1M/s | stage ETA 1:26:32 | overall ? ETA ? | best -
[b2=24 b1={22}] stage  12.8% (162948624384/1274515148395) | 214.4M/s | stage ETA 1:26:24 | overall ? ETA ? | best -
[b2=24 b1={22}] stage  12.8% (163379331072/1274515148395) | 214.6M/s | stage ETA 1:26:16 | overall ? ETA ? | best -
[b2=24 b1={22}] stage  12.9% (163808043008/1274515148395) | 214.3M/s | stage ETA 1:26:21 | overall ? ETA ? | best -
[b2=24 b1={22}] stage  12.9% (164239147008/1274515148395) | 214.7M/s | stage ETA 1:26:10 | overall ? ETA ? | best -
[b2=24 b1={22}] stage  12.9% (164669091840/1274515148395) | 214.7M/s | stage ETA 1:26:10 | overall ? ETA ? | best -
[b2=24 b1={22}] stage  13.0% (165099147264/1274515148395) | 214.5M/s | stage ETA 1:26:13 | overall ? ETA ? | best -
[b2=24 b1={22}] stage  13.0% (165528784896/1274515148395) | 214.4M/s | stage ETA 1:26:13 | overall ? ETA ? | best -
[b2=24 b1={22}] stage  13.0% (165953302528/1274515148395) | 213.1M/s | stage ETA 1:26:40 | overall ? ETA ? | best -
[b2=24 b1={22}] stage  13.1% (166353911808/1274515148395) | 206.5M/s | stage ETA 1:29:27 | overall ? ETA ? | best -
[b2=24 b1={22}] stage  13.1% (166586601472/1274515148395) | 161.4M/s | stage ETA 1:54:25 | overall ? ETA ? | best -
[b2=24 b1={22}] stage  13.1% (166930886656/1274515148395) | 166.6M/s | stage ETA 1:50:47 | overall ? ETA ? | best -
[b2=24 b1={22}] stage  13.1% (167231930368/1274515148395) | 158.3M/s | stage ETA 1:56:36 | overall ? ETA ? | best -
[b2=24 b1={22}] stage  13.1% (167479963648/1274515148395) | 141.0M/s | stage ETA 2:10:54 | overall ? ETA ? | best -
[b2=24 b1={22}] stage  13.2% (167856693248/1274515148395) | 164.2M/s | stage ETA 1:52:19 | overall ? ETA ? | best -
[b2=24 b1={22}] stage  13.2% (168086102016/1274515148395) | 139.3M/s | stage ETA 2:12:20 | overall ? ETA ? | best -
[b2=24 b1={22}] stage  13.2% (168402341888/1274515148395) | 148.5M/s | stage ETA 2:04:06 | overall ? ETA ? | best -
[b2=24 b1={22}] stage  13.2% (168700948480/1274515148395) | 148.8M/s | stage ETA 2:03:51 | overall ? ETA ? | best -
[b2=24 b1={22}] stage  13.3% (168939835392/1274515148395) | 134.0M/s | stage ETA 2:17:30 | overall ? ETA ? | best -
[b2=24 b1={22}] stage  13.3% (169322156032/1274515148395) | 162.4M/s | stage ETA 1:53:27 | overall ? ETA ? | best -
[b2=24 b1={22}] stage  13.3% (169549828096/1274515148395) | 137.8M/s | stage ETA 2:13:38 | overall ? ETA ? | best -
[b2=24 b1={22}] stage  13.3% (169895616512/1274515148395) | 155.0M/s | stage ETA 1:58:46 | overall ? ETA ? | best -
[b2=24 b1={22}] stage  13.4% (170182938624/1274515148395) | 149.1M/s | stage ETA 2:03:24 | overall ? ETA ? | best -
[b2=24 b1={22}] stage  13.4% (170438471680/1274515148395) | 138.3M/s | stage ETA 2:13:01 | overall ? ETA ? | best -
[b2=24 b1={22}] stage  13.4% (170806968320/1274515148395) | 161.1M/s | stage ETA 1:54:08 | overall ? ETA ? | best -
[b2=24 b1={22}] stage  13.4% (171037372416/1274515148395) | 138.1M/s | stage ETA 2:13:13 | overall ? ETA ? | best -
[b2=24 b1={22}] stage  13.4% (171411374080/1274515148395) | 162.2M/s | stage ETA 1:53:19 | overall ? ETA ? | best -
[b2=24 b1={22}] stage  13.5% (171680583680/1274515148395) | 148.4M/s | stage ETA 2:03:51 | overall ? ETA ? | best -
[b2=24 b1={22}] stage  13.5% (171957485568/1274515148395) | 143.3M/s | stage ETA 2:08:14 | overall ? ETA ? | best -
[b2=24 b1={22}] stage  13.5% (172304871424/1274515148395) | 158.3M/s | stage ETA 1:56:03 | overall ? ETA ? | best -
[b2=24 b1={22}] stage  13.5% (172536848384/1274515148395) | 137.1M/s | stage ETA 2:13:59 | overall ? ETA ? | best -
[b2=24 b1={22}] stage  13.6% (172931739648/1274515148395) | 167.1M/s | stage ETA 1:49:54 | overall ? ETA ? | best -
[b2=24 b1={22}] stage  13.6% (173178953728/1274515148395) | 145.3M/s | stage ETA 2:06:21 | overall ? ETA ? | best -
[b2=24 b1={22}] stage  13.6% (173464719360/1274515148395) | 144.0M/s | stage ETA 2:07:28 | overall ? ETA ? | best -
[b2=24 b1={22}] stage  13.6% (173792464896/1274515148395) | 153.7M/s | stage ETA 1:59:21 | overall ? ETA ? | best -
[b2=24 b1={22}] stage  13.7% (174004797440/1274515148395) | 129.9M/s | stage ETA 2:21:11 | overall ? ETA ? | best -
[b2=24 b1={22}] stage  13.7% (174375239680/1274515148395) | 157.4M/s | stage ETA 1:56:31 | overall ? ETA ? | best -
[b2=24 b1={22}] stage  13.7% (174780338176/1274515148395) | 179.6M/s | stage ETA 1:42:03 | overall ? ETA ? | best -
[b2=24 b1={22}] stage  13.7% (175194537984/1274515148395) | 193.3M/s | stage ETA 1:34:47 | overall ? ETA ? | best -
[b2=24 b1={22}] stage  13.8% (175613329408/1274515148395) | 201.1M/s | stage ETA 1:31:05 | overall ? ETA ? | best -
[b2=24 b1={22}] stage  13.8% (176042229760/1274515148395) | 207.4M/s | stage ETA 1:28:16 | overall ? ETA ? | best -
[b2=24 b1={22}] stage  13.8% (176470892544/1274515148395) | 210.4M/s | stage ETA 1:26:59 | overall ? ETA ? | best -
[b2=24 b1={22}] stage  13.9% (176898129920/1274515148395) | 211.8M/s | stage ETA 1:26:23 | overall ? ETA ? | best -
[b2=24 b1={22}] stage  13.9% (177325465600/1274515148395) | 212.6M/s | stage ETA 1:26:00 | overall ? ETA ? | best -
[b2=24 b1={22}] stage  13.9% (177754497024/1274515148395) | 213.2M/s | stage ETA 1:25:45 | overall ? ETA ? | best -
[b2=24 b1={22}] stage  14.0% (178179313664/1274515148395) | 212.3M/s | stage ETA 1:26:03 | overall ? ETA ? | best -
[b2=24 b1={22}] stage  14.0% (178615971840/1274515148395) | 214.7M/s | stage ETA 1:25:03 | overall ? ETA ? | best -
[b2=24 b1={22}] stage  14.0% (179057819648/1274515148395) | 217.3M/s | stage ETA 1:24:00 | overall ? ETA ? | best -
[b2=24 b1={22}] stage  14.1% (179488219136/1274515148395) | 216.0M/s | stage ETA 1:24:29 | overall ? ETA ? | best -
[b2=24 b1={22}] stage  14.1% (179931811840/1274515148395) | 218.8M/s | stage ETA 1:23:23 | overall ? ETA ? | best -
[b2=24 b1={22}] stage  14.2% (180376305664/1274515148395) | 220.2M/s | stage ETA 1:22:49 | overall ? ETA ? | best -
[b2=24 b1={22}] stage  14.2% (180812726272/1274515148395) | 218.7M/s | stage ETA 1:23:20 | overall ? ETA ? | best -
[b2=24 b1={22}] stage  14.2% (181252890624/1274515148395) | 219.2M/s | stage ETA 1:23:06 | overall ? ETA ? | best -
[b2=24 b1={22}] stage  14.3% (181698195456/1274515148395) | 220.6M/s | stage ETA 1:22:34 | overall ? ETA ? | best -
[b2=24 b1={22}] stage  14.3% (182144602112/1274515148395) | 221.4M/s | stage ETA 1:22:13 | overall ? ETA ? | best -
[b2=24 b1={22}] stage  14.3% (182384603136/1274515148395) | 170.7M/s | stage ETA 1:46:38 | overall ? ETA ? | best -
[b2=24 b1={22}] stage  14.3% (182704132096/1274515148395) | 165.1M/s | stage ETA 1:50:11 | overall ? ETA ? | best -
[b2=24 b1={22}] stage  14.4% (183023964160/1274515148395) | 162.4M/s | stage ETA 1:52:03 | overall ? ETA ? | best -
[b2=24 b1={22}] stage  14.4% (183270957056/1274515148395) | 142.8M/s | stage ETA 2:07:23 | overall ? ETA ? | best -
[b2=24 b1={22}] stage  14.4% (183678857216/1274515148395) | 173.2M/s | stage ETA 1:44:57 | overall ? ETA ? | best -
[b2=24 b1={22}] stage  14.4% (183917649920/1274515148395) | 146.1M/s | stage ETA 2:04:25 | overall ? ETA ? | best -
[b2=24 b1={22}] stage  14.5% (184290025472/1274515148395) | 165.9M/s | stage ETA 1:49:31 | overall ? ETA ? | best -
[b2=24 b1={22}] stage  14.5% (184562704384/1274515148395) | 151.0M/s | stage ETA 2:00:18 | overall ? ETA ? | best -
[b2=24 b1={22}] stage  14.5% (184865705984/1274515148395) | 151.1M/s | stage ETA 2:00:12 | overall ? ETA ? | best -
[b2=24 b1={22}] stage  14.5% (185213468672/1274515148395) | 162.3M/s | stage ETA 1:51:53 | overall ? ETA ? | best -
[b2=24 b1={22}] stage  14.6% (185450131456/1274515148395) | 140.1M/s | stage ETA 2:09:30 | overall ? ETA ? | best -
[b2=24 b1={22}] stage  14.6% (185845510144/1274515148395) | 168.7M/s | stage ETA 1:47:32 | overall ? ETA ? | best -
[b2=24 b1={22}] stage  14.6% (186084167680/1274515148395) | 143.9M/s | stage ETA 2:06:05 | overall ? ETA ? | best -
[b2=24 b1={22}] stage  14.6% (186434609152/1274515148395) | 159.4M/s | stage ETA 1:53:45 | overall ? ETA ? | best -
[b2=24 b1={22}] stage  14.7% (186730504192/1274515148395) | 153.5M/s | stage ETA 1:58:06 | overall ? ETA ? | best -
[b2=24 b1={22}] stage  14.7% (186987454464/1274515148395) | 140.9M/s | stage ETA 2:08:38 | overall ? ETA ? | best -
[b2=24 b1={22}] stage  14.7% (187350519808/1274515148395) | 160.9M/s | stage ETA 1:52:35 | overall ? ETA ? | best -
[b2=24 b1={22}] stage  14.7% (187591294976/1274515148395) | 140.3M/s | stage ETA 2:09:06 | overall ? ETA ? | best -
[b2=24 b1={22}] stage  14.7% (187974602752/1274515148395) | 165.8M/s | stage ETA 1:49:14 | overall ? ETA ? | best -
[b2=24 b1={22}] stage  14.8% (188233048064/1274515148395) | 147.4M/s | stage ETA 2:02:49 | overall ? ETA ? | best -
[b2=24 b1={22}] stage  14.8% (188510097408/1274515148395) | 142.9M/s | stage ETA 2:06:39 | overall ? ETA ? | best -
[b2=24 b1={22}] stage  14.8% (188868386816/1274515148395) | 160.8M/s | stage ETA 1:52:31 | overall ? ETA ? | best -
[b2=24 b1={22}] stage  14.8% (189102247936/1274515148395) | 138.7M/s | stage ETA 2:10:28 | overall ? ETA ? | best -
[b2=24 b1={22}] stage  14.9% (189515980800/1274515148395) | 172.7M/s | stage ETA 1:44:43 | overall ? ETA ? | best -
[b2=24 b1={22}] stage  14.9% (189757931520/1274515148395) | 146.8M/s | stage ETA 2:03:10 | overall ? ETA ? | best -
[b2=24 b1={22}] stage  14.9% (190083145728/1274515148395) | 154.5M/s | stage ETA 1:56:58 | overall ? ETA ? | best -
[b2=24 b1={22}] stage  14.9% (190518530048/1274515148395) | 185.8M/s | stage ETA 1:37:13 | overall ? ETA ? | best -
[b2=24 b1={22}] stage  15.0% (190960615424/1274515148395) | 203.0M/s | stage ETA 1:28:56 | overall ? ETA ? | best -
[b2=24 b1={22}] stage  15.0% (191394881536/1274515148395) | 209.8M/s | stage ETA 1:26:02 | overall ? ETA ? | best -
[b2=24 b1={22}] stage  15.1% (191830216704/1274515148395) | 213.5M/s | stage ETA 1:24:30 | overall ? ETA ? | best -
[b2=24 b1={22}] stage  15.1% (192265232384/1274515148395) | 215.3M/s | stage ETA 1:23:47 | overall ? ETA ? | best -
[b2=24 b1={22}] stage  15.1% (192707227648/1274515148395) | 217.9M/s | stage ETA 1:22:45 | overall ? ETA ? | best -
[b2=24 b1={22}] stage  15.2% (193129918464/1274515148395) | 214.5M/s | stage ETA 1:24:02 | overall ? ETA ? | best -
[b2=24 b1={22}] stage  15.2% (193563582464/1274515148395) | 215.3M/s | stage ETA 1:23:40 | overall ? ETA ? | best -
[b2=24 b1={22}] stage  15.2% (194004922368/1274515148395) | 217.9M/s | stage ETA 1:22:37 | overall ? ETA ? | best -
[b2=24 b1={22}] stage  15.3% (194441719808/1274515148395) | 218.0M/s | stage ETA 1:22:35 | overall ? ETA ? | best -
[b2=24 b1={22}] stage  15.3% (194884997120/1274515148395) | 219.5M/s | stage ETA 1:21:57 | overall ? ETA ? | best -
[b2=24 b1={22}] stage  15.3% (195322900480/1274515148395) | 219.0M/s | stage ETA 1:22:07 | overall ? ETA ? | best -
[b2=24 b1={22}] stage  15.4% (195765600256/1274515148395) | 220.0M/s | stage ETA 1:21:43 | overall ? ETA ? | best -
[b2=24 b1={22}] stage  15.4% (196213362688/1274515148395) | 221.6M/s | stage ETA 1:21:06 | overall ? ETA ? | best -
[b2=24 b1={22}] stage  15.4% (196657729536/1274515148395) | 221.6M/s | stage ETA 1:21:04 | overall ? ETA ? | best -
[b2=24 b1={22}] stage  15.5% (197106307072/1274515148395) | 222.6M/s | stage ETA 1:20:40 | overall ? ETA ? | best -
[b2=24 b1={22}] stage  15.5% (197552865280/1274515148395) | 222.6M/s | stage ETA 1:20:37 | overall ? ETA ? | best -
[b2=24 b1={22}] stage  15.5% (197992951808/1274515148395) | 221.0M/s | stage ETA 1:21:11 | overall ? ETA ? | best -
[b2=24 b1={22}] stage  15.6% (198430982144/1274515148395) | 219.7M/s | stage ETA 1:21:38 | overall ? ETA ? | best -
[b2=24 b1={22}] stage  15.6% (198794301440/1274515148395) | 200.4M/s | stage ETA 1:29:27 | overall ? ETA ? | best -
[b2=24 b1={22}] stage  15.6% (199032483840/1274515148395) | 159.5M/s | stage ETA 1:52:22 | overall ? ETA ? | best -
[b2=24 b1={22}] stage  15.6% (199438647296/1274515148395) | 181.0M/s | stage ETA 1:39:00 | overall ? ETA ? | best -
[b2=24 b1={22}] stage  15.7% (199674691584/1274515148395) | 149.3M/s | stage ETA 1:59:56 | overall ? ETA ? | best -
[b2=24 b1={22}] stage  15.7% (199985696768/1274515148395) | 152.3M/s | stage ETA 1:57:36 | overall ? ETA ? | best -
[b2=24 b1={22}] stage  15.7% (200307204096/1274515148395) | 156.0M/s | stage ETA 1:54:45 | overall ? ETA ? | best -
[b2=24 b1={22}] stage  15.7% (200543911936/1274515148395) | 137.1M/s | stage ETA 2:10:31 | overall ? ETA ? | best -
[b2=24 b1={22}] stage  15.8% (200947822592/1274515148395) | 169.4M/s | stage ETA 1:45:38 | overall ? ETA ? | best -
[b2=24 b1={22}] stage  15.8% (201184124928/1274515148395) | 143.8M/s | stage ETA 2:04:26 | overall ? ETA ? | best -
[b2=24 b1={22}] stage  15.8% (201548800000/1274515148395) | 162.7M/s | stage ETA 1:49:54 | overall ? ETA ? | best -
[b2=24 b1={22}] stage  15.8% (201838714880/1274515148395) | 153.6M/s | stage ETA 1:56:22 | overall ? ETA ? | best -
[b2=24 b1={22}] stage  15.9% (202126544896/1274515148395) | 148.6M/s | stage ETA 2:00:16 | overall ? ETA ? | best -
[b2=24 b1={22}] stage  15.9% (202482376704/1274515148395) | 163.0M/s | stage ETA 1:49:35 | overall ? ETA ? | best -
[b2=24 b1={22}] stage  15.9% (202719969280/1274515148395) | 140.8M/s | stage ETA 2:06:53 | overall ? ETA ? | best -
[b2=24 b1={22}] stage  15.9% (203134291968/1274515148395) | 173.7M/s | stage ETA 1:42:46 | overall ? ETA ? | best -
[b2=24 b1={22}] stage  16.0% (203372269568/1274515148395) | 146.2M/s | stage ETA 2:02:07 | overall ? ETA ? | best -
[b2=24 b1={22}] stage  16.0% (203696205824/1274515148395) | 153.8M/s | stage ETA 1:56:01 | overall ? ETA ? | best -
[b2=24 b1={22}] stage  16.0% (204000354304/1274515148395) | 152.7M/s | stage ETA 1:56:49 | overall ? ETA ? | best -
[b2=24 b1={22}] stage  16.0% (204257656832/1274515148395) | 140.5M/s | stage ETA 2:06:57 | overall ? ETA ? | best -
[b2=24 b1={22}] stage  16.1% (204648701952/1274515148395) | 167.8M/s | stage ETA 1:46:17 | overall ? ETA ? | best -
[b2=24 b1={22}] stage  16.1% (204887515136/1274515148395) | 143.3M/s | stage ETA 2:04:24 | overall ? ETA ? | best -
[b2=24 b1={22}] stage  16.1% (205270327296/1274515148395) | 167.0M/s | stage ETA 1:46:42 | overall ? ETA ? | best -
[b2=24 b1={22}] stage  16.1% (205529894912/1274515148395) | 148.3M/s | stage ETA 2:00:09 | overall ? ETA ? | best -
[b2=24 b1={22}] stage  16.1% (205833854976/1274515148395) | 149.8M/s | stage ETA 1:58:53 | overall ? ETA ? | best -
[b2=24 b1={22}] stage  16.2% (206181552128/1274515148395) | 161.8M/s | stage ETA 1:50:03 | overall ? ETA ? | best -
[b2=24 b1={22}] stage  16.2% (206420942848/1274515148395) | 140.7M/s | stage ETA 2:06:31 | overall ? ETA ? | best -
[b2=24 b1={22}] stage  16.2% (206802624512/1274515148395) | 165.5M/s | stage ETA 1:47:29 | overall ? ETA ? | best -
[b2=24 b1={22}] stage  16.3% (207237328896/1274515148395) | 191.0M/s | stage ETA 1:33:07 | overall ? ETA ? | best -
[b2=24 b1={22}] stage  16.3% (207638618112/1274515148395) | 195.5M/s | stage ETA 1:30:56 | overall ? ETA ? | best -
[b2=24 b1={22}] stage  16.3% (208063115264/1274515148395) | 203.3M/s | stage ETA 1:27:24 | overall ? ETA ? | best -
[b2=24 b1={22}] stage  16.4% (208478183424/1274515148395) | 205.3M/s | stage ETA 1:26:32 | overall ? ETA ? | best -
[b2=24 b1={22}] stage  16.4% (208885768192/1274515148395) | 204.4M/s | stage ETA 1:26:53 | overall ? ETA ? | best -
[b2=24 b1={22}] stage  16.4% (209305661440/1274515148395) | 207.0M/s | stage ETA 1:25:46 | overall ? ETA ? | best -
[b2=24 b1={22}] stage  16.5% (209700040704/1274515148395) | 202.0M/s | stage ETA 1:27:52 | overall ? ETA ? | best -
[b2=24 b1={22}] stage  16.5% (210126774272/1274515148395) | 207.4M/s | stage ETA 1:25:33 | overall ? ETA ? | best -
[b2=24 b1={22}] stage  16.5% (210498736128/1274515148395) | 196.2M/s | stage ETA 1:30:22 | overall ? ETA ? | best -
[b2=24 b1={22}] stage  16.5% (210929606656/1274515148395) | 205.6M/s | stage ETA 1:26:13 | overall ? ETA ? | best -
[b2=24 b1={22}] stage  16.6% (211334164480/1274515148395) | 203.8M/s | stage ETA 1:26:57 | overall ? ETA ? | best -
[b2=24 b1={22}] stage  16.6% (211753287680/1274515148395) | 206.4M/s | stage ETA 1:25:48 | overall ? ETA ? | best -
[b2=24 b1={22}] stage  16.6% (212168482816/1274515148395) | 206.8M/s | stage ETA 1:25:36 | overall ? ETA ? | best -
[b2=24 b1={22}] stage  16.7% (212572528640/1274515148395) | 204.1M/s | stage ETA 1:26:43 | overall ? ETA ? | best -
[b2=24 b1={22}] stage  16.7% (212997238784/1274515148395) | 208.1M/s | stage ETA 1:25:01 | overall ? ETA ? | best -
[b2=24 b1={22}] stage  16.7% (213390098432/1274515148395) | 202.2M/s | stage ETA 1:27:28 | overall ? ETA ? | best -
[b2=24 b1={22}] stage  16.8% (213828546560/1274515148395) | 210.4M/s | stage ETA 1:24:00 | overall ? ETA ? | best -
[b2=24 b1={22}] stage  16.8% (214220709888/1274515148395) | 203.2M/s | stage ETA 1:26:57 | overall ? ETA ? | best -
[b2=24 b1={22}] stage  16.8% (214666514432/1274515148395) | 212.7M/s | stage ETA 1:23:02 | overall ? ETA ? | best -
[b2=24 b1={22}] stage  16.9% (215114420224/1274515148395) | 218.0M/s | stage ETA 1:20:59 | overall ? ETA ? | best -
[b2=24 b1={22}] stage  16.9% (215557988352/1274515148395) | 219.5M/s | stage ETA 1:20:24 | overall ? ETA ? | best -
[b2=24 b1={22}] stage  16.9% (215998152704/1274515148395) | 219.5M/s | stage ETA 1:20:23 | overall ? ETA ? | best -
[b2=24 b1={22}] stage  17.0% (216432545792/1274515148395) | 218.2M/s | stage ETA 1:20:49 | overall ? ETA ? | best -
[b2=24 b1={22}] stage  17.0% (216854519808/1274515148395) | 214.5M/s | stage ETA 1:22:11 | overall ? ETA ? | best -
[b2=24 b1={22}] stage  17.0% (217275756544/1274515148395) | 212.2M/s | stage ETA 1:23:01 | overall ? ETA ? | best -
[b2=24 b1={22}] stage  17.1% (217705181184/1274515148395) | 213.1M/s | stage ETA 1:22:39 | overall ? ETA ? | best -
[b2=24 b1={22}] stage  17.1% (218120663040/1274515148395) | 210.1M/s | stage ETA 1:23:48 | overall ? ETA ? | best -
[b2=24 b1={22}] stage  17.1% (218551803904/1274515148395) | 212.4M/s | stage ETA 1:22:51 | overall ? ETA ? | best -
[b2=24 b1={22}] stage  17.2% (218984218624/1274515148395) | 214.0M/s | stage ETA 1:22:11 | overall ? ETA ? | best -
[b2=24 b1={22}] stage  17.2% (219417866240/1274515148395) | 215.2M/s | stage ETA 1:21:42 | overall ? ETA ? | best -
[b2=24 b1={22}] stage  17.2% (219837415424/1274515148395) | 212.2M/s | stage ETA 1:22:49 | overall ? ETA ? | best -
[b2=24 b1={22}] stage  17.3% (220262309888/1274515148395) | 211.8M/s | stage ETA 1:22:57 | overall ? ETA ? | best -
[b2=24 b1={22}] stage  17.3% (220691447808/1274515148395) | 213.1M/s | stage ETA 1:22:24 | overall ? ETA ? | best -
[b2=24 b1={22}] stage  17.3% (221122691072/1274515148395) | 214.3M/s | stage ETA 1:21:56 | overall ? ETA ? | best -
[b2=24 b1={22}] stage  17.4% (221546921984/1274515148395) | 212.9M/s | stage ETA 1:22:25 | overall ? ETA ? | best -
[b2=24 b1={22}] stage  17.4% (221975216128/1274515148395) | 213.3M/s | stage ETA 1:22:14 | overall ? ETA ? | best -
[b2=24 b1={22}] stage  17.5% (222405427200/1274515148395) | 213.9M/s | stage ETA 1:21:57 | overall ? ETA ? | best -
[b2=24 b1={22}] stage  17.5% (222838034432/1274515148395) | 214.9M/s | stage ETA 1:21:34 | overall ? ETA ? | best -
[b2=24 b1={22}] stage  17.5% (223232606208/1274515148395) | 205.7M/s | stage ETA 1:25:10 | overall ? ETA ? | best -
[b2=24 b1={22}] stage  17.5% (223650775040/1274515148395) | 207.1M/s | stage ETA 1:24:33 | overall ? ETA ? | best -
[b2=24 b1={22}] stage  17.6% (224035389440/1274515148395) | 199.5M/s | stage ETA 1:27:46 | overall ? ETA ? | best -
[b2=24 b1={22}] stage  17.6% (224455516160/1274515148395) | 204.4M/s | stage ETA 1:25:36 | overall ? ETA ? | best -
[b2=24 b1={22}] stage  17.6% (224836812800/1274515148395) | 197.5M/s | stage ETA 1:28:35 | overall ? ETA ? | best -
[b2=24 b1={22}] stage  17.7% (225260634112/1274515148395) | 204.5M/s | stage ETA 1:25:30 | overall ? ETA ? | best -
[b2=24 b1={22}] stage  17.7% (225651671040/1274515148395) | 199.8M/s | stage ETA 1:27:30 | overall ? ETA ? | best -
[b2=24 b1={22}] stage  17.7% (226060591104/1274515148395) | 201.9M/s | stage ETA 1:26:32 | overall ? ETA ? | best -
[b2=24 b1={22}] stage  17.8% (226448633856/1274515148395) | 197.6M/s | stage ETA 1:28:23 | overall ? ETA ? | best -
[b2=24 b1={22}] stage  17.8% (226854391808/1274515148395) | 200.0M/s | stage ETA 1:27:18 | overall ? ETA ? | best -
[b2=24 b1={22}] stage  17.8% (227262513152/1274515148395) | 201.8M/s | stage ETA 1:26:28 | overall ? ETA ? | best -
[b2=24 b1={22}] stage  17.9% (227647631360/1274515148395) | 196.9M/s | stage ETA 1:28:36 | overall ? ETA ? | best -
[b2=24 b1={22}] stage  17.9% (228064505856/1274515148395) | 202.5M/s | stage ETA 1:26:08 | overall ? ETA ? | best -
[b2=24 b1={22}] stage  17.9% (228453466112/1274515148395) | 198.3M/s | stage ETA 1:27:55 | overall ? ETA ? | best -
[b2=24 b1={22}] stage  18.0% (228877185024/1274515148395) | 205.0M/s | stage ETA 1:25:00 | overall ? ETA ? | best -
[b2=24 b1={22}] stage  18.0% (229261795328/1274515148395) | 198.4M/s | stage ETA 1:27:47 | overall ? ETA ? | best -
[b2=24 b1={22}] stage  18.0% (229675544576/1274515148395) | 202.5M/s | stage ETA 1:25:58 | overall ? ETA ? | best -
[b2=24 b1={22}] stage  18.1% (230066733056/1274515148395) | 198.7M/s | stage ETA 1:27:37 | overall ? ETA ? | best -
[b2=24 b1={22}] stage  18.1% (230470860800/1274515148395) | 200.2M/s | stage ETA 1:26:54 | overall ? ETA ? | best -
[b2=24 b1={22}] stage  18.1% (230860886016/1274515148395) | 197.3M/s | stage ETA 1:28:09 | overall ? ETA ? | best -
[b2=24 b1={22}] stage  18.1% (231292678144/1274515148395) | 206.1M/s | stage ETA 1:24:20 | overall ? ETA ? | best -
[b2=24 b1={22}] stage  18.2% (231726460928/1274515148395) | 211.1M/s | stage ETA 1:22:19 | overall ? ETA ? | best -
[b2=24 b1={22}] stage  18.2% (232160272384/1274515148395) | 213.6M/s | stage ETA 1:21:19 | overall ? ETA ? | best -
[b2=24 b1={22}] stage  18.2% (232588267520/1274515148395) | 213.7M/s | stage ETA 1:21:14 | overall ? ETA ? | best -
[b2=24 b1={22}] stage  18.3% (233015828480/1274515148395) | 213.7M/s | stage ETA 1:21:14 | overall ? ETA ? | best -
[b2=24 b1={22}] stage  18.3% (233446072320/1274515148395) | 214.1M/s | stage ETA 1:21:02 | overall ? ETA ? | best -
[b2=24 b1={22}] stage  18.3% (233865412608/1274515148395) | 211.6M/s | stage ETA 1:21:57 | overall ? ETA ? | best -
[b2=24 b1={22}] stage  18.4% (234271563776/1274515148395) | 207.1M/s | stage ETA 1:23:42 | overall ? ETA ? | best -
[b2=24 b1={22}] stage  18.4% (234692599808/1274515148395) | 208.7M/s | stage ETA 1:23:02 | overall ? ETA ? | best -
[b2=24 b1={22}] stage  18.4% (235113078784/1274515148395) | 209.2M/s | stage ETA 1:22:48 | overall ? ETA ? | best -
[b2=24 b1={22}] stage  18.5% (235535986688/1274515148395) | 210.1M/s | stage ETA 1:22:25 | overall ? ETA ? | best -
[b2=24 b1={22}] stage  18.5% (235961868288/1274515148395) | 211.2M/s | stage ETA 1:21:56 | overall ? ETA ? | best -
[b2=24 b1={22}] stage  18.5% (236382326784/1274515148395) | 210.6M/s | stage ETA 1:22:10 | overall ? ETA ? | best -
[b2=24 b1={22}] stage  18.6% (236791619584/1274515148395) | 207.5M/s | stage ETA 1:23:21 | overall ? ETA ? | best -
[b2=24 b1={22}] stage  18.6% (237215866880/1274515148395) | 209.6M/s | stage ETA 1:22:29 | overall ? ETA ? | best -
[b2=24 b1={22}] stage  18.6% (237634174976/1274515148395) | 209.1M/s | stage ETA 1:22:38 | overall ? ETA ? | best -
[b2=24 b1={22}] stage  18.7% (238060990464/1274515148395) | 211.1M/s | stage ETA 1:21:50 | overall ? ETA ? | best -
[b2=24 b1={22}] stage  18.7% (238506381312/1274515148395) | 216.5M/s | stage ETA 1:19:45 | overall ? ETA ? | best -
[b2=24 b1={22}] stage  18.7% (238936829952/1274515148395) | 215.5M/s | stage ETA 1:20:04 | overall ? ETA ? | best -
[b2=24 b1={22}] stage  18.8% (239342940160/1274515148395) | 209.2M/s | stage ETA 1:22:28 | overall ? ETA ? | best -
[b2=24 b1={22}] stage  18.8% (239753912320/1274515148395) | 207.0M/s | stage ETA 1:23:18 | overall ? ETA ? | best -
[b2=24 b1={22}] stage  18.8% (240177999872/1274515148395) | 209.2M/s | stage ETA 1:22:23 | overall ? ETA ? | best -
[b2=24 b1={22}] stage  18.9% (240580468736/1274515148395) | 204.7M/s | stage ETA 1:24:10 | overall ? ETA ? | best -
[b2=24 b1={22}] stage  18.9% (241010819072/1274515148395) | 209.7M/s | stage ETA 1:22:09 | overall ? ETA ? | best -
[b2=24 b1={22}] stage  18.9% (241402589184/1274515148395) | 202.6M/s | stage ETA 1:24:58 | overall ? ETA ? | best -
[b2=24 b1={22}] stage  19.0% (241836875776/1274515148395) | 209.5M/s | stage ETA 1:22:09 | overall ? ETA ? | best -
[b2=24 b1={22}] stage  19.0% (242247245824/1274515148395) | 207.1M/s | stage ETA 1:23:04 | overall ? ETA ? | best -
[b2=24 b1={22}] stage  19.0% (242667225088/1274515148395) | 208.5M/s | stage ETA 1:22:30 | overall ? ETA ? | best -
[b2=24 b1={22}] stage  19.1% (243081650176/1274515148395) | 207.7M/s | stage ETA 1:22:44 | overall ? ETA ? | best -
[b2=24 b1={22}] stage  19.1% (243491360768/1274515148395) | 206.0M/s | stage ETA 1:23:25 | overall ? ETA ? | best -
[b2=24 b1={22}] stage  19.1% (243924496384/1274515148395) | 210.9M/s | stage ETA 1:21:25 | overall ? ETA ? | best -
[b2=24 b1={22}] stage  19.2% (244317065216/1274515148395) | 203.4M/s | stage ETA 1:24:25 | overall ? ETA ? | best -
[b2=24 b1={22}] stage  19.2% (244755628032/1274515148395) | 211.1M/s | stage ETA 1:21:18 | overall ? ETA ? | best -
[b2=24 b1={22}] stage  19.2% (245163220992/1274515148395) | 207.2M/s | stage ETA 1:22:48 | overall ? ETA ? | best -
[b2=24 b1={22}] stage  19.3% (245586198528/1274515148395) | 208.9M/s | stage ETA 1:22:05 | overall ? ETA ? | best -
[b2=24 b1={22}] stage  19.3% (246005821440/1274515148395) | 209.1M/s | stage ETA 1:21:59 | overall ? ETA ? | best -
[b2=24 b1={22}] stage  19.3% (246415413248/1274515148395) | 206.4M/s | stage ETA 1:23:00 | overall ? ETA ? | best -
[b2=24 b1={22}] stage  19.4% (246848303104/1274515148395) | 211.1M/s | stage ETA 1:21:08 | overall ? ETA ? | best -
[b2=24 b1={22}] stage  19.4% (247295406080/1274515148395) | 217.2M/s | stage ETA 1:18:49 | overall ? ETA ? | best -
[b2=24 b1={22}] stage  19.4% (247740817408/1274515148395) | 219.7M/s | stage ETA 1:17:52 | overall ? ETA ? | best -
[b2=24 b1={22}] stage  19.5% (248186593280/1274515148395) | 221.3M/s | stage ETA 1:17:18 | overall ? ETA ? | best -
[b2=24 b1={22}] stage  19.5% (248630312960/1274515148395) | 221.4M/s | stage ETA 1:17:14 | overall ? ETA ? | best -
[b2=24 b1={22}] stage  19.5% (249067544576/1274515148395) | 219.7M/s | stage ETA 1:17:48 | overall ? ETA ? | best -
[b2=24 b1={22}] stage  19.6% (249511333888/1274515148395) | 220.6M/s | stage ETA 1:17:26 | overall ? ETA ? | best -
[b2=24 b1={22}] stage  19.6% (249954263040/1274515148395) | 220.9M/s | stage ETA 1:17:19 | overall ? ETA ? | best -
[b2=24 b1={22}] stage  19.6% (250395467776/1274515148395) | 220.4M/s | stage ETA 1:17:25 | overall ? ETA ? | best -
[b2=24 b1={22}] stage  19.7% (250833674240/1274515148395) | 219.7M/s | stage ETA 1:17:40 | overall ? ETA ? | best -
[b2=24 b1={22}] stage  19.7% (251281448960/1274515148395) | 221.4M/s | stage ETA 1:17:01 | overall ? ETA ? | best -
[b2=24 b1={22}] stage  19.8% (251726200832/1274515148395) | 221.6M/s | stage ETA 1:16:55 | overall ? ETA ? | best -
[b2=24 b1={22}] stage  19.8% (252171837440/1274515148395) | 221.8M/s | stage ETA 1:16:49 | overall ? ETA ? | best -
[b2=24 b1={22}] stage  19.8% (252616187904/1274515148395) | 221.7M/s | stage ETA 1:16:48 | overall ? ETA ? | best -
[b2=24 b1={22}] stage  19.9% (253058146304/1274515148395) | 221.1M/s | stage ETA 1:16:59 | overall ? ETA ? | best -
[b2=24 b1={22}] stage  19.9% (253503053824/1274515148395) | 221.5M/s | stage ETA 1:16:50 | overall ? ETA ? | best -
[b2=24 b1={22}] stage  19.9% (253949014016/1274515148395) | 221.8M/s | stage ETA 1:16:42 | overall ? ETA ? | best -
[b2=24 b1={22}] stage  20.0% (254390317056/1274515148395) | 220.9M/s | stage ETA 1:16:57 | overall ? ETA ? | best -
[b2=24 b1={22}] stage  20.0% (254830764032/1274515148395) | 220.4M/s | stage ETA 1:17:05 | overall ? ETA ? | best -
[b2=24 b1={22}] stage  20.0% (255274713088/1274515148395) | 221.1M/s | stage ETA 1:16:49 | overall ? ETA ? | best -
[b2=24 b1={22}] stage  20.1% (255666229248/1274515148395) | 208.3M/s | stage ETA 1:21:31 | overall ? ETA ? | best -
[b2=24 b1={22}] stage  20.1% (256097411072/1274515148395) | 211.5M/s | stage ETA 1:20:14 | overall ? ETA ? | best -
[b2=24 b1={22}] stage  20.1% (256494899200/1274515148395) | 204.9M/s | stage ETA 1:22:48 | overall ? ETA ? | best -
[b2=24 b1={22}] stage  20.2% (256924778496/1274515148395) | 209.8M/s | stage ETA 1:20:51 | overall ? ETA ? | best -
[b2=24 b1={22}] stage  20.2% (257333907456/1274515148395) | 206.9M/s | stage ETA 1:21:56 | overall ? ETA ? | best -
[b2=24 b1={22}] stage  20.2% (257753006080/1274515148395) | 207.9M/s | stage ETA 1:21:29 | overall ? ETA ? | best -
[b2=24 b1={22}] stage  20.3% (258179571712/1274515148395) | 210.4M/s | stage ETA 1:20:31 | overall ? ETA ? | best -
[b2=24 b1={22}] stage  20.3% (258585497600/1274515148395) | 206.5M/s | stage ETA 1:21:59 | overall ? ETA ? | best -
[b2=24 b1={22}] stage  20.3% (259019628544/1274515148395) | 211.7M/s | stage ETA 1:19:55 | overall ? ETA ? | best -
[b2=24 b1={22}] stage  20.4% (259409887232/1274515148395) | 203.3M/s | stage ETA 1:23:11 | overall ? ETA ? | best -
[b2=24 b1={22}] stage  20.4% (259846737920/1274515148395) | 210.7M/s | stage ETA 1:20:16 | overall ? ETA ? | best -
[b2=24 b1={22}] stage  20.4% (260254629888/1274515148395) | 207.0M/s | stage ETA 1:21:38 | overall ? ETA ? | best -
[b2=24 b1={22}] stage  20.5% (260675633152/1274515148395) | 208.4M/s | stage ETA 1:21:04 | overall ? ETA ? | best -
[b2=24 b1={22}] stage  20.5% (261102080000/1274515148395) | 210.5M/s | stage ETA 1:20:13 | overall ? ETA ? | best -
[b2=24 b1={22}] stage  20.5% (261510627328/1274515148395) | 207.1M/s | stage ETA 1:21:31 | overall ? ETA ? | best -
[b2=24 b1={22}] stage  20.6% (261937397760/1274515148395) | 210.0M/s | stage ETA 1:20:22 | overall ? ETA ? | best -
[b2=24 b1={22}] stage  20.6% (262319280128/1274515148395) | 200.3M/s | stage ETA 1:24:14 | overall ? ETA ? | best -
[b2=24 b1={22}] stage  20.6% (262747299840/1274515148395) | 206.9M/s | stage ETA 1:21:30 | overall ? ETA ? | best -
[b2=24 b1={22}] stage  20.6% (263115759616/1274515148395) | 195.5M/s | stage ETA 1:26:14 | overall ? ETA ? | best -
[b2=24 b1={22}] stage  20.7% (263510564864/1274515148395) | 196.2M/s | stage ETA 1:25:52 | overall ? ETA ? | best -
[b2=24 b1={22}] stage  20.7% (263937810432/1274515148395) | 204.6M/s | stage ETA 1:22:18 | overall ? ETA ? | best -
[b2=24 b1={22}] stage  20.7% (264368353280/1274515148395) | 209.9M/s | stage ETA 1:20:13 | overall ? ETA ? | best -
[b2=24 b1={22}] stage  20.8% (264798855168/1274515148395) | 212.3M/s | stage ETA 1:19:16 | overall ? ETA ? | best -
[b2=24 b1={22}] stage  20.8% (265232056320/1274515148395) | 214.4M/s | stage ETA 1:18:27 | overall ? ETA ? | best -
[b2=24 b1={22}] stage  20.8% (265664577536/1274515148395) | 215.0M/s | stage ETA 1:18:11 | overall ? ETA ? | best -
[b2=24 b1={22}] stage  20.9% (266096349184/1274515148395) | 215.3M/s | stage ETA 1:18:03 | overall ? ETA ? | best -
[b2=24 b1={22}] stage  20.9% (266526724096/1274515148395) | 215.0M/s | stage ETA 1:18:08 | overall ? ETA ? | best -
[b2=24 b1={22}] stage  20.9% (266958409728/1274515148395) | 215.2M/s | stage ETA 1:18:01 | overall ? ETA ? | best -
[b2=24 b1={22}] stage  21.0% (267389566976/1274515148395) | 215.2M/s | stage ETA 1:17:59 | overall ? ETA ? | best -
[b2=24 b1={22}] stage  21.0% (267822731264/1274515148395) | 215.8M/s | stage ETA 1:17:45 | overall ? ETA ? | best -
[b2=24 b1={22}] stage  21.0% (268249358336/1274515148395) | 214.3M/s | stage ETA 1:18:15 | overall ? ETA ? | best -
[b2=24 b1={22}] stage  21.1% (268668825600/1274515148395) | 212.0M/s | stage ETA 1:19:04 | overall ? ETA ? | best -
[b2=24 b1={22}] stage  21.1% (269101850624/1274515148395) | 214.0M/s | stage ETA 1:18:18 | overall ? ETA ? | best -
[b2=24 b1={22}] stage  21.1% (269536034816/1274515148395) | 215.1M/s | stage ETA 1:17:52 | overall ? ETA ? | best -
[b2=24 b1={22}] stage  21.2% (269970296832/1274515148395) | 215.8M/s | stage ETA 1:17:34 | overall ? ETA ? | best -
[b2=24 b1={22}] stage  21.2% (270401875968/1274515148395) | 215.6M/s | stage ETA 1:17:37 | overall ? ETA ? | best -
[b2=24 b1={22}] stage  21.3% (270834544640/1274515148395) | 215.7M/s | stage ETA 1:17:33 | overall ? ETA ? | best -
[b2=24 b1={22}] stage  21.3% (271253598208/1274515148395) | 212.6M/s | stage ETA 1:18:39 | overall ? ETA ? | best -
[b2=24 b1={22}] stage  21.3% (271650013184/1274515148395) | 205.3M/s | stage ETA 1:21:24 | overall ? ETA ? | best -
[b2=24 b1={22}] stage  21.3% (272061341696/1274515148395) | 205.4M/s | stage ETA 1:21:19 | overall ? ETA ? | best -
[b2=24 b1={22}] stage  21.4% (272469909504/1274515148395) | 204.4M/s | stage ETA 1:21:43 | overall ? ETA ? | best -
[b2=24 b1={22}] stage  21.4% (272869679104/1274515148395) | 201.9M/s | stage ETA 1:22:42 | overall ? ETA ? | best -
[b2=24 b1={22}] stage  21.4% (273286090752/1274515148395) | 204.8M/s | stage ETA 1:21:29 | overall ? ETA ? | best -
[b2=24 b1={22}] stage  21.5% (273677119488/1274515148395) | 199.8M/s | stage ETA 1:23:30 | overall ? ETA ? | best -
[b2=24 b1={22}] stage  21.5% (274101481472/1274515148395) | 205.7M/s | stage ETA 1:21:02 | overall ? ETA ? | best -
[b2=24 b1={22}] stage  21.5% (274486943744/1274515148395) | 198.9M/s | stage ETA 1:23:47 | overall ? ETA ? | best -
[b2=24 b1={22}] stage  21.6% (274911182848/1274515148395) | 205.1M/s | stage ETA 1:21:13 | overall ? ETA ? | best -
[b2=24 b1={22}] stage  21.6% (275290193920/1274515148395) | 196.9M/s | stage ETA 1:24:33 | overall ? ETA ? | best -
[b2=24 b1={22}] stage  21.6% (275677392896/1274515148395) | 195.0M/s | stage ETA 1:25:23 | overall ? ETA ? | best -
[b2=24 b1={22}] stage  21.7% (276075003904/1274515148395) | 196.5M/s | stage ETA 1:24:42 | overall ? ETA ? | best -
[b2=24 b1={22}] stage  21.7% (276485472256/1274515148395) | 200.6M/s | stage ETA 1:22:56 | overall ? ETA ? | best -
[b2=24 b1={22}] stage  21.7% (276890304512/1274515148395) | 201.2M/s | stage ETA 1:22:37 | overall ? ETA ? | best -
[b2=24 b1={22}] stage  21.8% (277270368256/1274515148395) | 195.2M/s | stage ETA 1:25:07 | overall ? ETA ? | best -
[b2=24 b1={22}] stage  21.8% (277674545152/1274515148395) | 198.6M/s | stage ETA 1:23:39 | overall ? ETA ? | best -
[b2=24 b1={22}] stage  21.8% (278064455680/1274515148395) | 196.6M/s | stage ETA 1:24:29 | overall ? ETA ? | best -
[b2=24 b1={22}] stage  21.8% (278463082496/1274515148395) | 197.6M/s | stage ETA 1:24:00 | overall ? ETA ? | best -
[b2=24 b1={22}] stage  21.9% (278854209536/1274515148395) | 196.4M/s | stage ETA 1:24:28 | overall ? ETA ? | best -
[b2=24 b1={22}] stage  21.9% (279289753600/1274515148395) | 206.9M/s | stage ETA 1:20:09 | overall ? ETA ? | best -
[b2=24 b1={22}] stage  21.9% (279700103168/1274515148395) | 205.9M/s | stage ETA 1:20:31 | overall ? ETA ? | best -
[b2=24 b1={22}] stage  22.0% (280140980224/1274515148395) | 213.1M/s | stage ETA 1:17:45 | overall ? ETA ? | best -
[b2=24 b1={22}] stage  22.0% (280584704000/1274515148395) | 217.2M/s | stage ETA 1:16:15 | overall ? ETA ? | best -
[b2=24 b1={22}] stage  22.1% (281030647808/1274515148395) | 219.8M/s | stage ETA 1:15:19 | overall ? ETA ? | best -
[b2=24 b1={22}] stage  22.1% (281476861952/1274515148395) | 221.1M/s | stage ETA 1:14:50 | overall ? ETA ? | best -
[b2=24 b1={22}] stage  22.1% (281918025728/1274515148395) | 220.8M/s | stage ETA 1:14:56 | overall ? ETA ? | best -
[b2=24 b1={22}] stage  22.2% (282341535744/1274515148395) | 216.0M/s | stage ETA 1:16:33 | overall ? ETA ? | best -
[b2=24 b1={22}] stage  22.2% (282759213056/1274515148395) | 212.3M/s | stage ETA 1:17:52 | overall ? ETA ? | best -
[b2=24 b1={22}] stage  22.2% (283164450816/1274515148395) | 207.2M/s | stage ETA 1:19:43 | overall ? ETA ? | best -
[b2=24 b1={22}] stage  22.3% (283587964928/1274515148395) | 209.3M/s | stage ETA 1:18:55 | overall ? ETA ? | best -
[b2=24 b1={22}] stage  22.3% (284021526528/1274515148395) | 212.8M/s | stage ETA 1:17:35 | overall ? ETA ? | best -
[b2=24 b1={22}] stage  22.3% (284454129664/1274515148395) | 214.3M/s | stage ETA 1:17:00 | overall ? ETA ? | best -
[b2=24 b1={22}] stage  22.4% (284880236544/1274515148395) | 213.2M/s | stage ETA 1:17:22 | overall ? ETA ? | best -
[b2=24 b1={22}] stage  22.4% (285311582208/1274515148395) | 214.2M/s | stage ETA 1:16:59 | overall ? ETA ? | best -
[b2=24 b1={22}] stage  22.4% (285746544640/1274515148395) | 215.5M/s | stage ETA 1:16:28 | overall ? ETA ? | best -
[b2=24 b1={22}] stage  22.5% (286182027264/1274515148395) | 216.4M/s | stage ETA 1:16:06 | overall ? ETA ? | best -
[b2=24 b1={22}] stage  22.5% (286614097920/1274515148395) | 216.1M/s | stage ETA 1:16:11 | overall ? ETA ? | best -
[b2=24 b1={22}] stage  22.5% (287048335360/1274515148395) | 216.6M/s | stage ETA 1:15:59 | overall ? ETA ? | best -
[b2=24 b1={22}] stage  22.6% (287479050240/1274515148395) | 215.9M/s | stage ETA 1:16:12 | overall ? ETA ? | best -
[b2=24 b1={22}] stage  22.6% (287883149312/1274515148395) | 208.8M/s | stage ETA 1:18:45 | overall ? ETA ? | best -
[b2=24 b1={22}] stage  22.6% (288293707776/1274515148395) | 206.8M/s | stage ETA 1:19:29 | overall ? ETA ? | best -
[b2=24 b1={22}] stage  22.7% (288696795136/1274515148395) | 204.0M/s | stage ETA 1:20:33 | overall ? ETA ? | best -
[b2=24 b1={22}] stage  22.7% (289112817664/1274515148395) | 205.7M/s | stage ETA 1:19:49 | overall ? ETA ? | best -
[b2=24 b1={22}] stage  22.7% (289503973376/1274515148395) | 200.4M/s | stage ETA 1:21:55 | overall ? ETA ? | best -
[b2=24 b1={22}] stage  22.7% (289934823424/1274515148395) | 207.6M/s | stage ETA 1:19:01 | overall ? ETA ? | best -
[b2=24 b1={22}] stage  22.8% (290321694720/1274515148395) | 200.4M/s | stage ETA 1:21:50 | overall ? ETA ? | best -
[b2=24 b1={22}] stage  22.8% (290743275520/1274515148395) | 204.9M/s | stage ETA 1:20:00 | overall ? ETA ? | best -
[b2=24 b1={22}] stage  22.8% (291136208896/1274515148395) | 200.5M/s | stage ETA 1:21:44 | overall ? ETA ? | best -
[b2=24 b1={22}] stage  22.9% (291544375296/1274515148395) | 201.9M/s | stage ETA 1:21:08 | overall ? ETA ? | best -
[b2=24 b1={22}] stage  22.9% (291943940096/1274515148395) | 200.8M/s | stage ETA 1:21:34 | overall ? ETA ? | best -
[b2=24 b1={22}] stage  22.9% (292299632640/1274515148395) | 189.1M/s | stage ETA 1:26:34 | overall ? ETA ? | best -
[b2=24 b1={22}] stage  23.0% (292699877376/1274515148395) | 194.4M/s | stage ETA 1:24:11 | overall ? ETA ? | best -
[b2=24 b1={22}] stage  23.0% (293090836480/1274515148395) | 194.6M/s | stage ETA 1:24:04 | overall ? ETA ? | best -
[b2=24 b1={22}] stage  23.0% (293494972416/1274515148395) | 198.2M/s | stage ETA 1:22:28 | overall ? ETA ? | best -
[b2=24 b1={22}] stage  23.1% (293888303104/1274515148395) | 197.4M/s | stage ETA 1:22:46 | overall ? ETA ? | best -
[b2=24 b1={22}] stage  23.1% (294310522880/1274515148395) | 204.2M/s | stage ETA 1:20:00 | overall ? ETA ? | best -
[b2=24 b1={22}] stage  23.1% (294694395904/1274515148395) | 197.9M/s | stage ETA 1:22:31 | overall ? ETA ? | best -
[b2=24 b1={22}] stage  23.2% (295118336000/1274515148395) | 204.8M/s | stage ETA 1:19:42 | overall ? ETA ? | best -
[b2=24 b1={22}] stage  23.2% (295510716416/1274515148395) | 200.2M/s | stage ETA 1:21:29 | overall ? ETA ? | best -
[b2=24 b1={22}] stage  23.2% (295947096064/1274515148395) | 208.8M/s | stage ETA 1:18:07 | overall ? ETA ? | best -
[b2=24 b1={22}] stage  23.3% (296365813760/1274515148395) | 208.7M/s | stage ETA 1:18:07 | overall ? ETA ? | best -
[b2=24 b1={22}] stage  23.3% (296800018432/1274515148395) | 212.7M/s | stage ETA 1:16:36 | overall ? ETA ? | best -
[b2=24 b1={22}] stage  23.3% (297236844544/1274515148395) | 215.1M/s | stage ETA 1:15:42 | overall ? ETA ? | best -
[b2=24 b1={22}] stage  23.4% (297669476352/1274515148395) | 215.6M/s | stage ETA 1:15:30 | overall ? ETA ? | best -
[b2=24 b1={22}] stage  23.4% (298104029184/1274515148395) | 216.2M/s | stage ETA 1:15:16 | overall ? ETA ? | best -
[b2=24 b1={22}] stage  23.4% (298539831296/1274515148395) | 216.6M/s | stage ETA 1:15:06 | overall ? ETA ? | best -
[b2=24 b1={22}] stage  23.5% (298976878592/1274515148395) | 217.3M/s | stage ETA 1:14:50 | overall ? ETA ? | best -
[b2=24 b1={22}] stage  23.5% (299414802432/1274515148395) | 217.7M/s | stage ETA 1:14:38 | overall ? ETA ? | best -
[b2=24 b1={22}] stage  23.5% (299851603968/1274515148395) | 217.8M/s | stage ETA 1:14:35 | overall ? ETA ? | best -
[b2=24 b1={22}] stage  23.6% (300288045056/1274515148395) | 217.9M/s | stage ETA 1:14:31 | overall ? ETA ? | best -
[b2=24 b1={22}] stage  23.6% (300715331584/1274515148395) | 215.6M/s | stage ETA 1:15:16 | overall ? ETA ? | best -
[b2=24 b1={22}] stage  23.6% (301148925952/1274515148395) | 215.9M/s | stage ETA 1:15:09 | overall ? ETA ? | best -
[b2=24 b1={22}] stage  23.7% (301578883072/1274515148395) | 215.1M/s | stage ETA 1:15:23 | overall ? ETA ? | best -
[b2=24 b1={22}] stage  23.7% (302015143936/1274515148395) | 216.4M/s | stage ETA 1:14:53 | overall ? ETA ? | best -
[b2=24 b1={22}] stage  23.7% (302452559872/1274515148395) | 217.1M/s | stage ETA 1:14:37 | overall ? ETA ? | best -
[b2=24 b1={22}] stage  23.8% (302883127296/1274515148395) | 215.9M/s | stage ETA 1:15:00 | overall ? ETA ? | best -
[b2=24 b1={22}] stage  23.8% (303320977408/1274515148395) | 217.0M/s | stage ETA 1:14:35 | overall ? ETA ? | best -
[b2=24 b1={22}] stage  23.8% (303729909760/1274515148395) | 210.5M/s | stage ETA 1:16:51 | overall ? ETA ? | best -
[b2=24 b1={22}] stage  23.9% (304143450112/1274515148395) | 208.4M/s | stage ETA 1:17:35 | overall ? ETA ? | best -
[b2=24 b1={22}] stage  23.9% (304539054080/1274515148395) | 202.7M/s | stage ETA 1:19:45 | overall ? ETA ? | best -
[b2=24 b1={22}] stage  23.9% (304963489792/1274515148395) | 207.4M/s | stage ETA 1:17:55 | overall ? ETA ? | best -
[b2=24 b1={22}] stage  24.0% (305354096640/1274515148395) | 201.1M/s | stage ETA 1:20:19 | overall ? ETA ? | best -
[b2=24 b1={22}] stage  24.0% (305777463296/1274515148395) | 206.1M/s | stage ETA 1:18:19 | overall ? ETA ? | best -
[b2=24 b1={22}] stage  24.0% (306166550528/1274515148395) | 200.1M/s | stage ETA 1:20:38 | overall ? ETA ? | best -
[b2=24 b1={22}] stage  24.1% (306587906048/1274515148395) | 205.1M/s | stage ETA 1:18:39 | overall ? ETA ? | best -
[b2=24 b1={22}] stage  24.1% (306986582016/1274515148395) | 202.0M/s | stage ETA 1:19:49 | overall ? ETA ? | best -
[b2=24 b1={22}] stage  24.1% (307394400256/1274515148395) | 202.7M/s | stage ETA 1:19:30 | overall ? ETA ? | best -
[b2=24 b1={22}] stage  24.2% (307807211520/1274515148395) | 204.3M/s | stage ETA 1:18:50 | overall ? ETA ? | best -
[b2=24 b1={22}] stage  24.2% (308206043136/1274515148395) | 201.5M/s | stage ETA 1:19:55 | overall ? ETA ? | best -
[b2=24 b1={22}] stage  24.2% (308629327872/1274515148395) | 206.2M/s | stage ETA 1:18:03 | overall ? ETA ? | best -
[b2=24 b1={22}] stage  24.2% (309017174016/1274515148395) | 200.0M/s | stage ETA 1:20:27 | overall ? ETA ? | best -
[b2=24 b1={22}] stage  24.3% (309445451776/1274515148395) | 206.8M/s | stage ETA 1:17:46 | overall ? ETA ? | best -
[b2=24 b1={22}] stage  24.3% (309835833344/1274515148395) | 200.6M/s | stage ETA 1:20:08 | overall ? ETA ? | best -
[b2=24 b1={22}] stage  24.3% (310255312896/1274515148395) | 204.9M/s | stage ETA 1:18:27 | overall ? ETA ? | best -
[b2=24 b1={22}] stage  24.4% (310657056768/1274515148395) | 202.8M/s | stage ETA 1:19:12 | overall ? ETA ? | best -
[b2=24 b1={22}] stage  24.4% (311068561408/1274515148395) | 204.1M/s | stage ETA 1:18:40 | overall ? ETA ? | best -
[b2=24 b1={22}] stage  24.4% (311477387264/1274515148395) | 204.2M/s | stage ETA 1:18:37 | overall ? ETA ? | best -
[b2=24 b1={22}] stage  24.5% (311912960000/1274515148395) | 210.7M/s | stage ETA 1:16:07 | overall ? ETA ? | best -
[b2=24 b1={22}] stage  24.5% (312345944064/1274515148395) | 213.4M/s | stage ETA 1:15:09 | overall ? ETA ? | best -
[b2=24 b1={22}] stage  24.5% (312783142912/1274515148395) | 215.8M/s | stage ETA 1:14:16 | overall ? ETA ? | best -
[b2=24 b1={22}] stage  24.6% (313220308992/1274515148395) | 216.8M/s | stage ETA 1:13:54 | overall ? ETA ? | best -
[b2=24 b1={22}] stage  24.6% (313658945536/1274515148395) | 217.7M/s | stage ETA 1:13:33 | overall ? ETA ? | best -
[b2=24 b1={22}] stage  24.6% (314093273088/1274515148395) | 217.3M/s | stage ETA 1:13:40 | overall ? ETA ? | best -
[b2=24 b1={22}] stage  24.7% (314521055232/1274515148395) | 215.4M/s | stage ETA 1:14:17 | overall ? ETA ? | best -
[b2=24 b1={22}] stage  24.7% (314941538304/1274515148395) | 212.5M/s | stage ETA 1:15:14 | overall ? ETA ? | best -
[b2=24 b1={22}] stage  24.7% (315364605952/1274515148395) | 211.7M/s | stage ETA 1:15:30 | overall ? ETA ? | best -
[b2=24 b1={22}] stage  24.8% (315796217856/1274515148395) | 213.5M/s | stage ETA 1:14:50 | overall ? ETA ? | best -
[b2=24 b1={22}] stage  24.8% (316208050176/1274515148395) | 209.3M/s | stage ETA 1:16:17 | overall ? ETA ? | best -
[b2=24 b1={22}] stage  24.8% (316629663744/1274515148395) | 209.8M/s | stage ETA 1:16:05 | overall ? ETA ? | best -
[b2=24 b1={22}] stage  24.9% (317047463936/1274515148395) | 209.0M/s | stage ETA 1:16:21 | overall ? ETA ? | best -
[b2=24 b1={22}] stage  24.9% (317479632896/1274515148395) | 212.1M/s | stage ETA 1:15:12 | overall ? ETA ? | best -
[b2=24 b1={22}] stage  24.9% (317902573568/1274515148395) | 211.7M/s | stage ETA 1:15:19 | overall ? ETA ? | best -
[b2=24 b1={22}] stage  25.0% (318332715008/1274515148395) | 213.2M/s | stage ETA 1:14:44 | overall ? ETA ? | best -
[b2=24 b1={22}] stage  25.0% (318760460288/1274515148395) | 213.2M/s | stage ETA 1:14:42 | overall ? ETA ? | best -
[b2=24 b1={22}] stage  25.0% (319192748032/1274515148395) | 214.4M/s | stage ETA 1:14:15 | overall ? ETA ? | best -
[b2=24 b1={22}] stage  25.1% (319626211328/1274515148395) | 215.4M/s | stage ETA 1:13:54 | overall ? ETA ? | best -
[b2=24 b1={22}] stage  25.1% (320060592128/1274515148395) | 216.0M/s | stage ETA 1:13:38 | overall ? ETA ? | best -
[b2=24 b1={22}] stage  25.1% (320445313024/1274515148395) | 203.9M/s | stage ETA 1:17:58 | overall ? ETA ? | best -
[b2=24 b1={22}] stage  25.2% (320869978112/1274515148395) | 207.9M/s | stage ETA 1:16:26 | overall ? ETA ? | best -
[b2=24 b1={22}] stage  25.2% (321262190592/1274515148395) | 202.0M/s | stage ETA 1:18:40 | overall ? ETA ? | best -
[b2=24 b1={22}] stage  25.2% (321680207872/1274515148395) | 205.1M/s | stage ETA 1:17:25 | overall ? ETA ? | best -
[b2=24 b1={22}] stage  25.3% (322083602432/1274515148395) | 203.2M/s | stage ETA 1:18:06 | overall ? ETA ? | best -
[b2=24 b1={22}] stage  25.3% (322483593216/1274515148395) | 201.4M/s | stage ETA 1:18:47 | overall ? ETA ? | best -
[b2=24 b1={22}] stage  25.3% (322894254080/1274515148395) | 203.3M/s | stage ETA 1:18:01 | overall ? ETA ? | best -
[b2=24 b1={22}] stage  25.4% (323290009600/1274515148395) | 200.3M/s | stage ETA 1:19:08 | overall ? ETA ? | best -
[b2=24 b1={22}] stage  25.4% (323712868352/1274515148395) | 205.6M/s | stage ETA 1:17:04 | overall ? ETA ? | best -
[b2=24 b1={22}] stage  25.4% (324097634304/1274515148395) | 198.9M/s | stage ETA 1:19:38 | overall ? ETA ? | best -
[b2=24 b1={22}] stage  25.5% (324525068288/1274515148395) | 206.1M/s | stage ETA 1:16:49 | overall ? ETA ? | best -
[b2=24 b1={22}] stage  25.5% (324915544064/1274515148395) | 200.2M/s | stage ETA 1:19:02 | overall ? ETA ? | best -
[b2=24 b1={22}] stage  25.5% (325335998464/1274515148395) | 204.8M/s | stage ETA 1:17:13 | overall ? ETA ? | best -
[b2=24 b1={22}] stage  25.6% (325740924928/1274515148395) | 203.2M/s | stage ETA 1:17:48 | overall ? ETA ? | best -
[b2=24 b1={22}] stage  25.6% (326152179712/1274515148395) | 204.2M/s | stage ETA 1:17:25 | overall ? ETA ? | best -
[b2=24 b1={22}] stage  25.6% (326563676160/1274515148395) | 204.8M/s | stage ETA 1:17:09 | overall ? ETA ? | best -
[b2=24 b1={22}] stage  25.7% (326964166656/1274515148395) | 202.3M/s | stage ETA 1:18:03 | overall ? ETA ? | best -
[b2=24 b1={22}] stage  25.7% (327387246592/1274515148395) | 206.7M/s | stage ETA 1:16:23 | overall ? ETA ? | best -
[b2=24 b1={22}] stage  25.7% (327776428032/1274515148395) | 200.3M/s | stage ETA 1:18:46 | overall ? ETA ? | best -
[b2=24 b1={22}] stage  25.8% (328207941632/1274515148395) | 207.8M/s | stage ETA 1:15:53 | overall ? ETA ? | best -
[b2=24 b1={22}] stage  25.8% (328643969024/1274515148395) | 212.7M/s | stage ETA 1:14:07 | overall ? ETA ? | best -
[b2=24 b1={22}] stage  25.8% (329078812672/1274515148395) | 215.0M/s | stage ETA 1:13:17 | overall ? ETA ? | best -
[b2=24 b1={22}] stage  25.9% (329513504768/1274515148395) | 215.9M/s | stage ETA 1:12:56 | overall ? ETA ? | best -
[b2=24 b1={22}] stage  25.9% (329949003776/1274515148395) | 216.6M/s | stage ETA 1:12:39 | overall ? ETA ? | best -
[b2=24 b1={22}] stage  25.9% (330384642048/1274515148395) | 216.8M/s | stage ETA 1:12:35 | overall ? ETA ? | best -
[b2=24 b1={22}] stage  26.0% (330819076096/1274515148395) | 216.8M/s | stage ETA 1:12:33 | overall ? ETA ? | best -
[b2=24 b1={22}] stage  26.0% (331254042624/1274515148395) | 216.9M/s | stage ETA 1:12:28 | overall ? ETA ? | best -
[b2=24 b1={22}] stage  26.0% (331692220416/1274515148395) | 217.5M/s | stage ETA 1:12:13 | overall ? ETA ? | best -
[b2=24 b1={22}] stage  26.1% (332128358400/1274515148395) | 217.5M/s | stage ETA 1:12:12 | overall ? ETA ? | best -
[b2=24 b1={22}] stage  26.1% (332564127744/1274515148395) | 217.4M/s | stage ETA 1:12:12 | overall ? ETA ? | best -
[b2=24 b1={22}] stage  26.1% (333001035776/1274515148395) | 217.7M/s | stage ETA 1:12:05 | overall ? ETA ? | best -
[b2=24 b1={22}] stage  26.2% (333438742528/1274515148395) | 218.0M/s | stage ETA 1:11:57 | overall ? ETA ? | best -
[b2=24 b1={22}] stage  26.2% (333874855936/1274515148395) | 217.8M/s | stage ETA 1:11:58 | overall ? ETA ? | best -
[b2=24 b1={22}] stage  26.2% (334311006208/1274515148395) | 217.7M/s | stage ETA 1:11:58 | overall ? ETA ? | best -
[b2=24 b1={22}] stage  26.3% (334749089792/1274515148395) | 218.1M/s | stage ETA 1:11:48 | overall ? ETA ? | best -
[b2=24 b1={22}] stage  26.3% (335186505728/1274515148395) | 218.0M/s | stage ETA 1:11:48 | overall ? ETA ? | best -
[b2=24 b1={22}] stage  26.3% (335623208960/1274515148395) | 217.9M/s | stage ETA 1:11:49 | overall ? ETA ? | best -
[b2=24 b1={22}] stage  26.4% (336019869696/1274515148395) | 207.9M/s | stage ETA 1:15:13 | overall ? ETA ? | best -
[b2=24 b1={22}] stage  26.4% (336399130624/1274515148395) | 198.4M/s | stage ETA 1:18:47 | overall ? ETA ? | best -
[b2=24 b1={22}] stage  26.4% (336801910784/1274515148395) | 199.5M/s | stage ETA 1:18:19 | overall ? ETA ? | best -
[b2=24 b1={22}] stage  26.5% (337210077184/1274515148395) | 201.2M/s | stage ETA 1:17:37 | overall ? ETA ? | best -
[b2=24 b1={22}] stage  26.5% (337623953408/1274515148395) | 203.9M/s | stage ETA 1:16:34 | overall ? ETA ? | best -
[b2=24 b1={22}] stage  26.5% (338057486336/1274515148395) | 210.3M/s | stage ETA 1:14:13 | overall ? ETA ? | best -
[b2=24 b1={22}] stage  26.6% (338452373504/1274515148395) | 203.6M/s | stage ETA 1:16:37 | overall ? ETA ? | best -
[b2=24 b1={22}] stage  26.6% (338892963840/1274515148395) | 211.7M/s | stage ETA 1:13:40 | overall ? ETA ? | best -
[b2=24 b1={22}] stage  26.6% (339290144768/1274515148395) | 205.1M/s | stage ETA 1:15:59 | overall ? ETA ? | best -
[b2=24 b1={22}] stage  26.7% (339707772928/1274515148395) | 206.7M/s | stage ETA 1:15:22 | overall ? ETA ? | best -
[b2=24 b1={22}] stage  26.7% (340116942848/1274515148395) | 205.3M/s | stage ETA 1:15:51 | overall ? ETA ? | best -
[b2=24 b1={22}] stage  26.7% (340500803584/1274515148395) | 198.6M/s | stage ETA 1:18:23 | overall ? ETA ? | best -
[b2=24 b1={22}] stage  26.7% (340906684416/1274515148395) | 200.5M/s | stage ETA 1:17:35 | overall ? ETA ? | best -
[b2=24 b1={22}] stage  26.8% (341293350912/1274515148395) | 196.7M/s | stage ETA 1:19:04 | overall ? ETA ? | best -
[b2=24 b1={22}] stage  26.8% (341686964224/1274515148395) | 196.5M/s | stage ETA 1:19:06 | overall ? ETA ? | best -
[b2=24 b1={22}] stage  26.8% (342064652288/1274515148395) | 192.4M/s | stage ETA 1:20:45 | overall ? ETA ? | best -
[b2=24 b1={22}] stage  26.9% (342477615104/1274515148395) | 199.2M/s | stage ETA 1:17:59 | overall ? ETA ? | best -
[b2=24 b1={22}] stage  26.9% (342858801152/1274515148395) | 194.6M/s | stage ETA 1:19:46 | overall ? ETA ? | best -
[b2=24 b1={22}] stage  26.9% (343283404800/1274515148395) | 203.4M/s | stage ETA 1:16:17 | overall ? ETA ? | best -
[b2=24 b1={22}] stage  27.0% (343671623680/1274515148395) | 198.4M/s | stage ETA 1:18:11 | overall ? ETA ? | best -
[b2=24 b1={22}] stage  27.0% (344106610688/1274515148395) | 207.8M/s | stage ETA 1:14:37 | overall ? ETA ? | best -
[b2=24 b1={22}] stage  27.0% (344541896704/1274515148395) | 212.5M/s | stage ETA 1:12:56 | overall ? ETA ? | best -
[b2=24 b1={22}] stage  27.1% (344966492160/1274515148395) | 211.9M/s | stage ETA 1:13:05 | overall ? ETA ? | best -
[b2=24 b1={22}] stage  27.1% (345413226496/1274515148395) | 217.6M/s | stage ETA 1:11:10 | overall ? ETA ? | best -
[b2=24 b1={22}] stage  27.1% (345831014400/1274515148395) | 213.0M/s | stage ETA 1:12:39 | overall ? ETA ? | best -
[b2=24 b1={22}] stage  27.2% (346263904256/1274515148395) | 214.5M/s | stage ETA 1:12:06 | overall ? ETA ? | best -
[b2=24 b1={22}] stage  27.2% (346695155712/1274515148395) | 214.9M/s | stage ETA 1:11:57 | overall ? ETA ? | best -
[b2=24 b1={22}] stage  27.2% (347122688000/1274515148395) | 214.1M/s | stage ETA 1:12:10 | overall ? ETA ? | best -
[b2=24 b1={22}] stage  27.3% (347548696576/1274515148395) | 213.3M/s | stage ETA 1:12:25 | overall ? ETA ? | best -
[b2=24 b1={22}] stage  27.3% (347982213120/1274515148395) | 214.8M/s | stage ETA 1:11:53 | overall ? ETA ? | best -
[b2=24 b1={22}] stage  27.3% (348413513728/1274515148395) | 214.9M/s | stage ETA 1:11:48 | overall ? ETA ? | best -
[b2=24 b1={22}] stage  27.4% (348847366144/1274515148395) | 215.7M/s | stage ETA 1:11:32 | overall ? ETA ? | best -
[b2=24 b1={22}] stage  27.4% (349252407296/1274515148395) | 208.8M/s | stage ETA 1:13:50 | overall ? ETA ? | best -
[b2=24 b1={22}] stage  27.4% (349682851840/1274515148395) | 211.9M/s | stage ETA 1:12:43 | overall ? ETA ? | best -
[b2=24 b1={22}] stage  27.5% (350128582656/1274515148395) | 217.0M/s | stage ETA 1:10:59 | overall ? ETA ? | best -
[b2=24 b1={22}] stage  27.5% (350576123904/1274515148395) | 219.9M/s | stage ETA 1:10:01 | overall ? ETA ? | best -
[b2=24 b1={22}] stage  27.5% (351012839424/1274515148395) | 219.0M/s | stage ETA 1:10:16 | overall ? ETA ? | best -
[b2=24 b1={22}] stage  27.6% (351461216256/1274515148395) | 221.3M/s | stage ETA 1:09:31 | overall ? ETA ? | best -
[b2=24 b1={22}] stage  27.6% (351909453824/1274515148395) | 222.6M/s | stage ETA 1:09:05 | overall ? ETA ? | best -
[b2=24 b1={22}] stage  27.6% (352359116800/1274515148395) | 223.2M/s | stage ETA 1:08:51 | overall ? ETA ? | best -
[b2=24 b1={22}] stage  27.7% (352763981824/1274515148395) | 212.4M/s | stage ETA 1:12:19 | overall ? ETA ? | best -
[b2=24 b1={22}] stage  27.7% (353201614848/1274515148395) | 215.0M/s | stage ETA 1:11:25 | overall ? ETA ? | best -
[b2=24 b1={22}] stage  27.7% (353600737280/1274515148395) | 207.0M/s | stage ETA 1:14:07 | overall ? ETA ? | best -
[b2=24 b1={22}] stage  27.8% (354033856512/1274515148395) | 211.3M/s | stage ETA 1:12:37 | overall ? ETA ? | best -
[b2=24 b1={22}] stage  27.8% (354395811840/1274515148395) | 196.0M/s | stage ETA 1:18:15 | overall ? ETA ? | best -
[b2=24 b1={22}] stage  27.8% (354803257344/1274515148395) | 199.3M/s | stage ETA 1:16:55 | overall ? ETA ? | best -
[b2=24 b1={22}] stage  27.9% (355175198720/1274515148395) | 192.5M/s | stage ETA 1:19:35 | overall ? ETA ? | best -
[b2=24 b1={22}] stage  27.9% (355569782784/1274515148395) | 194.7M/s | stage ETA 1:18:39 | overall ? ETA ? | best -
[b2=24 b1={22}] stage  27.9% (355963666432/1274515148395) | 195.5M/s | stage ETA 1:18:18 | overall ? ETA ? | best -
[b2=24 b1={22}] stage  28.0% (356352348160/1274515148395) | 194.7M/s | stage ETA 1:18:35 | overall ? ETA ? | best -
[b2=24 b1={22}] stage  28.0% (356754210816/1274515148395) | 197.5M/s | stage ETA 1:17:27 | overall ? ETA ? | best -
[b2=24 b1={22}] stage  28.0% (357141004288/1274515148395) | 195.2M/s | stage ETA 1:18:19 | overall ? ETA ? | best -
[b2=24 b1={22}] stage  28.1% (357557407744/1274515148395) | 201.4M/s | stage ETA 1:15:51 | overall ? ETA ? | best -
[b2=24 b1={22}] stage  28.1% (357939449856/1274515148395) | 195.9M/s | stage ETA 1:17:59 | overall ? ETA ? | best -
[b2=24 b1={22}] stage  28.1% (358363484160/1274515148395) | 203.9M/s | stage ETA 1:14:52 | overall ? ETA ? | best -
[b2=24 b1={22}] stage  28.1% (358733479936/1274515148395) | 194.3M/s | stage ETA 1:18:33 | overall ? ETA ? | best -
[b2=24 b1={22}] stage  28.2% (359144296448/1274515148395) | 199.6M/s | stage ETA 1:16:26 | overall ? ETA ? | best -
[b2=24 b1={22}] stage  28.2% (359528157184/1274515148395) | 195.5M/s | stage ETA 1:17:59 | overall ? ETA ? | best -
[b2=24 b1={22}] stage  28.2% (359923056640/1274515148395) | 196.2M/s | stage ETA 1:17:41 | overall ? ETA ? | best -
[b2=24 b1={22}] stage  28.3% (360317300736/1274515148395) | 196.4M/s | stage ETA 1:17:35 | overall ? ETA ? | best -
[b2=24 b1={22}] stage  28.3% (360739377152/1274515148395) | 203.4M/s | stage ETA 1:14:51 | overall ? ETA ? | best -
[b2=24 b1={22}] stage  28.3% (361158156288/1274515148395) | 206.2M/s | stage ETA 1:13:48 | overall ? ETA ? | best -
[b2=24 b1={22}] stage  28.4% (361595523072/1274515148395) | 212.0M/s | stage ETA 1:11:46 | overall ? ETA ? | best -
[b2=24 b1={22}] stage  28.4% (362023555072/1274515148395) | 212.6M/s | stage ETA 1:11:31 | overall ? ETA ? | best -
[b2=24 b1={22}] stage  28.4% (362456715264/1274515148395) | 214.5M/s | stage ETA 1:10:52 | overall ? ETA ? | best -
[b2=24 b1={22}] stage  28.5% (362890162176/1274515148395) | 215.4M/s | stage ETA 1:10:32 | overall ? ETA ? | best -
[b2=24 b1={22}] stage  28.5% (363315658752/1274515148395) | 213.8M/s | stage ETA 1:11:02 | overall ? ETA ? | best -
[b2=24 b1={22}] stage  28.5% (363746091008/1274515148395) | 214.2M/s | stage ETA 1:10:51 | overall ? ETA ? | best -
[b2=24 b1={22}] stage  28.6% (364171214848/1274515148395) | 213.2M/s | stage ETA 1:11:10 | overall ? ETA ? | best -
[b2=24 b1={22}] stage  28.6% (364596916224/1274515148395) | 212.7M/s | stage ETA 1:11:17 | overall ? ETA ? | best -
[b2=24 b1={22}] stage  28.6% (365018791936/1274515148395) | 211.5M/s | stage ETA 1:11:41 | overall ? ETA ? | best -
[b2=24 b1={22}] stage  28.7% (365442125824/1274515148395) | 211.5M/s | stage ETA 1:11:38 | overall ? ETA ? | best -
[b2=24 b1={22}] stage  28.7% (365864206336/1274515148395) | 210.9M/s | stage ETA 1:11:47 | overall ? ETA ? | best -
[b2=24 b1={22}] stage  28.7% (366296588288/1274515148395) | 213.2M/s | stage ETA 1:10:59 | overall ? ETA ? | best -
[b2=24 b1={22}] stage  28.8% (366710136832/1274515148395) | 209.9M/s | stage ETA 1:12:05 | overall ? ETA ? | best -
[b2=24 b1={22}] stage  28.8% (367125069824/1274515148395) | 208.4M/s | stage ETA 1:12:35 | overall ? ETA ? | best -
[b2=24 b1={22}] stage  28.8% (367554306048/1274515148395) | 211.4M/s | stage ETA 1:11:30 | overall ? ETA ? | best -
[b2=24 b1={22}] stage  28.9% (367977476096/1274515148395) | 211.5M/s | stage ETA 1:11:27 | overall ? ETA ? | best -
[b2=24 b1={22}] stage  28.9% (368386949120/1274515148395) | 207.9M/s | stage ETA 1:12:38 | overall ? ETA ? | best -
[b2=24 b1={22}] stage  28.9% (368784814080/1274515148395) | 203.2M/s | stage ETA 1:14:18 | overall ? ETA ? | best -
[b2=24 b1={22}] stage  29.0% (369191632896/1274515148395) | 203.1M/s | stage ETA 1:14:17 | overall ? ETA ? | best -
[b2=24 b1={22}] stage  29.0% (369600905216/1274515148395) | 203.6M/s | stage ETA 1:14:04 | overall ? ETA ? | best -
[b2=24 b1={22}] stage  29.0% (369997774848/1274515148395) | 200.8M/s | stage ETA 1:15:05 | overall ? ETA ? | best -
[b2=24 b1={22}] stage  29.1% (370418573312/1274515148395) | 205.3M/s | stage ETA 1:13:24 | overall ? ETA ? | best -
[b2=24 b1={22}] stage  29.1% (370805751808/1274515148395) | 199.3M/s | stage ETA 1:15:34 | overall ? ETA ? | best -
[b2=24 b1={22}] stage  29.1% (371231559680/1274515148395) | 206.0M/s | stage ETA 1:13:05 | overall ? ETA ? | best -
[b2=24 b1={22}] stage  29.2% (371619168256/1274515148395) | 199.7M/s | stage ETA 1:15:22 | overall ? ETA ? | best -
[b2=24 b1={22}] stage  29.2% (372039000064/1274515148395) | 204.7M/s | stage ETA 1:13:28 | overall ? ETA ? | best -
[b2=24 b1={22}] stage  29.2% (372436242432/1274515148395) | 201.5M/s | stage ETA 1:14:36 | overall ? ETA ? | best -
[b2=24 b1={22}] stage  29.3% (372846931968/1274515148395) | 203.0M/s | stage ETA 1:14:02 | overall ? ETA ? | best -
[b2=24 b1={22}] stage  29.3% (373254316032/1274515148395) | 203.2M/s | stage ETA 1:13:55 | overall ? ETA ? | best -
[b2=24 b1={22}] stage  29.3% (373646667776/1274515148395) | 199.5M/s | stage ETA 1:15:16 | overall ? ETA ? | best -
[b2=24 b1={22}] stage  29.3% (374061613056/1274515148395) | 203.3M/s | stage ETA 1:13:49 | overall ? ETA ? | best -
[b2=24 b1={22}] stage  29.4% (374452072448/1274515148395) | 198.8M/s | stage ETA 1:15:27 | overall ? ETA ? | best -
[b2=24 b1={22}] stage  29.4% (374879240192/1274515148395) | 205.9M/s | stage ETA 1:12:48 | overall ? ETA ? | best -
[b2=24 b1={22}] stage  29.4% (375261237248/1274515148395) | 198.3M/s | stage ETA 1:15:34 | overall ? ETA ? | best -
[b2=24 b1={22}] stage  29.5% (375685853184/1274515148395) | 205.0M/s | stage ETA 1:13:04 | overall ? ETA ? | best -
[b2=24 b1={22}] stage  29.5% (376053264384/1274515148395) | 194.1M/s | stage ETA 1:17:08 | overall ? ETA ? | best -
[b2=24 b1={22}] stage  29.5% (376494120960/1274515148395) | 207.0M/s | stage ETA 1:12:18 | overall ? ETA ? | best -
[b2=24 b1={22}] stage  29.6% (376934182912/1274515148395) | 213.3M/s | stage ETA 1:10:08 | overall ? ETA ? | best -
[b2=24 b1={22}] stage  29.6% (377376186368/1274515148395) | 216.8M/s | stage ETA 1:08:58 | overall ? ETA ? | best -
[b2=24 b1={22}] stage  29.6% (377823424512/1274515148395) | 219.7M/s | stage ETA 1:08:01 | overall ? ETA ? | best -
[b2=24 b1={22}] stage  29.7% (378263724032/1274515148395) | 219.8M/s | stage ETA 1:07:58 | overall ? ETA ? | best -
[b2=24 b1={22}] stage  29.7% (378709438464/1274515148395) | 221.0M/s | stage ETA 1:07:34 | overall ? ETA ? | best -
[b2=24 b1={22}] stage  29.7% (379138019328/1274515148395) | 217.5M/s | stage ETA 1:08:37 | overall ? ETA ? | best -
[b2=24 b1={22}] stage  29.8% (379556851712/1274515148395) | 213.1M/s | stage ETA 1:09:58 | overall ? ETA ? | best -
[b2=24 b1={22}] stage  29.8% (379980136448/1274515148395) | 212.2M/s | stage ETA 1:10:14 | overall ? ETA ? | best -
[b2=24 b1={22}] stage  29.8% (380398465024/1274515148395) | 210.5M/s | stage ETA 1:10:48 | overall ? ETA ? | best -
[b2=24 b1={22}] stage  29.9% (380824666112/1274515148395) | 211.8M/s | stage ETA 1:10:20 | overall ? ETA ? | best -
[b2=24 b1={22}] stage  29.9% (381258014720/1274515148395) | 213.8M/s | stage ETA 1:09:37 | overall ? ETA ? | best -
[b2=24 b1={22}] stage  29.9% (381695881216/1274515148395) | 216.0M/s | stage ETA 1:08:54 | overall ? ETA ? | best -
[b2=24 b1={22}] stage  30.0% (382129565696/1274515148395) | 216.3M/s | stage ETA 1:08:45 | overall ? ETA ? | best -
[b2=24 b1={22}] stage  30.0% (382565736448/1274515148395) | 216.9M/s | stage ETA 1:08:31 | overall ? ETA ? | best -
[b2=24 b1={22}] stage  30.1% (383003451392/1274515148395) | 217.5M/s | stage ETA 1:08:19 | overall ? ETA ? | best -
[b2=24 b1={22}] stage  30.1% (383436890112/1274515148395) | 216.7M/s | stage ETA 1:08:31 | overall ? ETA ? | best -
[b2=24 b1={22}] stage  30.1% (383873011712/1274515148395) | 217.3M/s | stage ETA 1:08:18 | overall ? ETA ? | best -
[b2=24 b1={22}] stage  30.2% (384309985280/1274515148395) | 217.7M/s | stage ETA 1:08:09 | overall ? ETA ? | best -
[b2=24 b1={22}] stage  30.2% (384607285248/1274515148395) | 183.0M/s | stage ETA 1:21:03 | overall ? ETA ? | best -
[b2=24 b1={22}] stage  30.2% (384870580224/1274515148395) | 157.2M/s | stage ETA 1:34:19 | overall ? ETA ? | best -
[b2=24 b1={22}] stage  30.2% (385246982144/1274515148395) | 172.3M/s | stage ETA 1:26:00 | overall ? ETA ? | best -
[b2=24 b1={22}] stage  30.2% (385471475712/1274515148395) | 142.2M/s | stage ETA 1:44:11 | overall ? ETA ? | best -
[b2=24 b1={22}] stage  30.3% (385843867648/1274515148395) | 164.0M/s | stage ETA 1:30:18 | overall ? ETA ? | best -
[b2=24 b1={22}] stage  30.3% (386111209472/1274515148395) | 148.6M/s | stage ETA 1:39:37 | overall ? ETA ? | best -
[b2=24 b1={22}] stage  30.3% (386401447936/1274515148395) | 146.7M/s | stage ETA 1:40:55 | overall ? ETA ? | best -
[b2=24 b1={22}] stage  30.3% (386747936768/1274515148395) | 159.9M/s | stage ETA 1:32:32 | overall ? ETA ? | best -
[b2=24 b1={22}] stage  30.4% (386984624128/1274515148395) | 138.9M/s | stage ETA 1:46:31 | overall ? ETA ? | best -
[b2=24 b1={22}] stage  30.4% (387396145152/1274515148395) | 171.7M/s | stage ETA 1:26:06 | overall ? ETA ? | best -
[b2=24 b1={22}] stage  30.4% (387633254400/1274515148395) | 145.0M/s | stage ETA 1:41:57 | overall ? ETA ? | best -
[b2=24 b1={22}] stage  30.4% (387956322304/1274515148395) | 153.1M/s | stage ETA 1:36:29 | overall ? ETA ? | best -
[b2=24 b1={22}] stage  30.5% (388262936576/1274515148395) | 153.0M/s | stage ETA 1:36:31 | overall ? ETA ? | best -
[b2=24 b1={22}] stage  30.5% (388513906688/1274515148395) | 139.1M/s | stage ETA 1:46:07 | overall ? ETA ? | best -
[b2=24 b1={22}] stage  30.5% (388908605440/1274515148395) | 168.0M/s | stage ETA 1:27:51 | overall ? ETA ? | best -
[b2=24 b1={22}] stage  30.5% (389141057536/1274515148395) | 142.0M/s | stage ETA 1:43:53 | overall ? ETA ? | best -
[b2=24 b1={22}] stage  30.6% (389492998144/1274515148395) | 158.6M/s | stage ETA 1:32:58 | overall ? ETA ? | best -
[b2=24 b1={22}] stage  30.6% (389768548352/1274515148395) | 147.9M/s | stage ETA 1:39:42 | overall ? ETA ? | best -
[b2=24 b1={22}] stage  30.6% (390048735232/1274515148395) | 143.8M/s | stage ETA 1:42:32 | overall ? ETA ? | best -
[b2=24 b1={22}] stage  30.6% (390413004800/1274515148395) | 162.9M/s | stage ETA 1:30:26 | overall ? ETA ? | best -
[b2=24 b1={22}] stage  30.7% (390646005760/1274515148395) | 139.6M/s | stage ETA 1:45:32 | overall ? ETA ? | best -
[b2=24 b1={22}] stage  30.7% (391022870528/1274515148395) | 163.8M/s | stage ETA 1:29:54 | overall ? ETA ? | best -
[b2=24 b1={22}] stage  30.7% (391263215616/1274515148395) | 141.9M/s | stage ETA 1:43:44 | overall ? ETA ? | best -
[b2=24 b1={22}] stage  30.7% (391559294976/1274515148395) | 144.7M/s | stage ETA 1:41:42 | overall ? ETA ? | best -
[b2=24 b1={22}] stage  30.8% (391917969408/1274515148395) | 161.9M/s | stage ETA 1:30:51 | overall ? ETA ? | best -
[b2=24 b1={22}] stage  30.8% (392159162368/1274515148395) | 141.2M/s | stage ETA 1:44:10 | overall ? ETA ? | best -
[b2=24 b1={22}] stage  30.8% (392593866752/1274515148395) | 179.2M/s | stage ETA 1:22:00 | overall ? ETA ? | best -
[b2=24 b1={22}] stage  30.8% (393034969088/1274515148395) | 199.8M/s | stage ETA 1:13:32 | overall ? ETA ? | best -
[b2=24 b1={22}] stage  30.9% (393474920448/1274515148395) | 209.6M/s | stage ETA 1:10:03 | overall ? ETA ? | best -
[b2=24 b1={22}] stage  30.9% (393883885568/1274515148395) | 206.8M/s | stage ETA 1:10:58 | overall ? ETA ? | best -
[b2=24 b1={22}] stage  30.9% (394317352960/1274515148395) | 211.6M/s | stage ETA 1:09:19 | overall ? ETA ? | best -
[b2=24 b1={22}] stage  31.0% (394749169664/1274515148395) | 213.4M/s | stage ETA 1:08:41 | overall ? ETA ? | best -
[b2=24 b1={22}] stage  31.0% (395181764608/1274515148395) | 214.7M/s | stage ETA 1:08:15 | overall ? ETA ? | best -
[b2=24 b1={22}] stage  31.0% (395605876736/1274515148395) | 213.1M/s | stage ETA 1:08:44 | overall ? ETA ? | best -
[b2=24 b1={22}] stage  31.1% (396040581120/1274515148395) | 214.9M/s | stage ETA 1:08:07 | overall ? ETA ? | best -
[b2=24 b1={22}] stage  31.1% (396471967744/1274515148395) | 215.2M/s | stage ETA 1:08:00 | overall ? ETA ? | best -
[b2=24 b1={22}] stage  31.1% (396905451520/1274515148395) | 215.7M/s | stage ETA 1:07:49 | overall ? ETA ? | best -
[b2=24 b1={22}] stage  31.2% (397340012544/1274515148395) | 216.3M/s | stage ETA 1:07:35 | overall ? ETA ? | best -
[b2=24 b1={22}] stage  31.2% (397773172736/1274515148395) | 216.2M/s | stage ETA 1:07:35 | overall ? ETA ? | best -
[b2=24 b1={22}] stage  31.2% (398207164416/1274515148395) | 216.4M/s | stage ETA 1:07:29 | overall ? ETA ? | best -
[b2=24 b1={22}] stage  31.3% (398642782208/1274515148395) | 216.7M/s | stage ETA 1:07:22 | overall ? ETA ? | best -
[b2=24 b1={22}] stage  31.3% (399072808960/1274515148395) | 215.6M/s | stage ETA 1:07:41 | overall ? ETA ? | best -
[b2=24 b1={22}] stage  31.3% (399495286784/1274515148395) | 212.9M/s | stage ETA 1:08:30 | overall ? ETA ? | best -
[b2=24 b1={22}] stage  31.4% (399925886976/1274515148395) | 213.8M/s | stage ETA 1:08:10 | overall ? ETA ? | best -
[b2=24 b1={22}] stage  31.4% (400358559744/1274515148395) | 214.8M/s | stage ETA 1:07:49 | overall ? ETA ? | best -
[b2=24 b1={22}] stage  31.4% (400784859136/1274515148395) | 213.8M/s | stage ETA 1:08:07 | overall ? ETA ? | best -
[b2=24 b1={22}] stage  31.5% (401112031232/1274515148395) | 188.5M/s | stage ETA 1:17:13 | overall ? ETA ? | best -
[b2=24 b1={22}] stage  31.5% (401344749568/1274515148395) | 152.3M/s | stage ETA 1:35:34 | overall ? ETA ? | best -
[b2=24 b1={22}] stage  31.5% (401734864896/1274515148395) | 173.5M/s | stage ETA 1:23:49 | overall ? ETA ? | best -
[b2=24 b1={22}] stage  31.5% (401969917952/1274515148395) | 145.3M/s | stage ETA 1:40:05 | overall ? ETA ? | best -
[b2=24 b1={22}] stage  31.6% (402305462272/1274515148395) | 156.2M/s | stage ETA 1:33:03 | overall ? ETA ? | best -
[b2=24 b1={22}] stage  31.6% (402618347520/1274515148395) | 156.1M/s | stage ETA 1:33:05 | overall ? ETA ? | best -
[b2=24 b1={22}] stage  31.6% (402859225088/1274515148395) | 138.2M/s | stage ETA 1:45:09 | overall ? ETA ? | best -
[b2=24 b1={22}] stage  31.6% (403244150784/1274515148395) | 165.1M/s | stage ETA 1:27:58 | overall ? ETA ? | best -
[b2=24 b1={22}] stage  31.7% (403480371200/1274515148395) | 141.6M/s | stage ETA 1:42:33 | overall ? ETA ? | best -
[b2=24 b1={22}] stage  31.7% (403852656640/1274515148395) | 163.7M/s | stage ETA 1:28:38 | overall ? ETA ? | best -
[b2=24 b1={22}] stage  31.7% (404129755136/1274515148395) | 151.0M/s | stage ETA 1:36:04 | overall ? ETA ? | best -
[b2=24 b1={22}] stage  31.7% (404409688064/1274515148395) | 145.2M/s | stage ETA 1:39:52 | overall ? ETA ? | best -
[b2=24 b1={22}] stage  31.8% (404754477056/1274515148395) | 158.5M/s | stage ETA 1:31:26 | overall ? ETA ? | best -
[b2=24 b1={22}] stage  31.8% (404995993600/1274515148395) | 139.6M/s | stage ETA 1:43:50 | overall ? ETA ? | best -
[b2=24 b1={22}] stage  31.8% (405404635136/1274515148395) | 171.8M/s | stage ETA 1:24:20 | overall ? ETA ? | best -
[b2=24 b1={22}] stage  31.8% (405642678272/1274515148395) | 145.1M/s | stage ETA 1:39:46 | overall ? ETA ? | best -
[b2=24 b1={22}] stage  31.9% (405965348864/1274515148395) | 153.2M/s | stage ETA 1:34:30 | overall ? ETA ? | best -
[b2=24 b1={22}] stage  31.9% (406281043968/1274515148395) | 155.4M/s | stage ETA 1:33:07 | overall ? ETA ? | best -
[b2=24 b1={22}] stage  31.9% (406530768896/1274515148395) | 140.0M/s | stage ETA 1:43:21 | overall ? ETA ? | best -
[b2=24 b1={22}] stage  31.9% (406931992576/1274515148395) | 170.1M/s | stage ETA 1:24:59 | overall ? ETA ? | best -
[b2=24 b1={22}] stage  31.9% (407170396160/1274515148395) | 144.5M/s | stage ETA 1:40:02 | overall ? ETA ? | best -
[b2=24 b1={22}] stage  32.0% (407539372032/1274515148395) | 164.2M/s | stage ETA 1:28:01 | overall ? ETA ? | best -
[b2=24 b1={22}] stage  32.0% (407809224704/1274515148395) | 149.5M/s | stage ETA 1:36:36 | overall ? ETA ? | best -
[b2=24 b1={22}] stage  32.0% (408108978176/1274515148395) | 149.5M/s | stage ETA 1:36:34 | overall ? ETA ? | best -
[b2=24 b1={22}] stage  32.0% (408461729792/1274515148395) | 162.7M/s | stage ETA 1:28:41 | overall ? ETA ? | best -
[b2=24 b1={22}] stage  32.1% (408701788160/1274515148395) | 141.1M/s | stage ETA 1:42:15 | overall ? ETA ? | best -
[b2=24 b1={22}] stage  32.1% (409116925952/1274515148395) | 173.9M/s | stage ETA 1:22:56 | overall ? ETA ? | best -
[b2=24 b1={22}] stage  32.1% (409557536768/1274515148395) | 196.7M/s | stage ETA 1:13:17 | overall ? ETA ? | best -
[b2=24 b1={22}] stage  32.2% (409998565376/1274515148395) | 208.2M/s | stage ETA 1:09:12 | overall ? ETA ? | best -
[b2=24 b1={22}] stage  32.2% (410438098944/1274515148395) | 213.7M/s | stage ETA 1:07:23 | overall ? ETA ? | best -
[b2=24 b1={22}] stage  32.2% (410876010496/1274515148395) | 216.3M/s | stage ETA 1:06:33 | overall ? ETA ? | best -
[b2=24 b1={22}] stage  32.3% (411312189440/1274515148395) | 217.0M/s | stage ETA 1:06:18 | overall ? ETA ? | best -
[b2=24 b1={22}] stage  32.3% (411749171200/1274515148395) | 217.4M/s | stage ETA 1:06:07 | overall ? ETA ? | best -
[b2=24 b1={22}] stage  32.3% (412188205056/1274515148395) | 218.5M/s | stage ETA 1:05:47 | overall ? ETA ? | best -
[b2=24 b1={22}] stage  32.4% (412626726912/1274515148395) | 218.8M/s | stage ETA 1:05:39 | overall ? ETA ? | best -
[b2=24 b1={22}] stage  32.4% (413060972544/1274515148395) | 217.9M/s | stage ETA 1:05:52 | overall ? ETA ? | best -
[b2=24 b1={22}] stage  32.4% (413497454592/1274515148395) | 217.8M/s | stage ETA 1:05:52 | overall ? ETA ? | best -
[b2=24 b1={22}] stage  32.5% (413934538752/1274515148395) | 217.9M/s | stage ETA 1:05:49 | overall ? ETA ? | best -
[b2=24 b1={22}] stage  32.5% (414368358400/1274515148395) | 217.2M/s | stage ETA 1:06:00 | overall ? ETA ? | best -
[b2=24 b1={22}] stage  32.5% (414803664896/1274515148395) | 217.3M/s | stage ETA 1:05:56 | overall ? ETA ? | best -
[b2=24 b1={22}] stage  32.6% (415239106560/1274515148395) | 217.3M/s | stage ETA 1:05:54 | overall ? ETA ? | best -
[b2=24 b1={22}] stage  32.6% (415673692160/1274515148395) | 217.1M/s | stage ETA 1:05:56 | overall ? ETA ? | best -
[b2=24 b1={22}] stage  32.6% (416110911488/1274515148395) | 217.7M/s | stage ETA 1:05:42 | overall ? ETA ? | best -
[b2=24 b1={22}] stage  32.7% (416549588992/1274515148395) | 218.1M/s | stage ETA 1:05:33 | overall ? ETA ? | best -
[b2=24 b1={22}] stage  32.7% (416903843840/1274515148395) | 197.4M/s | stage ETA 1:12:24 | overall ? ETA ? | best -
[b2=24 b1={22}] stage  32.7% (417143775232/1274515148395) | 158.5M/s | stage ETA 1:30:09 | overall ? ETA ? | best -
[b2=24 b1={22}] stage  32.8% (417556656128/1274515148395) | 182.4M/s | stage ETA 1:18:18 | overall ? ETA ? | best -
[b2=24 b1={22}] stage  32.8% (417796792320/1274515148395) | 151.1M/s | stage ETA 1:34:29 | overall ? ETA ? | best -
[b2=24 b1={22}] stage  32.8% (418125488128/1274515148395) | 157.7M/s | stage ETA 1:30:31 | overall ? ETA ? | best -
[b2=24 b1={22}] stage  32.8% (418427912192/1274515148395) | 154.1M/s | stage ETA 1:32:35 | overall ? ETA ? | best -
[b2=24 b1={22}] stage  32.9% (418694090752/1274515148395) | 143.5M/s | stage ETA 1:39:23 | overall ? ETA ? | best -
[b2=24 b1={22}] stage  32.9% (419080384512/1274515148395) | 168.0M/s | stage ETA 1:24:53 | overall ? ETA ? | best -
[b2=24 b1={22}] stage  32.9% (419321397248/1274515148395) | 144.1M/s | stage ETA 1:38:54 | overall ? ETA ? | best -
[b2=24 b1={22}] stage  32.9% (419705602048/1274515148395) | 167.6M/s | stage ETA 1:24:59 | overall ? ETA ? | best -
[b2=24 b1={22}] stage  33.0% (419957452800/1274515148395) | 146.6M/s | stage ETA 1:37:09 | overall ? ETA ? | best -
[b2=24 b1={22}] stage  33.0% (420247498752/1274515148395) | 145.7M/s | stage ETA 1:37:43 | overall ? ETA ? | best -
[b2=24 b1={22}] stage  33.0% (420586627072/1274515148395) | 157.6M/s | stage ETA 1:30:19 | overall ? ETA ? | best -
[b2=24 b1={22}] stage  33.0% (420815392768/1274515148395) | 135.8M/s | stage ETA 1:44:45 | overall ? ETA ? | best -
[b2=24 b1={22}] stage  33.0% (421208027136/1274515148395) | 165.8M/s | stage ETA 1:25:45 | overall ? ETA ? | best -
[b2=24 b1={22}] stage  33.1% (421446885376/1274515148395) | 142.4M/s | stage ETA 1:39:50 | overall ? ETA ? | best -
[b2=24 b1={22}] stage  33.1% (421770215424/1274515148395) | 151.8M/s | stage ETA 1:33:37 | overall ? ETA ? | best -
[b2=24 b1={22}] stage  33.1% (422092783616/1274515148395) | 156.4M/s | stage ETA 1:30:49 | overall ? ETA ? | best -
[b2=24 b1={22}] stage  33.1% (422330597376/1274515148395) | 137.4M/s | stage ETA 1:43:22 | overall ? ETA ? | best -
[b2=24 b1={22}] stage  33.2% (422731640832/1274515148395) | 168.7M/s | stage ETA 1:24:09 | overall ? ETA ? | best -
[b2=24 b1={22}] stage  33.2% (422964981760/1274515148395) | 142.7M/s | stage ETA 1:39:28 | overall ? ETA ? | best -
[b2=24 b1={22}] stage  33.2% (423313768448/1274515148395) | 158.3M/s | stage ETA 1:29:37 | overall ? ETA ? | best -
[b2=24 b1={22}] stage  33.2% (423599017984/1274515148395) | 150.3M/s | stage ETA 1:34:20 | overall ? ETA ? | best -
[b2=24 b1={22}] stage  33.3% (423852580864/1274515148395) | 138.3M/s | stage ETA 1:42:29 | overall ? ETA ? | best -
[b2=24 b1={22}] stage  33.3% (424213970944/1274515148395) | 159.4M/s | stage ETA 1:28:55 | overall ? ETA ? | best -
[b2=24 b1={22}] stage  33.3% (424459358208/1274515148395) | 140.8M/s | stage ETA 1:40:36 | overall ? ETA ? | best -
[b2=24 b1={22}] stage  33.3% (424850489344/1274515148395) | 167.9M/s | stage ETA 1:24:19 | overall ? ETA ? | best -
[b2=24 b1={22}] stage  33.4% (425294708736/1274515148395) | 194.8M/s | stage ETA 1:12:39 | overall ? ETA ? | best -
[b2=24 b1={22}] stage  33.4% (425716928512/1274515148395) | 202.6M/s | stage ETA 1:09:49 | overall ? ETA ? | best -
[b2=24 b1={22}] stage  33.4% (426137567232/1274515148395) | 206.1M/s | stage ETA 1:08:35 | overall ? ETA ? | best -
[b2=24 b1={22}] stage  33.5% (426560045056/1274515148395) | 208.4M/s | stage ETA 1:07:48 | overall ? ETA ? | best -
[b2=24 b1={22}] stage  33.5% (426993741824/1274515148395) | 212.2M/s | stage ETA 1:06:33 | overall ? ETA ? | best -
[b2=24 b1={22}] stage  33.5% (427419033600/1274515148395) | 212.0M/s | stage ETA 1:06:35 | overall ? ETA ? | best -
[b2=24 b1={22}] stage  33.6% (427845664768/1274515148395) | 212.6M/s | stage ETA 1:06:22 | overall ? ETA ? | best -
[b2=24 b1={22}] stage  33.6% (428278153216/1274515148395) | 214.0M/s | stage ETA 1:05:54 | overall ? ETA ? | best -
[b2=24 b1={22}] stage  33.6% (428713648128/1274515148395) | 215.6M/s | stage ETA 1:05:22 | overall ? ETA ? | best -
[b2=24 b1={22}] stage  33.7% (429149405184/1274515148395) | 216.3M/s | stage ETA 1:05:07 | overall ? ETA ? | best -
[b2=24 b1={22}] stage  33.7% (429583257600/1274515148395) | 216.5M/s | stage ETA 1:05:02 | overall ? ETA ? | best -
[b2=24 b1={22}] stage  33.7% (430018203648/1274515148395) | 216.7M/s | stage ETA 1:04:56 | overall ? ETA ? | best -
[b2=24 b1={22}] stage  33.8% (430451441664/1274515148395) | 216.6M/s | stage ETA 1:04:57 | overall ? ETA ? | best -
[b2=24 b1={22}] stage  33.8% (430885670912/1274515148395) | 216.6M/s | stage ETA 1:04:54 | overall ? ETA ? | best -
[b2=24 b1={22}] stage  33.8% (431321935872/1274515148395) | 216.9M/s | stage ETA 1:04:47 | overall ? ETA ? | best -
[b2=24 b1={22}] stage  33.9% (431752200192/1274515148395) | 215.6M/s | stage ETA 1:05:09 | overall ? ETA ? | best -
[b2=24 b1={22}] stage  33.9% (432175833088/1274515148395) | 213.4M/s | stage ETA 1:05:46 | overall ? ETA ? | best -
[b2=24 b1={22}] stage  33.9% (432598839296/1274515148395) | 212.3M/s | stage ETA 1:06:05 | overall ? ETA ? | best -
[b2=24 b1={22}] stage  34.0% (433014509568/1274515148395) | 209.7M/s | stage ETA 1:06:53 | overall ? ETA ? | best -
[b2=24 b1={22}] stage  34.0% (433402011648/1274515148395) | 201.6M/s | stage ETA 1:09:32 | overall ? ETA ? | best -
[b2=24 b1={22}] stage  34.0% (433636888576/1274515148395) | 159.4M/s | stage ETA 1:27:56 | overall ? ETA ? | best -
[b2=24 b1={22}] stage  34.1% (434004754432/1274515148395) | 171.4M/s | stage ETA 1:21:42 | overall ? ETA ? | best -
[b2=24 b1={22}] stage  34.1% (434286473216/1274515148395) | 156.0M/s | stage ETA 1:29:46 | overall ? ETA ? | best -
[b2=24 b1={22}] stage  34.1% (434566787072/1274515148395) | 148.0M/s | stage ETA 1:34:35 | overall ? ETA ? | best -
[b2=24 b1={22}] stage  34.1% (434917613568/1274515148395) | 161.6M/s | stage ETA 1:26:33 | overall ? ETA ? | best -
[b2=24 b1={22}] stage  34.1% (435155812352/1274515148395) | 140.3M/s | stage ETA 1:39:43 | overall ? ETA ? | best -
[b2=24 b1={22}] stage  34.2% (435564060672/1274515148395) | 172.2M/s | stage ETA 1:21:12 | overall ? ETA ? | best -
[b2=24 b1={22}] stage  34.2% (435804000256/1274515148395) | 145.9M/s | stage ETA 1:35:48 | overall ? ETA ? | best -
[b2=24 b1={22}] stage  34.2% (436126605312/1274515148395) | 153.3M/s | stage ETA 1:31:08 | overall ? ETA ? | best -
[b2=24 b1={22}] stage  34.2% (436438200320/1274515148395) | 154.3M/s | stage ETA 1:30:30 | overall ? ETA ? | best -
[b2=24 b1={22}] stage  34.3% (436681596928/1274515148395) | 137.8M/s | stage ETA 1:41:17 | overall ? ETA ? | best -
[b2=24 b1={22}] stage  34.3% (437088829440/1274515148395) | 170.2M/s | stage ETA 1:21:59 | overall ? ETA ? | best -
[b2=24 b1={22}] stage  34.3% (437322690560/1274515148395) | 143.3M/s | stage ETA 1:37:20 | overall ? ETA ? | best -
[b2=24 b1={22}] stage  34.3% (437677522944/1274515148395) | 160.1M/s | stage ETA 1:27:05 | overall ? ETA ? | best -
[b2=24 b1={22}] stage  34.4% (437948678144/1274515148395) | 147.7M/s | stage ETA 1:34:22 | overall ? ETA ? | best -
[b2=24 b1={22}] stage  34.4% (438223192064/1274515148395) | 142.3M/s | stage ETA 1:37:58 | overall ? ETA ? | best -
[b2=24 b1={22}] stage  34.4% (438596677632/1274515148395) | 164.1M/s | stage ETA 1:24:55 | overall ? ETA ? | best -
[b2=24 b1={22}] stage  34.4% (438832910336/1274515148395) | 140.9M/s | stage ETA 1:38:49 | overall ? ETA ? | best -
[b2=24 b1={22}] stage  34.5% (439215173632/1274515148395) | 166.0M/s | stage ETA 1:23:52 | overall ? ETA ? | best -
[b2=24 b1={22}] stage  34.5% (439459004416/1274515148395) | 143.8M/s | stage ETA 1:36:46 | overall ? ETA ? | best -
[b2=24 b1={22}] stage  34.5% (439778840576/1274515148395) | 151.6M/s | stage ETA 1:31:46 | overall ? ETA ? | best -
[b2=24 b1={22}] stage  34.5% (440109334528/1274515148395) | 158.1M/s | stage ETA 1:27:58 | overall ? ETA ? | best -
[b2=24 b1={22}] stage  34.6% (440365285376/1274515148395) | 142.8M/s | stage ETA 1:37:22 | overall ? ETA ? | best -
[b2=24 b1={22}] stage  34.6% (440769150976/1274515148395) | 171.9M/s | stage ETA 1:20:49 | overall ? ETA ? | best -
[b2=24 b1={22}] stage  34.6% (441004863488/1274515148395) | 144.7M/s | stage ETA 1:35:58 | overall ? ETA ? | best -
[b2=24 b1={22}] stage  34.6% (441367273472/1274515148395) | 162.7M/s | stage ETA 1:25:20 | overall ? ETA ? | best -
[b2=24 b1={22}] stage  34.7% (441804873728/1274515148395) | 190.4M/s | stage ETA 1:12:52 | overall ? ETA ? | best -
[b2=24 b1={22}] stage  34.7% (442238623744/1274515148395) | 203.3M/s | stage ETA 1:08:13 | overall ? ETA ? | best -
[b2=24 b1={22}] stage  34.7% (442676453376/1274515148395) | 210.8M/s | stage ETA 1:05:46 | overall ? ETA ? | best -
[b2=24 b1={22}] stage  34.8% (443114582016/1274515148395) | 214.6M/s | stage ETA 1:04:34 | overall ? ETA ? | best -
[b2=24 b1={22}] stage  34.8% (443550568448/1274515148395) | 216.1M/s | stage ETA 1:04:05 | overall ? ETA ? | best -
[b2=24 b1={22}] stage  34.8% (443984117760/1274515148395) | 216.3M/s | stage ETA 1:04:00 | overall ? ETA ? | best -
[b2=24 b1={22}] stage  34.9% (444421263360/1274515148395) | 217.2M/s | stage ETA 1:03:42 | overall ? ETA ? | best -
[b2=24 b1={22}] stage  34.9% (444859129856/1274515148395) | 217.8M/s | stage ETA 1:03:29 | overall ? ETA ? | best -
[b2=24 b1={22}] stage  34.9% (445294952448/1274515148395) | 217.5M/s | stage ETA 1:03:33 | overall ? ETA ? | best -
[b2=24 b1={22}] stage  35.0% (445714382848/1274515148395) | 213.2M/s | stage ETA 1:04:48 | overall ? ETA ? | best -
[b2=24 b1={22}] stage  35.0% (446146117632/1274515148395) | 214.1M/s | stage ETA 1:04:29 | overall ? ETA ? | best -
[b2=24 b1={22}] stage  35.0% (446575304704/1274515148395) | 214.0M/s | stage ETA 1:04:28 | overall ? ETA ? | best -
[b2=24 b1={22}] stage  35.1% (447007797248/1274515148395) | 214.9M/s | stage ETA 1:04:10 | overall ? ETA ? | best -
[b2=24 b1={22}] stage  35.1% (447440699392/1274515148395) | 215.4M/s | stage ETA 1:03:59 | overall ? ETA ? | best -
[b2=24 b1={22}] stage  35.1% (447870238720/1274515148395) | 214.8M/s | stage ETA 1:04:08 | overall ? ETA ? | best -
[b2=24 b1={22}] stage  35.2% (448301416448/1274515148395) | 214.9M/s | stage ETA 1:04:04 | overall ? ETA ? | best -
[b2=24 b1={22}] stage  35.2% (448741027840/1274515148395) | 216.9M/s | stage ETA 1:03:27 | overall ? ETA ? | best -
[b2=24 b1={22}] stage  35.2% (449176133632/1274515148395) | 216.8M/s | stage ETA 1:03:27 | overall ? ETA ? | best -
[b2=24 b1={22}] stage  35.3% (449401933824/1274515148395) | 164.7M/s | stage ETA 1:23:30 | overall ? ETA ? | best -
[b2=24 b1={22}] stage  35.3% (449709711360/1274515148395) | 159.0M/s | stage ETA 1:26:28 | overall ? ETA ? | best -
[b2=24 b1={22}] stage  35.3% (450036154368/1274515148395) | 160.9M/s | stage ETA 1:25:25 | overall ? ETA ? | best -
[b2=24 b1={22}] stage  35.3% (450269102080/1274515148395) | 138.6M/s | stage ETA 1:39:06 | overall ? ETA ? | best -
[b2=24 b1={22}] stage  35.4% (450661957632/1274515148395) | 167.3M/s | stage ETA 1:22:03 | overall ? ETA ? | best -
[b2=24 b1={22}] stage  35.4% (450895044608/1274515148395) | 141.8M/s | stage ETA 1:36:48 | overall ? ETA ? | best -
[b2=24 b1={22}] stage  35.4% (451244818432/1274515148395) | 158.1M/s | stage ETA 1:26:47 | overall ? ETA ? | best -
[b2=24 b1={22}] stage  35.4% (451545026560/1274515148395) | 153.9M/s | stage ETA 1:29:06 | overall ? ETA ? | best -
[b2=24 b1={22}] stage  35.4% (451804676096/1274515148395) | 141.7M/s | stage ETA 1:36:47 | overall ? ETA ? | best -
[b2=24 b1={22}] stage  35.5% (452183879680/1274515148395) | 165.4M/s | stage ETA 1:22:52 | overall ? ETA ? | best -
[b2=24 b1={22}] stage  35.5% (452419162112/1274515148395) | 141.4M/s | stage ETA 1:36:55 | overall ? ETA ? | best -
[b2=24 b1={22}] stage  35.5% (452801564672/1274515148395) | 166.0M/s | stage ETA 1:22:31 | overall ? ETA ? | best -
[b2=24 b1={22}] stage  35.5% (453066948608/1274515148395) | 149.2M/s | stage ETA 1:31:46 | overall ? ETA ? | best -
[b2=24 b1={22}] stage  35.6% (453358063616/1274515148395) | 147.3M/s | stage ETA 1:32:56 | overall ? ETA ? | best -
[b2=24 b1={22}] stage  35.6% (453695127552/1274515148395) | 157.8M/s | stage ETA 1:26:43 | overall ? ETA ? | best -
[b2=24 b1={22}] stage  35.6% (453930856448/1274515148395) | 137.6M/s | stage ETA 1:39:25 | overall ? ETA ? | best -
[b2=24 b1={22}] stage  35.6% (454344343552/1274515148395) | 171.9M/s | stage ETA 1:19:31 | overall ? ETA ? | best -
[b2=24 b1={22}] stage  35.7% (454579412992/1274515148395) | 144.6M/s | stage ETA 1:34:29 | overall ? ETA ? | best -
[b2=24 b1={22}] stage  35.7% (454908837888/1274515148395) | 154.5M/s | stage ETA 1:28:26 | overall ? ETA ? | best -
[b2=24 b1={22}] stage  35.7% (455207260160/1274515148395) | 151.6M/s | stage ETA 1:30:02 | overall ? ETA ? | best -
[b2=24 b1={22}] stage  35.7% (455472349184/1274515148395) | 142.0M/s | stage ETA 1:36:07 | overall ? ETA ? | best -
[b2=24 b1={22}] stage  35.8% (455858524160/1274515148395) | 167.3M/s | stage ETA 1:21:34 | overall ? ETA ? | best -
[b2=24 b1={22}] stage  35.8% (456093417472/1274515148395) | 142.2M/s | stage ETA 1:35:56 | overall ? ETA ? | best -
[b2=24 b1={22}] stage  35.8% (456471576576/1274515148395) | 165.2M/s | stage ETA 1:22:32 | overall ? ETA ? | best -
[b2=24 b1={22}] stage  35.8% (456734261248/1274515148395) | 148.0M/s | stage ETA 1:32:04 | overall ? ETA ? | best -
[b2=24 b1={22}] stage  35.9% (457035395072/1274515148395) | 149.1M/s | stage ETA 1:31:22 | overall ? ETA ? | best -
[b2=24 b1={22}] stage  35.9% (457472577536/1274515148395) | 183.7M/s | stage ETA 1:14:08 | overall ? ETA ? | best -
[b2=24 b1={22}] stage  35.9% (457909755904/1274515148395) | 200.8M/s | stage ETA 1:07:45 | overall ? ETA ? | best -
[b2=24 b1={22}] stage  36.0% (458346053632/1274515148395) | 209.4M/s | stage ETA 1:04:58 | overall ? ETA ? | best -
[b2=24 b1={22}] stage  36.0% (458782965760/1274515148395) | 213.9M/s | stage ETA 1:03:34 | overall ? ETA ? | best -
[b2=24 b1={22}] stage  36.0% (459220881408/1274515148395) | 216.1M/s | stage ETA 1:02:52 | overall ? ETA ? | best -
[b2=24 b1={22}] stage  36.1% (459658416128/1274515148395) | 217.2M/s | stage ETA 1:02:32 | overall ? ETA ? | best -
[b2=24 b1={22}] stage  36.1% (460096126976/1274515148395) | 217.7M/s | stage ETA 1:02:20 | overall ? ETA ? | best -
[b2=24 b1={22}] stage  36.1% (460534448128/1274515148395) | 218.0M/s | stage ETA 1:02:13 | overall ? ETA ? | best -
[b2=24 b1={22}] stage  36.2% (460972654592/1274515148395) | 218.3M/s | stage ETA 1:02:06 | overall ? ETA ? | best -
[b2=24 b1={22}] stage  36.2% (461408288768/1274515148395) | 217.9M/s | stage ETA 1:02:12 | overall ? ETA ? | best -
[b2=24 b1={22}] stage  36.2% (461846806528/1274515148395) | 218.2M/s | stage ETA 1:02:04 | overall ? ETA ? | best -
[b2=24 b1={22}] stage  36.3% (462281326592/1274515148395) | 217.6M/s | stage ETA 1:02:12 | overall ? ETA ? | best -
[b2=24 b1={22}] stage  36.3% (462714216448/1274515148395) | 216.7M/s | stage ETA 1:02:26 | overall ? ETA ? | best -
[b2=24 b1={22}] stage  36.3% (463148355584/1274515148395) | 216.7M/s | stage ETA 1:02:24 | overall ? ETA ? | best -
[b2=24 b1={22}] stage  36.4% (463579369472/1274515148395) | 215.8M/s | stage ETA 1:02:37 | overall ? ETA ? | best -
[b2=24 b1={22}] stage  36.4% (464017911808/1274515148395) | 217.3M/s | stage ETA 1:02:10 | overall ? ETA ? | best -
[b2=24 b1={22}] stage  36.4% (464449339392/1274515148395) | 216.4M/s | stage ETA 1:02:24 | overall ? ETA ? | best -
[b2=24 b1={22}] stage  36.5% (464880455680/1274515148395) | 215.8M/s | stage ETA 1:02:31 | overall ? ETA ? | best -
[b2=24 b1={22}] stage  36.5% (465303236608/1274515148395) | 213.5M/s | stage ETA 1:03:10 | overall ? ETA ? | best -
[b2=24 b1={22}] stage  36.5% (465730215936/1274515148395) | 213.1M/s | stage ETA 1:03:14 | overall ? ETA ? | best -
[b2=24 b1={22}] stage  36.6% (465963618304/1274515148395) | 164.9M/s | stage ETA 1:21:43 | overall ? ETA ? | best -
[b2=24 b1={22}] stage  36.6% (466293149696/1274515148395) | 164.7M/s | stage ETA 1:21:46 | overall ? ETA ? | best -
[b2=24 b1={22}] stage  36.6% (466612830208/1274515148395) | 162.0M/s | stage ETA 1:23:05 | overall ? ETA ? | best -
[b2=24 b1={22}] stage  36.6% (466851434496/1274515148395) | 140.5M/s | stage ETA 1:35:47 | overall ? ETA ? | best -
[b2=24 b1={22}] stage  36.7% (467238780928/1274515148395) | 166.9M/s | stage ETA 1:20:38 | overall ? ETA ? | best -
[b2=24 b1={22}] stage  36.7% (467473403904/1274515148395) | 141.9M/s | stage ETA 1:34:45 | overall ? ETA ? | best -
[b2=24 b1={22}] stage  36.7% (467839733760/1274515148395) | 162.4M/s | stage ETA 1:22:47 | overall ? ETA ? | best -
[b2=24 b1={22}] stage  36.7% (468121608192/1274515148395) | 151.5M/s | stage ETA 1:28:42 | overall ? ETA ? | best -
[b2=24 b1={22}] stage  36.8% (468394754048/1274515148395) | 143.8M/s | stage ETA 1:33:26 | overall ? ETA ? | best -
[b2=24 b1={22}] stage  36.8% (468749144064/1274515148395) | 160.2M/s | stage ETA 1:23:50 | overall ? ETA ? | best -
[b2=24 b1={22}] stage  36.8% (468983578624/1274515148395) | 138.5M/s | stage ETA 1:36:55 | overall ? ETA ? | best -
[b2=24 b1={22}] stage  36.8% (469386207232/1274515148395) | 169.7M/s | stage ETA 1:19:03 | overall ? ETA ? | best -
[b2=24 b1={22}] stage  36.8% (469632466944/1274515148395) | 146.4M/s | stage ETA 1:31:38 | overall ? ETA ? | best -
[b2=24 b1={22}] stage  36.9% (469945638912/1274515148395) | 151.1M/s | stage ETA 1:28:43 | overall ? ETA ? | best -
[b2=24 b1={22}] stage  36.9% (470268063744/1274515148395) | 156.1M/s | stage ETA 1:25:51 | overall ? ETA ? | best -
[b2=24 b1={22}] stage  36.9% (470499569664/1274515148395) | 135.9M/s | stage ETA 1:38:35 | overall ? ETA ? | best -
[b2=24 b1={22}] stage  36.9% (470905614336/1274515148395) | 169.2M/s | stage ETA 1:19:08 | overall ? ETA ? | best -
[b2=24 b1={22}] stage  37.0% (471141806080/1274515148395) | 143.5M/s | stage ETA 1:33:20 | overall ? ETA ? | best -
[b2=24 b1={22}] stage  37.0% (471490744320/1274515148395) | 158.8M/s | stage ETA 1:24:17 | overall ? ETA ? | best -
[b2=24 b1={22}] stage  37.0% (471779565568/1274515148395) | 151.5M/s | stage ETA 1:28:19 | overall ? ETA ? | best -
[b2=24 b1={22}] stage  37.0% (472049283072/1274515148395) | 143.0M/s | stage ETA 1:33:30 | overall ? ETA ? | best -
[b2=24 b1={22}] stage  37.1% (472428183552/1274515148395) | 166.1M/s | stage ETA 1:20:28 | overall ? ETA ? | best -
[b2=24 b1={22}] stage  37.1% (472664051712/1274515148395) | 141.9M/s | stage ETA 1:34:11 | overall ? ETA ? | best -
[b2=24 b1={22}] stage  37.1% (473044967424/1274515148395) | 165.9M/s | stage ETA 1:20:30 | overall ? ETA ? | best -
[b2=24 b1={22}] stage  37.1% (473292709888/1274515148395) | 144.8M/s | stage ETA 1:32:11 | overall ? ETA ? | best -
[b2=24 b1={22}] stage  37.2% (473604988928/1274515148395) | 150.3M/s | stage ETA 1:28:48 | overall ? ETA ? | best -
[b2=24 b1={22}] stage  37.2% (474040156160/1274515148395) | 183.9M/s | stage ETA 1:12:33 | overall ? ETA ? | best -
[b2=24 b1={22}] stage  37.2% (474477268992/1274515148395) | 200.9M/s | stage ETA 1:06:22 | overall ? ETA ? | best -
[b2=24 b1={22}] stage  37.3% (474912964608/1274515148395) | 209.1M/s | stage ETA 1:03:44 | overall ? ETA ? | best -
[b2=24 b1={22}] stage  37.3% (475349716992/1274515148395) | 213.3M/s | stage ETA 1:02:26 | overall ? ETA ? | best -
[b2=24 b1={22}] stage  37.3% (475786203136/1274515148395) | 215.3M/s | stage ETA 1:01:49 | overall ? ETA ? | best -
[b2=24 b1={22}] stage  37.4% (476221706240/1274515148395) | 216.5M/s | stage ETA 1:01:28 | overall ? ETA ? | best -
[b2=24 b1={22}] stage  37.4% (476658065408/1274515148395) | 216.8M/s | stage ETA 1:01:19 | overall ? ETA ? | best -
[b2=24 b1={22}] stage  37.4% (477093310464/1274515148395) | 216.8M/s | stage ETA 1:01:18 | overall ? ETA ? | best -
[b2=24 b1={22}] stage  37.5% (477530320896/1274515148395) | 217.3M/s | stage ETA 1:01:07 | overall ? ETA ? | best -
[b2=24 b1={22}] stage  37.5% (477969920000/1274515148395) | 218.3M/s | stage ETA 1:00:49 | overall ? ETA ? | best -
[b2=24 b1={22}] stage  37.5% (478407651328/1274515148395) | 218.4M/s | stage ETA 1:00:45 | overall ? ETA ? | best -
[b2=24 b1={22}] stage  37.6% (478846443520/1274515148395) | 218.6M/s | stage ETA 1:00:40 | overall ? ETA ? | best -
[b2=24 b1={22}] stage  37.6% (479283437568/1274515148395) | 218.3M/s | stage ETA 1:00:42 | overall ? ETA ? | best -
[b2=24 b1={22}] stage  37.6% (479720108032/1274515148395) | 217.9M/s | stage ETA 1:00:46 | overall ? ETA ? | best -
[b2=24 b1={22}] stage  37.7% (480148975616/1274515148395) | 216.1M/s | stage ETA 1:01:16 | overall ? ETA ? | best -
[b2=24 b1={22}] stage  37.7% (480583184384/1274515148395) | 216.3M/s | stage ETA 1:01:10 | overall ? ETA ? | best -
[b2=24 b1={22}] stage  37.7% (481019002880/1274515148395) | 216.8M/s | stage ETA 1:00:59 | overall ? ETA ? | best -
[b2=24 b1={22}] stage  37.8% (481453572096/1274515148395) | 216.8M/s | stage ETA 1:00:58 | overall ? ETA ? | best -
[b2=24 b1={22}] stage  37.8% (481732567040/1274515148395) | 178.0M/s | stage ETA 1:14:14 | overall ? ETA ? | best -
[b2=24 b1={22}] stage  37.8% (482011586560/1274515148395) | 158.5M/s | stage ETA 1:23:18 | overall ? ETA ? | best -
[b2=24 b1={22}] stage  37.8% (482363052032/1274515148395) | 166.9M/s | stage ETA 1:19:07 | overall ? ETA ? | best -
[b2=24 b1={22}] stage  37.9% (482599583744/1274515148395) | 142.3M/s | stage ETA 1:32:43 | overall ? ETA ? | best -
[b2=24 b1={22}] stage  37.9% (483005734912/1274515148395) | 172.7M/s | stage ETA 1:16:24 | overall ? ETA ? | best -
[b2=24 b1={22}] stage  37.9% (483244773376/1274515148395) | 146.0M/s | stage ETA 1:30:21 | overall ? ETA ? | best -
[b2=24 b1={22}] stage  37.9% (483559784448/1274515148395) | 151.5M/s | stage ETA 1:27:01 | overall ? ETA ? | best -
[b2=24 b1={22}] stage  38.0% (483880808448/1274515148395) | 156.0M/s | stage ETA 1:24:28 | overall ? ETA ? | best -
[b2=24 b1={22}] stage  38.0% (484118831104/1274515148395) | 137.3M/s | stage ETA 1:35:54 | overall ? ETA ? | best -
[b2=24 b1={22}] stage  38.0% (484525727744/1274515148395) | 170.2M/s | stage ETA 1:17:22 | overall ? ETA ? | best -
[b2=24 b1={22}] stage  38.0% (484763484160/1274515148395) | 144.3M/s | stage ETA 1:31:11 | overall ? ETA ? | best -
[b2=24 b1={22}] stage  38.1% (485113581568/1274515148395) | 159.5M/s | stage ETA 1:22:30 | overall ? ETA ? | best -
[b2=24 b1={22}] stage  38.1% (485394350080/1274515148395) | 149.7M/s | stage ETA 1:27:53 | overall ? ETA ? | best -
[b2=24 b1={22}] stage  38.1% (485672042496/1274515148395) | 144.2M/s | stage ETA 1:31:09 | overall ? ETA ? | best -
[b2=24 b1={22}] stage  38.1% (486042271744/1274515148395) | 164.4M/s | stage ETA 1:19:55 | overall ? ETA ? | best -
[b2=24 b1={22}] stage  38.2% (486277767168/1274515148395) | 140.9M/s | stage ETA 1:33:12 | overall ? ETA ? | best -
[b2=24 b1={22}] stage  38.2% (486664359936/1274515148395) | 167.0M/s | stage ETA 1:18:37 | overall ? ETA ? | best -
[b2=24 b1={22}] stage  38.2% (486905286656/1274515148395) | 143.6M/s | stage ETA 1:31:25 | overall ? ETA ? | best -
[b2=24 b1={22}] stage  38.2% (487223644160/1274515148395) | 151.2M/s | stage ETA 1:26:47 | overall ? ETA ? | best -
[b2=24 b1={22}] stage  38.3% (487554056192/1274515148395) | 158.0M/s | stage ETA 1:23:01 | overall ? ETA ? | best -
[b2=24 b1={22}] stage  38.3% (487790137344/1274515148395) | 137.9M/s | stage ETA 1:35:07 | overall ? ETA ? | best -
[b2=24 b1={22}] stage  38.3% (488191418368/1274515148395) | 168.8M/s | stage ETA 1:17:38 | overall ? ETA ? | best -
[b2=24 b1={22}] stage  38.3% (488429056000/1274515148395) | 143.7M/s | stage ETA 1:31:12 | overall ? ETA ? | best -
[b2=24 b1={22}] stage  38.4% (488782106624/1274515148395) | 160.1M/s | stage ETA 1:21:49 | overall ? ETA ? | best -
[b2=24 b1={22}] stage  38.4% (489077612544/1274515148395) | 153.7M/s | stage ETA 1:25:09 | overall ? ETA ? | best -
[b2=24 b1={22}] stage  38.4% (489343946752/1274515148395) | 143.3M/s | stage ETA 1:31:19 | overall ? ETA ? | best -
[b2=24 b1={22}] stage  38.4% (489780248576/1274515148395) | 180.4M/s | stage ETA 1:12:28 | overall ? ETA ? | best -
[b2=24 b1={22}] stage  38.5% (490217021440/1274515148395) | 199.2M/s | stage ETA 1:05:36 | overall ? ETA ? | best -
[b2=24 b1={22}] stage  38.5% (490653224960/1274515148395) | 208.2M/s | stage ETA 1:02:44 | overall ? ETA ? | best -
[b2=24 b1={22}] stage  38.5% (491091165184/1274515148395) | 213.3M/s | stage ETA 1:01:13 | overall ? ETA ? | best -
[b2=24 b1={22}] stage  38.6% (491527565312/1274515148395) | 215.6M/s | stage ETA 1:00:31 | overall ? ETA ? | best -
[b2=24 b1={22}] stage  38.6% (491964604416/1274515148395) | 216.7M/s | stage ETA 1:00:11 | overall ? ETA ? | best -
[b2=24 b1={22}] stage  38.6% (492403625984/1274515148395) | 217.6M/s | stage ETA 59:54 | overall ? ETA ? | best -
[b2=24 b1={22}] stage  38.7% (492844158976/1274515148395) | 218.3M/s | stage ETA 59:40 | overall ? ETA ? | best -
[b2=24 b1={22}] stage  38.7% (493284282368/1274515148395) | 218.6M/s | stage ETA 59:34 | overall ? ETA ? | best -
[b2=24 b1={22}] stage  38.7% (493723967488/1274515148395) | 218.7M/s | stage ETA 59:30 | overall ? ETA ? | best -
[b2=24 b1={22}] stage  38.8% (494163591168/1274515148395) | 218.7M/s | stage ETA 59:28 | overall ? ETA ? | best -
[b2=24 b1={22}] stage  38.8% (494600900608/1274515148395) | 218.5M/s | stage ETA 59:30 | overall ? ETA ? | best -
[b2=24 b1={22}] stage  38.8% (495036755968/1274515148395) | 218.0M/s | stage ETA 59:35 | overall ? ETA ? | best -
[b2=24 b1={22}] stage  38.9% (495475908608/1274515148395) | 218.2M/s | stage ETA 59:30 | overall ? ETA ? | best -
[b2=24 b1={22}] stage  38.9% (495914754048/1274515148395) | 218.2M/s | stage ETA 59:27 | overall ? ETA ? | best -
[b2=24 b1={22}] stage  38.9% (496351391744/1274515148395) | 217.8M/s | stage ETA 59:32 | overall ? ETA ? | best -
[b2=24 b1={22}] stage  39.0% (496787841024/1274515148395) | 217.8M/s | stage ETA 59:30 | overall ? ETA ? | best -
[b2=24 b1={22}] stage  39.0% (497223073792/1274515148395) | 217.5M/s | stage ETA 59:34 | overall ? ETA ? | best -
[b2=24 b1={22}] stage  39.0% (497661583360/1274515148395) | 217.6M/s | stage ETA 59:30 | overall ? ETA ? | best -
[b2=24 b1={22}] stage  39.1% (498096758784/1274515148395) | 217.0M/s | stage ETA 59:37 | overall ? ETA ? | best -
[b2=24 b1={22}] stage  39.1% (498334957568/1274515148395) | 167.8M/s | stage ETA 1:17:06 | overall ? ETA ? | best -
[b2=24 b1={22}] stage  39.1% (498658074624/1274515148395) | 164.6M/s | stage ETA 1:18:32 | overall ? ETA ? | best -
[b2=24 b1={22}] stage  39.1% (498969124864/1274515148395) | 159.9M/s | stage ETA 1:20:51 | overall ? ETA ? | best -
[b2=24 b1={22}] stage  39.2% (499221880832/1274515148395) | 142.8M/s | stage ETA 1:30:27 | overall ? ETA ? | best -
[b2=24 b1={22}] stage  39.2% (499619160064/1274515148395) | 170.3M/s | stage ETA 1:15:49 | overall ? ETA ? | best -
[b2=24 b1={22}] stage  39.2% (499855831040/1274515148395) | 144.1M/s | stage ETA 1:29:36 | overall ? ETA ? | best -
[b2=24 b1={22}] stage  39.2% (500221857792/1274515148395) | 163.4M/s | stage ETA 1:18:57 | overall ? ETA ? | best -
[b2=24 b1={22}] stage  39.3% (500487991296/1274515148395) | 148.1M/s | stage ETA 1:27:04 | overall ? ETA ? | best -
[b2=24 b1={22}] stage  39.3% (500783267840/1274515148395) | 147.9M/s | stage ETA 1:27:13 | overall ? ETA ? | best -
[b2=24 b1={22}] stage  39.3% (501136646144/1274515148395) | 162.1M/s | stage ETA 1:19:31 | overall ? ETA ? | best -
[b2=24 b1={22}] stage  39.3% (501376184320/1274515148395) | 140.7M/s | stage ETA 1:31:35 | overall ? ETA ? | best -
[b2=24 b1={22}] stage  39.4% (501773701120/1274515148395) | 169.1M/s | stage ETA 1:16:08 | overall ? ETA ? | best -
[b2=24 b1={22}] stage  39.4% (502008995840/1274515148395) | 143.1M/s | stage ETA 1:29:58 | overall ? ETA ? | best -
[b2=24 b1={22}] stage  39.4% (502342807552/1274515148395) | 154.8M/s | stage ETA 1:23:06 | overall ? ETA ? | best -
[b2=24 b1={22}] stage  39.4% (502658748416/1274515148395) | 156.2M/s | stage ETA 1:22:21 | overall ? ETA ? | best -
[b2=24 b1={22}] stage  39.5% (502899535872/1274515148395) | 138.2M/s | stage ETA 1:33:01 | overall ? ETA ? | best -
[b2=24 b1={22}] stage  39.5% (503286894592/1274515148395) | 165.8M/s | stage ETA 1:17:32 | overall ? ETA ? | best -
[b2=24 b1={22}] stage  39.5% (503522590720/1274515148395) | 141.5M/s | stage ETA 1:30:48 | overall ? ETA ? | best -
[b2=24 b1={22}] stage  39.5% (503898808320/1274515148395) | 164.5M/s | stage ETA 1:18:05 | overall ? ETA ? | best -
[b2=24 b1={22}] stage  39.6% (504173404160/1274515148395) | 150.6M/s | stage ETA 1:25:14 | overall ? ETA ? | best -
[b2=24 b1={22}] stage  39.6% (504461873152/1274515148395) | 147.1M/s | stage ETA 1:27:16 | overall ? ETA ? | best -
[b2=24 b1={22}] stage  39.6% (504811487232/1274515148395) | 160.6M/s | stage ETA 1:19:51 | overall ? ETA ? | best -
[b2=24 b1={22}] stage  39.6% (505046921216/1274515148395) | 139.0M/s | stage ETA 1:32:14 | overall ? ETA ? | best -
[b2=24 b1={22}] stage  39.7% (505449263104/1274515148395) | 169.8M/s | stage ETA 1:15:30 | overall ? ETA ? | best -
[b2=24 b1={22}] stage  39.7% (505684770816/1274515148395) | 143.7M/s | stage ETA 1:29:10 | overall ? ETA ? | best -
[b2=24 b1={22}] stage  39.7% (506004971520/1274515148395) | 151.7M/s | stage ETA 1:24:27 | overall ? ETA ? | best -
[b2=24 b1={22}] stage  39.7% (506439729152/1274515148395) | 184.2M/s | stage ETA 1:09:30 | overall ? ETA ? | best -
[b2=24 b1={22}] stage  39.8% (506875265024/1274515148395) | 200.5M/s | stage ETA 1:03:48 | overall ? ETA ? | best -
[b2=24 b1={22}] stage  39.8% (507310108672/1274515148395) | 208.9M/s | stage ETA 1:01:13 | overall ? ETA ? | best -
[b2=24 b1={22}] stage  39.8% (507748376576/1274515148395) | 213.3M/s | stage ETA 59:54 | overall ? ETA ? | best -
[b2=24 b1={22}] stage  39.9% (508183707648/1274515148395) | 215.0M/s | stage ETA 59:23 | overall ? ETA ? | best -
[b2=24 b1={22}] stage  39.9% (508619100160/1274515148395) | 216.0M/s | stage ETA 59:05 | overall ? ETA ? | best -
[b2=24 b1={22}] stage  39.9% (509057191936/1274515148395) | 217.1M/s | stage ETA 58:46 | overall ? ETA ? | best -
[b2=24 b1={22}] stage  40.0% (509490216960/1274515148395) | 216.7M/s | stage ETA 58:50 | overall ? ETA ? | best -
[b2=24 b1={22}] stage  40.0% (509926973440/1274515148395) | 217.0M/s | stage ETA 58:43 | overall ? ETA ? | best -
[b2=24 b1={22}] stage  40.0% (510363226112/1274515148395) | 217.0M/s | stage ETA 58:41 | overall ? ETA ? | best -
[b2=24 b1={22}] stage  40.1% (510799884288/1274515148395) | 217.0M/s | stage ETA 58:39 | overall ? ETA ? | best -
[b2=24 b1={22}] stage  40.1% (511235780608/1274515148395) | 217.0M/s | stage ETA 58:36 | overall ? ETA ? | best -
[b2=24 b1={22}] stage  40.1% (511670325248/1274515148395) | 216.7M/s | stage ETA 58:40 | overall ? ETA ? | best -
[b2=24 b1={22}] stage  40.2% (512109056000/1274515148395) | 217.5M/s | stage ETA 58:24 | overall ? ETA ? | best -
[b2=24 b1={22}] stage  40.2% (512542498816/1274515148395) | 216.9M/s | stage ETA 58:33 | overall ? ETA ? | best -
[b2=24 b1={22}] stage  40.2% (512977240064/1274515148395) | 216.8M/s | stage ETA 58:32 | overall ? ETA ? | best -
[b2=24 b1={22}] stage  40.3% (513409953792/1274515148395) | 216.0M/s | stage ETA 58:43 | overall ? ETA ? | best -
[b2=24 b1={22}] stage  40.3% (513839034368/1274515148395) | 214.6M/s | stage ETA 59:04 | overall ? ETA ? | best -
[b2=24 b1={22}] stage  40.3% (514102030336/1274515148395) | 172.7M/s | stage ETA 1:13:23 | overall ? ETA ? | best -
[b2=24 b1={22}] stage  40.4% (514388647936/1274515148395) | 157.9M/s | stage ETA 1:20:15 | overall ? ETA ? | best -
[b2=24 b1={22}] stage  40.4% (514739589120/1274515148395) | 166.4M/s | stage ETA 1:16:06 | overall ? ETA ? | best -
[b2=24 b1={22}] stage  40.4% (514972680192/1274515148395) | 141.4M/s | stage ETA 1:29:33 | overall ? ETA ? | best -
[b2=24 b1={22}] stage  40.4% (515366727680/1274515148395) | 168.7M/s | stage ETA 1:15:00 | overall ? ETA ? | best -
[b2=24 b1={22}] stage  40.5% (515598786560/1274515148395) | 141.9M/s | stage ETA 1:29:06 | overall ? ETA ? | best -
[b2=24 b1={22}] stage  40.5% (515914989568/1274515148395) | 149.5M/s | stage ETA 1:24:35 | overall ? ETA ? | best -
[b2=24 b1={22}] stage  40.5% (516241465344/1274515148395) | 156.1M/s | stage ETA 1:20:58 | overall ? ETA ? | best -
[b2=24 b1={22}] stage  40.5% (516474605568/1274515148395) | 136.2M/s | stage ETA 1:32:45 | overall ? ETA ? | best -
[b2=24 b1={22}] stage  40.6% (516865806336/1274515148395) | 165.6M/s | stage ETA 1:16:15 | overall ? ETA ? | best -
[b2=24 b1={22}] stage  40.6% (517097455616/1274515148395) | 140.6M/s | stage ETA 1:29:47 | overall ? ETA ? | best -
[b2=24 b1={22}] stage  40.6% (517435428864/1274515148395) | 154.3M/s | stage ETA 1:21:45 | overall ? ETA ? | best -
[b2=24 b1={22}] stage  40.6% (517739659264/1274515148395) | 152.8M/s | stage ETA 1:22:32 | overall ? ETA ? | best -
[b2=24 b1={22}] stage  40.6% (517970829312/1274515148395) | 134.0M/s | stage ETA 1:34:05 | overall ? ETA ? | best -
[b2=24 b1={22}] stage  40.7% (518362927104/1274515148395) | 164.6M/s | stage ETA 1:16:33 | overall ? ETA ? | best -
[b2=24 b1={22}] stage  40.7% (518599036928/1274515148395) | 141.1M/s | stage ETA 1:29:19 | overall ? ETA ? | best -
[b2=24 b1={22}] stage  40.7% (518969745408/1274515148395) | 162.7M/s | stage ETA 1:17:22 | overall ? ETA ? | best -
[b2=24 b1={22}] stage  40.7% (519247319040/1274515148395) | 150.5M/s | stage ETA 1:23:39 | overall ? ETA ? | best -
[b2=24 b1={22}] stage  40.8% (519521808384/1274515148395) | 143.4M/s | stage ETA 1:27:43 | overall ? ETA ? | best -
[b2=24 b1={22}] stage  40.8% (519872204800/1274515148395) | 159.3M/s | stage ETA 1:18:57 | overall ? ETA ? | best -
[b2=24 b1={22}] stage  40.8% (520107843584/1274515148395) | 138.3M/s | stage ETA 1:30:56 | overall ? ETA ? | best -
[b2=24 b1={22}] stage  40.8% (520509083648/1274515148395) | 169.0M/s | stage ETA 1:14:20 | overall ? ETA ? | best -
[b2=24 b1={22}] stage  40.9% (520755232768/1274515148395) | 146.0M/s | stage ETA 1:26:01 | overall ? ETA ? | best -
[b2=24 b1={22}] stage  40.9% (521060945920/1274515148395) | 149.3M/s | stage ETA 1:24:06 | overall ? ETA ? | best -
[b2=24 b1={22}] stage  40.9% (521382043648/1274515148395) | 154.5M/s | stage ETA 1:21:15 | overall ? ETA ? | best -
[b2=24 b1={22}] stage  40.9% (521615523840/1274515148395) | 135.4M/s | stage ETA 1:32:42 | overall ? ETA ? | best -
[b2=24 b1={22}] stage  41.0% (522042961920/1274515148395) | 174.4M/s | stage ETA 1:11:54 | overall ? ETA ? | best -
[b2=24 b1={22}] stage  41.0% (522478477312/1274515148395) | 195.5M/s | stage ETA 1:04:06 | overall ? ETA ? | best -
[b2=24 b1={22}] stage  41.0% (522911809536/1274515148395) | 205.7M/s | stage ETA 1:00:53 | overall ? ETA ? | best -
[b2=24 b1={22}] stage  41.1% (523346665472/1274515148395) | 211.2M/s | stage ETA 59:16 | overall ? ETA ? | best -
[b2=24 b1={22}] stage  41.1% (523781308416/1274515148395) | 213.7M/s | stage ETA 58:33 | overall ? ETA ? | best -
[b2=24 b1={22}] stage  41.1% (524214968320/1274515148395) | 214.6M/s | stage ETA 58:16 | overall ? ETA ? | best -
[b2=24 b1={22}] stage  41.2% (524650131456/1274515148395) | 215.5M/s | stage ETA 57:59 | overall ? ETA ? | best -
[b2=24 b1={22}] stage  41.2% (525086380032/1274515148395) | 216.3M/s | stage ETA 57:44 | overall ? ETA ? | best -
[b2=24 b1={22}] stage  41.2% (525517651968/1274515148395) | 215.4M/s | stage ETA 57:57 | overall ? ETA ? | best -
[b2=24 b1={22}] stage  41.3% (525951901696/1274515148395) | 215.7M/s | stage ETA 57:50 | overall ? ETA ? | best -
[b2=24 b1={22}] stage  41.3% (526382903296/1274515148395) | 215.4M/s | stage ETA 57:53 | overall ? ETA ? | best -
[b2=24 b1={22}] stage  41.3% (526818537472/1274515148395) | 216.1M/s | stage ETA 57:39 | overall ? ETA ? | best -
[b2=24 b1={22}] stage  41.4% (527252545536/1274515148395) | 216.4M/s | stage ETA 57:33 | overall ? ETA ? | best -
[b2=24 b1={22}] stage  41.4% (527686414336/1274515148395) | 216.5M/s | stage ETA 57:29 | overall ? ETA ? | best -
[b2=24 b1={22}] stage  41.4% (528119193600/1274515148395) | 215.8M/s | stage ETA 57:38 | overall ? ETA ? | best -
[b2=24 b1={22}] stage  41.5% (528553635840/1274515148395) | 216.4M/s | stage ETA 57:27 | overall ? ETA ? | best -
[b2=24 b1={22}] stage  41.5% (528988491776/1274515148395) | 216.8M/s | stage ETA 57:19 | overall ? ETA ? | best -
[b2=24 b1={22}] stage  41.5% (529425248256/1274515148395) | 217.0M/s | stage ETA 57:13 | overall ? ETA ? | best -
[b2=24 b1={22}] stage  41.6% (529861537792/1274515148395) | 217.0M/s | stage ETA 57:11 | overall ? ETA ? | best -
[b2=24 b1={22}] stage  41.6% (530297540608/1274515148395) | 217.2M/s | stage ETA 57:06 | overall ? ETA ? | best -
[b2=24 b1={22}] stage  41.6% (530602508288/1274515148395) | 184.4M/s | stage ETA 1:07:13 | overall ? ETA ? | best -
[b2=24 b1={22}] stage  41.7% (530855800832/1274515148395) | 155.5M/s | stage ETA 1:19:41 | overall ? ETA ? | best -
[b2=24 b1={22}] stage  41.7% (531244851200/1274515148395) | 174.7M/s | stage ETA 1:10:53 | overall ? ETA ? | best -
[b2=24 b1={22}] stage  41.7% (531477839872/1274515148395) | 145.4M/s | stage ETA 1:25:11 | overall ? ETA ? | best -
[b2=24 b1={22}] stage  41.7% (531825233920/1274515148395) | 159.4M/s | stage ETA 1:17:39 | overall ? ETA ? | best -
[b2=24 b1={22}] stage  41.7% (532103974912/1274515148395) | 149.1M/s | stage ETA 1:23:00 | overall ? ETA ? | best -
[b2=24 b1={22}] stage  41.8% (532380188672/1274515148395) | 143.3M/s | stage ETA 1:26:19 | overall ? ETA ? | best -
[b2=24 b1={22}] stage  41.8% (532752338944/1274515148395) | 164.3M/s | stage ETA 1:15:14 | overall ? ETA ? | best -
[b2=24 b1={22}] stage  41.8% (532985999360/1274515148395) | 140.2M/s | stage ETA 1:28:07 | overall ? ETA ? | best -
[b2=24 b1={22}] stage  41.8% (533367590912/1274515148395) | 165.2M/s | stage ETA 1:14:47 | overall ? ETA ? | best -
[b2=24 b1={22}] stage  41.9% (533613203456/1274515148395) | 143.7M/s | stage ETA 1:25:56 | overall ? ETA ? | best -
[b2=24 b1={22}] stage  41.9% (533926723584/1274515148395) | 149.8M/s | stage ETA 1:22:22 | overall ? ETA ? | best -
[b2=24 b1={22}] stage  41.9% (534261837824/1274515148395) | 158.5M/s | stage ETA 1:17:49 | overall ? ETA ? | best -
[b2=24 b1={22}] stage  41.9% (534496366592/1274515148395) | 137.6M/s | stage ETA 1:29:38 | overall ? ETA ? | best -
[b2=24 b1={22}] stage  42.0% (534892597248/1274515148395) | 167.3M/s | stage ETA 1:13:41 | overall ? ETA ? | best -
[b2=24 b1={22}] stage  42.0% (535127863296/1274515148395) | 142.4M/s | stage ETA 1:26:31 | overall ? ETA ? | best -
[b2=24 b1={22}] stage  42.0% (535475716096/1274515148395) | 158.0M/s | stage ETA 1:17:58 | overall ? ETA ? | best -
[b2=24 b1={22}] stage  42.0% (535772438528/1274515148395) | 153.1M/s | stage ETA 1:20:25 | overall ? ETA ? | best -
[b2=24 b1={22}] stage  42.1% (536033894400/1274515148395) | 141.7M/s | stage ETA 1:26:51 | overall ? ETA ? | best -
[b2=24 b1={22}] stage  42.1% (536411283456/1274515148395) | 164.6M/s | stage ETA 1:14:43 | overall ? ETA ? | best -
[b2=24 b1={22}] stage  42.1% (536645378048/1274515148395) | 140.8M/s | stage ETA 1:27:21 | overall ? ETA ? | best -
[b2=24 b1={22}] stage  42.1% (537027186688/1274515148395) | 165.4M/s | stage ETA 1:14:17 | overall ? ETA ? | best -
[b2=24 b1={22}] stage  42.2% (537286336512/1274515148395) | 147.2M/s | stage ETA 1:23:28 | overall ? ETA ? | best -
[b2=24 b1={22}] stage  42.2% (537573933056/1274515148395) | 145.4M/s | stage ETA 1:24:29 | overall ? ETA ? | best -
[b2=24 b1={22}] stage  42.2% (537916133376/1274515148395) | 158.0M/s | stage ETA 1:17:42 | overall ? ETA ? | best -
[b2=24 b1={22}] stage  42.2% (538149146624/1274515148395) | 136.9M/s | stage ETA 1:29:37 | overall ? ETA ? | best -
[b2=24 b1={22}] stage  42.3% (538555203584/1274515148395) | 169.6M/s | stage ETA 1:12:20 | overall ? ETA ? | best -
[b2=24 b1={22}] stage  42.3% (538959638528/1274515148395) | 185.4M/s | stage ETA 1:06:07 | overall ? ETA ? | best -
[b2=24 b1={22}] stage  42.3% (539388743680/1274515148395) | 199.4M/s | stage ETA 1:01:26 | overall ? ETA ? | best -
[b2=24 b1={22}] stage  42.4% (539819982848/1274515148395) | 207.4M/s | stage ETA 59:02 | overall ? ETA ? | best -
[b2=24 b1={22}] stage  42.4% (540253741056/1274515148395) | 212.0M/s | stage ETA 57:44 | overall ? ETA ? | best -
[b2=24 b1={22}] stage  42.4% (540687704064/1274515148395) | 214.2M/s | stage ETA 57:06 | overall ? ETA ? | best -
[b2=24 b1={22}] stage  42.5% (541122392064/1274515148395) | 215.3M/s | stage ETA 56:46 | overall ? ETA ? | best -
[b2=24 b1={22}] stage  42.5% (541560205312/1274515148395) | 216.4M/s | stage ETA 56:26 | overall ? ETA ? | best -
[b2=24 b1={22}] stage  42.5% (541985001472/1274515148395) | 214.4M/s | stage ETA 56:56 | overall ? ETA ? | best -
[b2=24 b1={22}] stage  42.6% (542422425600/1274515148395) | 216.0M/s | stage ETA 56:29 | overall ? ETA ? | best -
[b2=24 b1={22}] stage  42.6% (542858457088/1274515148395) | 216.7M/s | stage ETA 56:16 | overall ? ETA ? | best -
[b2=24 b1={22}] stage  42.6% (543296450560/1274515148395) | 217.2M/s | stage ETA 56:05 | overall ? ETA ? | best -
[b2=24 b1={22}] stage  42.7% (543732781056/1274515148395) | 217.5M/s | stage ETA 55:59 | overall ? ETA ? | best -
[b2=24 b1={22}] stage  42.7% (544168275968/1274515148395) | 217.2M/s | stage ETA 56:02 | overall ? ETA ? | best -
[b2=24 b1={22}] stage  42.7% (544605528064/1274515148395) | 217.5M/s | stage ETA 55:55 | overall ? ETA ? | best -
[b2=24 b1={22}] stage  42.8% (545042485248/1274515148395) | 217.6M/s | stage ETA 55:52 | overall ? ETA ? | best -
[b2=24 b1={22}] stage  42.8% (545480048640/1274515148395) | 217.6M/s | stage ETA 55:50 | overall ? ETA ? | best -
[b2=24 b1={22}] stage  42.8% (545915949056/1274515148395) | 217.7M/s | stage ETA 55:47 | overall ? ETA ? | best -
[b2=24 b1={22}] stage  42.9% (546323693568/1274515148395) | 210.6M/s | stage ETA 57:37 | overall ? ETA ? | best -
[b2=24 b1={22}] stage  42.9% (546558193664/1274515148395) | 163.7M/s | stage ETA 1:14:06 | overall ? ETA ? | best -
[b2=24 b1={22}] stage  42.9% (546912133120/1274515148395) | 169.9M/s | stage ETA 1:11:21 | overall ? ETA ? | best -
[b2=24 b1={22}] stage  42.9% (547186778112/1274515148395) | 153.3M/s | stage ETA 1:19:04 | overall ? ETA ? | best -
[b2=24 b1={22}] stage  43.0% (547470725120/1274515148395) | 147.5M/s | stage ETA 1:22:10 | overall ? ETA ? | best -
[b2=24 b1={22}] stage  43.0% (547837259776/1274515148395) | 165.0M/s | stage ETA 1:13:24 | overall ? ETA ? | best -
[b2=24 b1={22}] stage  43.0% (548073119744/1274515148395) | 141.3M/s | stage ETA 1:25:41 | overall ? ETA ? | best -
[b2=24 b1={22}] stage  43.0% (548472369152/1274515148395) | 170.2M/s | stage ETA 1:11:06 | overall ? ETA ? | best -
[b2=24 b1={22}] stage  43.1% (548709707776/1274515148395) | 144.2M/s | stage ETA 1:23:54 | overall ? ETA ? | best -
[b2=24 b1={22}] stage  43.1% (549034000384/1274515148395) | 152.7M/s | stage ETA 1:19:09 | overall ? ETA ? | best -
[b2=24 b1={22}] stage  43.1% (549358116864/1274515148395) | 156.9M/s | stage ETA 1:17:02 | overall ? ETA ? | best -
[b2=24 b1={22}] stage  43.1% (549593423872/1274515148395) | 137.0M/s | stage ETA 1:28:09 | overall ? ETA ? | best -
[b2=24 b1={22}] stage  43.2% (549990952960/1274515148395) | 167.5M/s | stage ETA 1:12:06 | overall ? ETA ? | best -
[b2=24 b1={22}] stage  43.2% (550226169856/1274515148395) | 142.5M/s | stage ETA 1:24:41 | overall ? ETA ? | best -
[b2=24 b1={22}] stage  43.2% (550591889408/1274515148395) | 162.2M/s | stage ETA 1:14:24 | overall ? ETA ? | best -
[b2=24 b1={22}] stage  43.2% (550867042304/1274515148395) | 149.8M/s | stage ETA 1:20:30 | overall ? ETA ? | best -
[b2=24 b1={22}] stage  43.2% (551151190016/1274515148395) | 145.8M/s | stage ETA 1:22:41 | overall ? ETA ? | best -
[b2=24 b1={22}] stage  43.3% (551515467776/1274515148395) | 163.5M/s | stage ETA 1:13:41 | overall ? ETA ? | best -
[b2=24 b1={22}] stage  43.3% (551751634944/1274515148395) | 140.5M/s | stage ETA 1:25:43 | overall ? ETA ? | best -
[b2=24 b1={22}] stage  43.3% (552149524480/1274515148395) | 169.4M/s | stage ETA 1:11:03 | overall ? ETA ? | best -
[b2=24 b1={22}] stage  43.3% (552387592192/1274515148395) | 144.2M/s | stage ETA 1:23:27 | overall ? ETA ? | best -
[b2=24 b1={22}] stage  43.4% (552705155072/1274515148395) | 150.9M/s | stage ETA 1:19:42 | overall ? ETA ? | best -
[b2=24 b1={22}] stage  43.4% (553026334720/1274515148395) | 155.7M/s | stage ETA 1:17:14 | overall ? ETA ? | best -
[b2=24 b1={22}] stage  43.4% (553261285376/1274515148395) | 136.3M/s | stage ETA 1:28:10 | overall ? ETA ? | best -
[b2=24 b1={22}] stage  43.4% (553663205376/1274515148395) | 168.5M/s | stage ETA 1:11:18 | overall ? ETA ? | best -
[b2=24 b1={22}] stage  43.5% (553897304064/1274515148395) | 142.4M/s | stage ETA 1:24:20 | overall ? ETA ? | best -
[b2=24 b1={22}] stage  43.5% (554247041024/1274515148395) | 158.2M/s | stage ETA 1:15:52 | overall ? ETA ? | best -
[b2=24 b1={22}] stage  43.5% (554682748928/1274515148395) | 187.7M/s | stage ETA 1:03:54 | overall ? ETA ? | best -
[b2=24 b1={22}] stage  43.6% (555115102208/1274515148395) | 201.4M/s | stage ETA 59:31 | overall ? ETA ? | best -
[b2=24 b1={22}] stage  43.6% (555552583680/1274515148395) | 209.4M/s | stage ETA 57:13 | overall ? ETA ? | best -
[b2=24 b1={22}] stage  43.6% (555987525632/1274515148395) | 212.8M/s | stage ETA 56:16 | overall ? ETA ? | best -
[b2=24 b1={22}] stage  43.7% (556418363392/1274515148395) | 214.0M/s | stage ETA 55:55 | overall ? ETA ? | best -
[b2=24 b1={22}] stage  43.7% (556852908032/1274515148395) | 215.2M/s | stage ETA 55:35 | overall ? ETA ? | best -
[b2=24 b1={22}] stage  43.7% (557288435712/1274515148395) | 216.1M/s | stage ETA 55:18 | overall ? ETA ? | best -
[b2=24 b1={22}] stage  43.8% (557723226112/1274515148395) | 216.2M/s | stage ETA 55:15 | overall ? ETA ? | best -
[b2=24 b1={22}] stage  43.8% (558155374592/1274515148395) | 215.8M/s | stage ETA 55:19 | overall ? ETA ? | best -
[b2=24 b1={22}] stage  43.8% (558586851328/1274515148395) | 215.0M/s | stage ETA 55:29 | overall ? ETA ? | best -
[b2=24 b1={22}] stage  43.9% (559022653440/1274515148395) | 215.9M/s | stage ETA 55:14 | overall ? ETA ? | best -
[b2=24 b1={22}] stage  43.9% (559456923648/1274515148395) | 216.0M/s | stage ETA 55:11 | overall ? ETA ? | best -
[b2=24 b1={22}] stage  43.9% (559885414400/1274515148395) | 215.0M/s | stage ETA 55:23 | overall ? ETA ? | best -
[b2=24 b1={22}] stage  44.0% (560318382080/1274515148395) | 215.1M/s | stage ETA 55:19 | overall ? ETA ? | best -
[b2=24 b1={22}] stage  44.0% (560744574976/1274515148395) | 213.5M/s | stage ETA 55:42 | overall ? ETA ? | best -
[b2=24 b1={22}] stage  44.0% (561179824128/1274515148395) | 215.1M/s | stage ETA 55:15 | overall ? ETA ? | best -
[b2=24 b1={22}] stage  44.1% (561613164544/1274515148395) | 215.4M/s | stage ETA 55:09 | overall ? ETA ? | best -
[b2=24 b1={22}] stage  44.1% (562044428288/1274515148395) | 215.1M/s | stage ETA 55:12 | overall ? ETA ? | best -
[b2=24 b1={22}] stage  44.1% (562477920256/1274515148395) | 215.3M/s | stage ETA 55:07 | overall ? ETA ? | best -
[b2=24 b1={22}] stage  44.2% (562914017280/1274515148395) | 216.2M/s | stage ETA 54:51 | overall ? ETA ? | best -
[b2=24 b1={22}] stage  44.2% (563348385792/1274515148395) | 216.1M/s | stage ETA 54:50 | overall ? ETA ? | best -
[b2=24 b1={22}] stage  44.2% (563780911104/1274515148395) | 215.7M/s | stage ETA 54:54 | overall ? ETA ? | best -
[b2=24 b1={22}] stage  44.3% (564213948416/1274515148395) | 215.5M/s | stage ETA 54:55 | overall ? ETA ? | best -
[b2=24 b1={22}] stage  44.3% (564648853504/1274515148395) | 215.9M/s | stage ETA 54:47 | overall ? ETA ? | best -
[b2=24 b1={22}] stage  44.3% (565081116672/1274515148395) | 216.0M/s | stage ETA 54:45 | overall ? ETA ? | best -
[b2=24 b1={22}] stage  44.4% (565517185024/1274515148395) | 216.3M/s | stage ETA 54:37 | overall ? ETA ? | best -
[b2=24 b1={22}] stage  44.4% (565950935040/1274515148395) | 216.3M/s | stage ETA 54:35 | overall ? ETA ? | best -
[b2=24 b1={22}] stage  44.4% (566387986432/1274515148395) | 216.7M/s | stage ETA 54:27 | overall ? ETA ? | best -
[b2=24 b1={22}] stage  44.5% (566824050688/1274515148395) | 217.1M/s | stage ETA 54:20 | overall ? ETA ? | best -
[b2=24 b1={22}] stage  44.5% (567259738112/1274515148395) | 216.8M/s | stage ETA 54:21 | overall ? ETA ? | best -
[b2=24 b1={22}] stage  44.5% (567695527936/1274515148395) | 216.5M/s | stage ETA 54:24 | overall ? ETA ? | best -
[b2=24 b1={22}] stage  44.6% (568131543040/1274515148395) | 216.7M/s | stage ETA 54:19 | overall ? ETA ? | best -
[b2=24 b1={22}] stage  44.6% (568565272576/1274515148395) | 216.6M/s | stage ETA 54:19 | overall ? ETA ? | best -
[b2=24 b1={22}] stage  44.6% (568997920768/1274515148395) | 216.3M/s | stage ETA 54:21 | overall ? ETA ? | best -
[b2=24 b1={22}] stage  44.7% (569429729280/1274515148395) | 215.7M/s | stage ETA 54:29 | overall ? ETA ? | best -
[b2=24 b1={22}] stage  44.7% (569863286784/1274515148395) | 216.0M/s | stage ETA 54:22 | overall ? ETA ? | best -
[b2=24 b1={22}] stage  44.7% (570296590336/1274515148395) | 215.9M/s | stage ETA 54:22 | overall ? ETA ? | best -
[b2=24 b1={22}] stage  44.8% (570705645568/1274515148395) | 210.1M/s | stage ETA 55:50 | overall ? ETA ? | best -
[b2=24 b1={22}] stage  44.8% (571107913728/1274515148395) | 205.3M/s | stage ETA 57:06 | overall ? ETA ? | best -
[b2=24 b1={22}] stage  44.8% (571510845440/1274515148395) | 203.1M/s | stage ETA 57:41 | overall ? ETA ? | best -
[b2=24 b1={22}] stage  44.9% (571923304448/1274515148395) | 204.6M/s | stage ETA 57:14 | overall ? ETA ? | best -
[b2=24 b1={22}] stage  44.9% (572314816512/1274515148395) | 199.6M/s | stage ETA 58:38 | overall ? ETA ? | best -
[b2=24 b1={22}] stage  44.9% (572737232896/1274515148395) | 204.8M/s | stage ETA 57:07 | overall ? ETA ? | best -
[b2=24 b1={22}] stage  45.0% (573120004096/1274515148395) | 198.0M/s | stage ETA 59:03 | overall ? ETA ? | best -
[b2=24 b1={22}] stage  45.0% (573542379520/1274515148395) | 204.1M/s | stage ETA 57:13 | overall ? ETA ? | best -
[b2=24 b1={22}] stage  45.0% (573933494272/1274515148395) | 199.3M/s | stage ETA 58:35 | overall ? ETA ? | best -
[b2=24 b1={22}] stage  45.1% (574352515072/1274515148395) | 204.2M/s | stage ETA 57:09 | overall ? ETA ? | best -
[b2=24 b1={22}] stage  45.1% (574751850496/1274515148395) | 201.4M/s | stage ETA 57:53 | overall ? ETA ? | best -
[b2=24 b1={22}] stage  45.1% (575153463296/1274515148395) | 200.8M/s | stage ETA 58:03 | overall ? ETA ? | best -
[b2=24 b1={22}] stage  45.2% (575563214848/1274515148395) | 202.5M/s | stage ETA 57:31 | overall ? ETA ? | best -
[b2=24 b1={22}] stage  45.2% (575958777856/1274515148395) | 200.0M/s | stage ETA 58:12 | overall ? ETA ? | best -
[b2=24 b1={22}] stage  45.2% (576379101184/1274515148395) | 204.6M/s | stage ETA 56:52 | overall ? ETA ? | best -
[b2=24 b1={22}] stage  45.3% (576766431232/1274515148395) | 198.6M/s | stage ETA 58:33 | overall ? ETA ? | best -
[b2=24 b1={22}] stage  45.3% (577193357312/1274515148395) | 205.5M/s | stage ETA 56:33 | overall ? ETA ? | best -
[b2=24 b1={22}] stage  45.3% (577572622336/1274515148395) | 197.4M/s | stage ETA 58:51 | overall ? ETA ? | best -
[b2=24 b1={22}] stage  45.3% (577991503872/1274515148395) | 203.2M/s | stage ETA 57:07 | overall ? ETA ? | best -
[b2=24 b1={22}] stage  45.4% (578387881984/1274515148395) | 200.0M/s | stage ETA 57:59 | overall ? ETA ? | best -
[b2=24 b1={22}] stage  45.4% (578823299072/1274515148395) | 208.4M/s | stage ETA 55:37 | overall ? ETA ? | best -
[b2=24 b1={22}] stage  45.4% (579261026304/1274515148395) | 213.1M/s | stage ETA 54:23 | overall ? ETA ? | best -
[b2=24 b1={22}] stage  45.5% (579694120960/1274515148395) | 214.3M/s | stage ETA 54:02 | overall ? ETA ? | best -
[b2=24 b1={22}] stage  45.5% (580117516288/1274515148395) | 212.3M/s | stage ETA 54:30 | overall ? ETA ? | best -
[b2=24 b1={22}] stage  45.6% (580550381568/1274515148395) | 213.9M/s | stage ETA 54:04 | overall ? ETA ? | best -
[b2=24 b1={22}] stage  45.6% (580982169600/1274515148395) | 214.8M/s | stage ETA 53:49 | overall ? ETA ? | best -
[b2=24 b1={22}] stage  45.6% (581418491904/1274515148395) | 215.9M/s | stage ETA 53:30 | overall ? ETA ? | best -
[b2=24 b1={22}] stage  45.7% (581841174528/1274515148395) | 213.5M/s | stage ETA 54:04 | overall ? ETA ? | best -
[b2=24 b1={22}] stage  45.7% (582266744832/1274515148395) | 212.9M/s | stage ETA 54:10 | overall ? ETA ? | best -
[b2=24 b1={22}] stage  45.7% (582702018560/1274515148395) | 214.7M/s | stage ETA 53:41 | overall ? ETA ? | best -
[b2=24 b1={22}] stage  45.8% (583137345536/1274515148395) | 215.7M/s | stage ETA 53:25 | overall ? ETA ? | best -
[b2=24 b1={22}] stage  45.8% (583569895424/1274515148395) | 216.0M/s | stage ETA 53:19 | overall ? ETA ? | best -
[b2=24 b1={22}] stage  45.8% (584006012928/1274515148395) | 216.9M/s | stage ETA 53:03 | overall ? ETA ? | best -
[b2=24 b1={22}] stage  45.9% (584444751872/1274515148395) | 217.5M/s | stage ETA 52:52 | overall ? ETA ? | best -
[b2=24 b1={22}] stage  45.9% (584873947136/1274515148395) | 215.5M/s | stage ETA 53:19 | overall ? ETA ? | best -
[b2=24 b1={22}] stage  45.9% (585308807168/1274515148395) | 216.0M/s | stage ETA 53:10 | overall ? ETA ? | best -
[b2=24 b1={22}] stage  46.0% (585744089088/1274515148395) | 216.3M/s | stage ETA 53:04 | overall ? ETA ? | best -
[b2=24 b1={22}] stage  46.0% (586181275648/1274515148395) | 216.7M/s | stage ETA 52:56 | overall ? ETA ? | best -
[b2=24 b1={22}] stage  46.0% (586613219328/1274515148395) | 216.0M/s | stage ETA 53:05 | overall ? ETA ? | best -
[b2=24 b1={22}] stage  46.1% (587037696000/1274515148395) | 214.0M/s | stage ETA 53:32 | overall ? ETA ? | best -
[b2=24 b1={22}] stage  46.1% (587424563200/1274515148395) | 203.1M/s | stage ETA 56:23 | overall ? ETA ? | best -
[b2=24 b1={22}] stage  46.1% (587863523328/1274515148395) | 210.7M/s | stage ETA 54:19 | overall ? ETA ? | best -
[b2=24 b1={22}] stage  46.2% (588265443328/1274515148395) | 205.2M/s | stage ETA 55:43 | overall ? ETA ? | best -
[b2=24 b1={22}] stage  46.2% (588695924736/1274515148395) | 209.9M/s | stage ETA 54:27 | overall ? ETA ? | best -
[b2=24 b1={22}] stage  46.2% (589112434688/1274515148395) | 208.7M/s | stage ETA 54:43 | overall ? ETA ? | best -
[b2=24 b1={22}] stage  46.3% (589530038272/1274515148395) | 208.4M/s | stage ETA 54:46 | overall ? ETA ? | best -
[b2=24 b1={22}] stage  46.3% (589954719744/1274515148395) | 210.3M/s | stage ETA 54:15 | overall ? ETA ? | best -
[b2=24 b1={22}] stage  46.3% (590355836928/1274515148395) | 205.3M/s | stage ETA 55:32 | overall ? ETA ? | best -
[b2=24 b1={22}] stage  46.4% (590799458304/1274515148395) | 212.9M/s | stage ETA 53:30 | overall ? ETA ? | best -
[b2=24 b1={22}] stage  46.4% (591197925376/1274515148395) | 205.9M/s | stage ETA 55:18 | overall ? ETA ? | best -
[b2=24 b1={22}] stage  46.4% (591627968512/1274515148395) | 210.3M/s | stage ETA 54:07 | overall ? ETA ? | best -
[b2=24 b1={22}] stage  46.5% (592041209856/1274515148395) | 208.3M/s | stage ETA 54:36 | overall ? ETA ? | best -
[b2=24 b1={22}] stage  46.5% (592463265792/1274515148395) | 209.2M/s | stage ETA 54:21 | overall ? ETA ? | best -
[b2=24 b1={22}] stage  46.5% (592887922688/1274515148395) | 210.3M/s | stage ETA 54:00 | overall ? ETA ? | best -
[b2=24 b1={22}] stage  46.6% (593291071488/1274515148395) | 205.4M/s | stage ETA 55:15 | overall ? ETA ? | best -
[b2=24 b1={22}] stage  46.6% (593733885952/1274515148395) | 213.0M/s | stage ETA 53:16 | overall ? ETA ? | best -
[b2=24 b1={22}] stage  46.6% (594129727488/1274515148395) | 205.3M/s | stage ETA 55:13 | overall ? ETA ? | best -
[b2=24 b1={22}] stage  46.7% (594563493888/1274515148395) | 210.6M/s | stage ETA 53:49 | overall ? ETA ? | best -
[b2=24 b1={22}] stage  46.7% (594975948800/1274515148395) | 208.1M/s | stage ETA 54:25 | overall ? ETA ? | best -
[b2=24 b1={22}] stage  46.7% (595426353152/1274515148395) | 216.2M/s | stage ETA 52:21 | overall ? ETA ? | best -
[b2=24 b1={22}] stage  46.8% (595876618240/1274515148395) | 220.0M/s | stage ETA 51:24 | overall ? ETA ? | best -
[b2=24 b1={22}] stage  46.8% (596322197504/1274515148395) | 221.0M/s | stage ETA 51:08 | overall ? ETA ? | best -
[b2=24 b1={22}] stage  46.8% (596770631680/1274515148395) | 222.1M/s | stage ETA 50:52 | overall ? ETA ? | best -
[b2=24 b1={22}] stage  46.9% (597220532224/1274515148395) | 223.2M/s | stage ETA 50:34 | overall ? ETA ? | best -
[b2=24 b1={22}] stage  46.9% (597668827136/1274515148395) | 223.0M/s | stage ETA 50:34 | overall ? ETA ? | best -
[b2=24 b1={22}] stage  46.9% (598118150144/1274515148395) | 223.2M/s | stage ETA 50:30 | overall ? ETA ? | best -
[b2=24 b1={22}] stage  47.0% (598562959360/1274515148395) | 222.2M/s | stage ETA 50:42 | overall ? ETA ? | best -
[b2=24 b1={22}] stage  47.0% (599010869248/1274515148395) | 222.8M/s | stage ETA 50:31 | overall ? ETA ? | best -
[b2=24 b1={22}] stage  47.0% (599456059392/1274515148395) | 222.2M/s | stage ETA 50:37 | overall ? ETA ? | best -
[b2=24 b1={22}] stage  47.1% (599904985088/1274515148395) | 222.8M/s | stage ETA 50:27 | overall ? ETA ? | best -
[b2=24 b1={22}] stage  47.1% (600353513472/1274515148395) | 223.3M/s | stage ETA 50:18 | overall ? ETA ? | best -
[b2=24 b1={22}] stage  47.1% (600801599488/1274515148395) | 223.1M/s | stage ETA 50:19 | overall ? ETA ? | best -
[b2=24 b1={22}] stage  47.2% (601251446784/1274515148395) | 223.5M/s | stage ETA 50:11 | overall ? ETA ? | best -
[b2=24 b1={22}] stage  47.2% (601702584320/1274515148395) | 223.8M/s | stage ETA 50:05 | overall ? ETA ? | best -
[b2=24 b1={22}] stage  47.2% (602153865216/1274515148395) | 224.2M/s | stage ETA 49:59 | overall ? ETA ? | best -
[b2=24 b1={22}] stage  47.3% (602605903872/1274515148395) | 224.7M/s | stage ETA 49:50 | overall ? ETA ? | best -
[b2=24 b1={22}] stage  47.3% (603041652736/1274515148395) | 220.6M/s | stage ETA 50:44 | overall ? ETA ? | best -
[b2=24 b1={22}] stage  47.3% (603457843200/1274515148395) | 213.7M/s | stage ETA 52:19 | overall ? ETA ? | best -
[b2=24 b1={22}] stage  47.4% (603872964608/1274515148395) | 210.5M/s | stage ETA 53:05 | overall ? ETA ? | best -
[b2=24 b1={22}] stage  47.4% (604304211968/1274515148395) | 212.7M/s | stage ETA 52:30 | overall ? ETA ? | best -
[b2=24 b1={22}] stage  47.4% (604711235584/1274515148395) | 207.5M/s | stage ETA 53:47 | overall ? ETA ? | best -
[b2=24 b1={22}] stage  47.5% (605148250112/1274515148395) | 213.0M/s | stage ETA 52:22 | overall ? ETA ? | best -
[b2=24 b1={22}] stage  47.5% (605552205824/1274515148395) | 207.0M/s | stage ETA 53:51 | overall ? ETA ? | best -
[b2=24 b1={22}] stage  47.5% (605987184640/1274515148395) | 211.6M/s | stage ETA 52:39 | overall ? ETA ? | best -
[b2=24 b1={22}] stage  47.6% (606399705088/1274515148395) | 208.6M/s | stage ETA 53:23 | overall ? ETA ? | best -
[b2=24 b1={22}] stage  47.6% (606814838784/1274515148395) | 207.5M/s | stage ETA 53:37 | overall ? ETA ? | best -
[b2=24 b1={22}] stage  47.6% (607247958016/1274515148395) | 211.5M/s | stage ETA 52:35 | overall ? ETA ? | best -
[b2=24 b1={22}] stage  47.7% (607653949440/1274515148395) | 206.8M/s | stage ETA 53:44 | overall ? ETA ? | best -
[b2=24 b1={22}] stage  47.7% (608095977472/1274515148395) | 213.3M/s | stage ETA 52:04 | overall ? ETA ? | best -
[b2=24 b1={22}] stage  47.7% (608498225152/1274515148395) | 207.1M/s | stage ETA 53:35 | overall ? ETA ? | best -
[b2=24 b1={22}] stage  47.8% (608931512320/1274515148395) | 211.2M/s | stage ETA 52:31 | overall ? ETA ? | best -
[b2=24 b1={22}] stage  47.8% (609347010560/1274515148395) | 209.4M/s | stage ETA 52:56 | overall ? ETA ? | best -
[b2=24 b1={22}] stage  47.8% (609764487168/1274515148395) | 208.7M/s | stage ETA 53:05 | overall ? ETA ? | best -
[b2=24 b1={22}] stage  47.9% (610194907136/1274515148395) | 211.4M/s | stage ETA 52:22 | overall ? ETA ? | best -
[b2=24 b1={22}] stage  47.9% (610598764544/1274515148395) | 206.3M/s | stage ETA 53:38 | overall ? ETA ? | best -
[b2=24 b1={22}] stage  47.9% (611041906688/1274515148395) | 213.8M/s | stage ETA 51:43 | overall ? ETA ? | best -
[b2=24 b1={22}] stage  48.0% (611493400576/1274515148395) | 219.4M/s | stage ETA 50:21 | overall ? ETA ? | best -
[b2=24 b1={22}] stage  48.0% (611942170624/1274515148395) | 221.6M/s | stage ETA 49:50 | overall ? ETA ? | best -
[b2=24 b1={22}] stage  48.0% (612393283584/1274515148395) | 223.0M/s | stage ETA 49:29 | overall ? ETA ? | best -
[b2=24 b1={22}] stage  48.1% (612847362048/1274515148395) | 224.5M/s | stage ETA 49:07 | overall ? ETA ? | best -
[b2=24 b1={22}] stage  48.1% (613299310592/1274515148395) | 224.9M/s | stage ETA 48:59 | overall ? ETA ? | best -
[b2=24 b1={22}] stage  48.2% (613748531200/1274515148395) | 224.2M/s | stage ETA 49:07 | overall ? ETA ? | best -
[b2=24 b1={22}] stage  48.2% (614196117504/1274515148395) | 223.9M/s | stage ETA 49:09 | overall ? ETA ? | best -
[b2=24 b1={22}] stage  48.2% (614641307648/1274515148395) | 223.2M/s | stage ETA 49:16 | overall ? ETA ? | best -
[b2=24 b1={22}] stage  48.3% (615090130944/1274515148395) | 223.8M/s | stage ETA 49:06 | overall ? ETA ? | best -
[b2=24 b1={22}] stage  48.3% (615540629504/1274515148395) | 224.3M/s | stage ETA 48:57 | overall ? ETA ? | best -
[b2=24 b1={22}] stage  48.3% (615993061376/1274515148395) | 224.4M/s | stage ETA 48:54 | overall ? ETA ? | best -
[b2=24 b1={22}] stage  48.4% (616442626048/1274515148395) | 224.4M/s | stage ETA 48:52 | overall ? ETA ? | best -
[b2=24 b1={22}] stage  48.4% (616894803968/1274515148395) | 224.7M/s | stage ETA 48:46 | overall ? ETA ? | best -
[b2=24 b1={22}] stage  48.4% (617349189632/1274515148395) | 225.5M/s | stage ETA 48:34 | overall ? ETA ? | best -
[b2=24 b1={22}] stage  48.5% (617799196672/1274515148395) | 224.7M/s | stage ETA 48:43 | overall ? ETA ? | best -
[b2=24 b1={22}] stage  48.5% (618248097792/1274515148395) | 224.0M/s | stage ETA 48:49 | overall ? ETA ? | best -
[b2=24 b1={22}] stage  48.5% (618695294976/1274515148395) | 223.3M/s | stage ETA 48:56 | overall ? ETA ? | best -
[b2=24 b1={22}] stage  48.6% (619144613888/1274515148395) | 223.6M/s | stage ETA 48:51 | overall ? ETA ? | best -
[b2=24 b1={22}] stage  48.6% (619575955456/1274515148395) | 219.5M/s | stage ETA 49:43 | overall ? ETA ? | best -
[b2=24 b1={22}] stage  48.6% (619984162816/1274515148395) | 211.5M/s | stage ETA 51:34 | overall ? ETA ? | best -
[b2=24 b1={22}] stage  48.7% (620404289536/1274515148395) | 210.5M/s | stage ETA 51:47 | overall ? ETA ? | best -
[b2=24 b1={22}] stage  48.7% (620831338496/1274515148395) | 211.5M/s | stage ETA 51:30 | overall ? ETA ? | best -
[b2=24 b1={22}] stage  48.7% (621239156736/1274515148395) | 207.2M/s | stage ETA 52:32 | overall ? ETA ? | best -
[b2=24 b1={22}] stage  48.8% (621678653440/1274515148395) | 213.0M/s | stage ETA 51:04 | overall ? ETA ? | best -
[b2=24 b1={22}] stage  48.8% (622077730816/1274515148395) | 205.8M/s | stage ETA 52:50 | overall ? ETA ? | best -
[b2=24 b1={22}] stage  48.8% (622515269632/1274515148395) | 211.8M/s | stage ETA 51:18 | overall ? ETA ? | best -
[b2=24 b1={22}] stage  48.9% (622927360000/1274515148395) | 208.8M/s | stage ETA 52:01 | overall ? ETA ? | best -
[b2=24 b1={22}] stage  48.9% (623347310592/1274515148395) | 208.9M/s | stage ETA 51:57 | overall ? ETA ? | best -
[b2=24 b1={22}] stage  48.9% (623774998528/1274515148395) | 211.3M/s | stage ETA 51:19 | overall ? ETA ? | best -
[b2=24 b1={22}] stage  49.0% (624180690944/1274515148395) | 206.6M/s | stage ETA 52:27 | overall ? ETA ? | best -
[b2=24 b1={22}] stage  49.0% (624612945920/1274515148395) | 211.0M/s | stage ETA 51:20 | overall ? ETA ? | best -
[b2=24 b1={22}] stage  49.0% (625008287744/1274515148395) | 204.2M/s | stage ETA 53:00 | overall ? ETA ? | best -
[b2=24 b1={22}] stage  49.1% (625442656256/1274515148395) | 210.2M/s | stage ETA 51:27 | overall ? ETA ? | best -
[b2=24 b1={22}] stage  49.1% (625850679296/1274515148395) | 207.1M/s | stage ETA 52:11 | overall ? ETA ? | best -
[b2=24 b1={22}] stage  49.1% (626270941184/1274515148395) | 208.3M/s | stage ETA 51:51 | overall ? ETA ? | best -
[b2=24 b1={22}] stage  49.2% (626696978432/1274515148395) | 210.2M/s | stage ETA 51:21 | overall ? ETA ? | best -
[b2=24 b1={22}] stage  49.2% (627107082240/1274515148395) | 207.5M/s | stage ETA 51:59 | overall ? ETA ? | best -
[b2=24 b1={22}] stage  49.2% (627544793088/1274515148395) | 212.9M/s | stage ETA 50:38 | overall ? ETA ? | best -
[b2=24 b1={22}] stage  49.3% (627993206784/1274515148395) | 218.3M/s | stage ETA 49:21 | overall ? ETA ? | best -
[b2=24 b1={22}] stage  49.3% (628443533312/1274515148395) | 221.7M/s | stage ETA 48:34 | overall ? ETA ? | best -
[b2=24 b1={22}] stage  49.3% (628893212672/1274515148395) | 222.7M/s | stage ETA 48:18 | overall ? ETA ? | best -
[b2=24 b1={22}] stage  49.4% (629342953472/1274515148395) | 223.6M/s | stage ETA 48:05 | overall ? ETA ? | best -
[b2=24 b1={22}] stage  49.4% (629792010240/1274515148395) | 223.7M/s | stage ETA 48:02 | overall ? ETA ? | best -
[b2=24 b1={22}] stage  49.4% (630239232000/1274515148395) | 223.5M/s | stage ETA 48:02 | overall ? ETA ? | best -
[b2=24 b1={22}] stage  49.5% (630686765056/1274515148395) | 223.4M/s | stage ETA 48:02 | overall ? ETA ? | best -
[b2=24 b1={22}] stage  49.5% (631136174080/1274515148395) | 223.3M/s | stage ETA 48:00 | overall ? ETA ? | best -
[b2=24 b1={22}] stage  49.6% (631585718272/1274515148395) | 223.3M/s | stage ETA 47:58 | overall ? ETA ? | best -
[b2=24 b1={22}] stage  49.6% (632036196352/1274515148395) | 223.7M/s | stage ETA 47:51 | overall ? ETA ? | best -
[b2=24 b1={22}] stage  49.6% (632486473728/1274515148395) | 223.6M/s | stage ETA 47:51 | overall ? ETA ? | best -
[b2=24 b1={22}] stage  49.7% (632938516480/1274515148395) | 224.2M/s | stage ETA 47:41 | overall ? ETA ? | best -
[b2=24 b1={22}] stage  49.7% (633385738240/1274515148395) | 223.5M/s | stage ETA 47:48 | overall ? ETA ? | best -
[b2=24 b1={22}] stage  49.7% (633836003328/1274515148395) | 223.7M/s | stage ETA 47:43 | overall ? ETA ? | best -
[b2=24 b1={22}] stage  49.8% (634284957696/1274515148395) | 223.4M/s | stage ETA 47:46 | overall ? ETA ? | best -
[b2=24 b1={22}] stage  49.8% (634734948352/1274515148395) | 223.6M/s | stage ETA 47:41 | overall ? ETA ? | best -
[b2=24 b1={22}] stage  49.8% (635179704320/1274515148395) | 222.9M/s | stage ETA 47:48 | overall ? ETA ? | best -
[b2=24 b1={22}] stage  49.9% (635584450560/1274515148395) | 212.2M/s | stage ETA 50:11 | overall ? ETA ? | best -
[b2=24 b1={22}] stage  49.9% (636025090048/1274515148395) | 215.7M/s | stage ETA 49:20 | overall ? ETA ? | best -
[b2=24 b1={22}] stage  49.9% (636422782976/1274515148395) | 206.8M/s | stage ETA 51:25 | overall ? ETA ? | best -
[b2=24 b1={22}] stage  50.0% (636855037952/1274515148395) | 211.2M/s | stage ETA 50:19 | overall ? ETA ? | best -
[b2=24 b1={22}] stage  50.0% (637265432576/1274515148395) | 207.6M/s | stage ETA 51:08 | overall ? ETA ? | best -
[b2=24 b1={22}] stage  50.0% (637678219264/1274515148395) | 206.7M/s | stage ETA 51:21 | overall ? ETA ? | best -
[b2=24 b1={22}] stage  50.1% (638098280448/1274515148395) | 207.8M/s | stage ETA 51:02 | overall ? ETA ? | best -
[b2=24 b1={22}] stage  50.1% (638497497088/1274515148395) | 203.2M/s | stage ETA 52:09 | overall ? ETA ? | best -
[b2=24 b1={22}] stage  50.1% (638927441920/1274515148395) | 209.0M/s | stage ETA 50:40 | overall ? ETA ? | best -
[b2=24 b1={22}] stage  50.2% (639324401664/1274515148395) | 203.7M/s | stage ETA 51:58 | overall ? ETA ? | best -
[b2=24 b1={22}] stage  50.2% (639763660800/1274515148395) | 211.3M/s | stage ETA 50:04 | overall ? ETA ? | best -
[b2=24 b1={22}] stage  50.2% (640172658688/1274515148395) | 207.3M/s | stage ETA 51:00 | overall ? ETA ? | best -
[b2=24 b1={22}] stage  50.3% (640602128384/1274515148395) | 210.4M/s | stage ETA 50:13 | overall ? ETA ? | best -
[b2=24 b1={22}] stage  50.3% (641022910464/1274515148395) | 209.8M/s | stage ETA 50:19 | overall ? ETA ? | best -
[b2=24 b1={22}] stage  50.3% (641435484160/1274515148395) | 207.5M/s | stage ETA 50:50 | overall ? ETA ? | best -
[b2=24 b1={22}] stage  50.4% (641872404480/1274515148395) | 212.4M/s | stage ETA 49:38 | overall ? ETA ? | best -
[b2=24 b1={22}] stage  50.4% (642271154176/1274515148395) | 205.6M/s | stage ETA 51:15 | overall ? ETA ? | best -
[b2=24 b1={22}] stage  50.4% (642711203840/1274515148395) | 212.2M/s | stage ETA 49:37 | overall ? ETA ? | best -
[b2=24 b1={22}] stage  50.5% (643119964160/1274515148395) | 208.2M/s | stage ETA 50:32 | overall ? ETA ? | best -
[b2=24 b1={22}] stage  50.5% (643569500160/1274515148395) | 216.2M/s | stage ETA 48:37 | overall ? ETA ? | best -
[b2=24 b1={22}] stage  50.5% (644019261440/1274515148395) | 220.1M/s | stage ETA 47:44 | overall ? ETA ? | best -
[b2=24 b1={22}] stage  50.6% (644468428800/1274515148395) | 221.7M/s | stage ETA 47:22 | overall ? ETA ? | best -
[b2=24 b1={22}] stage  50.6% (644917432320/1274515148395) | 223.0M/s | stage ETA 47:03 | overall ? ETA ? | best -
[b2=24 b1={22}] stage  50.6% (645369487360/1274515148395) | 223.8M/s | stage ETA 46:51 | overall ? ETA ? | best -
[b2=24 b1={22}] stage  50.7% (645815398400/1274515148395) | 223.4M/s | stage ETA 46:54 | overall ? ETA ? | best -
[b2=24 b1={22}] stage  50.7% (646262784000/1274515148395) | 223.3M/s | stage ETA 46:53 | overall ? ETA ? | best -
[b2=24 b1={22}] stage  50.7% (646711046144/1274515148395) | 223.6M/s | stage ETA 46:48 | overall ? ETA ? | best -
[b2=24 b1={22}] stage  50.8% (647163711488/1274515148395) | 224.2M/s | stage ETA 46:38 | overall ? ETA ? | best -
[b2=24 b1={22}] stage  50.8% (647609315328/1274515148395) | 223.2M/s | stage ETA 46:48 | overall ? ETA ? | best -
[b2=24 b1={22}] stage  50.8% (648060145664/1274515148395) | 224.0M/s | stage ETA 46:37 | overall ? ETA ? | best -
[b2=24 b1={22}] stage  50.9% (648507379712/1274515148395) | 223.5M/s | stage ETA 46:40 | overall ? ETA ? | best -
[b2=24 b1={22}] stage  50.9% (648957894656/1274515148395) | 224.3M/s | stage ETA 46:29 | overall ? ETA ? | best -
[b2=24 b1={22}] stage  51.0% (649407967232/1274515148395) | 224.5M/s | stage ETA 46:24 | overall ? ETA ? | best -
[b2=24 b1={22}] stage  51.0% (649860079616/1274515148395) | 225.1M/s | stage ETA 46:15 | overall ? ETA ? | best -
[b2=24 b1={22}] stage  51.0% (650309619712/1274515148395) | 224.7M/s | stage ETA 46:17 | overall ? ETA ? | best -
[b2=24 b1={22}] stage  51.1% (650763276288/1274515148395) | 225.1M/s | stage ETA 46:11 | overall ? ETA ? | best -
[b2=24 b1={22}] stage  51.1% (651212554240/1274515148395) | 224.5M/s | stage ETA 46:15 | overall ? ETA ? | best -
[b2=24 b1={22}] stage  51.1% (651663228928/1274515148395) | 224.9M/s | stage ETA 46:09 | overall ? ETA ? | best -
[b2=24 b1={22}] stage  51.2% (652078997504/1274515148395) | 215.9M/s | stage ETA 48:03 | overall ? ETA ? | best -
[b2=24 b1={22}] stage  51.2% (652514861056/1274515148395) | 216.7M/s | stage ETA 47:50 | overall ? ETA ? | best -
[b2=24 b1={22}] stage  51.2% (652919664640/1274515148395) | 209.0M/s | stage ETA 49:34 | overall ? ETA ? | best -
[b2=24 b1={22}] stage  51.3% (653358444544/1274515148395) | 213.6M/s | stage ETA 48:27 | overall ? ETA ? | best -
[b2=24 b1={22}] stage  51.3% (653769224192/1274515148395) | 209.0M/s | stage ETA 49:30 | overall ? ETA ? | best -
[b2=24 b1={22}] stage  51.3% (654198652928/1274515148395) | 211.3M/s | stage ETA 48:55 | overall ? ETA ? | best -
[b2=24 b1={22}] stage  51.4% (654615859200/1274515148395) | 209.9M/s | stage ETA 49:12 | overall ? ETA ? | best -
[b2=24 b1={22}] stage  51.4% (655027908608/1274515148395) | 207.6M/s | stage ETA 49:43 | overall ? ETA ? | best -
[b2=24 b1={22}] stage  51.4% (655457329152/1274515148395) | 210.7M/s | stage ETA 48:57 | overall ? ETA ? | best -
[b2=24 b1={22}] stage  51.5% (655861510144/1274515148395) | 205.7M/s | stage ETA 50:07 | overall ? ETA ? | best -
[b2=24 b1={22}] stage  51.5% (656298229760/1274515148395) | 211.3M/s | stage ETA 48:45 | overall ? ETA ? | best -
[b2=24 b1={22}] stage  51.5% (656703741952/1274515148395) | 206.7M/s | stage ETA 49:49 | overall ? ETA ? | best -
[b2=24 b1={22}] stage  51.6% (657132777472/1274515148395) | 210.0M/s | stage ETA 48:59 | overall ? ETA ? | best -
[b2=24 b1={22}] stage  51.6% (657550622720/1274515148395) | 208.9M/s | stage ETA 49:13 | overall ? ETA ? | best -
[b2=24 b1={22}] stage  51.6% (657961308160/1274515148395) | 207.1M/s | stage ETA 49:37 | overall ? ETA ? | best -
[b2=24 b1={22}] stage  51.7% (658394132480/1274515148395) | 211.4M/s | stage ETA 48:35 | overall ? ETA ? | best -
[b2=24 b1={22}] stage  51.7% (658795806720/1274515148395) | 205.6M/s | stage ETA 49:54 | overall ? ETA ? | best -
[b2=24 b1={22}] stage  51.7% (659232854016/1274515148395) | 212.0M/s | stage ETA 48:22 | overall ? ETA ? | best -
[b2=24 b1={22}] stage  51.8% (659640979456/1274515148395) | 207.5M/s | stage ETA 49:23 | overall ? ETA ? | best -
[b2=24 b1={22}] stage  51.8% (660091609088/1274515148395) | 216.2M/s | stage ETA 47:22 | overall ? ETA ? | best -
[b2=24 b1={22}] stage  51.8% (660543299584/1274515148395) | 220.5M/s | stage ETA 46:24 | overall ? ETA ? | best -
[b2=24 b1={22}] stage  51.9% (660995125248/1274515148395) | 222.6M/s | stage ETA 45:55 | overall ? ETA ? | best -
[b2=24 b1={22}] stage  51.9% (661444395008/1274515148395) | 223.2M/s | stage ETA 45:46 | overall ? ETA ? | best -
[b2=24 b1={22}] stage  51.9% (661895393280/1274515148395) | 224.2M/s | stage ETA 45:32 | overall ? ETA ? | best -
[b2=24 b1={22}] stage  52.0% (662345199616/1274515148395) | 224.4M/s | stage ETA 45:28 | overall ? ETA ? | best -
[b2=24 b1={22}] stage  52.0% (662796738560/1274515148395) | 224.5M/s | stage ETA 45:24 | overall ? ETA ? | best -
[b2=24 b1={22}] stage  52.0% (663248265216/1274515148395) | 224.9M/s | stage ETA 45:18 | overall ? ETA ? | best -
[b2=24 b1={22}] stage  52.1% (663697207296/1274515148395) | 224.2M/s | stage ETA 45:24 | overall ? ETA ? | best -
[b2=24 b1={22}] stage  52.1% (664148410368/1274515148395) | 224.6M/s | stage ETA 45:18 | overall ? ETA ? | best -
[b2=24 b1={22}] stage  52.1% (664599437312/1274515148395) | 224.8M/s | stage ETA 45:12 | overall ? ETA ? | best -
[b2=24 b1={22}] stage  52.2% (665050882048/1274515148395) | 225.0M/s | stage ETA 45:09 | overall ? ETA ? | best -
[b2=24 b1={22}] stage  52.2% (665499992064/1274515148395) | 224.6M/s | stage ETA 45:12 | overall ? ETA ? | best -
[b2=24 b1={22}] stage  52.3% (665953607680/1274515148395) | 225.1M/s | stage ETA 45:03 | overall ? ETA ? | best -
[b2=24 b1={22}] stage  52.3% (666404450304/1274515148395) | 225.1M/s | stage ETA 45:02 | overall ? ETA ? | best -
[b2=24 b1={22}] stage  52.3% (666857676800/1274515148395) | 225.2M/s | stage ETA 44:58 | overall ? ETA ? | best -
[b2=24 b1={22}] stage  52.4% (667311734784/1274515148395) | 225.5M/s | stage ETA 44:52 | overall ? ETA ? | best -
[b2=24 b1={22}] stage  52.4% (667748663296/1274515148395) | 221.9M/s | stage ETA 45:34 | overall ? ETA ? | best -
[b2=24 b1={22}] stage  52.4% (668164378624/1274515148395) | 214.4M/s | stage ETA 47:07 | overall ? ETA ? | best -
[b2=24 b1={22}] stage  52.5% (668586885120/1274515148395) | 212.4M/s | stage ETA 47:32 | overall ? ETA ? | best -
[b2=24 b1={22}] stage  52.5% (669014835200/1274515148395) | 213.0M/s | stage ETA 47:22 | overall ? ETA ? | best -
[b2=24 b1={22}] stage  52.5% (669422395392/1274515148395) | 207.9M/s | stage ETA 48:30 | overall ? ETA ? | best -
[b2=24 b1={22}] stage  52.6% (669867466752/1274515148395) | 214.8M/s | stage ETA 46:54 | overall ? ETA ? | best -
[b2=24 b1={22}] stage  52.6% (670264795136/1274515148395) | 206.7M/s | stage ETA 48:43 | overall ? ETA ? | best -
[b2=24 b1={22}] stage  52.6% (670701895680/1274515148395) | 212.0M/s | stage ETA 47:28 | overall ? ETA ? | best -
[b2=24 b1={22}] stage  52.7% (671119077376/1274515148395) | 209.7M/s | stage ETA 47:57 | overall ? ETA ? | best -
[b2=24 b1={22}] stage  52.7% (671541489664/1274515148395) | 210.1M/s | stage ETA 47:50 | overall ? ETA ? | best -
[b2=24 b1={22}] stage  52.7% (671964377088/1274515148395) | 210.6M/s | stage ETA 47:41 | overall ? ETA ? | best -
[b2=24 b1={22}] stage  52.8% (672370520064/1274515148395) | 206.5M/s | stage ETA 48:35 | overall ? ETA ? | best -
[b2=24 b1={22}] stage  52.8% (672815640576/1274515148395) | 214.3M/s | stage ETA 46:47 | overall ? ETA ? | best -
[b2=24 b1={22}] stage  52.8% (673215000576/1274515148395) | 206.8M/s | stage ETA 48:28 | overall ? ETA ? | best -
[b2=24 b1={22}] stage  52.9% (673647394816/1274515148395) | 211.4M/s | stage ETA 47:22 | overall ? ETA ? | best -
[b2=24 b1={22}] stage  52.9% (674063785984/1274515148395) | 209.4M/s | stage ETA 47:47 | overall ? ETA ? | best -
[b2=24 b1={22}] stage  52.9% (674486136832/1274515148395) | 210.0M/s | stage ETA 47:36 | overall ? ETA ? | best -
[b2=24 b1={22}] stage  53.0% (674916728832/1274515148395) | 212.1M/s | stage ETA 47:06 | overall ? ETA ? | best -
[b2=24 b1={22}] stage  53.0% (675320631296/1274515148395) | 206.6M/s | stage ETA 48:19 | overall ? ETA ? | best -
[b2=24 b1={22}] stage  53.0% (675768709120/1274515148395) | 214.8M/s | stage ETA 46:27 | overall ? ETA ? | best -
[b2=24 b1={22}] stage  53.1% (676220964864/1274515148395) | 219.8M/s | stage ETA 45:22 | overall ? ETA ? | best -
[b2=24 b1={22}] stage  53.1% (676672380928/1274515148395) | 222.5M/s | stage ETA 44:46 | overall ? ETA ? | best -
[b2=24 b1={22}] stage  53.1% (677121236992/1274515148395) | 223.5M/s | stage ETA 44:33 | overall ? ETA ? | best -
[b2=24 b1={22}] stage  53.2% (677565476864/1274515148395) | 222.2M/s | stage ETA 44:46 | overall ? ETA ? | best -
[b2=24 b1={22}] stage  53.2% (678010052608/1274515148395) | 222.0M/s | stage ETA 44:47 | overall ? ETA ? | best -
[b2=24 b1={22}] stage  53.2% (678460588032/1274515148395) | 223.3M/s | stage ETA 44:28 | overall ? ETA ? | best -
[b2=24 b1={22}] stage  53.3% (678910783488/1274515148395) | 224.0M/s | stage ETA 44:19 | overall ? ETA ? | best -
[b2=24 b1={22}] stage  53.3% (679361462272/1274515148395) | 224.2M/s | stage ETA 44:14 | overall ? ETA ? | best -
[b2=24 b1={22}] stage  53.3% (679813611520/1274515148395) | 224.6M/s | stage ETA 44:08 | overall ? ETA ? | best -
[b2=24 b1={22}] stage  53.4% (680262082560/1274515148395) | 224.0M/s | stage ETA 44:12 | overall ? ETA ? | best -
[b2=24 b1={22}] stage  53.4% (680711417856/1274515148395) | 224.3M/s | stage ETA 44:07 | overall ? ETA ? | best -
[b2=24 b1={22}] stage  53.4% (681165045760/1274515148395) | 225.0M/s | stage ETA 43:57 | overall ? ETA ? | best -
[b2=24 b1={22}] stage  53.5% (681618124800/1274515148395) | 224.8M/s | stage ETA 43:57 | overall ? ETA ? | best -
[b2=24 b1={22}] stage  53.5% (682067107840/1274515148395) | 224.3M/s | stage ETA 44:00 | overall ? ETA ? | best -
[b2=24 b1={22}] stage  53.6% (682515251200/1274515148395) | 224.2M/s | stage ETA 44:01 | overall ? ETA ? | best -
[b2=24 b1={22}] stage  53.6% (682964606976/1274515148395) | 223.8M/s | stage ETA 44:03 | overall ? ETA ? | best -
[b2=24 b1={22}] stage  53.6% (683412467712/1274515148395) | 223.7M/s | stage ETA 44:02 | overall ? ETA ? | best -
[b2=24 b1={22}] stage  53.7% (683860295680/1274515148395) | 223.8M/s | stage ETA 43:59 | overall ? ETA ? | best -
[b2=24 b1={22}] stage  53.7% (684295589888/1274515148395) | 220.1M/s | stage ETA 44:41 | overall ? ETA ? | best -
[b2=24 b1={22}] stage  53.7% (684707225600/1274515148395) | 212.3M/s | stage ETA 46:17 | overall ? ETA ? | best -
[b2=24 b1={22}] stage  53.8% (685128110080/1274515148395) | 211.2M/s | stage ETA 46:30 | overall ? ETA ? | best -
[b2=24 b1={22}] stage  53.8% (685549477888/1274515148395) | 210.6M/s | stage ETA 46:36 | overall ? ETA ? | best -
[b2=24 b1={22}] stage  53.8% (685954576384/1274515148395) | 206.3M/s | stage ETA 47:32 | overall ? ETA ? | best -
[b2=24 b1={22}] stage  53.9% (686392266752/1274515148395) | 212.0M/s | stage ETA 46:14 | overall ? ETA ? | best -
[b2=24 b1={22}] stage  53.9% (686788222976/1274515148395) | 204.6M/s | stage ETA 47:52 | overall ? ETA ? | best -
[b2=24 b1={22}] stage  53.9% (687223631872/1274515148395) | 210.8M/s | stage ETA 46:26 | overall ? ETA ? | best -
[b2=24 b1={22}] stage  54.0% (687632986112/1274515148395) | 207.4M/s | stage ETA 47:10 | overall ? ETA ? | best -
[b2=24 b1={22}] stage  54.0% (688061468672/1274515148395) | 210.1M/s | stage ETA 46:30 | overall ? ETA ? | best -
[b2=24 b1={22}] stage  54.0% (688485474304/1274515148395) | 210.5M/s | stage ETA 46:24 | overall ? ETA ? | best -
[b2=24 b1={22}] stage  54.1% (688895676416/1274515148395) | 207.6M/s | stage ETA 47:00 | overall ? ETA ? | best -
[b2=24 b1={22}] stage  54.1% (689339101184/1274515148395) | 214.1M/s | stage ETA 45:32 | overall ? ETA ? | best -
[b2=24 b1={22}] stage  54.1% (689737940992/1274515148395) | 206.3M/s | stage ETA 47:15 | overall ? ETA ? | best -
[b2=24 b1={22}] stage  54.2% (690173014016/1274515148395) | 211.8M/s | stage ETA 45:58 | overall ? ETA ? | best -
[b2=24 b1={22}] stage  54.2% (690585612288/1274515148395) | 208.8M/s | stage ETA 46:36 | overall ? ETA ? | best -
[b2=24 b1={22}] stage  54.2% (691010084864/1274515148395) | 210.3M/s | stage ETA 46:14 | overall ? ETA ? | best -
[b2=24 b1={22}] stage  54.3% (691435544576/1274515148395) | 211.0M/s | stage ETA 46:03 | overall ? ETA ? | best -
[b2=24 b1={22}] stage  54.3% (691842899968/1274515148395) | 207.3M/s | stage ETA 46:50 | overall ? ETA ? | best -
[b2=24 b1={22}] stage  54.3% (692282621952/1274515148395) | 213.4M/s | stage ETA 45:28 | overall ? ETA ? | best -
[b2=24 b1={22}] stage  54.4% (692733833216/1274515148395) | 218.9M/s | stage ETA 44:17 | overall ? ETA ? | best -
[b2=24 b1={22}] stage  54.4% (693186023424/1274515148395) | 222.4M/s | stage ETA 43:34 | overall ? ETA ? | best -
[b2=24 b1={22}] stage  54.4% (693636943872/1274515148395) | 223.4M/s | stage ETA 43:20 | overall ? ETA ? | best -
[b2=24 b1={22}] stage  54.5% (694089850880/1274515148395) | 224.3M/s | stage ETA 43:08 | overall ? ETA ? | best -
[b2=24 b1={22}] stage  54.5% (694541467648/1274515148395) | 224.3M/s | stage ETA 43:05 | overall ? ETA ? | best -
[b2=24 b1={22}] stage  54.5% (694993948672/1274515148395) | 224.7M/s | stage ETA 42:58 | overall ? ETA ? | best -
[b2=24 b1={22}] stage  54.6% (695442776064/1274515148395) | 224.4M/s | stage ETA 43:00 | overall ? ETA ? | best -
[b2=24 b1={22}] stage  54.6% (695893778432/1274515148395) | 224.8M/s | stage ETA 42:54 | overall ? ETA ? | best -
[b2=24 b1={22}] stage  54.6% (696344322048/1274515148395) | 224.5M/s | stage ETA 42:55 | overall ? ETA ? | best -
[b2=24 b1={22}] stage  54.7% (696795348992/1274515148395) | 224.8M/s | stage ETA 42:49 | overall ? ETA ? | best -
[b2=24 b1={22}] stage  54.7% (697245908992/1274515148395) | 224.7M/s | stage ETA 42:49 | overall ? ETA ? | best -
[b2=24 b1={22}] stage  54.7% (697695727616/1274515148395) | 224.2M/s | stage ETA 42:52 | overall ? ETA ? | best -
[b2=24 b1={22}] stage  54.8% (698146930688/1274515148395) | 224.7M/s | stage ETA 42:45 | overall ? ETA ? | best -
[b2=24 b1={22}] stage  54.8% (698597126144/1274515148395) | 224.7M/s | stage ETA 42:43 | overall ? ETA ? | best -
[b2=24 b1={22}] stage  54.8% (699047809024/1274515148395) | 224.4M/s | stage ETA 42:43 | overall ? ETA ? | best -
[b2=24 b1={22}] stage  54.9% (699496521728/1274515148395) | 224.0M/s | stage ETA 42:46 | overall ? ETA ? | best -
[b2=24 b1={22}] stage  54.9% (699945553920/1274515148395) | 224.1M/s | stage ETA 42:43 | overall ? ETA ? | best -
[b2=24 b1={22}] stage  55.0% (700348510208/1274515148395) | 212.3M/s | stage ETA 45:04 | overall ? ETA ? | best -
[b2=24 b1={22}] stage  55.0% (700789080064/1274515148395) | 215.6M/s | stage ETA 44:21 | overall ? ETA ? | best -
[b2=24 b1={22}] stage  55.0% (701192978432/1274515148395) | 208.3M/s | stage ETA 45:52 | overall ? ETA ? | best -
[b2=24 b1={22}] stage  55.1% (701624922112/1274515148395) | 211.5M/s | stage ETA 45:08 | overall ? ETA ? | best -
[b2=24 b1={22}] stage  55.1% (702039724032/1274515148395) | 209.4M/s | stage ETA 45:34 | overall ? ETA ? | best -
[b2=24 b1={22}] stage  55.1% (702457253888/1274515148395) | 208.8M/s | stage ETA 45:40 | overall ? ETA ? | best -
[b2=24 b1={22}] stage  55.1% (702890553344/1274515148395) | 212.5M/s | stage ETA 44:49 | overall ? ETA ? | best -
[b2=24 b1={22}] stage  55.2% (703293124608/1274515148395) | 206.4M/s | stage ETA 46:08 | overall ? ETA ? | best -
[b2=24 b1={22}] stage  55.2% (703732920320/1274515148395) | 213.0M/s | stage ETA 44:40 | overall ? ETA ? | best -
[b2=24 b1={22}] stage  55.2% (704136687616/1274515148395) | 207.2M/s | stage ETA 45:53 | overall ? ETA ? | best -
[b2=24 b1={22}] stage  55.3% (704565694464/1274515148395) | 210.5M/s | stage ETA 45:07 | overall ? ETA ? | best -
[b2=24 b1={22}] stage  55.3% (704982462464/1274515148395) | 209.3M/s | stage ETA 45:21 | overall ? ETA ? | best -
[b2=24 b1={22}] stage  55.3% (705398214656/1274515148395) | 208.0M/s | stage ETA 45:35 | overall ? ETA ? | best -
[b2=24 b1={22}] stage  55.4% (705827524608/1274515148395) | 211.2M/s | stage ETA 44:52 | overall ? ETA ? | best -
[b2=24 b1={22}] stage  55.4% (706231488512/1274515148395) | 206.2M/s | stage ETA 45:55 | overall ? ETA ? | best -
[b2=24 b1={22}] stage  55.4% (706672504832/1274515148395) | 212.3M/s | stage ETA 44:34 | overall ? ETA ? | best -
[b2=24 b1={22}] stage  55.5% (707078242304/1274515148395) | 207.3M/s | stage ETA 45:36 | overall ? ETA ? | best -
[b2=24 b1={22}] stage  55.5% (707506814976/1274515148395) | 210.6M/s | stage ETA 44:51 | overall ? ETA ? | best -
[b2=24 b1={22}] stage  55.5% (707923578880/1274515148395) | 209.3M/s | stage ETA 45:07 | overall ? ETA ? | best -
[b2=24 b1={22}] stage  55.6% (708370116608/1274515148395) | 216.1M/s | stage ETA 43:39 | overall ? ETA ? | best -
[b2=24 b1={22}] stage  55.6% (708817108992/1274515148395) | 219.2M/s | stage ETA 43:00 | overall ? ETA ? | best -
[b2=24 b1={22}] stage  55.6% (709262491648/1274515148395) | 220.7M/s | stage ETA 42:40 | overall ? ETA ? | best -
[b2=24 b1={22}] stage  55.7% (709710966784/1274515148395) | 221.9M/s | stage ETA 42:25 | overall ? ETA ? | best -
[b2=24 b1={22}] stage  55.7% (710160642048/1274515148395) | 222.9M/s | stage ETA 42:11 | overall ? ETA ? | best -
[b2=24 b1={22}] stage  55.8% (710604201984/1274515148395) | 222.1M/s | stage ETA 42:19 | overall ? ETA ? | best -
[b2=24 b1={22}] stage  55.8% (711053811712/1274515148395) | 223.0M/s | stage ETA 42:07 | overall ? ETA ? | best -
[b2=24 b1={22}] stage  55.8% (711502864384/1274515148395) | 223.3M/s | stage ETA 42:01 | overall ? ETA ? | best -
[b2=24 b1={22}] stage  55.9% (711955312640/1274515148395) | 223.9M/s | stage ETA 41:52 | overall ? ETA ? | best -
[b2=24 b1={22}] stage  55.9% (712405712896/1274515148395) | 224.3M/s | stage ETA 41:45 | overall ? ETA ? | best -
[b2=24 b1={22}] stage  55.9% (712848683008/1274515148395) | 222.6M/s | stage ETA 42:03 | overall ? ETA ? | best -
[b2=24 b1={22}] stage  56.0% (713299054592/1274515148395) | 223.6M/s | stage ETA 41:50 | overall ? ETA ? | best -
[b2=24 b1={22}] stage  56.0% (713745862656/1274515148395) | 223.3M/s | stage ETA 41:51 | overall ? ETA ? | best -
[b2=24 b1={22}] stage  56.0% (714197364736/1274515148395) | 224.1M/s | stage ETA 41:40 | overall ? ETA ? | best -
[b2=24 b1={22}] stage  56.1% (714648723456/1274515148395) | 224.6M/s | stage ETA 41:32 | overall ? ETA ? | best -
[b2=24 b1={22}] stage  56.1% (715097595904/1274515148395) | 224.4M/s | stage ETA 41:32 | overall ? ETA ? | best -
[b2=24 b1={22}] stage  56.1% (715546505216/1274515148395) | 224.0M/s | stage ETA 41:35 | overall ? ETA ? | best -
[b2=24 b1={22}] stage  56.2% (715993501696/1274515148395) | 223.1M/s | stage ETA 41:42 | overall ? ETA ? | best -
[b2=24 b1={22}] stage  56.2% (716445016064/1274515148395) | 223.9M/s | stage ETA 41:32 | overall ? ETA ? | best -
[b2=24 b1={22}] stage  56.2% (716858032128/1274515148395) | 214.6M/s | stage ETA 43:18 | overall ? ETA ? | best -
[b2=24 b1={22}] stage  56.3% (717300330496/1274515148395) | 217.4M/s | stage ETA 42:42 | overall ? ETA ? | best -
[b2=24 b1={22}] stage  56.3% (717699555328/1274515148395) | 208.1M/s | stage ETA 44:35 | overall ? ETA ? | best -
[b2=24 b1={22}] stage  56.3% (718135586816/1274515148395) | 212.7M/s | stage ETA 43:36 | overall ? ETA ? | best -
[b2=24 b1={22}] stage  56.4% (718549372928/1274515148395) | 209.6M/s | stage ETA 44:12 | overall ? ETA ? | best -
[b2=24 b1={22}] stage  56.4% (718972825600/1274515148395) | 210.1M/s | stage ETA 44:04 | overall ? ETA ? | best -
[b2=24 b1={22}] stage  56.4% (719403868160/1274515148395) | 212.2M/s | stage ETA 43:35 | overall ? ETA ? | best -
[b2=24 b1={22}] stage  56.5% (719813386240/1274515148395) | 208.0M/s | stage ETA 44:27 | overall ? ETA ? | best -
[b2=24 b1={22}] stage  56.5% (720252780544/1274515148395) | 213.3M/s | stage ETA 43:17 | overall ? ETA ? | best -
[b2=24 b1={22}] stage  56.5% (720655245312/1274515148395) | 206.8M/s | stage ETA 44:38 | overall ? ETA ? | best -
[b2=24 b1={22}] stage  56.6% (721090928640/1274515148395) | 212.0M/s | stage ETA 43:29 | overall ? ETA ? | best -
[b2=24 b1={22}] stage  56.6% (721503526912/1274515148395) | 209.0M/s | stage ETA 44:06 | overall ? ETA ? | best -
[b2=24 b1={22}] stage  56.6% (721921318912/1274515148395) | 208.8M/s | stage ETA 44:06 | overall ? ETA ? | best -
[b2=24 b1={22}] stage  56.7% (722353266688/1274515148395) | 212.1M/s | stage ETA 43:23 | overall ? ETA ? | best -
[b2=24 b1={22}] stage  56.7% (722761351168/1274515148395) | 207.9M/s | stage ETA 44:14 | overall ? ETA ? | best -
[b2=24 b1={22}] stage  56.7% (723199930368/1274515148395) | 213.1M/s | stage ETA 43:07 | overall ? ETA ? | best -
[b2=24 b1={22}] stage  56.8% (723604451328/1274515148395) | 207.2M/s | stage ETA 44:19 | overall ? ETA ? | best -
[b2=24 b1={22}] stage  56.8% (724037554176/1274515148395) | 211.5M/s | stage ETA 43:22 | overall ? ETA ? | best -
[b2=24 b1={22}] stage  56.8% (724445966336/1274515148395) | 207.6M/s | stage ETA 44:09 | overall ? ETA ? | best -
[b2=24 b1={22}] stage  56.9% (724896768000/1274515148395) | 216.1M/s | stage ETA 42:23 | overall ? ETA ? | best -
[b2=24 b1={22}] stage  56.9% (725348470784/1274515148395) | 220.3M/s | stage ETA 41:33 | overall ? ETA ? | best -
[b2=24 b1={22}] stage  56.9% (725798100992/1274515148395) | 222.2M/s | stage ETA 41:09 | overall ? ETA ? | best -
[b2=24 b1={22}] stage  57.0% (726248366080/1274515148395) | 223.2M/s | stage ETA 40:55 | overall ? ETA ? | best -
[b2=24 b1={22}] stage  57.0% (726696792064/1274515148395) | 223.5M/s | stage ETA 40:51 | overall ? ETA ? | best -
[b2=24 b1={22}] stage  57.1% (727144439808/1274515148395) | 223.3M/s | stage ETA 40:50 | overall ? ETA ? | best -
[b2=24 b1={22}] stage  57.1% (727595880448/1274515148395) | 224.1M/s | stage ETA 40:41 | overall ? ETA ? | best -
[b2=24 b1={22}] stage  57.1% (728022294528/1274515148395) | 218.0M/s | stage ETA 41:47 | overall ? ETA ? | best -
[b2=24 b1={22}] stage  57.2% (728466972672/1274515148395) | 219.8M/s | stage ETA 41:24 | overall ? ETA ? | best -
[b2=24 b1={22}] stage  57.2% (728913227776/1274515148395) | 221.2M/s | stage ETA 41:06 | overall ? ETA ? | best -
[b2=24 b1={22}] stage  57.2% (729354043392/1274515148395) | 220.3M/s | stage ETA 41:14 | overall ? ETA ? | best -
[b2=24 b1={22}] stage  57.3% (729801093120/1274515148395) | 221.4M/s | stage ETA 41:00 | overall ? ETA ? | best -
[b2=24 b1={22}] stage  57.3% (730252664832/1274515148395) | 222.9M/s | stage ETA 40:41 | overall ? ETA ? | best -
[b2=24 b1={22}] stage  57.3% (730693791744/1274515148395) | 221.7M/s | stage ETA 40:53 | overall ? ETA ? | best -
[b2=24 b1={22}] stage  57.4% (731139080192/1274515148395) | 222.0M/s | stage ETA 40:47 | overall ? ETA ? | best -
[b2=24 b1={22}] stage  57.4% (731588718592/1274515148395) | 222.9M/s | stage ETA 40:36 | overall ? ETA ? | best -
[b2=24 b1={22}] stage  57.4% (732039061504/1274515148395) | 223.4M/s | stage ETA 40:28 | overall ? ETA ? | best -
[b2=24 b1={22}] stage  57.5% (732473278464/1274515148395) | 220.0M/s | stage ETA 41:03 | overall ? ETA ? | best -
[b2=24 b1={22}] stage  57.5% (732886147072/1274515148395) | 212.9M/s | stage ETA 42:23 | overall ? ETA ? | best -
[b2=24 b1={22}] stage  57.5% (733309775872/1274515148395) | 212.1M/s | stage ETA 42:31 | overall ? ETA ? | best -
[b2=24 b1={22}] stage  57.6% (733736583168/1274515148395) | 212.4M/s | stage ETA 42:25 | overall ? ETA ? | best -
[b2=24 b1={22}] stage  57.6% (734146158592/1274515148395) | 208.2M/s | stage ETA 43:14 | overall ? ETA ? | best -
[b2=24 b1={22}] stage  57.6% (734587805696/1274515148395) | 214.2M/s | stage ETA 42:01 | overall ? ETA ? | best -
[b2=24 b1={22}] stage  57.7% (734986866688/1274515148395) | 206.6M/s | stage ETA 43:31 | overall ? ETA ? | best -
[b2=24 b1={22}] stage  57.7% (735424704512/1274515148395) | 212.1M/s | stage ETA 42:21 | overall ? ETA ? | best -
[b2=24 b1={22}] stage  57.7% (735835979776/1274515148395) | 208.7M/s | stage ETA 43:00 | overall ? ETA ? | best -
[b2=24 b1={22}] stage  57.8% (736257572864/1274515148395) | 209.3M/s | stage ETA 42:51 | overall ? ETA ? | best -
[b2=24 b1={22}] stage  57.8% (736685424640/1274515148395) | 211.2M/s | stage ETA 42:27 | overall ? ETA ? | best -
[b2=24 b1={22}] stage  57.8% (737092276224/1274515148395) | 206.9M/s | stage ETA 43:17 | overall ? ETA ? | best -
[b2=24 b1={22}] stage  57.9% (737533169664/1274515148395) | 213.1M/s | stage ETA 41:59 | overall ? ETA ? | best -
[b2=24 b1={22}] stage  57.9% (737931681792/1274515148395) | 205.7M/s | stage ETA 43:28 | overall ? ETA ? | best -
[b2=24 b1={22}] stage  57.9% (738366382080/1274515148395) | 211.4M/s | stage ETA 42:16 | overall ? ETA ? | best -
[b2=24 b1={22}] stage  58.0% (738780217344/1274515148395) | 209.1M/s | stage ETA 42:42 | overall ? ETA ? | best -
[b2=24 b1={22}] stage  58.0% (739202519040/1274515148395) | 210.0M/s | stage ETA 42:28 | overall ? ETA ? | best -
[b2=24 b1={22}] stage  58.0% (739630972928/1274515148395) | 211.3M/s | stage ETA 42:11 | overall ? ETA ? | best -
[b2=24 b1={22}] stage  58.1% (740037877760/1274515148395) | 206.9M/s | stage ETA 43:03 | overall ? ETA ? | best -
[b2=24 b1={22}] stage  58.1% (740478705664/1274515148395) | 213.1M/s | stage ETA 41:45 | overall ? ETA ? | best -
[b2=24 b1={22}] stage  58.1% (740924301312/1274515148395) | 217.6M/s | stage ETA 40:51 | overall ? ETA ? | best -
[b2=24 b1={22}] stage  58.2% (741374164992/1274515148395) | 220.9M/s | stage ETA 40:13 | overall ? ETA ? | best -
[b2=24 b1={22}] stage  58.2% (741823303680/1274515148395) | 222.1M/s | stage ETA 39:58 | overall ? ETA ? | best -
[b2=24 b1={22}] stage  58.2% (742275358720/1274515148395) | 223.5M/s | stage ETA 39:41 | overall ? ETA ? | best -
[b2=24 b1={22}] stage  58.3% (742728970240/1274515148395) | 224.7M/s | stage ETA 39:27 | overall ? ETA ? | best -
[b2=24 b1={22}] stage  58.3% (743180492800/1274515148395) | 224.7M/s | stage ETA 39:24 | overall ? ETA ? | best -
[b2=24 b1={22}] stage  58.3% (743630729216/1274515148395) | 224.8M/s | stage ETA 39:21 | overall ? ETA ? | best -
[b2=24 b1={22}] stage  58.4% (744084017152/1274515148395) | 225.1M/s | stage ETA 39:16 | overall ? ETA ? | best -
[b2=24 b1={22}] stage  58.4% (744531668992/1274515148395) | 224.1M/s | stage ETA 39:25 | overall ? ETA ? | best -
[b2=24 b1={22}] stage  58.5% (744978984960/1274515148395) | 223.6M/s | stage ETA 39:28 | overall ? ETA ? | best -
[b2=24 b1={22}] stage  58.5% (745427648512/1274515148395) | 223.6M/s | stage ETA 39:25 | overall ? ETA ? | best -
[b2=24 b1={22}] stage  58.5% (745874833408/1274515148395) | 223.3M/s | stage ETA 39:27 | overall ? ETA ? | best -
[b2=24 b1={22}] stage  58.6% (746322984960/1274515148395) | 223.0M/s | stage ETA 39:28 | overall ? ETA ? | best -
[b2=24 b1={22}] stage  58.6% (746773086208/1274515148395) | 223.5M/s | stage ETA 39:21 | overall ? ETA ? | best -
[b2=24 b1={22}] stage  58.6% (747222646784/1274515148395) | 223.7M/s | stage ETA 39:17 | overall ? ETA ? | best -
[b2=24 b1={22}] stage  58.7% (747669856256/1274515148395) | 223.5M/s | stage ETA 39:16 | overall ? ETA ? | best -
[b2=24 b1={22}] stage  58.7% (748119588864/1274515148395) | 224.0M/s | stage ETA 39:09 | overall ? ETA ? | best -
[b2=24 b1={22}] stage  58.7% (748560695296/1274515148395) | 222.2M/s | stage ETA 39:27 | overall ? ETA ? | best -
[b2=24 b1={22}] stage  58.8% (748813815808/1274515148395) | 174.1M/s | stage ETA 50:19 | overall ? ETA ? | best -
[b2=24 b1={22}] stage  58.8% (749150855168/1274515148395) | 170.8M/s | stage ETA 51:15 | overall ? ETA ? | best -
[b2=24 b1={22}] stage  58.8% (749460217856/1274515148395) | 162.7M/s | stage ETA 53:46 | overall ? ETA ? | best -
[b2=24 b1={22}] stage  58.8% (749743464448/1274515148395) | 152.1M/s | stage ETA 57:31 | overall ? ETA ? | best -
[b2=24 b1={22}] stage  58.9% (750125301760/1274515148395) | 171.1M/s | stage ETA 51:05 | overall ? ETA ? | best -
[b2=24 b1={22}] stage  58.9% (750367629312/1274515148395) | 145.9M/s | stage ETA 59:52 | overall ? ETA ? | best -
[b2=24 b1={22}] stage  58.9% (750776475648/1274515148395) | 174.9M/s | stage ETA 49:55 | overall ? ETA ? | best -
[b2=24 b1={22}] stage  58.9% (751017443328/1274515148395) | 147.6M/s | stage ETA 59:07 | overall ? ETA ? | best -
[b2=24 b1={22}] stage  59.0% (751379562496/1274515148395) | 163.8M/s | stage ETA 53:13 | overall ? ETA ? | best -
[b2=24 b1={22}] stage  59.0% (751685246976/1274515148395) | 158.2M/s | stage ETA 55:03 | overall ? ETA ? | best -
[b2=24 b1={22}] stage  59.0% (751965995008/1274515148395) | 149.2M/s | stage ETA 58:21 | overall ? ETA ? | best -
[b2=24 b1={22}] stage  59.0% (752333430784/1274515148395) | 165.8M/s | stage ETA 52:28 | overall ? ETA ? | best -
[b2=24 b1={22}] stage  59.0% (752579891200/1274515148395) | 144.2M/s | stage ETA 1:00:19 | overall ? ETA ? | best -
[b2=24 b1={22}] stage  59.1% (752999669760/1274515148395) | 176.5M/s | stage ETA 49:15 | overall ? ETA ? | best -
[b2=24 b1={22}] stage  59.1% (753241145344/1274515148395) | 148.5M/s | stage ETA 58:31 | overall ? ETA ? | best -
[b2=24 b1={22}] stage  59.1% (753599807488/1274515148395) | 163.6M/s | stage ETA 53:03 | overall ? ETA ? | best -
[b2=24 b1={22}] stage  59.2% (753888706560/1274515148395) | 153.9M/s | stage ETA 56:23 | overall ? ETA ? | best -
[b2=24 b1={22}] stage  59.2% (754185437184/1274515148395) | 150.8M/s | stage ETA 57:29 | overall ? ETA ? | best -
[b2=24 b1={22}] stage  59.2% (754552410112/1274515148395) | 166.7M/s | stage ETA 51:59 | overall ? ETA ? | best -
[b2=24 b1={22}] stage  59.2% (754801381376/1274515148395) | 145.3M/s | stage ETA 59:37 | overall ? ETA ? | best -
[b2=24 b1={22}] stage  59.3% (755204374528/1274515148395) | 172.9M/s | stage ETA 50:03 | overall ? ETA ? | best -
[b2=24 b1={22}] stage  59.3% (755454287872/1274515148395) | 148.7M/s | stage ETA 58:10 | overall ? ETA ? | best -
[b2=24 b1={22}] stage  59.3% (755828432896/1274515148395) | 167.5M/s | stage ETA 51:37 | overall ? ETA ? | best -
[b2=24 b1={22}] stage  59.3% (756115988480/1274515148395) | 155.5M/s | stage ETA 55:34 | overall ? ETA ? | best -
[b2=24 b1={22}] stage  59.3% (756419747840/1274515148395) | 153.3M/s | stage ETA 56:19 | overall ? ETA ? | best -
[b2=24 b1={22}] stage  59.4% (756866334720/1274515148395) | 187.7M/s | stage ETA 45:57 | overall ? ETA ? | best -
[b2=24 b1={22}] stage  59.4% (757311324160/1274515148395) | 205.1M/s | stage ETA 42:01 | overall ? ETA ? | best -
[b2=24 b1={22}] stage  59.5% (757757808640/1274515148395) | 213.9M/s | stage ETA 40:15 | overall ? ETA ? | best -
[b2=24 b1={22}] stage  59.5% (758204747776/1274515148395) | 218.6M/s | stage ETA 39:21 | overall ? ETA ? | best -
[b2=24 b1={22}] stage  59.5% (758650732544/1274515148395) | 220.3M/s | stage ETA 39:01 | overall ? ETA ? | best -
[b2=24 b1={22}] stage  59.6% (759096541184/1274515148395) | 221.5M/s | stage ETA 38:47 | overall ? ETA ? | best -
[b2=24 b1={22}] stage  59.6% (759541395456/1274515148395) | 221.7M/s | stage ETA 38:42 | overall ? ETA ? | best -
[b2=24 b1={22}] stage  59.6% (759991033856/1274515148395) | 223.0M/s | stage ETA 38:27 | overall ? ETA ? | best -
[b2=24 b1={22}] stage  59.7% (760439218176/1274515148395) | 222.8M/s | stage ETA 38:27 | overall ? ETA ? | best -
[b2=24 b1={22}] stage  59.7% (760887189504/1274515148395) | 223.1M/s | stage ETA 38:22 | overall ? ETA ? | best -
[b2=24 b1={22}] stage  59.7% (761336037376/1274515148395) | 223.2M/s | stage ETA 38:19 | overall ? ETA ? | best -
[b2=24 b1={22}] stage  59.8% (761787981824/1274515148395) | 224.3M/s | stage ETA 38:05 | overall ? ETA ? | best -
[b2=24 b1={22}] stage  59.8% (762237906944/1274515148395) | 224.1M/s | stage ETA 38:06 | overall ? ETA ? | best -
[b2=24 b1={22}] stage  59.8% (762685386752/1274515148395) | 223.8M/s | stage ETA 38:06 | overall ? ETA ? | best -
[b2=24 b1={22}] stage  59.9% (763133575168/1274515148395) | 224.0M/s | stage ETA 38:03 | overall ? ETA ? | best -
[b2=24 b1={22}] stage  59.9% (763583328256/1274515148395) | 223.9M/s | stage ETA 38:02 | overall ? ETA ? | best -
[b2=24 b1={22}] stage  59.9% (764033925120/1274515148395) | 224.1M/s | stage ETA 37:57 | overall ? ETA ? | best -
[b2=24 b1={22}] stage  60.0% (764485451776/1274515148395) | 224.4M/s | stage ETA 37:53 | overall ? ETA ? | best -
[b2=24 b1={22}] stage  60.0% (764932771840/1274515148395) | 223.8M/s | stage ETA 37:57 | overall ? ETA ? | best -
[b2=24 b1={22}] stage  60.0% (765266845696/1274515148395) | 194.9M/s | stage ETA 43:32 | overall ? ETA ? | best -
[b2=24 b1={22}] stage  60.1% (765523472384/1274515148395) | 161.3M/s | stage ETA 52:34 | overall ? ETA ? | best -
[b2=24 b1={22}] stage  60.1% (765914632192/1274515148395) | 178.3M/s | stage ETA 47:32 | overall ? ETA ? | best -
[b2=24 b1={22}] stage  60.1% (766155186176/1274515148395) | 149.0M/s | stage ETA 56:51 | overall ? ETA ? | best -
[b2=24 b1={22}] stage  60.1% (766557114368/1274515148395) | 174.3M/s | stage ETA 48:34 | overall ? ETA ? | best -
[b2=24 b1={22}] stage  60.2% (766815645696/1274515148395) | 151.6M/s | stage ETA 55:48 | overall ? ETA ? | best -
[b2=24 b1={22}] stage  60.2% (767146037248/1274515148395) | 158.3M/s | stage ETA 53:26 | overall ? ETA ? | best -
[b2=24 b1={22}] stage  60.2% (767464243200/1274515148395) | 158.3M/s | stage ETA 53:22 | overall ? ETA ? | best -
[b2=24 b1={22}] stage  60.2% (767737176064/1274515148395) | 146.9M/s | stage ETA 57:28 | overall ? ETA ? | best -
[b2=24 b1={22}] stage  60.3% (768129327104/1274515148395) | 171.5M/s | stage ETA 49:12 | overall ? ETA ? | best -
[b2=24 b1={22}] stage  60.3% (768377942016/1274515148395) | 147.6M/s | stage ETA 57:08 | overall ? ETA ? | best -
[b2=24 b1={22}] stage  60.3% (768779010048/1274515148395) | 173.8M/s | stage ETA 48:30 | overall ? ETA ? | best -
[b2=24 b1={22}] stage  60.3% (769027264512/1274515148395) | 148.7M/s | stage ETA 56:38 | overall ? ETA ? | best -
[b2=24 b1={22}] stage  60.4% (769363681280/1274515148395) | 158.2M/s | stage ETA 53:12 | overall ? ETA ? | best -
[b2=24 b1={22}] stage  60.4% (769686683648/1274515148395) | 159.5M/s | stage ETA 52:45 | overall ? ETA ? | best -
[b2=24 b1={22}] stage  60.4% (769952215040/1274515148395) | 145.9M/s | stage ETA 57:38 | overall ? ETA ? | best -
[b2=24 b1={22}] stage  60.4% (770334588928/1274515148395) | 168.1M/s | stage ETA 49:58 | overall ? ETA ? | best -
[b2=24 b1={22}] stage  60.5% (770585427968/1274515148395) | 146.5M/s | stage ETA 57:19 | overall ? ETA ? | best -
[b2=24 b1={22}] stage  60.5% (770986790912/1274515148395) | 173.2M/s | stage ETA 48:27 | overall ? ETA ? | best -
[b2=24 b1={22}] stage  60.5% (771234574336/1274515148395) | 148.3M/s | stage ETA 56:34 | overall ? ETA ? | best -
[b2=24 b1={22}] stage  60.5% (771578912768/1274515148395) | 159.6M/s | stage ETA 52:31 | overall ? ETA ? | best -
[b2=24 b1={22}] stage  60.6% (771896295424/1274515148395) | 158.7M/s | stage ETA 52:46 | overall ? ETA ? | best -
[b2=24 b1={22}] stage  60.6% (772167954432/1274515148395) | 147.1M/s | stage ETA 56:55 | overall ? ETA ? | best -
[b2=24 b1={22}] stage  60.6% (772544983040/1274515148395) | 167.6M/s | stage ETA 49:55 | overall ? ETA ? | best -
[b2=24 b1={22}] stage  60.6% (772785618944/1274515148395) | 143.9M/s | stage ETA 58:05 | overall ? ETA ? | best -
[b2=24 b1={22}] stage  60.7% (773202726912/1274515148395) | 175.7M/s | stage ETA 47:32 | overall ? ETA ? | best -
[b2=24 b1={22}] stage  60.7% (773635465216/1274515148395) | 195.5M/s | stage ETA 42:41 | overall ? ETA ? | best -
[b2=24 b1={22}] stage  60.7% (774074601472/1274515148395) | 207.2M/s | stage ETA 40:15 | overall ? ETA ? | best -
[b2=24 b1={22}] stage  60.8% (774521978880/1274515148395) | 215.0M/s | stage ETA 38:45 | overall ? ETA ? | best -
[b2=24 b1={22}] stage  60.8% (774971916288/1274515148395) | 219.5M/s | stage ETA 37:55 | overall ? ETA ? | best -
[b2=24 b1={22}] stage  60.8% (775422656512/1274515148395) | 222.2M/s | stage ETA 37:26 | overall ? ETA ? | best -
[b2=24 b1={22}] stage  60.9% (775873015808/1274515148395) | 223.1M/s | stage ETA 37:14 | overall ? ETA ? | best -
[b2=24 b1={22}] stage  60.9% (776320962560/1274515148395) | 223.5M/s | stage ETA 37:09 | overall ? ETA ? | best -
[b2=24 b1={22}] stage  60.9% (776771731456/1274515148395) | 223.9M/s | stage ETA 37:02 | overall ? ETA ? | best -
[b2=24 b1={22}] stage  61.0% (777221050368/1274515148395) | 223.7M/s | stage ETA 37:02 | overall ? ETA ? | best -
[b2=24 b1={22}] stage  61.0% (777671675904/1274515148395) | 224.3M/s | stage ETA 36:54 | overall ? ETA ? | best -
[b2=24 b1={22}] stage  61.1% (778121461760/1274515148395) | 224.0M/s | stage ETA 36:55 | overall ? ETA ? | best -
[b2=24 b1={22}] stage  61.1% (778570211328/1274515148395) | 223.9M/s | stage ETA 36:54 | overall ? ETA ? | best -
[b2=24 b1={22}] stage  61.1% (779018203136/1274515148395) | 223.8M/s | stage ETA 36:54 | overall ? ETA ? | best -
[b2=24 b1={22}] stage  61.2% (779461599232/1274515148395) | 222.6M/s | stage ETA 37:03 | overall ? ETA ? | best -
[b2=24 b1={22}] stage  61.2% (779903188992/1274515148395) | 221.3M/s | stage ETA 37:15 | overall ? ETA ? | best -
[b2=24 b1={22}] stage  61.2% (780349407232/1274515148395) | 221.7M/s | stage ETA 37:08 | overall ? ETA ? | best -
[b2=24 b1={22}] stage  61.3% (780794671104/1274515148395) | 221.8M/s | stage ETA 37:06 | overall ? ETA ? | best -
[b2=24 b1={22}] stage  61.3% (781102944256/1274515148395) | 187.6M/s | stage ETA 43:50 | overall ? ETA ? | best -
[b2=24 b1={22}] stage  61.3% (781382963200/1274515148395) | 163.6M/s | stage ETA 50:13 | overall ? ETA ? | best -
[b2=24 b1={22}] stage  61.3% (781748318208/1274515148395) | 173.0M/s | stage ETA 47:28 | overall ? ETA ? | best -
[b2=24 b1={22}] stage  61.4% (781999505408/1274515148395) | 149.1M/s | stage ETA 55:02 | overall ? ETA ? | best -
[b2=24 b1={22}] stage  61.4% (782418874368/1274515148395) | 178.9M/s | stage ETA 45:50 | overall ? ETA ? | best -
[b2=24 b1={22}] stage  61.4% (782658506752/1274515148395) | 149.1M/s | stage ETA 54:57 | overall ? ETA ? | best -
[b2=24 b1={22}] stage  61.4% (783005564928/1274515148395) | 161.3M/s | stage ETA 50:47 | overall ? ETA ? | best -
[b2=24 b1={22}] stage  61.5% (783306887168/1274515148395) | 155.7M/s | stage ETA 52:35 | overall ? ETA ? | best -
[b2=24 b1={22}] stage  61.5% (783597502464/1274515148395) | 150.1M/s | stage ETA 54:30 | overall ? ETA ? | best -
[b2=24 b1={22}] stage  61.5% (783968739328/1274515148395) | 167.6M/s | stage ETA 48:46 | overall ? ETA ? | best -
[b2=24 b1={22}] stage  61.5% (784220114944/1274515148395) | 146.5M/s | stage ETA 55:45 | overall ? ETA ? | best -
[b2=24 b1={22}] stage  61.6% (784619921408/1274515148395) | 172.7M/s | stage ETA 47:16 | overall ? ETA ? | best -
[b2=24 b1={22}] stage  61.6% (784868442112/1274515148395) | 148.4M/s | stage ETA 54:58 | overall ? ETA ? | best -
[b2=24 b1={22}] stage  61.6% (785233186816/1274515148395) | 165.3M/s | stage ETA 49:19 | overall ? ETA ? | best -
[b2=24 b1={22}] stage  61.6% (785533308928/1274515148395) | 157.2M/s | stage ETA 51:50 | overall ? ETA ? | best -
[b2=24 b1={22}] stage  61.7% (785824972800/1274515148395) | 151.4M/s | stage ETA 53:47 | overall ? ETA ? | best -
[b2=24 b1={22}] stage  61.7% (786182168576/1274515148395) | 165.0M/s | stage ETA 49:19 | overall ? ETA ? | best -
[b2=24 b1={22}] stage  61.7% (786423107584/1274515148395) | 142.5M/s | stage ETA 57:04 | overall ? ETA ? | best -
[b2=24 b1={22}] stage  61.7% (786843684864/1274515148395) | 176.1M/s | stage ETA 46:09 | overall ? ETA ? | best -
[b2=24 b1={22}] stage  61.8% (787093368832/1274515148395) | 150.2M/s | stage ETA 54:04 | overall ? ETA ? | best -
[b2=24 b1={22}] stage  61.8% (787457060864/1274515148395) | 165.8M/s | stage ETA 48:57 | overall ? ETA ? | best -
[b2=24 b1={22}] stage  61.8% (787737264128/1274515148395) | 152.7M/s | stage ETA 53:06 | overall ? ETA ? | best -
[b2=24 b1={22}] stage  61.8% (788048142336/1274515148395) | 153.8M/s | stage ETA 52:42 | overall ? ETA ? | best -
[b2=24 b1={22}] stage  61.9% (788406202368/1274515148395) | 166.3M/s | stage ETA 48:43 | overall ? ETA ? | best -
[b2=24 b1={22}] stage  61.9% (788648202240/1274515148395) | 143.3M/s | stage ETA 56:31 | overall ? ETA ? | best -
[b2=24 b1={22}] stage  61.9% (789089075200/1274515148395) | 181.6M/s | stage ETA 44:33 | overall ? ETA ? | best -
[b2=24 b1={22}] stage  61.9% (789540868096/1274515148395) | 202.8M/s | stage ETA 39:51 | overall ? ETA ? | best -
[b2=24 b1={22}] stage  62.0% (789992128512/1274515148395) | 213.8M/s | stage ETA 37:45 | overall ? ETA ? | best -
[b2=24 b1={22}] stage  62.0% (790442967040/1274515148395) | 219.1M/s | stage ETA 36:49 | overall ? ETA ? | best -
[b2=24 b1={22}] stage  62.1% (790893985792/1274515148395) | 221.7M/s | stage ETA 36:21 | overall ? ETA ? | best -
[b2=24 b1={22}] stage  62.1% (791343194112/1274515148395) | 222.8M/s | stage ETA 36:08 | overall ? ETA ? | best -
[b2=24 b1={22}] stage  62.1% (791791652864/1274515148395) | 223.4M/s | stage ETA 36:01 | overall ? ETA ? | best -
[b2=24 b1={22}] stage  62.2% (792242503680/1274515148395) | 223.8M/s | stage ETA 35:55 | overall ? ETA ? | best -
[b2=24 b1={22}] stage  62.2% (792692428800/1274515148395) | 223.6M/s | stage ETA 35:54 | overall ? ETA ? | best -
[b2=24 b1={22}] stage  62.2% (793138577408/1274515148395) | 222.9M/s | stage ETA 35:59 | overall ? ETA ? | best -
[b2=24 b1={22}] stage  62.3% (793585041408/1274515148395) | 222.9M/s | stage ETA 35:57 | overall ? ETA ? | best -
[b2=24 b1={22}] stage  62.3% (794028056576/1274515148395) | 222.2M/s | stage ETA 36:02 | overall ? ETA ? | best -
[b2=24 b1={22}] stage  62.3% (794479407104/1274515148395) | 223.4M/s | stage ETA 35:48 | overall ? ETA ? | best -
[b2=24 b1={22}] stage  62.4% (794931290112/1274515148395) | 224.2M/s | stage ETA 35:39 | overall ? ETA ? | best -
[b2=24 b1={22}] stage  62.4% (795381649408/1274515148395) | 224.3M/s | stage ETA 35:35 | overall ? ETA ? | best -
[b2=24 b1={22}] stage  62.4% (795764228096/1274515148395) | 207.5M/s | stage ETA 38:27 | overall ? ETA ? | best -
[b2=24 b1={22}] stage  62.5% (796181045248/1274515148395) | 207.5M/s | stage ETA 38:25 | overall ? ETA ? | best -
[b2=24 b1={22}] stage  62.5% (796631289856/1274515148395) | 215.7M/s | stage ETA 36:55 | overall ? ETA ? | best -
[b2=24 b1={22}] stage  62.5% (797079658496/1274515148395) | 219.5M/s | stage ETA 36:14 | overall ? ETA ? | best -
[b2=24 b1={22}] stage  62.6% (797509300224/1274515148395) | 216.6M/s | stage ETA 36:42 | overall ? ETA ? | best -
[b2=24 b1={22}] stage  62.6% (797751689216/1274515148395) | 168.4M/s | stage ETA 47:10 | overall ? ETA ? | best -
[b2=24 b1={22}] stage  62.6% (798111449088/1274515148395) | 174.1M/s | stage ETA 45:36 | overall ? ETA ? | best -
[b2=24 b1={22}] stage  62.6% (798396977152/1274515148395) | 158.1M/s | stage ETA 50:10 | overall ? ETA ? | best -
[b2=24 b1={22}] stage  62.7% (798707359744/1274515148395) | 156.0M/s | stage ETA 50:49 | overall ? ETA ? | best -
[b2=24 b1={22}] stage  62.7% (799069945856/1274515148395) | 168.3M/s | stage ETA 47:05 | overall ? ETA ? | best -
[b2=24 b1={22}] stage  62.7% (799312371712/1274515148395) | 144.4M/s | stage ETA 54:49 | overall ? ETA ? | best -
[b2=24 b1={22}] stage  62.7% (799722627072/1274515148395) | 174.4M/s | stage ETA 45:22 | overall ? ETA ? | best -
[b2=24 b1={22}] stage  62.8% (799964123136/1274515148395) | 147.4M/s | stage ETA 53:38 | overall ? ETA ? | best -
[b2=24 b1={22}] stage  62.8% (800348856320/1274515148395) | 169.4M/s | stage ETA 46:38 | overall ? ETA ? | best -
[b2=24 b1={22}] stage  62.8% (800633647104/1274515148395) | 155.7M/s | stage ETA 50:44 | overall ? ETA ? | best -
[b2=24 b1={22}] stage  62.8% (800947515392/1274515148395) | 156.0M/s | stage ETA 50:34 | overall ? ETA ? | best -
[b2=24 b1={22}] stage  62.9% (801287299072/1274515148395) | 162.7M/s | stage ETA 48:28 | overall ? ETA ? | best -
[b2=24 b1={22}] stage  62.9% (801540866048/1274515148395) | 144.6M/s | stage ETA 54:30 | overall ? ETA ? | best -
[b2=24 b1={22}] stage  62.9% (801951830016/1274515148395) | 174.7M/s | stage ETA 45:04 | overall ? ETA ? | best -
[b2=24 b1={22}] stage  62.9% (802194505728/1274515148395) | 148.0M/s | stage ETA 53:12 | overall ? ETA ? | best -
[b2=24 b1={22}] stage  63.0% (802594897920/1274515148395) | 173.3M/s | stage ETA 45:23 | overall ? ETA ? | best -
[b2=24 b1={22}] stage  63.0% (802852397056/1274515148395) | 150.7M/s | stage ETA 52:09 | overall ? ETA ? | best -
[b2=24 b1={22}] stage  63.0% (803195772928/1274515148395) | 160.8M/s | stage ETA 48:51 | overall ? ETA ? | best -
[b2=24 b1={22}] stage  63.0% (803521736704/1274515148395) | 161.7M/s | stage ETA 48:31 | overall ? ETA ? | best -
[b2=24 b1={22}] stage  63.1% (803785228288/1274515148395) | 146.7M/s | stage ETA 53:29 | overall ? ETA ? | best -
[b2=24 b1={22}] stage  63.1% (804172816384/1274515148395) | 170.2M/s | stage ETA 46:03 | overall ? ETA ? | best -
[b2=24 b1={22}] stage  63.1% (804415053824/1274515148395) | 145.4M/s | stage ETA 53:52 | overall ? ETA ? | best -
[b2=24 b1={22}] stage  63.1% (804835905536/1274515148395) | 177.6M/s | stage ETA 44:04 | overall ? ETA ? | best -
[b2=24 b1={22}] stage  63.2% (805088546816/1274515148395) | 151.7M/s | stage ETA 51:34 | overall ? ETA ? | best -
[b2=24 b1={22}] stage  63.2% (805432807424/1274515148395) | 161.6M/s | stage ETA 48:22 | overall ? ETA ? | best -
[b2=24 b1={22}] stage  63.2% (805882302464/1274515148395) | 192.9M/s | stage ETA 40:29 | overall ? ETA ? | best -
[b2=24 b1={22}] stage  63.3% (806334648320/1274515148395) | 209.0M/s | stage ETA 37:20 | overall ? ETA ? | best -
[b2=24 b1={22}] stage  63.3% (806785777664/1274515148395) | 216.7M/s | stage ETA 35:58 | overall ? ETA ? | best -
[b2=24 b1={22}] stage  63.3% (807236308992/1274515148395) | 220.7M/s | stage ETA 35:17 | overall ? ETA ? | best -
[b2=24 b1={22}] stage  63.4% (807685271552/1274515148395) | 222.1M/s | stage ETA 35:02 | overall ? ETA ? | best -
[b2=24 b1={22}] stage  63.4% (808135999488/1274515148395) | 223.4M/s | stage ETA 34:47 | overall ? ETA ? | best -
[b2=24 b1={22}] stage  63.4% (808588259328/1274515148395) | 224.3M/s | stage ETA 34:37 | overall ? ETA ? | best -
[b2=24 b1={22}] stage  63.5% (809040674816/1274515148395) | 224.9M/s | stage ETA 34:29 | overall ? ETA ? | best -
[b2=24 b1={22}] stage  63.5% (809492226048/1274515148395) | 224.7M/s | stage ETA 34:29 | overall ? ETA ? | best -
[b2=24 b1={22}] stage  63.5% (809944010752/1274515148395) | 224.7M/s | stage ETA 34:27 | overall ? ETA ? | best -
[b2=24 b1={22}] stage  63.6% (810396647424/1274515148395) | 225.1M/s | stage ETA 34:21 | overall ? ETA ? | best -
[b2=24 b1={22}] stage  63.6% (810850783232/1274515148395) | 225.6M/s | stage ETA 34:15 | overall ? ETA ? | best -
[b2=24 b1={22}] stage  63.7% (811301650432/1274515148395) | 225.0M/s | stage ETA 34:18 | overall ? ETA ? | best -
[b2=24 b1={22}] stage  63.7% (811748159488/1274515148395) | 224.1M/s | stage ETA 34:25 | overall ? ETA ? | best -
[b2=24 b1={22}] stage  63.7% (812199096320/1274515148395) | 224.5M/s | stage ETA 34:19 | overall ? ETA ? | best -
[b2=24 b1={22}] stage  63.8% (812656263168/1274515148395) | 225.9M/s | stage ETA 34:04 | overall ? ETA ? | best -
[b2=24 b1={22}] stage  63.8% (813110525952/1274515148395) | 226.1M/s | stage ETA 34:00 | overall ? ETA ? | best -
[b2=24 b1={22}] stage  63.8% (813437607936/1274515148395) | 194.5M/s | stage ETA 39:30 | overall ? ETA ? | best -
[b2=24 b1={22}] stage  63.8% (813706612736/1274515148395) | 164.2M/s | stage ETA 46:46 | overall ? ETA ? | best -
[b2=24 b1={22}] stage  63.9% (814104387584/1274515148395) | 181.0M/s | stage ETA 42:24 | overall ? ETA ? | best -
[b2=24 b1={22}] stage  63.9% (814353698816/1274515148395) | 152.5M/s | stage ETA 50:17 | overall ? ETA ? | best -
[b2=24 b1={22}] stage  63.9% (814756368384/1274515148395) | 176.9M/s | stage ETA 43:19 | overall ? ETA ? | best -
[b2=24 b1={22}] stage  63.9% (815005458432/1274515148395) | 150.5M/s | stage ETA 50:52 | overall ? ETA ? | best -
[b2=24 b1={22}] stage  64.0% (815354658816/1274515148395) | 162.2M/s | stage ETA 47:11 | overall ? ETA ? | best -
[b2=24 b1={22}] stage  64.0% (815668056064/1274515148395) | 159.0M/s | stage ETA 48:06 | overall ? ETA ? | best -
[b2=24 b1={22}] stage  64.0% (815947206656/1274515148395) | 149.2M/s | stage ETA 51:14 | overall ? ETA ? | best -
[b2=24 b1={22}] stage  64.0% (816319320064/1274515148395) | 167.2M/s | stage ETA 45:39 | overall ? ETA ? | best -
[b2=24 b1={22}] stage  64.1% (816568528896/1274515148395) | 145.8M/s | stage ETA 52:20 | overall ? ETA ? | best -
[b2=24 b1={22}] stage  64.1% (816991100928/1274515148395) | 178.2M/s | stage ETA 42:46 | overall ? ETA ? | best -
[b2=24 b1={22}] stage  64.1% (817233027072/1274515148395) | 149.4M/s | stage ETA 51:01 | overall ? ETA ? | best -
[b2=24 b1={22}] stage  64.1% (817587081216/1274515148395) | 162.7M/s | stage ETA 46:48 | overall ? ETA ? | best -
[b2=24 b1={22}] stage  64.2% (817884725248/1274515148395) | 155.5M/s | stage ETA 48:55 | overall ? ETA ? | best -
[b2=24 b1={22}] stage  64.2% (818183143424/1274515148395) | 152.0M/s | stage ETA 50:02 | overall ? ETA ? | best -
[b2=24 b1={22}] stage  64.2% (818549882880/1274515148395) | 167.3M/s | stage ETA 45:26 | overall ? ETA ? | best -
[b2=24 b1={22}] stage  64.2% (818798821376/1274515148395) | 145.5M/s | stage ETA 52:13 | overall ? ETA ? | best -
[b2=24 b1={22}] stage  64.3% (819197992960/1274515148395) | 172.0M/s | stage ETA 44:07 | overall ? ETA ? | best -
[b2=24 b1={22}] stage  64.3% (819449958400/1274515148395) | 148.7M/s | stage ETA 51:01 | overall ? ETA ? | best -
[b2=24 b1={22}] stage  64.3% (819822403584/1274515148395) | 167.0M/s | stage ETA 45:22 | overall ? ETA ? | best -
[b2=24 b1={22}] stage  64.3% (820111912960/1274515148395) | 155.8M/s | stage ETA 48:35 | overall ? ETA ? | best -
[b2=24 b1={22}] stage  64.4% (820416897024/1274515148395) | 153.8M/s | stage ETA 49:12 | overall ? ETA ? | best -
[b2=24 b1={22}] stage  64.4% (820763242496/1274515148395) | 163.2M/s | stage ETA 46:19 | overall ? ETA ? | best -
[b2=24 b1={22}] stage  64.4% (821007396864/1274515148395) | 142.6M/s | stage ETA 53:00 | overall ? ETA ? | best -
[b2=24 b1={22}] stage  64.5% (821457793024/1274515148395) | 183.6M/s | stage ETA 41:08 | overall ? ETA ? | best -
[b2=24 b1={22}] stage  64.5% (821910405120/1274515148395) | 204.7M/s | stage ETA 36:50 | overall ? ETA ? | best -
[b2=24 b1={22}] stage  64.5% (822360141824/1274515148395) | 214.3M/s | stage ETA 35:10 | overall ? ETA ? | best -
[b2=24 b1={22}] stage  64.6% (822810161152/1274515148395) | 219.4M/s | stage ETA 34:18 | overall ? ETA ? | best -
[b2=24 b1={22}] stage  64.6% (823264600064/1274515148395) | 222.3M/s | stage ETA 33:50 | overall ? ETA ? | best -
[b2=24 b1={22}] stage  64.6% (823718748160/1274515148395) | 224.1M/s | stage ETA 33:31 | overall ? ETA ? | best -
[b2=24 b1={22}] stage  64.7% (824171634688/1274515148395) | 224.8M/s | stage ETA 33:22 | overall ? ETA ? | best -
[b2=24 b1={22}] stage  64.7% (824624771072/1274515148395) | 225.0M/s | stage ETA 33:19 | overall ? ETA ? | best -
[b2=24 b1={22}] stage  64.7% (825075163136/1274515148395) | 225.1M/s | stage ETA 33:16 | overall ? ETA ? | best -
[b2=24 b1={22}] stage  64.8% (825526185984/1274515148395) | 224.9M/s | stage ETA 33:16 | overall ? ETA ? | best -
[b2=24 b1={22}] stage  64.8% (825980096512/1274515148395) | 225.7M/s | stage ETA 33:07 | overall ? ETA ? | best -
[b2=24 b1={22}] stage  64.8% (826434031616/1274515148395) | 225.7M/s | stage ETA 33:05 | overall ? ETA ? | best -
[b2=24 b1={22}] stage  64.9% (826888790016/1274515148395) | 226.2M/s | stage ETA 32:59 | overall ? ETA ? | best -
[b2=24 b1={22}] stage  64.9% (827341787136/1274515148395) | 226.1M/s | stage ETA 32:57 | overall ? ETA ? | best -
[b2=24 b1={22}] stage  64.9% (827791036416/1274515148395) | 224.7M/s | stage ETA 33:07 | overall ? ETA ? | best -
[b2=24 b1={22}] stage  65.0% (828243955712/1274515148395) | 225.1M/s | stage ETA 33:02 | overall ? ETA ? | best -
[b2=24 b1={22}] stage  65.0% (828697112576/1274515148395) | 225.4M/s | stage ETA 32:57 | overall ? ETA ? | best -
[b2=24 b1={22}] stage  65.1% (829150040064/1274515148395) | 225.7M/s | stage ETA 32:53 | overall ? ETA ? | best -
[b2=24 b1={22}] stage  65.1% (829603356672/1274515148395) | 225.6M/s | stage ETA 32:52 | overall ? ETA ? | best -
[b2=24 b1={22}] stage  65.1% (829956620288/1274515148395) | 201.0M/s | stage ETA 36:51 | overall ? ETA ? | best -
[b2=24 b1={22}] stage  65.1% (830200672256/1274515148395) | 161.4M/s | stage ETA 45:53 | overall ? ETA ? | best -
[b2=24 b1={22}] stage  65.2% (830619602944/1274515148395) | 185.3M/s | stage ETA 39:55 | overall ? ETA ? | best -
[b2=24 b1={22}] stage  65.2% (830866141184/1274515148395) | 154.0M/s | stage ETA 48:00 | overall ? ETA ? | best -
[b2=24 b1={22}] stage  65.2% (831235371008/1274515148395) | 168.9M/s | stage ETA 43:45 | overall ? ETA ? | best -
[b2=24 b1={22}] stage  65.2% (831519154176/1274515148395) | 154.7M/s | stage ETA 47:42 | overall ? ETA ? | best -
[b2=24 b1={22}] stage  65.3% (831830114304/1274515148395) | 154.8M/s | stage ETA 47:40 | overall ? ETA ? | best -
[b2=24 b1={22}] stage  65.3% (832178204672/1274515148395) | 164.1M/s | stage ETA 44:56 | overall ? ETA ? | best -
[b2=24 b1={22}] stage  65.3% (832420556800/1274515148395) | 142.3M/s | stage ETA 51:46 | overall ? ETA ? | best -
[b2=24 b1={22}] stage  65.3% (832829243392/1274515148395) | 173.2M/s | stage ETA 42:30 | overall ? ETA ? | best -
[b2=24 b1={22}] stage  65.4% (833068851200/1274515148395) | 146.4M/s | stage ETA 50:14 | overall ? ETA ? | best -
[b2=24 b1={22}] stage  65.4% (833461342208/1274515148395) | 171.0M/s | stage ETA 42:59 | overall ? ETA ? | best -
[b2=24 b1={22}] stage  65.4% (833742311424/1274515148395) | 155.4M/s | stage ETA 47:17 | overall ? ETA ? | best -
[b2=24 b1={22}] stage  65.4% (834054623232/1274515148395) | 155.4M/s | stage ETA 47:14 | overall ? ETA ? | best -
[b2=24 b1={22}] stage  65.5% (834388381696/1274515148395) | 161.0M/s | stage ETA 45:33 | overall ? ETA ? | best -
[b2=24 b1={22}] stage  65.5% (834645958656/1274515148395) | 144.6M/s | stage ETA 50:42 | overall ? ETA ? | best -
[b2=24 b1={22}] stage  65.5% (835056308224/1274515148395) | 174.2M/s | stage ETA 42:02 | overall ? ETA ? | best -
[b2=24 b1={22}] stage  65.5% (835302264832/1274515148395) | 148.4M/s | stage ETA 49:20 | overall ? ETA ? | best -
[b2=24 b1={22}] stage  65.6% (835700482048/1274515148395) | 173.1M/s | stage ETA 42:15 | overall ? ETA ? | best -
[b2=24 b1={22}] stage  65.6% (835958431744/1274515148395) | 150.7M/s | stage ETA 48:29 | overall ? ETA ? | best -
[b2=24 b1={22}] stage  65.6% (836299980800/1274515148395) | 160.2M/s | stage ETA 45:34 | overall ? ETA ? | best -
[b2=24 b1={22}] stage  65.6% (836626149376/1274515148395) | 161.4M/s | stage ETA 45:13 | overall ? ETA ? | best -
[b2=24 b1={22}] stage  65.7% (836890091520/1274515148395) | 146.2M/s | stage ETA 49:52 | overall ? ETA ? | best -
[b2=24 b1={22}] stage  65.7% (837272940544/1274515148395) | 168.3M/s | stage ETA 43:17 | overall ? ETA ? | best -
[b2=24 b1={22}] stage  65.7% (837509234688/1274515148395) | 143.1M/s | stage ETA 50:53 | overall ? ETA ? | best -
[b2=24 b1={22}] stage  65.7% (837913612288/1274515148395) | 172.6M/s | stage ETA 42:09 | overall ? ETA ? | best -
[b2=24 b1={22}] stage  65.8% (838366384128/1274515148395) | 198.7M/s | stage ETA 36:35 | overall ? ETA ? | best -
[b2=24 b1={22}] stage  65.8% (838822526976/1274515148395) | 212.8M/s | stage ETA 34:07 | overall ? ETA ? | best -
[b2=24 b1={22}] stage  65.8% (839266967552/1274515148395) | 217.0M/s | stage ETA 33:25 | overall ? ETA ? | best -
[b2=24 b1={22}] stage  65.9% (839710191616/1274515148395) | 219.3M/s | stage ETA 33:02 | overall ? ETA ? | best -
[b2=24 b1={22}] stage  65.9% (840159059968/1274515148395) | 221.3M/s | stage ETA 32:42 | overall ? ETA ? | best -
[b2=24 b1={22}] stage  66.0% (840604962816/1274515148395) | 222.0M/s | stage ETA 32:34 | overall ? ETA ? | best -
[b2=24 b1={22}] stage  66.0% (841057714176/1274515148395) | 224.0M/s | stage ETA 32:15 | overall ? ETA ? | best -
[b2=24 b1={22}] stage  66.0% (841506021376/1274515148395) | 223.8M/s | stage ETA 32:14 | overall ? ETA ? | best -
[b2=24 b1={22}] stage  66.1% (841960595456/1274515148395) | 224.8M/s | stage ETA 32:04 | overall ? ETA ? | best -
[b2=24 b1={22}] stage  66.1% (842409537536/1274515148395) | 224.4M/s | stage ETA 32:06 | overall ? ETA ? | best -
[b2=24 b1={22}] stage  66.1% (842859630592/1274515148395) | 224.6M/s | stage ETA 32:02 | overall ? ETA ? | best -
[b2=24 b1={22}] stage  66.2% (843311575040/1274515148395) | 225.0M/s | stage ETA 31:56 | overall ? ETA ? | best -
[b2=24 b1={22}] stage  66.2% (843765280768/1274515148395) | 225.3M/s | stage ETA 31:51 | overall ? ETA ? | best -
[b2=24 b1={22}] stage  66.2% (844218880000/1274515148395) | 225.2M/s | stage ETA 31:50 | overall ? ETA ? | best -
[b2=24 b1={22}] stage  66.3% (844667486208/1274515148395) | 224.5M/s | stage ETA 31:54 | overall ? ETA ? | best -
[b2=24 b1={22}] stage  66.3% (845113602048/1274515148395) | 223.4M/s | stage ETA 32:02 | overall ? ETA ? | best -
[b2=24 b1={22}] stage  66.3% (845562101760/1274515148395) | 223.2M/s | stage ETA 32:01 | overall ? ETA ? | best -
[b2=24 b1={22}] stage  66.4% (845854277632/1274515148395) | 184.5M/s | stage ETA 38:43 | overall ? ETA ? | best -
[b2=24 b1={22}] stage  66.4% (846149705728/1274515148395) | 165.8M/s | stage ETA 43:03 | overall ? ETA ? | best -
[b2=24 b1={22}] stage  66.4% (846505713664/1274515148395) | 171.4M/s | stage ETA 41:37 | overall ? ETA ? | best -
[b2=24 b1={22}] stage  66.4% (846747811840/1274515148395) | 145.9M/s | stage ETA 48:52 | overall ? ETA ? | best -
[b2=24 b1={22}] stage  66.5% (847167664128/1274515148395) | 177.6M/s | stage ETA 40:06 | overall ? ETA ? | best -
[b2=24 b1={22}] stage  66.5% (847417905152/1274515148395) | 151.2M/s | stage ETA 47:03 | overall ? ETA ? | best -
[b2=24 b1={22}] stage  66.5% (847783370752/1274515148395) | 166.8M/s | stage ETA 42:37 | overall ? ETA ? | best -
[b2=24 b1={22}] stage  66.5% (848066772992/1274515148395) | 153.9M/s | stage ETA 46:10 | overall ? ETA ? | best -
[b2=24 b1={22}] stage  66.6% (848377057280/1274515148395) | 154.0M/s | stage ETA 46:06 | overall ? ETA ? | best -
[b2=24 b1={22}] stage  66.6% (848729513984/1274515148395) | 164.9M/s | stage ETA 43:02 | overall ? ETA ? | best -
[b2=24 b1={22}] stage  66.6% (848970428416/1274515148395) | 142.5M/s | stage ETA 49:46 | overall ? ETA ? | best -
[b2=24 b1={22}] stage  66.6% (849377996800/1274515148395) | 173.1M/s | stage ETA 40:56 | overall ? ETA ? | best -
[b2=24 b1={22}] stage  66.7% (849619832832/1274515148395) | 146.8M/s | stage ETA 48:14 | overall ? ETA ? | best -
[b2=24 b1={22}] stage  66.7% (850008215552/1274515148395) | 170.1M/s | stage ETA 41:35 | overall ? ETA ? | best -
[b2=24 b1={22}] stage  66.7% (850291580928/1274515148395) | 155.8M/s | stage ETA 45:22 | overall ? ETA ? | best -
[b2=24 b1={22}] stage  66.7% (850600071168/1274515148395) | 155.0M/s | stage ETA 45:35 | overall ? ETA ? | best -
[b2=24 b1={22}] stage  66.8% (850936606720/1274515148395) | 161.4M/s | stage ETA 43:44 | overall ? ETA ? | best -
[b2=24 b1={22}] stage  66.8% (851192676352/1274515148395) | 144.6M/s | stage ETA 48:47 | overall ? ETA ? | best -
[b2=24 b1={22}] stage  66.8% (851604066304/1274515148395) | 174.7M/s | stage ETA 40:20 | overall ? ETA ? | best -
[b2=24 b1={22}] stage  66.8% (851846156288/1274515148395) | 147.8M/s | stage ETA 47:39 | overall ? ETA ? | best -
[b2=24 b1={22}] stage  66.9% (852239233024/1274515148395) | 171.6M/s | stage ETA 41:01 | overall ? ETA ? | best -
[b2=24 b1={22}] stage  66.9% (852496384000/1274515148395) | 149.8M/s | stage ETA 46:56 | overall ? ETA ? | best -
[b2=24 b1={22}] stage  66.9% (852827848704/1274515148395) | 157.5M/s | stage ETA 44:37 | overall ? ETA ? | best -
[b2=24 b1={22}] stage  66.9% (853168934912/1274515148395) | 163.6M/s | stage ETA 42:55 | overall ? ETA ? | best -
[b2=24 b1={22}] stage  67.0% (853424607232/1274515148395) | 145.5M/s | stage ETA 48:13 | overall ? ETA ? | best -
[b2=24 b1={22}] stage  67.0% (853877055488/1274515148395) | 185.3M/s | stage ETA 37:49 | overall ? ETA ? | best -
[b2=24 b1={22}] stage  67.0% (854327484416/1274515148395) | 204.9M/s | stage ETA 34:11 | overall ? ETA ? | best -
[b2=24 b1={22}] stage  67.1% (854777835520/1274515148395) | 214.5M/s | stage ETA 32:36 | overall ? ETA ? | best -
[b2=24 b1={22}] stage  67.1% (855229358080/1274515148395) | 219.5M/s | stage ETA 31:50 | overall ? ETA ? | best -
[b2=24 b1={22}] stage  67.1% (855681683456/1274515148395) | 222.3M/s | stage ETA 31:24 | overall ? ETA ? | best -
[b2=24 b1={22}] stage  67.2% (856130293760/1274515148395) | 223.1M/s | stage ETA 31:15 | overall ? ETA ? | best -
[b2=24 b1={22}] stage  67.2% (856582594560/1274515148395) | 224.2M/s | stage ETA 31:03 | overall ? ETA ? | best -
[b2=24 b1={22}] stage  67.2% (857037066240/1274515148395) | 225.4M/s | stage ETA 30:52 | overall ? ETA ? | best -
[b2=24 b1={22}] stage  67.3% (857491652608/1274515148395) | 226.0M/s | stage ETA 30:45 | overall ? ETA ? | best -
[b2=24 b1={22}] stage  67.3% (857943068672/1274515148395) | 225.3M/s | stage ETA 30:48 | overall ? ETA ? | best -
[b2=24 b1={22}] stage  67.4% (858387251200/1274515148395) | 223.7M/s | stage ETA 31:00 | overall ? ETA ? | best -
[b2=24 b1={22}] stage  67.4% (858840440832/1274515148395) | 224.6M/s | stage ETA 30:50 | overall ? ETA ? | best -
[b2=24 b1={22}] stage  67.4% (859290079232/1274515148395) | 224.4M/s | stage ETA 30:50 | overall ? ETA ? | best -
[b2=24 b1={22}] stage  67.5% (859741831168/1274515148395) | 225.0M/s | stage ETA 30:43 | overall ? ETA ? | best -
[b2=24 b1={22}] stage  67.5% (860192137216/1274515148395) | 224.9M/s | stage ETA 30:42 | overall ? ETA ? | best -
[b2=24 b1={22}] stage  67.5% (860642222080/1274515148395) | 224.7M/s | stage ETA 30:42 | overall ? ETA ? | best -
[b2=24 b1={22}] stage  67.6% (861090217984/1274515148395) | 223.9M/s | stage ETA 30:46 | overall ? ETA ? | best -
[b2=24 b1={22}] stage  67.6% (861542862848/1274515148395) | 224.6M/s | stage ETA 30:38 | overall ? ETA ? | best -
[b2=24 b1={22}] stage  67.6% (861989793792/1274515148395) | 224.0M/s | stage ETA 30:41 | overall ? ETA ? | best -
[b2=24 b1={22}] stage  67.7% (862338932736/1274515148395) | 198.9M/s | stage ETA 34:32 | overall ? ETA ? | best -
[b2=24 b1={22}] stage  67.7% (862580518912/1274515148395) | 159.6M/s | stage ETA 43:01 | overall ? ETA ? | best -
[b2=24 b1={22}] stage  67.7% (862989389824/1274515148395) | 181.8M/s | stage ETA 37:43 | overall ? ETA ? | best -
[b2=24 b1={22}] stage  67.7% (863230980096/1274515148395) | 151.1M/s | stage ETA 45:21 | overall ? ETA ? | best -
[b2=24 b1={22}] stage  67.8% (863623651328/1274515148395) | 173.4M/s | stage ETA 39:29 | overall ? ETA ? | best -
[b2=24 b1={22}] stage  67.8% (863903170560/1274515148395) | 156.2M/s | stage ETA 43:47 | overall ? ETA ? | best -
[b2=24 b1={22}] stage  67.8% (864216768512/1274515148395) | 156.2M/s | stage ETA 43:46 | overall ? ETA ? | best -
[b2=24 b1={22}] stage  67.8% (864554254336/1274515148395) | 162.1M/s | stage ETA 42:09 | overall ? ETA ? | best -
[b2=24 b1={22}] stage  67.9% (864807858176/1274515148395) | 144.4M/s | stage ETA 47:17 | overall ? ETA ? | best -
[b2=24 b1={22}] stage  67.9% (865214607360/1274515148395) | 173.3M/s | stage ETA 39:22 | overall ? ETA ? | best -
[b2=24 b1={22}] stage  67.9% (865456115712/1274515148395) | 146.8M/s | stage ETA 46:25 | overall ? ETA ? | best -
[b2=24 b1={22}] stage  67.9% (865850163200/1274515148395) | 171.3M/s | stage ETA 39:46 | overall ? ETA ? | best -
[b2=24 b1={22}] stage  68.0% (866106793984/1274515148395) | 149.6M/s | stage ETA 45:29 | overall ? ETA ? | best -
[b2=24 b1={22}] stage  68.0% (866443034624/1274515148395) | 158.8M/s | stage ETA 42:49 | overall ? ETA ? | best -
[b2=24 b1={22}] stage  68.0% (866779590656/1274515148395) | 163.1M/s | stage ETA 41:39 | overall ? ETA ? | best -
[b2=24 b1={22}] stage  68.0% (867042476032/1274515148395) | 147.0M/s | stage ETA 46:12 | overall ? ETA ? | best -
[b2=24 b1={22}] stage  68.1% (867434024960/1274515148395) | 170.9M/s | stage ETA 39:41 | overall ? ETA ? | best -
[b2=24 b1={22}] stage  68.1% (867675254784/1274515148395) | 145.6M/s | stage ETA 46:34 | overall ? ETA ? | best -
[b2=24 b1={22}] stage  68.1% (868092448768/1274515148395) | 176.6M/s | stage ETA 38:20 | overall ? ETA ? | best -
[b2=24 b1={22}] stage  68.1% (868348100608/1274515148395) | 152.1M/s | stage ETA 44:30 | overall ? ETA ? | best -
[b2=24 b1={22}] stage  68.2% (868690190336/1274515148395) | 161.4M/s | stage ETA 41:53 | overall ? ETA ? | best -
[b2=24 b1={22}] stage  68.2% (869001273344/1274515148395) | 158.3M/s | stage ETA 42:41 | overall ? ETA ? | best -
[b2=24 b1={22}] stage  68.2% (869286268928/1274515148395) | 150.1M/s | stage ETA 45:00 | overall ? ETA ? | best -
[b2=24 b1={22}] stage  68.2% (869662793728/1274515148395) | 169.1M/s | stage ETA 39:53 | overall ? ETA ? | best -
[b2=24 b1={22}] stage  68.3% (869909291008/1274515148395) | 146.0M/s | stage ETA 46:10 | overall ? ETA ? | best -
[b2=24 b1={22}] stage  68.3% (870333710336/1274515148395) | 178.9M/s | stage ETA 37:39 | overall ? ETA ? | best -
[b2=24 b1={22}] stage  68.3% (870785572864/1274515148395) | 201.8M/s | stage ETA 33:20 | overall ? ETA ? | best -
[b2=24 b1={22}] stage  68.4% (871234998272/1274515148395) | 213.2M/s | stage ETA 31:31 | overall ? ETA ? | best -
[b2=24 b1={22}] stage  68.4% (871688146944/1274515148395) | 219.5M/s | stage ETA 30:35 | overall ? ETA ? | best -
[b2=24 b1={22}] stage  68.4% (872141979648/1274515148395) | 222.5M/s | stage ETA 30:08 | overall ? ETA ? | best -
[b2=24 b1={22}] stage  68.5% (872593534976/1274515148395) | 223.9M/s | stage ETA 29:55 | overall ? ETA ? | best -
[b2=24 b1={22}] stage  68.5% (873045852160/1274515148395) | 224.8M/s | stage ETA 29:45 | overall ? ETA ? | best -
[b2=24 b1={22}] stage  68.5% (873499873280/1274515148395) | 225.3M/s | stage ETA 29:39 | overall ? ETA ? | best -
[b2=24 b1={22}] stage  68.6% (873953140736/1274515148395) | 225.9M/s | stage ETA 29:32 | overall ? ETA ? | best -
[b2=24 b1={22}] stage  68.6% (874404352000/1274515148395) | 225.1M/s | stage ETA 29:37 | overall ? ETA ? | best -
[b2=24 b1={22}] stage  68.6% (874854117376/1274515148395) | 224.8M/s | stage ETA 29:37 | overall ? ETA ? | best -
[b2=24 b1={22}] stage  68.7% (875301888000/1274515148395) | 223.9M/s | stage ETA 29:42 | overall ? ETA ? | best -
[b2=24 b1={22}] stage  68.7% (875754176512/1274515148395) | 224.5M/s | stage ETA 29:36 | overall ? ETA ? | best -
[b2=24 b1={22}] stage  68.7% (876207849472/1274515148395) | 224.7M/s | stage ETA 29:32 | overall ? ETA ? | best -
[b2=24 b1={22}] stage  68.8% (876663107584/1274515148395) | 225.6M/s | stage ETA 29:23 | overall ? ETA ? | best -
[b2=24 b1={22}] stage  68.8% (877113589760/1274515148395) | 225.1M/s | stage ETA 29:25 | overall ? ETA ? | best -
[b2=24 b1={22}] stage  68.9% (877566218240/1274515148395) | 225.0M/s | stage ETA 29:24 | overall ? ETA ? | best -
[b2=24 b1={22}] stage  68.9% (878020763648/1274515148395) | 225.5M/s | stage ETA 29:18 | overall ? ETA ? | best -
[b2=24 b1={22}] stage  68.9% (878268440576/1274515148395) | 174.3M/s | stage ETA 37:53 | overall ? ETA ? | best -
[b2=24 b1={22}] stage  68.9% (878617198592/1274515148395) | 174.0M/s | stage ETA 37:55 | overall ? ETA ? | best -
[b2=24 b1={22}] stage  69.0% (878930808832/1274515148395) | 165.0M/s | stage ETA 39:57 | overall ? ETA ? | best -
[b2=24 b1={22}] stage  69.0% (879212773376/1274515148395) | 152.8M/s | stage ETA 43:07 | overall ? ETA ? | best -
[b2=24 b1={22}] stage  69.0% (879582031872/1274515148395) | 168.5M/s | stage ETA 39:04 | overall ? ETA ? | best -
[b2=24 b1={22}] stage  69.0% (879833153536/1274515148395) | 146.8M/s | stage ETA 44:49 | overall ? ETA ? | best -
[b2=24 b1={22}] stage  69.1% (880252936192/1274515148395) | 178.2M/s | stage ETA 36:52 | overall ? ETA ? | best -
[b2=24 b1={22}] stage  69.1% (880494989312/1274515148395) | 149.4M/s | stage ETA 43:56 | overall ? ETA ? | best -
[b2=24 b1={22}] stage  69.1% (880849047552/1274515148395) | 162.9M/s | stage ETA 40:16 | overall ? ETA ? | best -
[b2=24 b1={22}] stage  69.1% (881146769408/1274515148395) | 155.6M/s | stage ETA 42:07 | overall ? ETA ? | best -
[b2=24 b1={22}] stage  69.2% (881432563712/1274515148395) | 148.7M/s | stage ETA 44:03 | overall ? ETA ? | best -
[b2=24 b1={22}] stage  69.2% (881800577024/1274515148395) | 165.9M/s | stage ETA 39:27 | overall ? ETA ? | best -
[b2=24 b1={22}] stage  69.2% (882046230528/1274515148395) | 144.0M/s | stage ETA 45:25 | overall ? ETA ? | best -
[b2=24 b1={22}] stage  69.2% (882466709504/1274515148395) | 176.8M/s | stage ETA 36:57 | overall ? ETA ? | best -
[b2=24 b1={22}] stage  69.3% (882707591168/1274515148395) | 148.4M/s | stage ETA 44:00 | overall ? ETA ? | best -
[b2=24 b1={22}] stage  69.3% (883072147456/1274515148395) | 165.3M/s | stage ETA 39:28 | overall ? ETA ? | best -
[b2=24 b1={22}] stage  69.3% (883357495296/1274515148395) | 153.8M/s | stage ETA 42:23 | overall ? ETA ? | best -
[b2=24 b1={22}] stage  69.3% (883660529664/1274515148395) | 152.5M/s | stage ETA 42:43 | overall ? ETA ? | best -
[b2=24 b1={22}] stage  69.4% (884017422336/1274515148395) | 165.3M/s | stage ETA 39:22 | overall ? ETA ? | best -
[b2=24 b1={22}] stage  69.4% (884264517632/1274515148395) | 144.1M/s | stage ETA 45:09 | overall ? ETA ? | best -
[b2=24 b1={22}] stage  69.4% (884663332864/1274515148395) | 171.3M/s | stage ETA 37:55 | overall ? ETA ? | best -
[b2=24 b1={22}] stage  69.4% (884900859904/1274515148395) | 144.9M/s | stage ETA 44:47 | overall ? ETA ? | best -
[b2=24 b1={22}] stage  69.5% (885266288640/1274515148395) | 163.7M/s | stage ETA 39:37 | overall ? ETA ? | best -
[b2=24 b1={22}] stage  69.5% (885569953792/1274515148395) | 157.4M/s | stage ETA 41:11 | overall ? ETA ? | best -
[b2=24 b1={22}] stage  69.5% (885861314560/1274515148395) | 151.2M/s | stage ETA 42:50 | overall ? ETA ? | best -
[b2=24 b1={22}] stage  69.5% (886315413504/1274515148395) | 188.6M/s | stage ETA 34:17 | overall ? ETA ? | best -
[b2=24 b1={22}] stage  69.6% (886757208064/1274515148395) | 204.6M/s | stage ETA 31:35 | overall ? ETA ? | best -
[b2=24 b1={22}] stage  69.6% (887204466688/1274515148395) | 213.7M/s | stage ETA 30:12 | overall ? ETA ? | best -
[b2=24 b1={22}] stage  69.6% (887656755200/1274515148395) | 219.5M/s | stage ETA 29:22 | overall ? ETA ? | best -
[b2=24 b1={22}] stage  69.7% (887973416960/1274515148395) | 188.7M/s | stage ETA 34:08 | overall ? ETA ? | best -
[b2=24 b1={22}] stage  69.7% (888393568256/1274515148395) | 199.1M/s | stage ETA 32:19 | overall ? ETA ? | best -
[b2=24 b1={22}] stage  69.7% (888841498624/1274515148395) | 211.3M/s | stage ETA 30:25 | overall ? ETA ? | best -
[b2=24 b1={22}] stage  69.8% (889284825088/1274515148395) | 216.5M/s | stage ETA 29:39 | overall ? ETA ? | best -
[b2=24 b1={22}] stage  69.8% (889729523712/1274515148395) | 219.3M/s | stage ETA 29:14 | overall ? ETA ? | best -
[b2=24 b1={22}] stage  69.8% (890173894656/1274515148395) | 220.7M/s | stage ETA 29:01 | overall ? ETA ? | best -
[b2=24 b1={22}] stage  69.9% (890619682816/1274515148395) | 221.6M/s | stage ETA 28:52 | overall ? ETA ? | best -
[b2=24 b1={22}] stage  69.9% (891049398272/1274515148395) | 218.0M/s | stage ETA 29:18 | overall ? ETA ? | best -
[b2=24 b1={22}] stage  69.9% (891439943680/1274515148395) | 206.4M/s | stage ETA 30:56 | overall ? ETA ? | best -
[b2=24 b1={22}] stage  70.0% (891872018432/1274515148395) | 210.9M/s | stage ETA 30:13 | overall ? ETA ? | best -
[b2=24 b1={22}] stage  70.0% (892318248960/1274515148395) | 216.6M/s | stage ETA 29:24 | overall ? ETA ? | best -
[b2=24 b1={22}] stage  70.0% (892765663232/1274515148395) | 220.0M/s | stage ETA 28:55 | overall ? ETA ? | best -
[b2=24 b1={22}] stage  70.1% (893210767360/1274515148395) | 221.0M/s | stage ETA 28:45 | overall ? ETA ? | best -
[b2=24 b1={22}] stage  70.1% (893631594496/1274515148395) | 215.6M/s | stage ETA 29:26 | overall ? ETA ? | best -
[b2=24 b1={22}] stage  70.2% (894077005824/1274515148395) | 218.7M/s | stage ETA 28:59 | overall ? ETA ? | best -
[b2=24 b1={22}] stage  70.2% (894521450496/1274515148395) | 220.3M/s | stage ETA 28:44 | overall ? ETA ? | best -
[b2=24 b1={22}] stage  70.2% (894794129408/1274515148395) | 178.2M/s | stage ETA 35:31 | overall ? ETA ? | best -
[b2=24 b1={22}] stage  70.2% (895095701504/1274515148395) | 164.2M/s | stage ETA 38:30 | overall ? ETA ? | best -
[b2=24 b1={22}] stage  70.3% (895428354048/1274515148395) | 165.1M/s | stage ETA 38:16 | overall ? ETA ? | best -
[b2=24 b1={22}] stage  70.3% (895664713728/1274515148395) | 141.5M/s | stage ETA 44:37 | overall ? ETA ? | best -
[b2=24 b1={22}] stage  70.3% (896080932864/1274515148395) | 174.4M/s | stage ETA 36:10 | overall ? ETA ? | best -
[b2=24 b1={22}] stage  70.3% (896320552960/1274515148395) | 147.1M/s | stage ETA 42:51 | overall ? ETA ? | best -
[b2=24 b1={22}] stage  70.4% (896681484288/1274515148395) | 163.4M/s | stage ETA 38:32 | overall ? ETA ? | best -
[b2=24 b1={22}] stage  70.4% (896962686976/1274515148395) | 152.0M/s | stage ETA 41:24 | overall ? ETA ? | best -
[b2=24 b1={22}] stage  70.4% (897250910208/1274515148395) | 147.9M/s | stage ETA 42:29 | overall ? ETA ? | best -
[b2=24 b1={22}] stage  70.4% (897616498688/1274515148395) | 165.3M/s | stage ETA 38:00 | overall ? ETA ? | best -
[b2=24 b1={22}] stage  70.4% (897850736640/1274515148395) | 141.1M/s | stage ETA 44:30 | overall ? ETA ? | best -
[b2=24 b1={22}] stage  70.5% (898245054464/1274515148395) | 169.0M/s | stage ETA 37:06 | overall ? ETA ? | best -
[b2=24 b1={22}] stage  70.5% (898492022784/1274515148395) | 146.1M/s | stage ETA 42:53 | overall ? ETA ? | best -
[b2=24 b1={22}] stage  70.5% (898822623232/1274515148395) | 155.5M/s | stage ETA 40:15 | overall ? ETA ? | best -
[b2=24 b1={22}] stage  70.5% (899145261056/1274515148395) | 158.1M/s | stage ETA 39:34 | overall ? ETA ? | best -
[b2=24 b1={22}] stage  70.6% (899385151488/1274515148395) | 138.9M/s | stage ETA 45:00 | overall ? ETA ? | best -
[b2=24 b1={22}] stage  70.6% (899775385600/1274515148395) | 166.8M/s | stage ETA 37:27 | overall ? ETA ? | best -
[b2=24 b1={22}] stage  70.6% (899984936960/1274515148395) | 135.6M/s | stage ETA 46:02 | overall ? ETA ? | best -
[b2=24 b1={22}] stage  70.6% (900299534336/1274515148395) | 146.2M/s | stage ETA 42:38 | overall ? ETA ? | best -
[b2=24 b1={22}] stage  70.7% (900622876672/1274515148395) | 153.8M/s | stage ETA 40:31 | overall ? ETA ? | best -
[b2=24 b1={22}] stage  70.7% (900891996160/1274515148395) | 144.1M/s | stage ETA 43:13 | overall ? ETA ? | best -
[b2=24 b1={22}] stage  70.7% (901274066944/1274515148395) | 167.2M/s | stage ETA 37:11 | overall ? ETA ? | best -
[b2=24 b1={22}] stage  70.7% (901515350016/1274515148395) | 143.9M/s | stage ETA 43:12 | overall ? ETA ? | best -
[b2=24 b1={22}] stage  70.8% (901933555712/1274515148395) | 176.4M/s | stage ETA 35:11 | overall ? ETA ? | best -
[b2=24 b1={22}] stage  70.8% (902185639936/1274515148395) | 151.1M/s | stage ETA 41:04 | overall ? ETA ? | best -
[b2=24 b1={22}] stage  70.8% (902515380224/1274515148395) | 157.8M/s | stage ETA 39:17 | overall ? ETA ? | best -
[b2=24 b1={22}] stage  70.8% (902941011968/1274515148395) | 185.2M/s | stage ETA 33:25 | overall ? ETA ? | best -
[b2=24 b1={22}] stage  70.9% (903380488192/1274515148395) | 202.3M/s | stage ETA 30:34 | overall ? ETA ? | best -
[b2=24 b1={22}] stage  70.9% (903828717568/1274515148395) | 212.9M/s | stage ETA 29:00 | overall ? ETA ? | best -
[b2=24 b1={22}] stage  71.0% (904271429632/1274515148395) | 217.0M/s | stage ETA 28:26 | overall ? ETA ? | best -
[b2=24 b1={22}] stage  71.0% (904719515648/1274515148395) | 220.5M/s | stage ETA 27:57 | overall ? ETA ? | best -
[b2=24 b1={22}] stage  71.0% (905168158720/1274515148395) | 222.1M/s | stage ETA 27:43 | overall ? ETA ? | best -
[b2=24 b1={22}] stage  71.1% (905618722816/1274515148395) | 223.4M/s | stage ETA 27:31 | overall ? ETA ? | best -
[b2=24 b1={22}] stage  71.1% (906069516288/1274515148395) | 224.1M/s | stage ETA 27:24 | overall ? ETA ? | best -
[b2=24 b1={22}] stage  71.1% (906518224896/1274515148395) | 224.0M/s | stage ETA 27:23 | overall ? ETA ? | best -
[b2=24 b1={22}] stage  71.2% (906964365312/1274515148395) | 223.2M/s | stage ETA 27:26 | overall ? ETA ? | best -
[b2=24 b1={22}] stage  71.2% (907411685376/1274515148395) | 223.2M/s | stage ETA 27:24 | overall ? ETA ? | best -
[b2=24 b1={22}] stage  71.2% (907860811776/1274515148395) | 223.5M/s | stage ETA 27:20 | overall ? ETA ? | best -
[b2=24 b1={22}] stage  71.3% (908312023040/1274515148395) | 224.3M/s | stage ETA 27:12 | overall ? ETA ? | best -
[b2=24 b1={22}] stage  71.3% (908760133632/1274515148395) | 223.9M/s | stage ETA 27:13 | overall ? ETA ? | best -
[b2=24 b1={22}] stage  71.3% (909208391680/1274515148395) | 223.7M/s | stage ETA 27:12 | overall ? ETA ? | best -
[b2=24 b1={22}] stage  71.4% (909656735744/1274515148395) | 223.7M/s | stage ETA 27:11 | overall ? ETA ? | best -
[b2=24 b1={22}] stage  71.4% (910107009024/1274515148395) | 224.1M/s | stage ETA 27:06 | overall ? ETA ? | best -
[b2=24 b1={22}] stage  71.4% (910475100160/1274515148395) | 203.9M/s | stage ETA 29:45 | overall ? ETA ? | best -
[b2=24 b1={22}] stage  71.5% (910720942080/1274515148395) | 163.3M/s | stage ETA 37:08 | overall ? ETA ? | best -
[b2=24 b1={22}] stage  71.5% (911140487168/1274515148395) | 186.2M/s | stage ETA 32:31 | overall ? ETA ? | best -
[b2=24 b1={22}] stage  71.5% (911386066944/1274515148395) | 154.3M/s | stage ETA 39:12 | overall ? ETA ? | best -
[b2=24 b1={22}] stage  71.5% (911731249152/1274515148395) | 163.3M/s | stage ETA 37:02 | overall ? ETA ? | best -
[b2=24 b1={22}] stage  71.6% (912034668544/1274515148395) | 157.5M/s | stage ETA 38:21 | overall ? ETA ? | best -
[b2=24 b1={22}] stage  71.6% (912320921600/1274515148395) | 150.2M/s | stage ETA 40:11 | overall ? ETA ? | best -
[b2=24 b1={22}] stage  71.6% (912696176640/1274515148395) | 168.8M/s | stage ETA 35:43 | overall ? ETA ? | best -
[b2=24 b1={22}] stage  71.6% (912939319296/1274515148395) | 145.0M/s | stage ETA 41:34 | overall ? ETA ? | best -
[b2=24 b1={22}] stage  71.7% (913344585728/1274515148395) | 173.6M/s | stage ETA 34:40 | overall ? ETA ? | best -
[b2=24 b1={22}] stage  71.7% (913586831360/1274515148395) | 147.3M/s | stage ETA 40:50 | overall ? ETA ? | best -
[b2=24 b1={22}] stage  71.7% (913953406976/1274515148395) | 165.0M/s | stage ETA 36:25 | overall ? ETA ? | best -
[b2=24 b1={22}] stage  71.7% (914260287488/1274515148395) | 158.8M/s | stage ETA 37:47 | overall ? ETA ? | best -
[b2=24 b1={22}] stage  71.8% (914548404224/1274515148395) | 151.3M/s | stage ETA 39:39 | overall ? ETA ? | best -
[b2=24 b1={22}] stage  71.8% (914909741056/1274515148395) | 165.7M/s | stage ETA 36:09 | overall ? ETA ? | best -
[b2=24 b1={22}] stage  71.8% (915151040512/1274515148395) | 143.0M/s | stage ETA 41:53 | overall ? ETA ? | best -
[b2=24 b1={22}] stage  71.8% (915570544640/1274515148395) | 176.1M/s | stage ETA 33:58 | overall ? ETA ? | best -
[b2=24 b1={22}] stage  71.9% (915812917248/1274515148395) | 148.5M/s | stage ETA 40:15 | overall ? ETA ? | best -
[b2=24 b1={22}] stage  71.9% (916178919424/1274515148395) | 165.6M/s | stage ETA 36:03 | overall ? ETA ? | best -
[b2=24 b1={22}] stage  71.9% (916461383680/1274515148395) | 153.4M/s | stage ETA 38:54 | overall ? ETA ? | best -
[b2=24 b1={22}] stage  71.9% (916766466048/1274515148395) | 152.8M/s | stage ETA 39:02 | overall ? ETA ? | best -
[b2=24 b1={22}] stage  72.0% (917131485184/1274515148395) | 167.5M/s | stage ETA 35:33 | overall ? ETA ? | best -
[b2=24 b1={22}] stage  72.0% (917372272640/1274515148395) | 143.8M/s | stage ETA 41:23 | overall ? ETA ? | best -
[b2=24 b1={22}] stage  72.0% (917777231872/1274515148395) | 173.0M/s | stage ETA 34:22 | overall ? ETA ? | best -
[b2=24 b1={22}] stage  72.0% (918023081984/1274515148395) | 147.7M/s | stage ETA 40:12 | overall ? ETA ? | best -
[b2=24 b1={22}] stage  72.1% (918396518400/1274515148395) | 166.8M/s | stage ETA 35:35 | overall ? ETA ? | best -
[b2=24 b1={22}] stage  72.1% (918846590976/1274515148395) | 195.4M/s | stage ETA 30:19 | overall ? ETA ? | best -
[b2=24 b1={22}] stage  72.1% (919243710464/1274515148395) | 197.0M/s | stage ETA 30:03 | overall ? ETA ? | best -
[b2=24 b1={22}] stage  72.2% (919678992384/1274515148395) | 207.0M/s | stage ETA 28:34 | overall ? ETA ? | best -
[b2=24 b1={22}] stage  72.2% (920091779072/1274515148395) | 206.4M/s | stage ETA 28:37 | overall ? ETA ? | best -
[b2=24 b1={22}] stage  72.2% (920515891200/1274515148395) | 209.0M/s | stage ETA 28:14 | overall ? ETA ? | best -
[b2=24 b1={22}] stage  72.3% (920937095168/1274515148395) | 209.5M/s | stage ETA 28:07 | overall ? ETA ? | best -
[b2=24 b1={22}] stage  72.3% (921340923904/1274515148395) | 205.5M/s | stage ETA 28:38 | overall ? ETA ? | best -
[b2=24 b1={22}] stage  72.3% (921779470336/1274515148395) | 212.2M/s | stage ETA 27:42 | overall ? ETA ? | best -
[b2=24 b1={22}] stage  72.4% (922177146880/1274515148395) | 205.3M/s | stage ETA 28:36 | overall ? ETA ? | best -
[b2=24 b1={22}] stage  72.4% (922613690368/1274515148395) | 211.1M/s | stage ETA 27:46 | overall ? ETA ? | best -
[b2=24 b1={22}] stage  72.4% (923026378752/1274515148395) | 208.5M/s | stage ETA 28:06 | overall ? ETA ? | best -
[b2=24 b1={22}] stage  72.5% (923452735488/1274515148395) | 210.6M/s | stage ETA 27:47 | overall ? ETA ? | best -
[b2=24 b1={22}] stage  72.5% (923876282368/1274515148395) | 211.0M/s | stage ETA 27:42 | overall ? ETA ? | best -
[b2=24 b1={22}] stage  72.5% (924282896384/1274515148395) | 207.1M/s | stage ETA 28:11 | overall ? ETA ? | best -
[b2=24 b1={22}] stage  72.6% (924723531776/1274515148395) | 213.4M/s | stage ETA 27:19 | overall ? ETA ? | best -
[b2=24 b1={22}] stage  72.6% (925121224704/1274515148395) | 206.1M/s | stage ETA 28:15 | overall ? ETA ? | best -
[b2=24 b1={22}] stage  72.6% (925558939648/1274515148395) | 212.2M/s | stage ETA 27:24 | overall ? ETA ? | best -
[b2=24 b1={22}] stage  72.7% (925972799488/1274515148395) | 209.2M/s | stage ETA 27:45 | overall ? ETA ? | best -
[b2=24 b1={22}] stage  72.7% (926398541824/1274515148395) | 210.9M/s | stage ETA 27:30 | overall ? ETA ? | best -
[b2=24 b1={22}] stage  72.7% (926819471360/1274515148395) | 210.5M/s | stage ETA 27:31 | overall ? ETA ? | best -
[b2=24 b1={22}] stage  72.8% (927269744640/1274515148395) | 217.2M/s | stage ETA 26:38 | overall ? ETA ? | best -
[b2=24 b1={22}] stage  72.8% (927718014976/1274515148395) | 220.1M/s | stage ETA 26:15 | overall ? ETA ? | best -
[b2=24 b1={22}] stage  72.8% (928169439232/1274515148395) | 222.4M/s | stage ETA 25:57 | overall ? ETA ? | best -
[b2=24 b1={22}] stage  72.9% (928620650496/1274515148395) | 223.6M/s | stage ETA 25:47 | overall ? ETA ? | best -
[b2=24 b1={22}] stage  72.9% (929070874624/1274515148395) | 224.1M/s | stage ETA 25:41 | overall ? ETA ? | best -
[b2=24 b1={22}] stage  72.9% (929520328704/1274515148395) | 224.3M/s | stage ETA 25:37 | overall ? ETA ? | best -
[b2=24 b1={22}] stage  73.0% (929969844224/1274515148395) | 224.3M/s | stage ETA 25:36 | overall ? ETA ? | best -
[b2=24 b1={22}] stage  73.0% (930417967104/1274515148395) | 223.9M/s | stage ETA 25:36 | overall ? ETA ? | best -
[b2=24 b1={22}] stage  73.0% (930869485568/1274515148395) | 224.3M/s | stage ETA 25:31 | overall ? ETA ? | best -
[b2=24 b1={22}] stage  73.1% (931320061952/1274515148395) | 224.4M/s | stage ETA 25:29 | overall ? ETA ? | best -
[b2=24 b1={22}] stage  73.1% (931767779328/1274515148395) | 223.5M/s | stage ETA 25:33 | overall ? ETA ? | best -
[b2=24 b1={22}] stage  73.1% (932216975360/1274515148395) | 223.5M/s | stage ETA 25:31 | overall ? ETA ? | best -
[b2=24 b1={22}] stage  73.2% (932664926208/1274515148395) | 223.7M/s | stage ETA 25:28 | overall ? ETA ? | best -
[b2=24 b1={22}] stage  73.2% (933111861248/1274515148395) | 223.4M/s | stage ETA 25:28 | overall ? ETA ? | best -
[b2=24 b1={22}] stage  73.2% (933559934976/1274515148395) | 223.5M/s | stage ETA 25:25 | overall ? ETA ? | best -
[b2=24 b1={22}] stage  73.3% (934010433536/1274515148395) | 224.1M/s | stage ETA 25:19 | overall ? ETA ? | best -
[b2=24 b1={22}] stage  73.3% (934459568128/1274515148395) | 223.9M/s | stage ETA 25:18 | overall ? ETA ? | best -
[b2=24 b1={22}] stage  73.4% (934878564352/1274515148395) | 216.7M/s | stage ETA 26:07 | overall ? ETA ? | best -
[b2=24 b1={22}] stage  73.4% (935307677696/1274515148395) | 215.4M/s | stage ETA 26:14 | overall ? ETA ? | best -
[b2=24 b1={22}] stage  73.4% (935717400576/1274515148395) | 209.9M/s | stage ETA 26:54 | overall ? ETA ? | best -
[b2=24 b1={22}] stage  73.5% (936154128384/1274515148395) | 213.9M/s | stage ETA 26:22 | overall ? ETA ? | best -
[b2=24 b1={22}] stage  73.5% (936556822528/1274515148395) | 207.4M/s | stage ETA 27:09 | overall ? ETA ? | best -
[b2=24 b1={22}] stage  73.5% (936993189888/1274515148395) | 212.4M/s | stage ETA 26:29 | overall ? ETA ? | best -
[b2=24 b1={22}] stage  73.6% (937407455232/1274515148395) | 209.4M/s | stage ETA 26:49 | overall ? ETA ? | best -
[b2=24 b1={22}] stage  73.6% (937827954688/1274515148395) | 209.5M/s | stage ETA 26:46 | overall ? ETA ? | best -
[b2=24 b1={22}] stage  73.6% (938258890752/1274515148395) | 212.3M/s | stage ETA 26:24 | overall ? ETA ? | best -
[b2=24 b1={22}] stage  73.6% (938666872832/1274515148395) | 208.1M/s | stage ETA 26:54 | overall ? ETA ? | best -
[b2=24 b1={22}] stage  73.7% (939105636352/1274515148395) | 213.4M/s | stage ETA 26:11 | overall ? ETA ? | best -
[b2=24 b1={22}] stage  73.7% (939510722560/1274515148395) | 207.6M/s | stage ETA 26:53 | overall ? ETA ? | best -
[b2=24 b1={22}] stage  73.7% (939943960576/1274515148395) | 212.1M/s | stage ETA 26:17 | overall ? ETA ? | best -
[b2=24 b1={22}] stage  73.8% (940360310784/1274515148395) | 209.8M/s | stage ETA 26:32 | overall ? ETA ? | best -
[b2=24 b1={22}] stage  73.8% (940778827776/1274515148395) | 209.3M/s | stage ETA 26:34 | overall ? ETA ? | best -
[b2=24 b1={22}] stage  73.8% (941210124288/1274515148395) | 212.4M/s | stage ETA 26:09 | overall ? ETA ? | best -
[b2=24 b1={22}] stage  73.9% (941616689152/1274515148395) | 207.8M/s | stage ETA 26:42 | overall ? ETA ? | best -
[b2=24 b1={22}] stage  73.9% (942054117376/1274515148395) | 212.9M/s | stage ETA 26:01 | overall ? ETA ? | best -
[b2=24 b1={22}] stage  73.9% (942457962496/1274515148395) | 207.2M/s | stage ETA 26:42 | overall ? ETA ? | best -
[b2=24 b1={22}] stage  74.0% (942910365696/1274515148395) | 216.4M/s | stage ETA 25:32 | overall ? ETA ? | best -
[b2=24 b1={22}] stage  74.0% (943360561152/1274515148395) | 220.5M/s | stage ETA 25:01 | overall ? ETA ? | best -
[b2=24 b1={22}] stage  74.1% (943807365120/1274515148395) | 221.7M/s | stage ETA 24:51 | overall ? ETA ? | best -
[b2=24 b1={22}] stage  74.1% (944257347584/1274515148395) | 222.7M/s | stage ETA 24:42 | overall ? ETA ? | best -
[b2=24 b1={22}] stage  74.1% (944706416640/1274515148395) | 223.3M/s | stage ETA 24:36 | overall ? ETA ? | best -
[b2=24 b1={22}] stage  74.2% (945155481600/1274515148395) | 223.5M/s | stage ETA 24:33 | overall ? ETA ? | best -
[b2=24 b1={22}] stage  74.2% (945603878912/1274515148395) | 223.7M/s | stage ETA 24:30 | overall ? ETA ? | best -
[b2=24 b1={22}] stage  74.2% (946053197824/1274515148395) | 224.1M/s | stage ETA 24:25 | overall ? ETA ? | best -
[b2=24 b1={22}] stage  74.3% (946503012352/1274515148395) | 224.0M/s | stage ETA 24:24 | overall ? ETA ? | best -
[b2=24 b1={22}] stage  74.3% (946953998336/1274515148395) | 224.5M/s | stage ETA 24:18 | overall ? ETA ? | best -
[b2=24 b1={22}] stage  74.3% (947406086144/1274515148395) | 224.9M/s | stage ETA 24:14 | overall ? ETA ? | best -
[b2=24 b1={22}] stage  74.4% (947857932288/1274515148395) | 224.9M/s | stage ETA 24:12 | overall ? ETA ? | best -
[b2=24 b1={22}] stage  74.4% (948308602880/1274515148395) | 224.8M/s | stage ETA 24:10 | overall ? ETA ? | best -
[b2=24 b1={22}] stage  74.4% (948761227264/1274515148395) | 225.3M/s | stage ETA 24:05 | overall ? ETA ? | best -
[b2=24 b1={22}] stage  74.5% (949211602944/1274515148395) | 225.0M/s | stage ETA 24:05 | overall ? ETA ? | best -
[b2=24 b1={22}] stage  74.5% (949663121408/1274515148395) | 225.3M/s | stage ETA 24:02 | overall ? ETA ? | best -
[b2=24 b1={22}] stage  74.5% (950114775040/1274515148395) | 225.1M/s | stage ETA 24:01 | overall ? ETA ? | best -
[b2=24 b1={22}] stage  74.6% (950561185792/1274515148395) | 223.9M/s | stage ETA 24:06 | overall ? ETA ? | best -
[b2=24 b1={22}] stage  74.6% (951007526912/1274515148395) | 223.5M/s | stage ETA 24:07 | overall ? ETA ? | best -
[b2=24 b1={22}] stage  74.7% (951425761280/1274515148395) | 215.9M/s | stage ETA 24:56 | overall ? ETA ? | best -
[b2=24 b1={22}] stage  74.7% (951830290432/1274515148395) | 208.6M/s | stage ETA 25:46 | overall ? ETA ? | best -
[b2=24 b1={22}] stage  74.7% (952233439232/1274515148395) | 205.1M/s | stage ETA 26:11 | overall ? ETA ? | best -
[b2=24 b1={22}] stage  74.7% (952667119616/1274515148395) | 210.6M/s | stage ETA 25:28 | overall ? ETA ? | best -
[b2=24 b1={22}] stage  74.8% (953062924288/1274515148395) | 204.0M/s | stage ETA 26:15 | overall ? ETA ? | best -
[b2=24 b1={22}] stage  74.8% (953501302784/1274515148395) | 211.3M/s | stage ETA 25:19 | overall ? ETA ? | best -
[b2=24 b1={22}] stage  74.8% (953908080640/1274515148395) | 207.1M/s | stage ETA 25:48 | overall ? ETA ? | best -
[b2=24 b1={22}] stage  74.9% (954341081088/1274515148395) | 208.2M/s | stage ETA 25:38 | overall ? ETA ? | best -
[b2=24 b1={22}] stage  74.9% (954751619072/1274515148395) | 206.2M/s | stage ETA 25:50 | overall ? ETA ? | best -
[b2=24 b1={22}] stage  74.9% (955159298048/1274515148395) | 205.0M/s | stage ETA 25:57 | overall ? ETA ? | best -
[b2=24 b1={22}] stage  75.0% (955592994816/1274515148395) | 210.5M/s | stage ETA 25:15 | overall ? ETA ? | best -
[b2=24 b1={22}] stage  75.0% (955989536768/1274515148395) | 203.9M/s | stage ETA 26:01 | overall ? ETA ? | best -
[b2=24 b1={22}] stage  75.0% (956430327808/1274515148395) | 211.7M/s | stage ETA 25:02 | overall ? ETA ? | best -
[b2=24 b1={22}] stage  75.1% (956835614720/1274515148395) | 207.0M/s | stage ETA 25:34 | overall ? ETA ? | best -
[b2=24 b1={22}] stage  75.1% (957261201408/1274515148395) | 209.7M/s | stage ETA 25:12 | overall ? ETA ? | best -
[b2=24 b1={22}] stage  75.1% (957681352704/1274515148395) | 209.8M/s | stage ETA 25:10 | overall ? ETA ? | best -
[b2=24 b1={22}] stage  75.2% (958095781888/1274515148395) | 208.3M/s | stage ETA 25:18 | overall ? ETA ? | best -
[b2=24 b1={22}] stage  75.2% (958528671744/1274515148395) | 211.9M/s | stage ETA 24:51 | overall ? ETA ? | best -
[b2=24 b1={22}] stage  75.2% (958927200256/1274515148395) | 205.3M/s | stage ETA 25:37 | overall ? ETA ? | best -
[b2=24 b1={22}] stage  75.3% (959375437824/1274515148395) | 214.4M/s | stage ETA 24:29 | overall ? ETA ? | best -
[b2=24 b1={22}] stage  75.3% (959824224256/1274515148395) | 219.1M/s | stage ETA 23:56 | overall ? ETA ? | best -
[b2=24 b1={22}] stage  75.3% (960276258816/1274515148395) | 222.1M/s | stage ETA 23:34 | overall ? ETA ? | best -
[b2=24 b1={22}] stage  75.4% (960727330816/1274515148395) | 223.5M/s | stage ETA 23:23 | overall ? ETA ? | best -
[b2=24 b1={22}] stage  75.4% (961178607616/1274515148395) | 224.3M/s | stage ETA 23:17 | overall ? ETA ? | best -
[b2=24 b1={22}] stage  75.5% (961629655040/1274515148395) | 224.7M/s | stage ETA 23:12 | overall ? ETA ? | best -
[b2=24 b1={22}] stage  75.5% (962079989760/1274515148395) | 224.1M/s | stage ETA 23:14 | overall ? ETA ? | best -
[b2=24 b1={22}] stage  75.5% (962526818304/1274515148395) | 223.6M/s | stage ETA 23:15 | overall ? ETA ? | best -
[b2=24 b1={22}] stage  75.6% (962976768000/1274515148395) | 223.8M/s | stage ETA 23:11 | overall ? ETA ? | best -
[b2=24 b1={22}] stage  75.6% (963420811264/1274515148395) | 222.6M/s | stage ETA 23:17 | overall ? ETA ? | best -
[b2=24 b1={22}] stage  75.6% (963870560256/1274515148395) | 223.2M/s | stage ETA 23:11 | overall ? ETA ? | best -
[b2=24 b1={22}] stage  75.7% (964317827072/1274515148395) | 222.9M/s | stage ETA 23:11 | overall ? ETA ? | best -
[b2=24 b1={22}] stage  75.7% (964765151232/1274515148395) | 222.9M/s | stage ETA 23:09 | overall ? ETA ? | best -
[b2=24 b1={22}] stage  75.7% (965213855744/1274515148395) | 223.6M/s | stage ETA 23:03 | overall ? ETA ? | best -
[b2=24 b1={22}] stage  75.8% (965660135424/1274515148395) | 223.0M/s | stage ETA 23:05 | overall ? ETA ? | best -
[b2=24 b1={22}] stage  75.8% (966103175168/1274515148395) | 222.1M/s | stage ETA 23:08 | overall ? ETA ? | best -
[b2=24 b1={22}] stage  75.8% (966551867392/1274515148395) | 223.0M/s | stage ETA 23:01 | overall ? ETA ? | best -
[b2=24 b1={22}] stage  75.9% (966999937024/1274515148395) | 223.4M/s | stage ETA 22:56 | overall ? ETA ? | best -
[b2=24 b1={22}] stage  75.9% (967393906688/1274515148395) | 209.6M/s | stage ETA 24:24 | overall ? ETA ? | best -
[b2=24 b1={22}] stage  75.9% (967825522688/1274515148395) | 212.2M/s | stage ETA 24:05 | overall ? ETA ? | best -
[b2=24 b1={22}] stage  76.0% (968225144832/1274515148395) | 205.9M/s | stage ETA 24:47 | overall ? ETA ? | best -
[b2=24 b1={22}] stage  76.0% (968651874304/1274515148395) | 209.3M/s | stage ETA 24:21 | overall ? ETA ? | best -
[b2=24 b1={22}] stage  76.0% (969067892736/1274515148395) | 208.3M/s | stage ETA 24:26 | overall ? ETA ? | best -
[b2=24 b1={22}] stage  76.1% (969471983616/1274515148395) | 205.0M/s | stage ETA 24:48 | overall ? ETA ? | best -
[b2=24 b1={22}] stage  76.1% (969901944832/1274515148395) | 209.7M/s | stage ETA 24:12 | overall ? ETA ? | best -
[b2=24 b1={22}] stage  76.1% (970301370368/1274515148395) | 204.2M/s | stage ETA 24:49 | overall ? ETA ? | best -
[b2=24 b1={22}] stage  76.2% (970737631232/1274515148395) | 210.7M/s | stage ETA 24:01 | overall ? ETA ? | best -
[b2=24 b1={22}] stage  76.2% (971140763648/1274515148395) | 205.5M/s | stage ETA 24:36 | overall ? ETA ? | best -
[b2=24 b1={22}] stage  76.2% (971571601408/1274515148395) | 210.1M/s | stage ETA 24:01 | overall ? ETA ? | best -
[b2=24 b1={22}] stage  76.3% (971985125376/1274515148395) | 208.3M/s | stage ETA 24:12 | overall ? ETA ? | best -
[b2=24 b1={22}] stage  76.3% (972402954240/1274515148395) | 207.9M/s | stage ETA 24:12 | overall ? ETA ? | best -
[b2=24 b1={22}] stage  76.3% (972833144832/1274515148395) | 211.0M/s | stage ETA 23:50 | overall ? ETA ? | best -
[b2=24 b1={22}] stage  76.4% (973239304192/1274515148395) | 206.7M/s | stage ETA 24:17 | overall ? ETA ? | best -
[b2=24 b1={22}] stage  76.4% (973675028480/1274515148395) | 211.7M/s | stage ETA 23:41 | overall ? ETA ? | best -
[b2=24 b1={22}] stage  76.4% (974069555200/1274515148395) | 203.9M/s | stage ETA 24:33 | overall ? ETA ? | best -
[b2=24 b1={22}] stage  76.5% (974500913152/1274515148395) | 209.3M/s | stage ETA 23:53 | overall ? ETA ? | best -
[b2=24 b1={22}] stage  76.5% (974901932032/1274515148395) | 204.7M/s | stage ETA 24:23 | overall ? ETA ? | best -
[b2=24 b1={22}] stage  76.5% (975347400704/1274515148395) | 213.5M/s | stage ETA 23:21 | overall ? ETA ? | best -
[b2=24 b1={22}] stage  76.6% (975793328128/1274515148395) | 218.1M/s | stage ETA 22:49 | overall ? ETA ? | best -
[b2=24 b1={22}] stage  76.6% (976235884544/1274515148395) | 219.5M/s | stage ETA 22:39 | overall ? ETA ? | best -
[b2=24 b1={22}] stage  76.6% (976687640576/1274515148395) | 222.1M/s | stage ETA 22:20 | overall ? ETA ? | best -
[b2=24 b1={22}] stage  76.7% (977138585600/1274515148395) | 223.2M/s | stage ETA 22:12 | overall ? ETA ? | best -
[b2=24 b1={22}] stage  76.7% (977588502528/1274515148395) | 223.6M/s | stage ETA 22:08 | overall ? ETA ? | best -
[b2=24 b1={22}] stage  76.7% (978039869440/1274515148395) | 224.0M/s | stage ETA 22:03 | overall ? ETA ? | best -
[b2=24 b1={22}] stage  76.8% (978491138048/1274515148395) | 224.3M/s | stage ETA 21:59 | overall ? ETA ? | best -
[b2=24 b1={22}] stage  76.8% (978940456960/1274515148395) | 224.0M/s | stage ETA 21:59 | overall ? ETA ? | best -
[b2=24 b1={22}] stage  76.8% (979387822080/1274515148395) | 223.7M/s | stage ETA 21:59 | overall ? ETA ? | best -
[b2=24 b1={22}] stage  76.9% (979835150336/1274515148395) | 223.6M/s | stage ETA 21:58 | overall ? ETA ? | best -
[b2=24 b1={22}] stage  76.9% (980283224064/1274515148395) | 223.6M/s | stage ETA 21:55 | overall ? ETA ? | best -
[b2=24 b1={22}] stage  76.9% (980732424192/1274515148395) | 223.4M/s | stage ETA 21:55 | overall ? ETA ? | best -
[b2=24 b1={22}] stage  77.0% (981181554688/1274515148395) | 223.4M/s | stage ETA 21:53 | overall ? ETA ? | best -
[b2=24 b1={22}] stage  77.0% (981630611456/1274515148395) | 223.4M/s | stage ETA 21:50 | overall ? ETA ? | best -
[b2=24 b1={22}] stage  77.1% (982080434176/1274515148395) | 223.3M/s | stage ETA 21:49 | overall ? ETA ? | best -
[b2=24 b1={22}] stage  77.1% (982527856640/1274515148395) | 223.1M/s | stage ETA 21:49 | overall ? ETA ? | best -
[b2=24 b1={22}] stage  77.1% (982976839680/1274515148395) | 223.2M/s | stage ETA 21:46 | overall ? ETA ? | best -
[b2=24 b1={22}] stage  77.2% (983424921600/1274515148395) | 223.5M/s | stage ETA 21:42 | overall ? ETA ? | best -
[b2=24 b1={22}] stage  77.2% (983841091584/1274515148395) | 215.3M/s | stage ETA 22:30 | overall ? ETA ? | best -
[b2=24 b1={22}] stage  77.2% (984271872000/1274515148395) | 214.8M/s | stage ETA 22:31 | overall ? ETA ? | best -
[b2=24 b1={22}] stage  77.3% (984671162368/1274515148395) | 206.7M/s | stage ETA 23:22 | overall ? ETA ? | best -
[b2=24 b1={22}] stage  77.3% (985113894912/1274515148395) | 213.6M/s | stage ETA 22:34 | overall ? ETA ? | best -
[b2=24 b1={22}] stage  77.3% (985520148480/1274515148395) | 207.7M/s | stage ETA 23:11 | overall ? ETA ? | best -
[b2=24 b1={22}] stage  77.4% (985945694208/1274515148395) | 210.2M/s | stage ETA 22:52 | overall ? ETA ? | best -
[b2=24 b1={22}] stage  77.4% (986368974848/1274515148395) | 210.3M/s | stage ETA 22:50 | overall ? ETA ? | best -
[b2=24 b1={22}] stage  77.4% (986783653888/1274515148395) | 208.4M/s | stage ETA 23:00 | overall ? ETA ? | best -
[b2=24 b1={22}] stage  77.5% (987215511552/1274515148395) | 211.9M/s | stage ETA 22:35 | overall ? ETA ? | best -
[b2=24 b1={22}] stage  77.5% (987611660288/1274515148395) | 205.0M/s | stage ETA 23:19 | overall ? ETA ? | best -
[b2=24 b1={22}] stage  77.5% (988055142400/1274515148395) | 212.8M/s | stage ETA 22:26 | overall ? ETA ? | best -
[b2=24 b1={22}] stage  77.6% (988460150784/1274515148395) | 207.2M/s | stage ETA 23:00 | overall ? ETA ? | best -
[b2=24 b1={22}] stage  77.6% (988886872064/1274515148395) | 209.7M/s | stage ETA 22:41 | overall ? ETA ? | best -
[b2=24 b1={22}] stage  77.6% (989310246912/1274515148395) | 210.2M/s | stage ETA 22:36 | overall ? ETA ? | best -
[b2=24 b1={22}] stage  77.7% (989725204480/1274515148395) | 208.6M/s | stage ETA 22:45 | overall ? ETA ? | best -
[b2=24 b1={22}] stage  77.7% (990158675968/1274515148395) | 212.3M/s | stage ETA 22:19 | overall ? ETA ? | best -
[b2=24 b1={22}] stage  77.7% (990556942336/1274515148395) | 205.3M/s | stage ETA 23:02 | overall ? ETA ? | best -
[b2=24 b1={22}] stage  77.8% (990997577728/1274515148395) | 212.3M/s | stage ETA 22:15 | overall ? ETA ? | best -
[b2=24 b1={22}] stage  77.8% (991405436928/1274515148395) | 207.5M/s | stage ETA 22:44 | overall ? ETA ? | best -
[b2=24 b1={22}] stage  77.8% (991853588480/1274515148395) | 215.1M/s | stage ETA 21:54 | overall ? ETA ? | best -
[b2=24 b1={22}] stage  77.9% (992302125056/1274515148395) | 219.0M/s | stage ETA 21:28 | overall ? ETA ? | best -
[b2=24 b1={22}] stage  77.9% (992747020288/1274515148395) | 220.7M/s | stage ETA 21:16 | overall ? ETA ? | best -
[b2=24 b1={22}] stage  77.9% (993194700800/1274515148395) | 221.7M/s | stage ETA 21:08 | overall ? ETA ? | best -
[b2=24 b1={22}] stage  78.0% (993643806720/1274515148395) | 223.0M/s | stage ETA 20:59 | overall ? ETA ? | best -
[b2=24 b1={22}] stage  78.0% (994091147264/1274515148395) | 222.9M/s | stage ETA 20:58 | overall ? ETA ? | best -
[b2=24 b1={22}] stage  78.0% (994539667456/1274515148395) | 223.2M/s | stage ETA 20:54 | overall ? ETA ? | best -
[b2=24 b1={22}] stage  78.1% (994989690880/1274515148395) | 223.7M/s | stage ETA 20:49 | overall ? ETA ? | best -
[b2=24 b1={22}] stage  78.1% (995436294144/1274515148395) | 223.4M/s | stage ETA 20:49 | overall ? ETA ? | best -
[b2=24 b1={22}] stage  78.1% (995884552192/1274515148395) | 223.2M/s | stage ETA 20:48 | overall ? ETA ? | best -
[b2=24 b1={22}] stage  78.2% (996329689088/1274515148395) | 222.9M/s | stage ETA 20:48 | overall ? ETA ? | best -
[b2=24 b1={22}] stage  78.2% (996777615360/1274515148395) | 223.2M/s | stage ETA 20:44 | overall ? ETA ? | best -
[b2=24 b1={22}] stage  78.2% (997230010368/1274515148395) | 223.8M/s | stage ETA 20:39 | overall ? ETA ? | best -
[b2=24 b1={22}] stage  78.3% (997677019136/1274515148395) | 223.3M/s | stage ETA 20:39 | overall ? ETA ? | best -
[b2=24 b1={22}] stage  78.3% (998124638208/1274515148395) | 222.8M/s | stage ETA 20:40 | overall ? ETA ? | best -
[b2=24 b1={22}] stage  78.3% (998570618880/1274515148395) | 222.4M/s | stage ETA 20:41 | overall ? ETA ? | best -
[b2=24 b1={22}] stage  78.4% (999019032576/1274515148395) | 222.7M/s | stage ETA 20:37 | overall ? ETA ? | best -
[b2=24 b1={22}] stage  78.4% (999460884480/1274515148395) | 221.6M/s | stage ETA 20:41 | overall ? ETA ? | best -
[b2=24 b1={22}] stage  78.5% (999865282560/1274515148395) | 211.8M/s | stage ETA 21:36 | overall ? ETA ? | best -
[b2=24 b1={22}] stage  78.5% (1000291708928/1274515148395) | 212.3M/s | stage ETA 21:31 | overall ? ETA ? | best -
[b2=24 b1={22}] stage  78.5% (1000712404992/1274515148395) | 210.9M/s | stage ETA 21:38 | overall ? ETA ? | best -
[b2=24 b1={22}] stage  78.5% (1001127309312/1274515148395) | 208.9M/s | stage ETA 21:48 | overall ? ETA ? | best -
[b2=24 b1={22}] stage  78.6% (1001561001984/1274515148395) | 212.3M/s | stage ETA 21:25 | overall ? ETA ? | best -
[b2=24 b1={22}] stage  78.6% (1001959927808/1274515148395) | 205.7M/s | stage ETA 22:05 | overall ? ETA ? | best -
[b2=24 b1={22}] stage  78.6% (1002404163584/1274515148395) | 213.2M/s | stage ETA 21:16 | overall ? ETA ? | best -
[b2=24 b1={22}] stage  78.7% (1002803281920/1274515148395) | 206.0M/s | stage ETA 21:59 | overall ? ETA ? | best -
[b2=24 b1={22}] stage  78.7% (1003227664384/1274515148395) | 208.4M/s | stage ETA 21:41 | overall ? ETA ? | best -
[b2=24 b1={22}] stage  78.7% (1003648208896/1274515148395) | 209.0M/s | stage ETA 21:35 | overall ? ETA ? | best -
[b2=24 b1={22}] stage  78.8% (1004066660352/1274515148395) | 208.6M/s | stage ETA 21:36 | overall ? ETA ? | best -
[b2=24 b1={22}] stage  78.8% (1004497809408/1274515148395) | 211.8M/s | stage ETA 21:15 | overall ? ETA ? | best -
[b2=24 b1={22}] stage  78.8% (1004897943552/1274515148395) | 205.4M/s | stage ETA 21:52 | overall ? ETA ? | best -
[b2=24 b1={22}] stage  78.9% (1005339430912/1274515148395) | 212.9M/s | stage ETA 21:04 | overall ? ETA ? | best -
[b2=24 b1={22}] stage  78.9% (1005742333952/1274515148395) | 207.1M/s | stage ETA 21:37 | overall ? ETA ? | best -
[b2=24 b1={22}] stage  78.9% (1006169579520/1274515148395) | 209.8M/s | stage ETA 21:19 | overall ? ETA ? | best -
[b2=24 b1={22}] stage  79.0% (1006588514304/1274515148395) | 209.5M/s | stage ETA 21:18 | overall ? ETA ? | best -
[b2=24 b1={22}] stage  79.0% (1007003594752/1274515148395) | 207.9M/s | stage ETA 21:26 | overall ? ETA ? | best -
[b2=24 b1={22}] stage  79.0% (1007434035200/1274515148395) | 211.0M/s | stage ETA 21:05 | overall ? ETA ? | best -
[b2=24 b1={22}] stage  79.1% (1007883005952/1274515148395) | 217.2M/s | stage ETA 20:27 | overall ? ETA ? | best -
[b2=24 b1={22}] stage  79.1% (1008334585856/1274515148395) | 220.9M/s | stage ETA 20:05 | overall ? ETA ? | best -
[b2=24 b1={22}] stage  79.2% (1008784711680/1274515148395) | 222.4M/s | stage ETA 19:54 | overall ? ETA ? | best -
[b2=24 b1={22}] stage  79.2% (1009232936960/1274515148395) | 223.2M/s | stage ETA 19:48 | overall ? ETA ? | best -
[b2=24 b1={22}] stage  79.2% (1009679507456/1274515148395) | 222.9M/s | stage ETA 19:48 | overall ? ETA ? | best -
[b2=24 b1={22}] stage  79.3% (1010127294464/1274515148395) | 223.0M/s | stage ETA 19:45 | overall ? ETA ? | best -
[b2=24 b1={22}] stage  79.3% (1010577154048/1274515148395) | 223.7M/s | stage ETA 19:39 | overall ? ETA ? | best -
[b2=24 b1={22}] stage  79.3% (1011027886080/1274515148395) | 224.3M/s | stage ETA 19:34 | overall ? ETA ? | best -
[b2=24 b1={22}] stage  79.4% (1011477479424/1274515148395) | 224.4M/s | stage ETA 19:31 | overall ? ETA ? | best -
[b2=24 b1={22}] stage  79.4% (1011927699456/1274515148395) | 224.4M/s | stage ETA 19:30 | overall ? ETA ? | best -
[b2=24 b1={22}] stage  79.4% (1012379561984/1274515148395) | 224.9M/s | stage ETA 19:25 | overall ? ETA ? | best -
[b2=24 b1={22}] stage  79.5% (1012831313920/1274515148395) | 225.3M/s | stage ETA 19:21 | overall ? ETA ? | best -
[b2=24 b1={22}] stage  79.5% (1013281923072/1274515148395) | 224.9M/s | stage ETA 19:21 | overall ? ETA ? | best -
[b2=24 b1={22}] stage  79.5% (1013730172928/1274515148395) | 224.7M/s | stage ETA 19:20 | overall ? ETA ? | best -
[b2=24 b1={22}] stage  79.6% (1014180511744/1274515148395) | 224.6M/s | stage ETA 19:19 | overall ? ETA ? | best -
[b2=24 b1={22}] stage  79.6% (1014628073472/1274515148395) | 224.1M/s | stage ETA 19:19 | overall ? ETA ? | best -
[b2=24 b1={22}] stage  79.6% (1015078068224/1274515148395) | 224.1M/s | stage ETA 19:17 | overall ? ETA ? | best -
[b2=24 b1={22}] stage  79.7% (1015529779200/1274515148395) | 224.3M/s | stage ETA 19:14 | overall ? ETA ? | best -
[b2=24 b1={22}] stage  79.7% (1015977226240/1274515148395) | 223.5M/s | stage ETA 19:16 | overall ? ETA ? | best -
[b2=24 b1={22}] stage  79.7% (1016378871808/1274515148395) | 211.6M/s | stage ETA 20:19 | overall ? ETA ? | best -
[b2=24 b1={22}] stage  79.8% (1016810303488/1274515148395) | 213.2M/s | stage ETA 20:08 | overall ? ETA ? | best -
[b2=24 b1={22}] stage  79.8% (1017228869632/1274515148395) | 210.7M/s | stage ETA 20:21 | overall ? ETA ? | best -
[b2=24 b1={22}] stage  79.8% (1017646592000/1274515148395) | 209.5M/s | stage ETA 20:26 | overall ? ETA ? | best -
[b2=24 b1={22}] stage  79.9% (1018072473600/1274515148395) | 210.7M/s | stage ETA 20:16 | overall ? ETA ? | best -
[b2=24 b1={22}] stage  79.9% (1018474708992/1274515148395) | 205.6M/s | stage ETA 20:45 | overall ? ETA ? | best -
[b2=24 b1={22}] stage  79.9% (1018907615232/1274515148395) | 210.4M/s | stage ETA 20:14 | overall ? ETA ? | best -
[b2=24 b1={22}] stage  80.0% (1019294453760/1274515148395) | 201.5M/s | stage ETA 21:06 | overall ? ETA ? | best -
[b2=24 b1={22}] stage  80.0% (1019729268736/1274515148395) | 209.1M/s | stage ETA 20:18 | overall ? ETA ? | best -
[b2=24 b1={22}] stage  80.0% (1020135886848/1274515148395) | 205.7M/s | stage ETA 20:36 | overall ? ETA ? | best -
[b2=24 b1={22}] stage  80.1% (1020556787712/1274515148395) | 207.9M/s | stage ETA 20:21 | overall ? ETA ? | best -
[b2=24 b1={22}] stage  80.1% (1020979564544/1274515148395) | 209.3M/s | stage ETA 20:11 | overall ? ETA ? | best -
[b2=24 b1={22}] stage  80.1% (1021386731520/1274515148395) | 205.9M/s | stage ETA 20:29 | overall ? ETA ? | best -
[b2=24 b1={22}] stage  80.2% (1021824684032/1274515148395) | 212.0M/s | stage ETA 19:51 | overall ? ETA ? | best -
[b2=24 b1={22}] stage  80.2% (1022220726272/1274515148395) | 204.9M/s | stage ETA 20:31 | overall ? ETA ? | best -
[b2=24 b1={22}] stage  80.2% (1022653952000/1274515148395) | 210.5M/s | stage ETA 19:56 | overall ? ETA ? | best -
[b2=24 b1={22}] stage  80.3% (1023064961024/1274515148395) | 207.5M/s | stage ETA 20:11 | overall ? ETA ? | best -
[b2=24 b1={22}] stage  80.3% (1023486189568/1274515148395) | 209.0M/s | stage ETA 20:01 | overall ? ETA ? | best -
[b2=24 b1={22}] stage  80.3% (1023902187520/1274515148395) | 208.5M/s | stage ETA 20:02 | overall ? ETA ? | best -
[b2=24 b1={22}] stage  80.4% (1024347439104/1274515148395) | 215.5M/s | stage ETA 19:21 | overall ? ETA ? | best -
[b2=24 b1={22}] stage  80.4% (1024795164672/1274515148395) | 219.2M/s | stage ETA 18:59 | overall ? ETA ? | best -
[b2=24 b1={22}] stage  80.4% (1025241784320/1274515148395) | 220.7M/s | stage ETA 18:49 | overall ? ETA ? | best -
[b2=24 b1={22}] stage  80.5% (1025688166400/1274515148395) | 221.8M/s | stage ETA 18:42 | overall ? ETA ? | best -
[b2=24 b1={22}] stage  80.5% (1026133807104/1274515148395) | 221.9M/s | stage ETA 18:39 | overall ? ETA ? | best -
[b2=24 b1={22}] stage  80.5% (1026581823488/1274515148395) | 222.4M/s | stage ETA 18:35 | overall ? ETA ? | best -
[b2=24 b1={22}] stage  80.6% (1027031240704/1274515148395) | 223.0M/s | stage ETA 18:29 | overall ? ETA ? | best -
[b2=24 b1={22}] stage  80.6% (1027481563136/1274515148395) | 223.7M/s | stage ETA 18:24 | overall ? ETA ? | best -
[b2=24 b1={22}] stage  80.7% (1027922624512/1274515148395) | 222.1M/s | stage ETA 18:30 | overall ? ETA ? | best -
[b2=24 b1={22}] stage  80.7% (1028362862592/1274515148395) | 220.6M/s | stage ETA 18:35 | overall ? ETA ? | best -
[b2=24 b1={22}] stage  80.7% (1028809617408/1274515148395) | 221.6M/s | stage ETA 18:28 | overall ? ETA ? | best -
[b2=24 b1={22}] stage  80.8% (1029255503872/1274515148395) | 221.8M/s | stage ETA 18:25 | overall ? ETA ? | best -
[b2=24 b1={22}] stage  80.8% (1029703888896/1274515148395) | 222.8M/s | stage ETA 18:18 | overall ? ETA ? | best -
[b2=24 b1={22}] stage  80.8% (1030151446528/1274515148395) | 223.1M/s | stage ETA 18:15 | overall ? ETA ? | best -
[b2=24 b1={22}] stage  80.9% (1030600962048/1274515148395) | 223.1M/s | stage ETA 18:13 | overall ? ETA ? | best -
[b2=24 b1={22}] stage  80.9% (1031033462784/1274515148395) | 219.3M/s | stage ETA 18:30 | overall ? ETA ? | best -
[b2=24 b1={22}] stage  80.9% (1031478910976/1274515148395) | 220.8M/s | stage ETA 18:20 | overall ? ETA ? | best -
[b2=24 b1={22}] stage  81.0% (1031903207424/1274515148395) | 216.3M/s | stage ETA 18:41 | overall ? ETA ? | best -
[b2=24 b1={22}] stage  81.0% (1032318947328/1274515148395) | 211.8M/s | stage ETA 19:03 | overall ? ETA ? | best -
[b2=24 b1={22}] stage  81.0% (1032733720576/1274515148395) | 209.3M/s | stage ETA 19:15 | overall ? ETA ? | best -
[b2=24 b1={22}] stage  81.1% (1033160556544/1274515148395) | 211.1M/s | stage ETA 19:03 | overall ? ETA ? | best -
[b2=24 b1={22}] stage  81.1% (1033560121344/1274515148395) | 205.3M/s | stage ETA 19:33 | overall ? ETA ? | best -
[b2=24 b1={22}] stage  81.1% (1034002526208/1274515148395) | 212.6M/s | stage ETA 18:51 | overall ? ETA ? | best -
[b2=24 b1={22}] stage  81.2% (1034402099200/1274515148395) | 206.0M/s | stage ETA 19:25 | overall ? ETA ? | best -
[b2=24 b1={22}] stage  81.2% (1034830770176/1274515148395) | 209.8M/s | stage ETA 19:02 | overall ? ETA ? | best -
[b2=24 b1={22}] stage  81.2% (1035245821952/1274515148395) | 208.2M/s | stage ETA 19:08 | overall ? ETA ? | best -
[b2=24 b1={22}] stage  81.3% (1035663335424/1274515148395) | 208.5M/s | stage ETA 19:05 | overall ? ETA ? | best -
[b2=24 b1={22}] stage  81.3% (1036088827904/1274515148395) | 210.0M/s | stage ETA 18:55 | overall ? ETA ? | best -
[b2=24 b1={22}] stage  81.3% (1036494098432/1274515148395) | 205.7M/s | stage ETA 19:17 | overall ? ETA ? | best -
[b2=24 b1={22}] stage  81.4% (1036934823936/1274515148395) | 212.6M/s | stage ETA 18:37 | overall ? ETA ? | best -
[b2=24 b1={22}] stage  81.4% (1037330874368/1274515148395) | 205.0M/s | stage ETA 19:17 | overall ? ETA ? | best -
[b2=24 b1={22}] stage  81.4% (1037760233472/1274515148395) | 209.2M/s | stage ETA 18:51 | overall ? ETA ? | best -
[b2=24 b1={22}] stage  81.5% (1038170025984/1274515148395) | 206.8M/s | stage ETA 19:02 | overall ? ETA ? | best -
[b2=24 b1={22}] stage  81.5% (1038588567552/1274515148395) | 207.9M/s | stage ETA 18:54 | overall ? ETA ? | best -
[b2=24 b1={22}] stage  81.5% (1039009202176/1274515148395) | 209.0M/s | stage ETA 18:46 | overall ? ETA ? | best -
[b2=24 b1={22}] stage  81.6% (1039414702080/1274515148395) | 205.7M/s | stage ETA 19:02 | overall ? ETA ? | best -
[b2=24 b1={22}] stage  81.6% (1039852724224/1274515148395) | 212.1M/s | stage ETA 18:26 | overall ? ETA ? | best -
[b2=24 b1={22}] stage  81.6% (1040297975808/1274515148395) | 216.6M/s | stage ETA 18:01 | overall ? ETA ? | best -
[b2=24 b1={22}] stage  81.7% (1040738877440/1274515148395) | 217.8M/s | stage ETA 17:53 | overall ? ETA ? | best -
[b2=24 b1={22}] stage  81.7% (1041186885632/1274515148395) | 220.3M/s | stage ETA 17:39 | overall ? ETA ? | best -
[b2=24 b1={22}] stage  81.7% (1041631797248/1274515148395) | 221.3M/s | stage ETA 17:32 | overall ? ETA ? | best -
[b2=24 b1={22}] stage  81.8% (1042077274112/1274515148395) | 221.7M/s | stage ETA 17:28 | overall ? ETA ? | best -
[b2=24 b1={22}] stage  81.8% (1042524303360/1274515148395) | 222.5M/s | stage ETA 17:22 | overall ? ETA ? | best -
[b2=24 b1={22}] stage  81.8% (1042972176384/1274515148395) | 222.5M/s | stage ETA 17:20 | overall ? ETA ? | best -
[b2=24 b1={22}] stage  81.9% (1043418845184/1274515148395) | 222.8M/s | stage ETA 17:17 | overall ? ETA ? | best -
[b2=24 b1={22}] stage  81.9% (1043866673152/1274515148395) | 222.8M/s | stage ETA 17:15 | overall ? ETA ? | best -
[b2=24 b1={22}] stage  81.9% (1044311932928/1274515148395) | 222.2M/s | stage ETA 17:16 | overall ? ETA ? | best -
[b2=24 b1={22}] stage  82.0% (1044757794816/1274515148395) | 222.4M/s | stage ETA 17:13 | overall ? ETA ? | best -
[b2=24 b1={22}] stage  82.0% (1045204959232/1274515148395) | 222.7M/s | stage ETA 17:09 | overall ? ETA ? | best -
[b2=24 b1={22}] stage  82.0% (1045650862080/1274515148395) | 222.4M/s | stage ETA 17:09 | overall ? ETA ? | best -
[b2=24 b1={22}] stage  82.1% (1046097674240/1274515148395) | 222.5M/s | stage ETA 17:06 | overall ? ETA ? | best -
[b2=24 b1={22}] stage  82.1% (1046547959808/1274515148395) | 223.1M/s | stage ETA 17:01 | overall ? ETA ? | best -
[b2=24 b1={22}] stage  82.1% (1046995914752/1274515148395) | 223.1M/s | stage ETA 17:00 | overall ? ETA ? | best -
[b2=24 b1={22}] stage  82.2% (1047442100224/1274515148395) | 222.6M/s | stage ETA 17:00 | overall ? ETA ? | best -
[b2=24 b1={22}] stage  82.2% (1047888773120/1274515148395) | 222.8M/s | stage ETA 16:57 | overall ? ETA ? | best -
[b2=24 b1={22}] stage  82.3% (1048331599872/1274515148395) | 221.7M/s | stage ETA 17:00 | overall ? ETA ? | best -
[b2=24 b1={22}] stage  82.3% (1048729976832/1274515148395) | 210.1M/s | stage ETA 17:54 | overall ? ETA ? | best -
[b2=24 b1={22}] stage  82.3% (1049163653120/1274515148395) | 212.9M/s | stage ETA 17:38 | overall ? ETA ? | best -
[b2=24 b1={22}] stage  82.4% (1049575219200/1274515148395) | 209.0M/s | stage ETA 17:56 | overall ? ETA ? | best -
[b2=24 b1={22}] stage  82.4% (1049992679424/1274515148395) | 208.8M/s | stage ETA 17:55 | overall ? ETA ? | best -
[b2=24 b1={22}] stage  82.4% (1050416181248/1274515148395) | 210.0M/s | stage ETA 17:46 | overall ? ETA ? | best -
[b2=24 b1={22}] stage  82.4% (1050824294400/1274515148395) | 206.6M/s | stage ETA 18:02 | overall ? ETA ? | best -
[b2=24 b1={22}] stage  82.5% (1051263434752/1274515148395) | 212.4M/s | stage ETA 17:30 | overall ? ETA ? | best -
[b2=24 b1={22}] stage  82.5% (1051660029952/1274515148395) | 205.2M/s | stage ETA 18:05 | overall ? ETA ? | best -
[b2=24 b1={22}] stage  82.5% (1052096835584/1274515148395) | 211.3M/s | stage ETA 17:32 | overall ? ETA ? | best -
[b2=24 b1={22}] stage  82.6% (1052508692480/1274515148395) | 208.4M/s | stage ETA 17:45 | overall ? ETA ? | best -
[b2=24 b1={22}] stage  82.6% (1052932460544/1274515148395) | 209.6M/s | stage ETA 17:37 | overall ? ETA ? | best -
[b2=24 b1={22}] stage  82.6% (1053359038464/1274515148395) | 210.9M/s | stage ETA 17:28 | overall ? ETA ? | best -
[b2=24 b1={22}] stage  82.7% (1053759332352/1274515148395) | 205.1M/s | stage ETA 17:56 | overall ? ETA ? | best -
[b2=24 b1={22}] stage  82.7% (1054192238592/1274515148395) | 210.5M/s | stage ETA 17:26 | overall ? ETA ? | best -
[b2=24 b1={22}] stage  82.7% (1054582747136/1274515148395) | 202.5M/s | stage ETA 18:05 | overall ? ETA ? | best -
[b2=24 b1={22}] stage  82.8% (1055020421120/1274515148395) | 210.2M/s | stage ETA 17:24 | overall ? ETA ? | best -
[b2=24 b1={22}] stage  82.8% (1055427088384/1274515148395) | 206.4M/s | stage ETA 17:41 | overall ? ETA ? | best -
[b2=24 b1={22}] stage  82.8% (1055848357888/1274515148395) | 208.1M/s | stage ETA 17:30 | overall ? ETA ? | best -
[b2=24 b1={22}] stage  82.9% (1056270700544/1274515148395) | 209.1M/s | stage ETA 17:23 | overall ? ETA ? | best -
[b2=24 b1={22}] stage  82.9% (1056720535552/1274515148395) | 216.4M/s | stage ETA 16:46 | overall ? ETA ? | best -
[b2=24 b1={22}] stage  82.9% (1057168596992/1274515148395) | 220.0M/s | stage ETA 16:27 | overall ? ETA ? | best -
[b2=24 b1={22}] stage  83.0% (1057620070400/1274515148395) | 222.6M/s | stage ETA 16:14 | overall ? ETA ? | best -
[b2=24 b1={22}] stage  83.0% (1058071207936/1274515148395) | 223.7M/s | stage ETA 16:07 | overall ? ETA ? | best -
[b2=24 b1={22}] stage  83.1% (1058520023040/1274515148395) | 223.8M/s | stage ETA 16:04 | overall ? ETA ? | best -
[b2=24 b1={22}] stage  83.1% (1058971672576/1274515148395) | 224.3M/s | stage ETA 16:01 | overall ? ETA ? | best -
[b2=24 b1={22}] stage  83.1% (1059422703616/1274515148395) | 224.5M/s | stage ETA 15:58 | overall ? ETA ? | best -
[b2=24 b1={22}] stage  83.2% (1059872059392/1274515148395) | 224.0M/s | stage ETA 15:58 | overall ? ETA ? | best -
[b2=24 b1={22}] stage  83.2% (1060319432704/1274515148395) | 223.6M/s | stage ETA 15:57 | overall ? ETA ? | best -
[b2=24 b1={22}] stage  83.2% (1060765986816/1274515148395) | 223.2M/s | stage ETA 15:57 | overall ? ETA ? | best -
[b2=24 b1={22}] stage  83.3% (1061212303360/1274515148395) | 222.5M/s | stage ETA 15:58 | overall ? ETA ? | best -
[b2=24 b1={22}] stage  83.3% (1061658112000/1274515148395) | 222.1M/s | stage ETA 15:58 | overall ? ETA ? | best -
[b2=24 b1={22}] stage  83.3% (1062102429696/1274515148395) | 221.6M/s | stage ETA 15:58 | overall ? ETA ? | best -
[b2=24 b1={22}] stage  83.4% (1062539550720/1274515148395) | 219.7M/s | stage ETA 16:04 | overall ? ETA ? | best -
[b2=24 b1={22}] stage  83.4% (1062987816960/1274515148395) | 221.7M/s | stage ETA 15:54 | overall ? ETA ? | best -
[b2=24 b1={22}] stage  83.4% (1063424352256/1274515148395) | 219.5M/s | stage ETA 16:01 | overall ? ETA ? | best -
[b2=24 b1={22}] stage  83.5% (1063872303104/1274515148395) | 221.5M/s | stage ETA 15:51 | overall ? ETA ? | best -
[b2=24 b1={22}] stage  83.5% (1064299884544/1274515148395) | 217.1M/s | stage ETA 16:08 | overall ? ETA ? | best -
[b2=24 b1={22}] stage  83.5% (1064714711040/1274515148395) | 212.2M/s | stage ETA 16:28 | overall ? ETA ? | best -
[b2=24 b1={22}] stage  83.6% (1065125179392/1274515148395) | 208.4M/s | stage ETA 16:44 | overall ? ETA ? | best -
[b2=24 b1={22}] stage  83.6% (1065560973312/1274515148395) | 212.6M/s | stage ETA 16:22 | overall ? ETA ? | best -
[b2=24 b1={22}] stage  83.6% (1065961160704/1274515148395) | 205.8M/s | stage ETA 16:53 | overall ? ETA ? | best -
[b2=24 b1={22}] stage  83.7% (1066398175232/1274515148395) | 211.7M/s | stage ETA 16:22 | overall ? ETA ? | best -
[b2=24 b1={22}] stage  83.7% (1066804670464/1274515148395) | 207.3M/s | stage ETA 16:41 | overall ? ETA ? | best -
[b2=24 b1={22}] stage  83.7% (1067235602432/1274515148395) | 210.7M/s | stage ETA 16:23 | overall ? ETA ? | best -
[b2=24 b1={22}] stage  83.8% (1067656847360/1274515148395) | 210.1M/s | stage ETA 16:24 | overall ? ETA ? | best -
[b2=24 b1={22}] stage  83.8% (1068073922560/1274515148395) | 208.5M/s | stage ETA 16:29 | overall ? ETA ? | best -
[b2=24 b1={22}] stage  83.8% (1068507111424/1274515148395) | 212.2M/s | stage ETA 16:10 | overall ? ETA ? | best -
[b2=24 b1={22}] stage  83.9% (1068907573248/1274515148395) | 205.7M/s | stage ETA 16:39 | overall ? ETA ? | best -
[b2=24 b1={22}] stage  83.9% (1069341609984/1274515148395) | 211.2M/s | stage ETA 16:11 | overall ? ETA ? | best -
[b2=24 b1={22}] stage  83.9% (1069748289536/1274515148395) | 206.8M/s | stage ETA 16:29 | overall ? ETA ? | best -
[b2=24 b1={22}] stage  84.0% (1070176661504/1274515148395) | 210.3M/s | stage ETA 16:11 | overall ? ETA ? | best -
[b2=24 b1={22}] stage  84.0% (1070595440640/1274515148395) | 209.4M/s | stage ETA 16:13 | overall ? ETA ? | best -
[b2=24 b1={22}] stage  84.0% (1071004426240/1274515148395) | 206.7M/s | stage ETA 16:24 | overall ? ETA ? | best -
[b2=24 b1={22}] stage  84.1% (1071440248832/1274515148395) | 211.8M/s | stage ETA 15:59 | overall ? ETA ? | best -
[b2=24 b1={22}] stage  84.1% (1071831330816/1274515148395) | 203.2M/s | stage ETA 16:37 | overall ? ETA ? | best -
[b2=24 b1={22}] stage  84.1% (1072260079616/1274515148395) | 208.7M/s | stage ETA 16:09 | overall ? ETA ? | best -
[b2=24 b1={22}] stage  84.2% (1072705077248/1274515148395) | 215.3M/s | stage ETA 15:37 | overall ? ETA ? | best -
[b2=24 b1={22}] stage  84.2% (1073138757632/1274515148395) | 215.4M/s | stage ETA 15:34 | overall ? ETA ? | best -
[b2=24 b1={22}] stage  84.2% (1073585922048/1274515148395) | 219.3M/s | stage ETA 15:16 | overall ? ETA ? | best -
[b2=24 b1={22}] stage  84.3% (1074034360320/1274515148395) | 221.2M/s | stage ETA 15:06 | overall ? ETA ? | best -
[b2=24 b1={22}] stage  84.3% (1074465091584/1274515148395) | 218.2M/s | stage ETA 15:16 | overall ? ETA ? | best -
[b2=24 b1={22}] stage  84.3% (1074910597120/1274515148395) | 219.9M/s | stage ETA 15:07 | overall ? ETA ? | best -
[b2=24 b1={22}] stage  84.4% (1075352006656/1274515148395) | 219.8M/s | stage ETA 15:06 | overall ? ETA ? | best -
[b2=24 b1={22}] stage  84.4% (1075800625152/1274515148395) | 221.4M/s | stage ETA 14:57 | overall ? ETA ? | best -
[b2=24 b1={22}] stage  84.4% (1076244955136/1274515148395) | 221.3M/s | stage ETA 14:56 | overall ? ETA ? | best -
[b2=24 b1={22}] stage  84.5% (1076687257600/1274515148395) | 221.2M/s | stage ETA 14:54 | overall ? ETA ? | best -
[b2=24 b1={22}] stage  84.5% (1077139374080/1274515148395) | 222.9M/s | stage ETA 14:45 | overall ? ETA ? | best -
[b2=24 b1={22}] stage  84.5% (1077590425600/1274515148395) | 223.7M/s | stage ETA 14:40 | overall ? ETA ? | best -
[b2=24 b1={22}] stage  84.6% (1078037839872/1274515148395) | 223.1M/s | stage ETA 14:40 | overall ? ETA ? | best -
[b2=24 b1={22}] stage  84.6% (1078484586496/1274515148395) | 222.7M/s | stage ETA 14:40 | overall ? ETA ? | best -
[b2=24 b1={22}] stage  84.7% (1078933598208/1274515148395) | 223.1M/s | stage ETA 14:36 | overall ? ETA ? | best -
[b2=24 b1={22}] stage  84.7% (1079378038784/1274515148395) | 222.0M/s | stage ETA 14:38 | overall ? ETA ? | best -
[b2=24 b1={22}] stage  84.7% (1079824510976/1274515148395) | 222.4M/s | stage ETA 14:35 | overall ? ETA ? | best -
[b2=24 b1={22}] stage  84.8% (1080272859136/1274515148395) | 222.7M/s | stage ETA 14:32 | overall ? ETA ? | best -
[b2=24 b1={22}] stage  84.8% (1080717025280/1274515148395) | 221.8M/s | stage ETA 14:33 | overall ? ETA ? | best -
[b2=24 b1={22}] stage  84.8% (1081115267072/1274515148395) | 210.4M/s | stage ETA 15:19 | overall ? ETA ? | best -
[b2=24 b1={22}] stage  84.9% (1081542799360/1274515148395) | 211.5M/s | stage ETA 15:12 | overall ? ETA ? | best -
[b2=24 b1={22}] stage  84.9% (1081958957056/1274515148395) | 209.3M/s | stage ETA 15:20 | overall ? ETA ? | best -
[b2=24 b1={22}] stage  84.9% (1082376912896/1274515148395) | 208.8M/s | stage ETA 15:20 | overall ? ETA ? | best -
[b2=24 b1={22}] stage  85.0% (1082802196480/1274515148395) | 210.3M/s | stage ETA 15:11 | overall ? ETA ? | best -
[b2=24 b1={22}] stage  85.0% (1083204636672/1274515148395) | 205.3M/s | stage ETA 15:31 | overall ? ETA ? | best -
[b2=24 b1={22}] stage  85.0% (1083644788736/1274515148395) | 212.7M/s | stage ETA 14:57 | overall ? ETA ? | best -
[b2=24 b1={22}] stage  85.1% (1084041134080/1274515148395) | 205.0M/s | stage ETA 15:28 | overall ? ETA ? | best -
[b2=24 b1={22}] stage  85.1% (1084471570432/1274515148395) | 209.7M/s | stage ETA 15:06 | overall ? ETA ? | best -
[b2=24 b1={22}] stage  85.1% (1084883353600/1274515148395) | 207.5M/s | stage ETA 15:13 | overall ? ETA ? | best -
[b2=24 b1={22}] stage  85.2% (1085301817344/1274515148395) | 208.3M/s | stage ETA 15:08 | overall ? ETA ? | best -
[b2=24 b1={22}] stage  85.2% (1085726588928/1274515148395) | 209.7M/s | stage ETA 15:00 | overall ? ETA ? | best -
[b2=24 b1={22}] stage  85.2% (1086132633600/1274515148395) | 206.0M/s | stage ETA 15:14 | overall ? ETA ? | best -
[b2=24 b1={22}] stage  85.3% (1086569897984/1274515148395) | 212.3M/s | stage ETA 14:45 | overall ? ETA ? | best -
[b2=24 b1={22}] stage  85.3% (1086938636288/1274515148395) | 197.9M/s | stage ETA 15:47 | overall ? ETA ? | best -
[b2=24 b1={22}] stage  85.3% (1087371292672/1274515148395) | 206.9M/s | stage ETA 15:04 | overall ? ETA ? | best -
[b2=24 b1={22}] stage  85.3% (1087771799552/1274515148395) | 203.4M/s | stage ETA 15:18 | overall ? ETA ? | best -
[b2=24 b1={22}] stage  85.4% (1088193814528/1274515148395) | 206.5M/s | stage ETA 15:02 | overall ? ETA ? | best -
[b2=24 b1={22}] stage  85.4% (1088605097984/1274515148395) | 205.9M/s | stage ETA 15:02 | overall ? ETA ? | best -
[b2=24 b1={22}] stage  85.4% (1089052143616/1274515148395) | 214.2M/s | stage ETA 14:26 | overall ? ETA ? | best -
[b2=24 b1={22}] stage  85.5% (1089498697728/1274515148395) | 218.6M/s | stage ETA 14:06 | overall ? ETA ? | best -
[b2=24 b1={22}] stage  85.5% (1089945014272/1274515148395) | 220.8M/s | stage ETA 13:55 | overall ? ETA ? | best -
[b2=24 b1={22}] stage  85.6% (1090390102016/1274515148395) | 221.5M/s | stage ETA 13:51 | overall ? ETA ? | best -
[b2=24 b1={22}] stage  85.6% (1090829819904/1274515148395) | 220.6M/s | stage ETA 13:52 | overall ? ETA ? | best -
[b2=24 b1={22}] stage  85.6% (1091275034624/1274515148395) | 221.4M/s | stage ETA 13:47 | overall ? ETA ? | best -
[b2=24 b1={22}] stage  85.7% (1091723894784/1274515148395) | 222.3M/s | stage ETA 13:42 | overall ? ETA ? | best -
[b2=24 b1={22}] stage  85.7% (1092167258112/1274515148395) | 221.4M/s | stage ETA 13:43 | overall ? ETA ? | best -
[b2=24 b1={22}] stage  85.7% (1092607893504/1274515148395) | 220.6M/s | stage ETA 13:44 | overall ? ETA ? | best -
[b2=24 b1={22}] stage  85.8% (1093057150976/1274515148395) | 222.0M/s | stage ETA 13:37 | overall ? ETA ? | best -
[b2=24 b1={22}] stage  85.8% (1093498081280/1274515148395) | 221.2M/s | stage ETA 13:38 | overall ? ETA ? | best -
[b2=24 b1={22}] stage  85.8% (1093934891008/1274515148395) | 219.7M/s | stage ETA 13:41 | overall ? ETA ? | best -
[b2=24 b1={22}] stage  85.9% (1094380679168/1274515148395) | 220.8M/s | stage ETA 13:35 | overall ? ETA ? | best -
[b2=24 b1={22}] stage  85.9% (1094821228544/1274515148395) | 220.3M/s | stage ETA 13:35 | overall ? ETA ? | best -
[b2=24 b1={22}] stage  85.9% (1095268790272/1274515148395) | 221.5M/s | stage ETA 13:29 | overall ? ETA ? | best -
[b2=24 b1={22}] stage  86.0% (1095718043648/1274515148395) | 222.3M/s | stage ETA 13:24 | overall ? ETA ? | best -
[b2=24 b1={22}] stage  86.0% (1096162062336/1274515148395) | 221.6M/s | stage ETA 13:24 | overall ? ETA ? | best -
[b2=24 b1={22}] stage  86.0% (1096608206848/1274515148395) | 222.3M/s | stage ETA 13:20 | overall ? ETA ? | best -
[b2=24 b1={22}] stage  86.1% (1096969584640/1274515148395) | 201.1M/s | stage ETA 14:42 | overall ? ETA ? | best -
[b2=24 b1={22}] stage  86.1% (1097209253888/1274515148395) | 160.0M/s | stage ETA 18:27 | overall ? ETA ? | best -
[b2=24 b1={22}] stage  86.1% (1097628266496/1274515148395) | 184.2M/s | stage ETA 16:00 | overall ? ETA ? | best -
[b2=24 b1={22}] stage  86.1% (1097868316672/1274515148395) | 151.9M/s | stage ETA 19:22 | overall ? ETA ? | best -
[b2=24 b1={22}] stage  86.2% (1098225557504/1274515148395) | 164.9M/s | stage ETA 17:49 | overall ? ETA ? | best -
[b2=24 b1={22}] stage  86.2% (1098516262912/1274515148395) | 155.0M/s | stage ETA 18:55 | overall ? ETA ? | best -
[b2=24 b1={22}] stage  86.2% (1098811293696/1274515148395) | 151.2M/s | stage ETA 19:21 | overall ? ETA ? | best -
[b2=24 b1={22}] stage  86.2% (1099175018496/1274515148395) | 166.4M/s | stage ETA 17:34 | overall ? ETA ? | best -
[b2=24 b1={22}] stage  86.3% (1099425431552/1274515148395) | 145.5M/s | stage ETA 20:03 | overall ? ETA ? | best -
[b2=24 b1={22}] stage  86.3% (1099822862336/1274515148395) | 171.8M/s | stage ETA 16:56 | overall ? ETA ? | best -
[b2=24 b1={22}] stage  86.3% (1100067274752/1274515148395) | 146.9M/s | stage ETA 19:47 | overall ? ETA ? | best -
[b2=24 b1={22}] stage  86.3% (1100432535552/1274515148395) | 164.5M/s | stage ETA 17:38 | overall ? ETA ? | best -
[b2=24 b1={22}] stage  86.4% (1100734226432/1274515148395) | 157.4M/s | stage ETA 18:24 | overall ? ETA ? | best -
[b2=24 b1={22}] stage  86.4% (1101034033152/1274515148395) | 153.3M/s | stage ETA 18:51 | overall ? ETA ? | best -
[b2=24 b1={22}] stage  86.4% (1101399158784/1274515148395) | 167.4M/s | stage ETA 17:14 | overall ? ETA ? | best -
[b2=24 b1={22}] stage  86.4% (1101641375744/1274515148395) | 144.1M/s | stage ETA 19:59 | overall ? ETA ? | best -
[b2=24 b1={22}] stage  86.5% (1102047551488/1274515148395) | 173.2M/s | stage ETA 16:35 | overall ? ETA ? | best -
[b2=24 b1={22}] stage  86.5% (1102289850368/1274515148395) | 146.6M/s | stage ETA 19:34 | overall ? ETA ? | best -
[b2=24 b1={22}] stage  86.5% (1102655594496/1274515148395) | 164.6M/s | stage ETA 17:24 | overall ? ETA ? | best -
[b2=24 b1={22}] stage  86.5% (1102944206848/1274515148395) | 154.0M/s | stage ETA 18:33 | overall ? ETA ? | best -
[b2=24 b1={22}] stage  86.6% (1103232077824/1274515148395) | 148.6M/s | stage ETA 19:12 | overall ? ETA ? | best -
[b2=24 b1={22}] stage  86.6% (1103590129664/1274515148395) | 163.5M/s | stage ETA 17:25 | overall ? ETA ? | best -
[b2=24 b1={22}] stage  86.6% (1103830249472/1274515148395) | 141.6M/s | stage ETA 20:05 | overall ? ETA ? | best -
[b2=24 b1={22}] stage  86.6% (1104248324096/1274515148395) | 175.0M/s | stage ETA 16:12 | overall ? ETA ? | best -
[b2=24 b1={22}] stage  86.7% (1104487153664/1274515148395) | 146.9M/s | stage ETA 19:17 | overall ? ETA ? | best -
[b2=24 b1={22}] stage  86.7% (1104840617984/1274515148395) | 161.3M/s | stage ETA 17:31 | overall ? ETA ? | best -
[b2=24 b1={22}] stage  86.7% (1105284370432/1274515148395) | 191.0M/s | stage ETA 14:45 | overall ? ETA ? | best -
[b2=24 b1={22}] stage  86.8% (1105734414336/1274515148395) | 207.5M/s | stage ETA 13:33 | overall ? ETA ? | best -
[b2=24 b1={22}] stage  86.8% (1106184118272/1274515148395) | 215.7M/s | stage ETA 13:00 | overall ? ETA ? | best -
[b2=24 b1={22}] stage  86.8% (1106635800576/1274515148395) | 220.3M/s | stage ETA 12:42 | overall ? ETA ? | best -
[b2=24 b1={22}] stage  86.9% (1107076853760/1274515148395) | 220.1M/s | stage ETA 12:40 | overall ? ETA ? | best -
[b2=24 b1={22}] stage  86.9% (1107525976064/1274515148395) | 222.1M/s | stage ETA 12:31 | overall ? ETA ? | best -
[b2=24 b1={22}] stage  86.9% (1107971702784/1274515148395) | 222.2M/s | stage ETA 12:29 | overall ? ETA ? | best -
[b2=24 b1={22}] stage  87.0% (1108417245184/1274515148395) | 222.2M/s | stage ETA 12:27 | overall ? ETA ? | best -
[b2=24 b1={22}] stage  87.0% (1108865806336/1274515148395) | 222.5M/s | stage ETA 12:24 | overall ? ETA ? | best -
[b2=24 b1={22}] stage  87.0% (1109313736704/1274515148395) | 222.9M/s | stage ETA 12:21 | overall ? ETA ? | best -
[b2=24 b1={22}] stage  87.1% (1109764521984/1274515148395) | 223.6M/s | stage ETA 12:16 | overall ? ETA ? | best -
[b2=24 b1={22}] stage  87.1% (1110212132864/1274515148395) | 223.2M/s | stage ETA 12:16 | overall ? ETA ? | best -
[b2=24 b1={22}] stage  87.1% (1110660558848/1274515148395) | 223.6M/s | stage ETA 12:12 | overall ? ETA ? | best -
[b2=24 b1={22}] stage  87.2% (1111107538944/1274515148395) | 223.2M/s | stage ETA 12:12 | overall ? ETA ? | best -
[b2=24 b1={22}] stage  87.2% (1111557521408/1274515148395) | 223.5M/s | stage ETA 12:09 | overall ? ETA ? | best -
[b2=24 b1={22}] stage  87.2% (1112004947968/1274515148395) | 222.9M/s | stage ETA 12:08 | overall ? ETA ? | best -
[b2=24 b1={22}] stage  87.3% (1112455655424/1274515148395) | 223.4M/s | stage ETA 12:05 | overall ? ETA ? | best -
[b2=24 b1={22}] stage  87.3% (1112796516352/1274515148395) | 196.8M/s | stage ETA 13:41 | overall ? ETA ? | best -
[b2=24 b1={22}] stage  87.3% (1113040355328/1274515148395) | 159.2M/s | stage ETA 16:54 | overall ? ETA ? | best -
[b2=24 b1={22}] stage  87.4% (1113460150272/1274515148395) | 184.0M/s | stage ETA 14:35 | overall ? ETA ? | best -
[b2=24 b1={22}] stage  87.4% (1113707261952/1274515148395) | 153.5M/s | stage ETA 17:27 | overall ? ETA ? | best -
[b2=24 b1={22}] stage  87.4% (1114074566656/1274515148395) | 168.4M/s | stage ETA 15:52 | overall ? ETA ? | best -
[b2=24 b1={22}] stage  87.4% (1114354917376/1274515148395) | 154.2M/s | stage ETA 17:18 | overall ? ETA ? | best -
[b2=24 b1={22}] stage  87.5% (1114662125568/1274515148395) | 153.6M/s | stage ETA 17:20 | overall ? ETA ? | best -
[b2=24 b1={22}] stage  87.5% (1115013455872/1274515148395) | 164.5M/s | stage ETA 16:09 | overall ? ETA ? | best -
[b2=24 b1={22}] stage  87.5% (1115249618944/1274515148395) | 141.2M/s | stage ETA 18:48 | overall ? ETA ? | best -
[b2=24 b1={22}] stage  87.5% (1115651887104/1274515148395) | 170.6M/s | stage ETA 15:31 | overall ? ETA ? | best -
[b2=24 b1={22}] stage  87.6% (1115895492608/1274515148395) | 145.9M/s | stage ETA 18:07 | overall ? ETA ? | best -
[b2=24 b1={22}] stage  87.6% (1116260864000/1274515148395) | 164.2M/s | stage ETA 16:03 | overall ? ETA ? | best -
[b2=24 b1={22}] stage  87.6% (1116554743808/1274515148395) | 155.1M/s | stage ETA 16:58 | overall ? ETA ? | best -
[b2=24 b1={22}] stage  87.6% (1116845314048/1274515148395) | 150.1M/s | stage ETA 17:30 | overall ? ETA ? | best -
[b2=24 b1={22}] stage  87.7% (1117202882560/1274515148395) | 164.0M/s | stage ETA 15:59 | overall ? ETA ? | best -
[b2=24 b1={22}] stage  87.7% (1117444296704/1274515148395) | 142.0M/s | stage ETA 18:26 | overall ? ETA ? | best -
[b2=24 b1={22}] stage  87.7% (1117863890944/1274515148395) | 175.4M/s | stage ETA 14:53 | overall ? ETA ? | best -
[b2=24 b1={22}] stage  87.7% (1118113054720/1274515148395) | 149.5M/s | stage ETA 17:26 | overall ? ETA ? | best -
[b2=24 b1={22}] stage  87.8% (1118473564160/1274515148395) | 164.6M/s | stage ETA 15:48 | overall ? ETA ? | best -
[b2=24 b1={22}] stage  87.8% (1118751100928/1274515148395) | 151.5M/s | stage ETA 17:07 | overall ? ETA ? | best -
[b2=24 b1={22}] stage  87.8% (1119054278656/1274515148395) | 151.3M/s | stage ETA 17:07 | overall ? ETA ? | best -
[b2=24 b1={22}] stage  87.8% (1119408676864/1274515148395) | 163.5M/s | stage ETA 15:48 | overall ? ETA ? | best -
[b2=24 b1={22}] stage  87.8% (1119656984576/1274515148395) | 143.6M/s | stage ETA 17:58 | overall ? ETA ? | best -
[b2=24 b1={22}] stage  87.9% (1120052043776/1274515148395) | 170.4M/s | stage ETA 15:06 | overall ? ETA ? | best -
[b2=24 b1={22}] stage  87.9% (1120297451520/1274515148395) | 146.3M/s | stage ETA 17:34 | overall ? ETA ? | best -
[b2=24 b1={22}] stage  87.9% (1120658993152/1274515148395) | 163.4M/s | stage ETA 15:41 | overall ? ETA ? | best -
[b2=24 b1={22}] stage  88.0% (1121107861504/1274515148395) | 193.2M/s | stage ETA 13:14 | overall ? ETA ? | best -
[b2=24 b1={22}] stage  88.0% (1121553989632/1274515148395) | 208.0M/s | stage ETA 12:15 | overall ? ETA ? | best -
[b2=24 b1={22}] stage  88.0% (1122004561920/1274515148395) | 216.1M/s | stage ETA 11:45 | overall ? ETA ? | best -
[b2=24 b1={22}] stage  88.1% (1122455236608/1274515148395) | 220.1M/s | stage ETA 11:30 | overall ? ETA ? | best -
[b2=24 b1={22}] stage  88.1% (1122905378816/1274515148395) | 222.3M/s | stage ETA 11:21 | overall ? ETA ? | best -
[b2=24 b1={22}] stage  88.1% (1123352723456/1274515148395) | 222.8M/s | stage ETA 11:18 | overall ? ETA ? | best -
[b2=24 b1={22}] stage  88.2% (1123800899584/1274515148395) | 223.2M/s | stage ETA 11:15 | overall ? ETA ? | best -
[b2=24 b1={22}] stage  88.2% (1124248547328/1274515148395) | 223.4M/s | stage ETA 11:12 | overall ? ETA ? | best -
[b2=24 b1={22}] stage  88.2% (1124699598848/1274515148395) | 223.7M/s | stage ETA 11:09 | overall ? ETA ? | best -
[b2=24 b1={22}] stage  88.3% (1125150310400/1274515148395) | 224.3M/s | stage ETA 11:05 | overall ? ETA ? | best -
[b2=24 b1={22}] stage  88.3% (1125597720576/1274515148395) | 223.9M/s | stage ETA 11:05 | overall ? ETA ? | best -
[b2=24 b1={22}] stage  88.4% (1126046875648/1274515148395) | 223.9M/s | stage ETA 11:03 | overall ? ETA ? | best -
[b2=24 b1={22}] stage  88.4% (1126494298112/1274515148395) | 223.2M/s | stage ETA 11:03 | overall ? ETA ? | best -
[b2=24 b1={22}] stage  88.4% (1126932324352/1274515148395) | 221.0M/s | stage ETA 11:07 | overall ? ETA ? | best -
[b2=24 b1={22}] stage  88.5% (1127383384064/1274515148395) | 222.7M/s | stage ETA 11:00 | overall ? ETA ? | best -
[b2=24 b1={22}] stage  88.5% (1127826145280/1274515148395) | 221.7M/s | stage ETA 11:01 | overall ? ETA ? | best -
[b2=24 b1={22}] stage  88.5% (1128273833984/1274515148395) | 222.6M/s | stage ETA 10:56 | overall ? ETA ? | best -
[b2=24 b1={22}] stage  88.6% (1128721248256/1274515148395) | 222.6M/s | stage ETA 10:55 | overall ? ETA ? | best -
[b2=24 b1={22}] stage  88.6% (1129173241856/1274515148395) | 223.5M/s | stage ETA 10:50 | overall ? ETA ? | best -
[b2=24 b1={22}] stage  88.6% (1129441959936/1274515148395) | 178.8M/s | stage ETA 13:31 | overall ? ETA ? | best -
[b2=24 b1={22}] stage  88.6% (1129765777408/1274515148395) | 169.8M/s | stage ETA 14:12 | overall ? ETA ? | best -
[b2=24 b1={22}] stage  88.7% (1130103857152/1274515148395) | 169.3M/s | stage ETA 14:12 | overall ? ETA ? | best -
[b2=24 b1={22}] stage  88.7% (1130357690368/1274515148395) | 148.0M/s | stage ETA 16:14 | overall ? ETA ? | best -
[b2=24 b1={22}] stage  88.7% (1130753695744/1274515148395) | 172.7M/s | stage ETA 13:52 | overall ? ETA ? | best -
[b2=24 b1={22}] stage  88.7% (1131006361600/1274515148395) | 149.2M/s | stage ETA 16:01 | overall ? ETA ? | best -
[b2=24 b1={22}] stage  88.8% (1131398021120/1274515148395) | 172.3M/s | stage ETA 13:50 | overall ? ETA ? | best -
[b2=24 b1={22}] stage  88.8% (1131667218432/1274515148395) | 153.3M/s | stage ETA 15:31 | overall ? ETA ? | best -
[b2=24 b1={22}] stage  88.8% (1131989401600/1274515148395) | 157.0M/s | stage ETA 15:07 | overall ? ETA ? | best -
[b2=24 b1={22}] stage  88.8% (1132316454912/1274515148395) | 160.1M/s | stage ETA 14:48 | overall ? ETA ? | best -
[b2=24 b1={22}] stage  88.9% (1132583329792/1274515148395) | 146.4M/s | stage ETA 16:09 | overall ? ETA ? | best -
[b2=24 b1={22}] stage  88.9% (1132978966528/1274515148395) | 171.6M/s | stage ETA 13:44 | overall ? ETA ? | best -
[b2=24 b1={22}] stage  88.9% (1133230456832/1274515148395) | 148.4M/s | stage ETA 15:52 | overall ? ETA ? | best -
[b2=24 b1={22}] stage  88.9% (1133621694464/1274515148395) | 171.4M/s | stage ETA 13:42 | overall ? ETA ? | best -
[b2=24 b1={22}] stage  89.0% (1133872545792/1274515148395) | 148.2M/s | stage ETA 15:49 | overall ? ETA ? | best -
[b2=24 b1={22}] stage  89.0% (1134210498560/1274515148395) | 158.4M/s | stage ETA 14:45 | overall ? ETA ? | best -
[b2=24 b1={22}] stage  89.0% (1134540242944/1274515148395) | 161.3M/s | stage ETA 14:27 | overall ? ETA ? | best -
[b2=24 b1={22}] stage  89.0% (1134804541440/1274515148395) | 146.7M/s | stage ETA 15:52 | overall ? ETA ? | best -
[b2=24 b1={22}] stage  89.1% (1135190376448/1274515148395) | 169.5M/s | stage ETA 13:42 | overall ? ETA ? | best -
[b2=24 b1={22}] stage  89.1% (1135432716288/1274515148395) | 145.2M/s | stage ETA 15:58 | overall ? ETA ? | best -
[b2=24 b1={22}] stage  89.1% (1135846817792/1274515148395) | 175.7M/s | stage ETA 13:09 | overall ? ETA ? | best -
[b2=24 b1={22}] stage  89.1% (1136099147776/1274515148395) | 150.9M/s | stage ETA 15:17 | overall ? ETA ? | best -
[b2=24 b1={22}] stage  89.2% (1136432304128/1274515148395) | 158.4M/s | stage ETA 14:31 | overall ? ETA ? | best -
[b2=24 b1={22}] stage  89.2% (1136740982784/1274515148395) | 155.9M/s | stage ETA 14:43 | overall ? ETA ? | best -
[b2=24 b1={22}] stage  89.2% (1137022689280/1274515148395) | 148.0M/s | stage ETA 15:28 | overall ? ETA ? | best -
[b2=24 b1={22}] stage  89.2% (1137468919808/1274515148395) | 185.4M/s | stage ETA 12:19 | overall ? ETA ? | best -
[b2=24 b1={22}] stage  89.3% (1137913622528/1274515148395) | 203.7M/s | stage ETA 11:10 | overall ? ETA ? | best -
[b2=24 b1={22}] stage  89.3% (1138360246272/1274515148395) | 213.1M/s | stage ETA 10:38 | overall ? ETA ? | best -
[b2=24 b1={22}] stage  89.4% (1138802974720/1274515148395) | 216.8M/s | stage ETA 10:26 | overall ? ETA ? | best -
[b2=24 b1={22}] stage  89.4% (1139246686208/1274515148395) | 218.8M/s | stage ETA 10:18 | overall ? ETA ? | best -
[b2=24 b1={22}] stage  89.4% (1139695038464/1274515148395) | 221.1M/s | stage ETA 10:09 | overall ? ETA ? | best -
[b2=24 b1={22}] stage  89.5% (1140143558656/1274515148395) | 222.0M/s | stage ETA 10:05 | overall ? ETA ? | best -
[b2=24 b1={22}] stage  89.5% (1140581052416/1274515148395) | 219.9M/s | stage ETA 10:09 | overall ? ETA ? | best -
[b2=24 b1={22}] stage  89.5% (1141026852864/1274515148395) | 221.2M/s | stage ETA 10:03 | overall ? ETA ? | best -
[b2=24 b1={22}] stage  89.6% (1141469278208/1274515148395) | 220.5M/s | stage ETA 10:03 | overall ? ETA ? | best -
[b2=24 b1={22}] stage  89.6% (1141915353088/1274515148395) | 221.3M/s | stage ETA 9:59 | overall ? ETA ? | best -
[b2=24 b1={22}] stage  89.6% (1142362320896/1274515148395) | 222.0M/s | stage ETA 9:55 | overall ? ETA ? | best -
[b2=24 b1={22}] stage  89.7% (1142807597056/1274515148395) | 221.7M/s | stage ETA 9:54 | overall ? ETA ? | best -
[b2=24 b1={22}] stage  89.7% (1143250714624/1274515148395) | 221.4M/s | stage ETA 9:52 | overall ? ETA ? | best -
[b2=24 b1={22}] stage  89.7% (1143696125952/1274515148395) | 221.7M/s | stage ETA 9:50 | overall ? ETA ? | best -
[b2=24 b1={22}] stage  89.8% (1144143732736/1274515148395) | 222.0M/s | stage ETA 9:47 | overall ? ETA ? | best -
[b2=24 b1={22}] stage  89.8% (1144593608704/1274515148395) | 222.9M/s | stage ETA 9:42 | overall ? ETA ? | best -
[b2=24 b1={22}] stage  89.8% (1145039515648/1274515148395) | 222.7M/s | stage ETA 9:41 | overall ? ETA ? | best -
[b2=24 b1={22}] stage  89.9% (1145290600448/1274515148395) | 173.7M/s | stage ETA 12:24 | overall ? ETA ? | best -
[b2=24 b1={22}] stage  89.9% (1145610588160/1274515148395) | 166.7M/s | stage ETA 12:53 | overall ? ETA ? | best -
[b2=24 b1={22}] stage  89.9% (1145929478144/1274515148395) | 163.0M/s | stage ETA 13:08 | overall ? ETA ? | best -
[b2=24 b1={22}] stage  89.9% (1146190835712/1274515148395) | 146.6M/s | stage ETA 14:35 | overall ? ETA ? | best -
[b2=24 b1={22}] stage  90.0% (1146585432064/1274515148395) | 171.8M/s | stage ETA 12:24 | overall ? ETA ? | best -
[b2=24 b1={22}] stage  90.0% (1146831515648/1274515148395) | 147.0M/s | stage ETA 14:28 | overall ? ETA ? | best -
[b2=24 b1={22}] stage  90.0% (1147221573632/1274515148395) | 170.6M/s | stage ETA 12:26 | overall ? ETA ? | best -
[b2=24 b1={22}] stage  90.0% (1147473170432/1274515148395) | 148.1M/s | stage ETA 14:17 | overall ? ETA ? | best -
[b2=24 b1={22}] stage  90.1% (1147810054144/1274515148395) | 157.9M/s | stage ETA 13:22 | overall ? ETA ? | best -
[b2=24 b1={22}] stage  90.1% (1148143345664/1274515148395) | 162.0M/s | stage ETA 13:00 | overall ? ETA ? | best -
[b2=24 b1={22}] stage  90.1% (1148395376640/1274515148395) | 144.0M/s | stage ETA 14:35 | overall ? ETA ? | best -
[b2=24 b1={22}] stage  90.1% (1148788252672/1274515148395) | 169.8M/s | stage ETA 12:20 | overall ? ETA ? | best -
[b2=24 b1={22}] stage  90.2% (1149032423424/1274515148395) | 145.9M/s | stage ETA 14:19 | overall ? ETA ? | best -
[b2=24 b1={22}] stage  90.2% (1149431853056/1274515148395) | 172.2M/s | stage ETA 12:06 | overall ? ETA ? | best -
[b2=24 b1={22}] stage  90.2% (1149692416000/1274515148395) | 151.0M/s | stage ETA 13:46 | overall ? ETA ? | best -
[b2=24 b1={22}] stage  90.2% (1150016016384/1274515148395) | 156.0M/s | stage ETA 13:18 | overall ? ETA ? | best -
[b2=24 b1={22}] stage  90.3% (1150339047424/1274515148395) | 158.7M/s | stage ETA 13:02 | overall ? ETA ? | best -
[b2=24 b1={22}] stage  90.3% (1150598447104/1274515148395) | 144.2M/s | stage ETA 14:19 | overall ? ETA ? | best -
[b2=24 b1={22}] stage  90.3% (1150997958656/1274515148395) | 171.5M/s | stage ETA 12:00 | overall ? ETA ? | best -
[b2=24 b1={22}] stage  90.3% (1151243730944/1274515148395) | 146.8M/s | stage ETA 13:59 | overall ? ETA ? | best -
[b2=24 b1={22}] stage  90.4% (1151634575360/1274515148395) | 170.7M/s | stage ETA 11:59 | overall ? ETA ? | best -
[b2=24 b1={22}] stage  90.4% (1151887155200/1274515148395) | 148.2M/s | stage ETA 13:47 | overall ? ETA ? | best -
[b2=24 b1={22}] stage  90.4% (1152218279936/1274515148395) | 156.5M/s | stage ETA 13:01 | overall ? ETA ? | best -
[b2=24 b1={22}] stage  90.4% (1152543272960/1274515148395) | 159.2M/s | stage ETA 12:46 | overall ? ETA ? | best -
[b2=24 b1={22}] stage  90.4% (1152787054592/1274515148395) | 140.4M/s | stage ETA 14:27 | overall ? ETA ? | best -
[b2=24 b1={22}] stage  90.5% (1153232822272/1274515148395) | 181.0M/s | stage ETA 11:09 | overall ? ETA ? | best -
[b2=24 b1={22}] stage  90.5% (1153674698752/1274515148395) | 200.5M/s | stage ETA 10:02 | overall ? ETA ? | best -
[b2=24 b1={22}] stage  90.6% (1154121338880/1274515148395) | 211.5M/s | stage ETA 9:29 | overall ? ETA ? | best -
[b2=24 b1={22}] stage  90.6% (1154564067328/1274515148395) | 216.2M/s | stage ETA 9:14 | overall ? ETA ? | best -
[b2=24 b1={22}] stage  90.6% (1155011141632/1274515148395) | 219.3M/s | stage ETA 9:04 | overall ? ETA ? | best -
[b2=24 b1={22}] stage  90.7% (1155455655936/1274515148395) | 220.5M/s | stage ETA 9:00 | overall ? ETA ? | best -
[b2=24 b1={22}] stage  90.7% (1155901947904/1274515148395) | 221.5M/s | stage ETA 8:55 | overall ? ETA ? | best -
[b2=24 b1={22}] stage  90.7% (1156347420672/1274515148395) | 222.0M/s | stage ETA 8:52 | overall ? ETA ? | best -
[b2=24 b1={22}] stage  90.8% (1156795957248/1274515148395) | 222.9M/s | stage ETA 8:48 | overall ? ETA ? | best -
[b2=24 b1={22}] stage  90.8% (1157245591552/1274515148395) | 223.6M/s | stage ETA 8:44 | overall ? ETA ? | best -
[b2=24 b1={22}] stage  90.8% (1157693829120/1274515148395) | 223.3M/s | stage ETA 8:43 | overall ? ETA ? | best -
[b2=24 b1={22}] stage  90.9% (1158139039744/1274515148395) | 222.8M/s | stage ETA 8:42 | overall ? ETA ? | best -
[b2=24 b1={22}] stage  90.9% (1158578585600/1274515148395) | 220.7M/s | stage ETA 8:45 | overall ? ETA ? | best -
[b2=24 b1={22}] stage  90.9% (1159025160192/1274515148395) | 221.4M/s | stage ETA 8:41 | overall ? ETA ? | best -
[b2=24 b1={22}] stage  91.0% (1159467769856/1274515148395) | 221.1M/s | stage ETA 8:40 | overall ? ETA ? | best -
[b2=24 b1={22}] stage  91.0% (1159909306368/1274515148395) | 220.2M/s | stage ETA 8:40 | overall ? ETA ? | best -
[b2=24 b1={22}] stage  91.0% (1160354164736/1274515148395) | 220.9M/s | stage ETA 8:36 | overall ? ETA ? | best -
[b2=24 b1={22}] stage  91.1% (1160801366016/1274515148395) | 221.6M/s | stage ETA 8:33 | overall ? ETA ? | best -
[b2=24 b1={22}] stage  91.1% (1161249636352/1274515148395) | 222.4M/s | stage ETA 8:29 | overall ? ETA ? | best -
[b2=24 b1={22}] stage  91.1% (1161658703872/1274515148395) | 212.9M/s | stage ETA 8:49 | overall ? ETA ? | best -
[b2=24 b1={22}] stage  91.2% (1161900064768/1274515148395) | 166.7M/s | stage ETA 11:15 | overall ? ETA ? | best -
[b2=24 b1={22}] stage  91.2% (1162285989888/1274515148395) | 179.4M/s | stage ETA 10:25 | overall ? ETA ? | best -
[b2=24 b1={22}] stage  91.2% (1162547777536/1274515148395) | 154.8M/s | stage ETA 12:03 | overall ? ETA ? | best -
[b2=24 b1={22}] stage  91.2% (1162873712640/1274515148395) | 158.6M/s | stage ETA 11:43 | overall ? ETA ? | best -
[b2=24 b1={22}] stage  91.3% (1163208798208/1274515148395) | 162.9M/s | stage ETA 11:23 | overall ? ETA ? | best -
[b2=24 b1={22}] stage  91.3% (1163461423104/1274515148395) | 144.3M/s | stage ETA 12:49 | overall ? ETA ? | best -
[b2=24 b1={22}] stage  91.3% (1163855577088/1274515148395) | 170.6M/s | stage ETA 10:48 | overall ? ETA ? | best -
[b2=24 b1={22}] stage  91.3% (1164105236480/1274515148395) | 147.6M/s | stage ETA 12:28 | overall ? ETA ? | best -
[b2=24 b1={22}] stage  91.4% (1164497461248/1274515148395) | 171.2M/s | stage ETA 10:42 | overall ? ETA ? | best -
[b2=24 b1={22}] stage  91.4% (1164767703040/1274515148395) | 152.8M/s | stage ETA 11:58 | overall ? ETA ? | best -
[b2=24 b1={22}] stage  91.4% (1165085646848/1274515148395) | 155.6M/s | stage ETA 11:43 | overall ? ETA ? | best -
[b2=24 b1={22}] stage  91.4% (1165412782080/1274515148395) | 159.4M/s | stage ETA 11:24 | overall ? ETA ? | best -
[b2=24 b1={22}] stage  91.5% (1165662629888/1274515148395) | 141.8M/s | stage ETA 12:47 | overall ? ETA ? | best -
[b2=24 b1={22}] stage  91.5% (1166070988800/1274515148395) | 172.6M/s | stage ETA 10:28 | overall ? ETA ? | best -
[b2=24 b1={22}] stage  91.5% (1166309707776/1274515148395) | 145.7M/s | stage ETA 12:22 | overall ? ETA ? | best -
[b2=24 b1={22}] stage  91.5% (1166686654464/1274515148395) | 167.0M/s | stage ETA 10:45 | overall ? ETA ? | best -
[b2=24 b1={22}] stage  91.6% (1166956249088/1274515148395) | 150.5M/s | stage ETA 11:54 | overall ? ETA ? | best -
[b2=24 b1={22}] stage  91.6% (1167273656320/1274515148395) | 154.1M/s | stage ETA 11:35 | overall ? ETA ? | best -
[b2=24 b1={22}] stage  91.6% (1167615078400/1274515148395) | 161.9M/s | stage ETA 11:00 | overall ? ETA ? | best -
[b2=24 b1={22}] stage  91.6% (1167857803264/1274515148395) | 141.4M/s | stage ETA 12:34 | overall ? ETA ? | best -
[b2=24 b1={22}] stage  91.7% (1168260640768/1274515148395) | 170.8M/s | stage ETA 10:21 | overall ? ETA ? | best -
[b2=24 b1={22}] stage  91.7% (1168501043200/1274515148395) | 145.3M/s | stage ETA 12:09 | overall ? ETA ? | best -
[b2=24 b1={22}] stage  91.7% (1168888442880/1274515148395) | 168.8M/s | stage ETA 10:25 | overall ? ETA ? | best -
[b2=24 b1={22}] stage  91.7% (1169165611008/1274515148395) | 153.4M/s | stage ETA 11:26 | overall ? ETA ? | best -
[b2=24 b1={22}] stage  91.8% (1169469136896/1274515148395) | 152.5M/s | stage ETA 11:28 | overall ? ETA ? | best -
[b2=24 b1={22}] stage  91.8% (1169904738304/1274515148395) | 184.6M/s | stage ETA 9:26 | overall ? ETA ? | best -
[b2=24 b1={22}] stage  91.8% (1170353299456/1274515148395) | 203.8M/s | stage ETA 8:31 | overall ? ETA ? | best -
[b2=24 b1={22}] stage  91.9% (1170790387712/1274515148395) | 210.9M/s | stage ETA 8:11 | overall ? ETA ? | best -
[b2=24 b1={22}] stage  91.9% (1171234508800/1274515148395) | 216.0M/s | stage ETA 7:58 | overall ? ETA ? | best -
[b2=24 b1={22}] stage  91.9% (1171675762688/1274515148395) | 218.3M/s | stage ETA 7:51 | overall ? ETA ? | best -
[b2=24 b1={22}] stage  92.0% (1172119494656/1274515148395) | 219.6M/s | stage ETA 7:46 | overall ? ETA ? | best -
[b2=24 b1={22}] stage  92.0% (1172567097344/1274515148395) | 220.9M/s | stage ETA 7:41 | overall ? ETA ? | best -
[b2=24 b1={22}] stage  92.0% (1173013508096/1274515148395) | 221.5M/s | stage ETA 7:38 | overall ? ETA ? | best -
[b2=24 b1={22}] stage  92.1% (1173460070400/1274515148395) | 221.8M/s | stage ETA 7:35 | overall ? ETA ? | best -
[b2=24 b1={22}] stage  92.1% (1173908684800/1274515148395) | 222.4M/s | stage ETA 7:32 | overall ? ETA ? | best -
[b2=24 b1={22}] stage  92.1% (1174352601088/1274515148395) | 221.4M/s | stage ETA 7:32 | overall ? ETA ? | best -
[b2=24 b1={22}] stage  92.2% (1174799294464/1274515148395) | 221.7M/s | stage ETA 7:29 | overall ? ETA ? | best -
[b2=24 b1={22}] stage  92.2% (1175244652544/1274515148395) | 221.6M/s | stage ETA 7:27 | overall ? ETA ? | best -
[b2=24 b1={22}] stage  92.2% (1175694155776/1274515148395) | 222.6M/s | stage ETA 7:24 | overall ? ETA ? | best -
[b2=24 b1={22}] stage  92.3% (1176140656640/1274515148395) | 222.7M/s | stage ETA 7:21 | overall ? ETA ? | best -
[b2=24 b1={22}] stage  92.3% (1176587018240/1274515148395) | 222.7M/s | stage ETA 7:19 | overall ? ETA ? | best -
[b2=24 b1={22}] stage  92.4% (1177036509184/1274515148395) | 222.8M/s | stage ETA 7:17 | overall ? ETA ? | best -
[b2=24 b1={22}] stage  92.4% (1177451335680/1274515148395) | 215.0M/s | stage ETA 7:31 | overall ? ETA ? | best -
[b2=24 b1={22}] stage  92.4% (1177690599424/1274515148395) | 167.2M/s | stage ETA 9:38 | overall ? ETA ? | best -
[b2=24 b1={22}] stage  92.4% (1178062254080/1274515148395) | 176.2M/s | stage ETA 9:07 | overall ? ETA ? | best -
[b2=24 b1={22}] stage  92.5% (1178344259584/1274515148395) | 158.2M/s | stage ETA 10:08 | overall ? ETA ? | best -
[b2=24 b1={22}] stage  92.5% (1178632323072/1274515148395) | 150.7M/s | stage ETA 10:36 | overall ? ETA ? | best -
[b2=24 b1={22}] stage  92.5% (1178977050624/1274515148395) | 161.3M/s | stage ETA 9:52 | overall ? ETA ? | best -
[b2=24 b1={22}] stage  92.5% (1179216347136/1274515148395) | 140.1M/s | stage ETA 11:20 | overall ? ETA ? | best -
[b2=24 b1={22}] stage  92.6% (1179634270208/1274515148395) | 174.4M/s | stage ETA 9:04 | overall ? ETA ? | best -
[b2=24 b1={22}] stage  92.6% (1179876847616/1274515148395) | 147.7M/s | stage ETA 10:40 | overall ? ETA ? | best -
[b2=24 b1={22}] stage  92.6% (1180214300672/1274515148395) | 158.1M/s | stage ETA 9:56 | overall ? ETA ? | best -
[b2=24 b1={22}] stage  92.6% (1180521889792/1274515148395) | 155.5M/s | stage ETA 10:04 | overall ? ETA ? | best -
[b2=24 b1={22}] stage  92.6% (1180799705088/1274515148395) | 146.9M/s | stage ETA 10:37 | overall ? ETA ? | best -
[b2=24 b1={22}] stage  92.7% (1181182709760/1274515148395) | 169.0M/s | stage ETA 9:12 | overall ? ETA ? | best -
[b2=24 b1={22}] stage  92.7% (1181424533504/1274515148395) | 144.8M/s | stage ETA 10:42 | overall ? ETA ? | best -
[b2=24 b1={22}] stage  92.7% (1181832613888/1274515148395) | 173.9M/s | stage ETA 8:52 | overall ? ETA ? | best -
[b2=24 b1={22}] stage  92.7% (1182072942592/1274515148395) | 146.9M/s | stage ETA 10:29 | overall ? ETA ? | best -
[b2=24 b1={22}] stage  92.8% (1182424276992/1274515148395) | 160.9M/s | stage ETA 9:32 | overall ? ETA ? | best -
[b2=24 b1={22}] stage  92.8% (1182732296192/1274515148395) | 157.1M/s | stage ETA 9:44 | overall ? ETA ? | best -
[b2=24 b1={22}] stage  92.8% (1183007481856/1274515148395) | 147.2M/s | stage ETA 10:21 | overall ? ETA ? | best -
[b2=24 b1={22}] stage  92.8% (1183379091456/1274515148395) | 166.1M/s | stage ETA 9:08 | overall ? ETA ? | best -
[b2=24 b1={22}] stage  92.9% (1183621976064/1274515148395) | 143.6M/s | stage ETA 10:33 | overall ? ETA ? | best -
[b2=24 b1={22}] stage  92.9% (1184037048320/1274515148395) | 175.4M/s | stage ETA 8:35 | overall ? ETA ? | best -
[b2=24 b1={22}] stage  92.9% (1184284622848/1274515148395) | 149.4M/s | stage ETA 10:03 | overall ? ETA ? | best -
[b2=24 b1={22}] stage  92.9% (1184618012672/1274515148395) | 157.7M/s | stage ETA 9:29 | overall ? ETA ? | best -
[b2=24 b1={22}] stage  93.0% (1184924450816/1274515148395) | 155.1M/s | stage ETA 9:37 | overall ? ETA ? | best -
[b2=24 b1={22}] stage  93.0% (1185204178944/1274515148395) | 147.3M/s | stage ETA 10:06 | overall ? ETA ? | best -
[b2=24 b1={22}] stage  93.0% (1185652666368/1274515148395) | 184.9M/s | stage ETA 8:00 | overall ? ETA ? | best -
[b2=24 b1={22}] stage  93.1% (1186100006912/1274515148395) | 204.3M/s | stage ETA 7:12 | overall ? ETA ? | best -
[b2=24 b1={22}] stage  93.1% (1186547019776/1274515148395) | 213.0M/s | stage ETA 6:52 | overall ? ETA ? | best -
[b2=24 b1={22}] stage  93.1% (1186997043200/1274515148395) | 218.5M/s | stage ETA 6:40 | overall ? ETA ? | best -
[b2=24 b1={22}] stage  93.2% (1187445030912/1274515148395) | 221.0M/s | stage ETA 6:33 | overall ? ETA ? | best -
[b2=24 b1={22}] stage  93.2% (1187894087680/1274515148395) | 222.3M/s | stage ETA 6:29 | overall ? ETA ? | best -
[b2=24 b1={22}] stage  93.2% (1188340178944/1274515148395) | 222.0M/s | stage ETA 6:28 | overall ? ETA ? | best -
[b2=24 b1={22}] stage  93.3% (1188788441088/1274515148395) | 222.7M/s | stage ETA 6:24 | overall ? ETA ? | best -
[b2=24 b1={22}] stage  93.3% (1189239459840/1274515148395) | 223.6M/s | stage ETA 6:21 | overall ? ETA ? | best -
[b2=24 b1={22}] stage  93.3% (1189686861824/1274515148395) | 223.1M/s | stage ETA 6:20 | overall ? ETA ? | best -
[b2=24 b1={22}] stage  93.4% (1190125322240/1274515148395) | 220.6M/s | stage ETA 6:22 | overall ? ETA ? | best -
[b2=24 b1={22}] stage  93.4% (1190574043136/1274515148395) | 222.1M/s | stage ETA 6:17 | overall ? ETA ? | best -
[b2=24 b1={22}] stage  93.4% (1191017050112/1274515148395) | 221.4M/s | stage ETA 6:17 | overall ? ETA ? | best -
[b2=24 b1={22}] stage  93.5% (1191465680896/1274515148395) | 222.5M/s | stage ETA 6:13 | overall ? ETA ? | best -
[b2=24 b1={22}] stage  93.5% (1191912546304/1274515148395) | 222.7M/s | stage ETA 6:10 | overall ? ETA ? | best -
[b2=24 b1={22}] stage  93.6% (1192359800832/1274515148395) | 222.6M/s | stage ETA 6:09 | overall ? ETA ? | best -
[b2=24 b1={22}] stage  93.6% (1192809799680/1274515148395) | 223.2M/s | stage ETA 6:06 | overall ? ETA ? | best -
[b2=24 b1={22}] stage  93.6% (1193259139072/1274515148395) | 223.8M/s | stage ETA 6:03 | overall ? ETA ? | best -
[b2=24 b1={22}] stage  93.7% (1193708113920/1274515148395) | 223.6M/s | stage ETA 6:01 | overall ? ETA ? | best -
[b2=24 b1={22}] stage  93.7% (1194069741568/1274515148395) | 201.8M/s | stage ETA 6:38 | overall ? ETA ? | best -
[b2=24 b1={22}] stage  93.7% (1194310483968/1274515148395) | 161.1M/s | stage ETA 8:17 | overall ? ETA ? | best -
[b2=24 b1={22}] stage  93.7% (1194728554496/1274515148395) | 185.0M/s | stage ETA 7:11 | overall ? ETA ? | best -
[b2=24 b1={22}] stage  93.8% (1194966269952/1274515148395) | 151.8M/s | stage ETA 8:44 | overall ? ETA ? | best -
[b2=24 b1={22}] stage  93.8% (1195315392512/1274515148395) | 162.9M/s | stage ETA 8:06 | overall ? ETA ? | best -
[b2=24 b1={22}] stage  93.8% (1195608829952/1274515148395) | 154.6M/s | stage ETA 8:30 | overall ? ETA ? | best -
[b2=24 b1={22}] stage  93.8% (1195880050688/1274515148395) | 145.0M/s | stage ETA 9:02 | overall ? ETA ? | best -
[b2=24 b1={22}] stage  93.9% (1196258258944/1274515148395) | 166.9M/s | stage ETA 7:49 | overall ? ETA ? | best -
[b2=24 b1={22}] stage  93.9% (1196494221312/1274515148395) | 142.3M/s | stage ETA 9:08 | overall ? ETA ? | best -
[b2=24 b1={22}] stage  93.9% (1196874428416/1274515148395) | 166.2M/s | stage ETA 7:47 | overall ? ETA ? | best -
[b2=24 b1={22}] stage  93.9% (1197120741376/1274515148395) | 144.5M/s | stage ETA 8:55 | overall ? ETA ? | best -
[b2=24 b1={22}] stage  94.0% (1197425065984/1274515148395) | 148.0M/s | stage ETA 8:40 | overall ? ETA ? | best -
[b2=24 b1={22}] stage  94.0% (1197766799360/1274515148395) | 159.1M/s | stage ETA 8:02 | overall ? ETA ? | best -
[b2=24 b1={22}] stage  94.0% (1198001741824/1274515148395) | 138.1M/s | stage ETA 9:13 | overall ? ETA ? | best -
[b2=24 b1={22}] stage  94.0% (1198392610816/1274515148395) | 166.3M/s | stage ETA 7:37 | overall ? ETA ? | best -
[b2=24 b1={22}] stage  94.0% (1198624059392/1274515148395) | 140.9M/s | stage ETA 8:58 | overall ? ETA ? | best -
[b2=24 b1={22}] stage  94.1% (1198948589568/1274515148395) | 151.4M/s | stage ETA 8:19 | overall ? ETA ? | best -
[b2=24 b1={22}] stage  94.1% (1199246823424/1274515148395) | 150.1M/s | stage ETA 8:21 | overall ? ETA ? | best -
[b2=24 b1={22}] stage  94.1% (1199488348160/1274515148395) | 135.3M/s | stage ETA 9:14 | overall ? ETA ? | best -
[b2=24 b1={22}] stage  94.1% (1199893159936/1274515148395) | 168.5M/s | stage ETA 7:22 | overall ? ETA ? | best -
[b2=24 b1={22}] stage  94.2% (1200134291456/1274515148395) | 144.4M/s | stage ETA 8:35 | overall ? ETA ? | best -
[b2=24 b1={22}] stage  94.2% (1200519938048/1274515148395) | 168.4M/s | stage ETA 7:19 | overall ? ETA ? | best -
[b2=24 b1={22}] stage  94.2% (1200795480064/1274515148395) | 153.1M/s | stage ETA 8:01 | overall ? ETA ? | best -
[b2=24 b1={22}] stage  94.2% (1201101258752/1274515148395) | 152.8M/s | stage ETA 8:00 | overall ? ETA ? | best -
[b2=24 b1={22}] stage  94.3% (1201438400512/1274515148395) | 160.6M/s | stage ETA 7:35 | overall ? ETA ? | best -
[b2=24 b1={22}] stage  94.3% (1201685827584/1274515148395) | 142.0M/s | stage ETA 8:33 | overall ? ETA ? | best -
[b2=24 b1={22}] stage  94.3% (1202133712896/1274515148395) | 182.8M/s | stage ETA 6:35 | overall ? ETA ? | best -
[b2=24 b1={22}] stage  94.4% (1202580119552/1274515148395) | 202.8M/s | stage ETA 5:54 | overall ? ETA ? | best -
[b2=24 b1={22}] stage  94.4% (1203028992000/1274515148395) | 213.3M/s | stage ETA 5:35 | overall ? ETA ? | best -
[b2=24 b1={22}] stage  94.4% (1203476213760/1274515148395) | 218.4M/s | stage ETA 5:25 | overall ? ETA ? | best -
[b2=24 b1={22}] stage  94.5% (1203914362880/1274515148395) | 218.5M/s | stage ETA 5:23 | overall ? ETA ? | best -
[b2=24 b1={22}] stage  94.5% (1204362141696/1274515148395) | 221.2M/s | stage ETA 5:17 | overall ? ETA ? | best -
[b2=24 b1={22}] stage  94.5% (1204809588736/1274515148395) | 222.3M/s | stage ETA 5:13 | overall ? ETA ? | best -
[b2=24 b1={22}] stage  94.6% (1205257478144/1274515148395) | 222.9M/s | stage ETA 5:10 | overall ? ETA ? | best -
[b2=24 b1={22}] stage  94.6% (1205705777152/1274515148395) | 223.4M/s | stage ETA 5:07 | overall ? ETA ? | best -
[b2=24 b1={22}] stage  94.6% (1206149292032/1274515148395) | 222.2M/s | stage ETA 5:07 | overall ? ETA ? | best -
[b2=24 b1={22}] stage  94.7% (1206592364544/1274515148395) | 221.6M/s | stage ETA 5:06 | overall ? ETA ? | best -
[b2=24 b1={22}] stage  94.7% (1207033044992/1274515148395) | 220.7M/s | stage ETA 5:05 | overall ? ETA ? | best -
[b2=24 b1={22}] stage  94.7% (1207478906880/1274515148395) | 221.7M/s | stage ETA 5:02 | overall ? ETA ? | best -
[b2=24 b1={22}] stage  94.8% (1207926054912/1274515148395) | 222.4M/s | stage ETA 4:59 | overall ? ETA ? | best -
[b2=24 b1={22}] stage  94.8% (1208371347456/1274515148395) | 222.4M/s | stage ETA 4:57 | overall ? ETA ? | best -
[b2=24 b1={22}] stage  94.8% (1208818950144/1274515148395) | 222.8M/s | stage ETA 4:54 | overall ? ETA ? | best -
[b2=24 b1={22}] stage  94.9% (1209266327552/1274515148395) | 223.2M/s | stage ETA 4:52 | overall ? ETA ? | best -
[b2=24 b1={22}] stage  94.9% (1209703677952/1274515148395) | 220.6M/s | stage ETA 4:53 | overall ? ETA ? | best -
[b2=24 b1={22}] stage  94.9% (1209977466880/1274515148395) | 178.5M/s | stage ETA 6:01 | overall ? ETA ? | best -
[b2=24 b1={22}] stage  95.0% (1210266001408/1274515148395) | 161.2M/s | stage ETA 6:38 | overall ? ETA ? | best -
[b2=24 b1={22}] stage  95.0% (1210618449920/1274515148395) | 168.4M/s | stage ETA 6:19 | overall ? ETA ? | best -
[b2=24 b1={22}] stage  95.0% (1210847686656/1274515148395) | 141.4M/s | stage ETA 7:30 | overall ? ETA ? | best -
[b2=24 b1={22}] stage  95.0% (1211246604288/1274515148395) | 170.2M/s | stage ETA 6:11 | overall ? ETA ? | best -
[b2=24 b1={22}] stage  95.1% (1211484778496/1274515148395) | 144.4M/s | stage ETA 7:16 | overall ? ETA ? | best -
[b2=24 b1={22}] stage  95.1% (1211801980928/1274515148395) | 151.2M/s | stage ETA 6:54 | overall ? ETA ? | best -
[b2=24 b1={22}] stage  95.1% (1212119040000/1274515148395) | 154.7M/s | stage ETA 6:43 | overall ? ETA ? | best -
[b2=24 b1={22}] stage  95.1% (1212354953216/1274515148395) | 136.1M/s | stage ETA 7:36 | overall ? ETA ? | best -
[b2=24 b1={22}] stage  95.2% (1212756250624/1274515148395) | 168.1M/s | stage ETA 6:07 | overall ? ETA ? | best -
[b2=24 b1={22}] stage  95.2% (1212991561728/1274515148395) | 142.8M/s | stage ETA 7:10 | overall ? ETA ? | best -
[b2=24 b1={22}] stage  95.2% (1213332971520/1274515148395) | 156.6M/s | stage ETA 6:30 | overall ? ETA ? | best -
[b2=24 b1={22}] stage  95.2% (1213626310656/1274515148395) | 151.5M/s | stage ETA 6:41 | overall ? ETA ? | best -
[b2=24 b1={22}] stage  95.2% (1213888425984/1274515148395) | 141.2M/s | stage ETA 7:09 | overall ? ETA ? | best -
[b2=24 b1={22}] stage  95.3% (1214264233984/1274515148395) | 164.5M/s | stage ETA 6:06 | overall ? ETA ? | best -
[b2=24 b1={22}] stage  95.3% (1214499938304/1274515148395) | 140.9M/s | stage ETA 7:05 | overall ? ETA ? | best -
[b2=24 b1={22}] stage  95.3% (1214882021376/1274515148395) | 165.8M/s | stage ETA 5:59 | overall ? ETA ? | best -
[b2=24 b1={22}] stage  95.3% (1215146840064/1274515148395) | 148.9M/s | stage ETA 6:38 | overall ? ETA ? | best -
[b2=24 b1={22}] stage  95.4% (1215440146432/1274515148395) | 147.5M/s | stage ETA 6:40 | overall ? ETA ? | best -
[b2=24 b1={22}] stage  95.4% (1215776616448/1274515148395) | 157.7M/s | stage ETA 6:12 | overall ? ETA ? | best -
[b2=24 b1={22}] stage  95.4% (1216011784192/1274515148395) | 137.5M/s | stage ETA 7:05 | overall ? ETA ? | best -
[b2=24 b1={22}] stage  95.4% (1216425791488/1274515148395) | 171.9M/s | stage ETA 5:37 | overall ? ETA ? | best -
[b2=24 b1={22}] stage  95.5% (1216661233664/1274515148395) | 144.6M/s | stage ETA 6:40 | overall ? ETA ? | best -
[b2=24 b1={22}] stage  95.5% (1216995115008/1274515148395) | 155.6M/s | stage ETA 6:09 | overall ? ETA ? | best -
[b2=24 b1={22}] stage  95.5% (1217288654848/1274515148395) | 151.0M/s | stage ETA 6:18 | overall ? ETA ? | best -
[b2=24 b1={22}] stage  95.5% (1217554309120/1274515148395) | 141.7M/s | stage ETA 6:41 | overall ? ETA ? | best -
[b2=24 b1={22}] stage  95.6% (1217988751360/1274515148395) | 179.3M/s | stage ETA 5:15 | overall ? ETA ? | best -
[b2=24 b1={22}] stage  95.6% (1218369708032/1274515148395) | 184.7M/s | stage ETA 5:04 | overall ? ETA ? | best -
[b2=24 b1={22}] stage  95.6% (1218794201088/1274515148395) | 198.1M/s | stage ETA 4:41 | overall ? ETA ? | best -
[b2=24 b1={22}] stage  95.7% (1219227619328/1274515148395) | 206.8M/s | stage ETA 4:27 | overall ? ETA ? | best -
[b2=24 b1={22}] stage  95.7% (1219667918848/1274515148395) | 213.4M/s | stage ETA 4:17 | overall ? ETA ? | best -
[b2=24 b1={22}] stage  95.7% (1220114165760/1274515148395) | 218.1M/s | stage ETA 4:09 | overall ? ETA ? | best -
[b2=24 b1={22}] stage  95.8% (1220560683008/1274515148395) | 220.5M/s | stage ETA 4:04 | overall ? ETA ? | best -
[b2=24 b1={22}] stage  95.8% (1221007159296/1274515148395) | 221.8M/s | stage ETA 4:01 | overall ? ETA ? | best -
[b2=24 b1={22}] stage  95.8% (1221452066816/1274515148395) | 222.0M/s | stage ETA 3:59 | overall ? ETA ? | best -
[b2=24 b1={22}] stage  95.9% (1221896888320/1274515148395) | 222.1M/s | stage ETA 3:56 | overall ? ETA ? | best -
[b2=24 b1={22}] stage  95.9% (1222342418432/1274515148395) | 222.2M/s | stage ETA 3:54 | overall ? ETA ? | best -
[b2=24 b1={22}] stage  95.9% (1222789574656/1274515148395) | 222.2M/s | stage ETA 3:52 | overall ? ETA ? | best -
[b2=24 b1={22}] stage  96.0% (1223236509696/1274515148395) | 222.5M/s | stage ETA 3:50 | overall ? ETA ? | best -
[b2=24 b1={22}] stage  96.0% (1223683444736/1274515148395) | 222.5M/s | stage ETA 3:48 | overall ? ETA ? | best -
[b2=24 b1={22}] stage  96.0% (1224129310720/1274515148395) | 222.5M/s | stage ETA 3:46 | overall ? ETA ? | best -
[b2=24 b1={22}] stage  96.1% (1224574668800/1274515148395) | 222.3M/s | stage ETA 3:44 | overall ? ETA ? | best -
[b2=24 b1={22}] stage  96.1% (1225021501440/1274515148395) | 222.7M/s | stage ETA 3:42 | overall ? ETA ? | best -
[b2=24 b1={22}] stage  96.2% (1225469440000/1274515148395) | 223.0M/s | stage ETA 3:39 | overall ? ETA ? | best -
[b2=24 b1={22}] stage  96.2% (1225914880000/1274515148395) | 222.8M/s | stage ETA 3:38 | overall ? ETA ? | best -
[b2=24 b1={22}] stage  96.2% (1226342625280/1274515148395) | 218.1M/s | stage ETA 3:40 | overall ? ETA ? | best -
[b2=24 b1={22}] stage  96.2% (1226581819392/1274515148395) | 168.6M/s | stage ETA 4:44 | overall ? ETA ? | best -
[b2=24 b1={22}] stage  96.3% (1226937192448/1274515148395) | 172.9M/s | stage ETA 4:35 | overall ? ETA ? | best -
[b2=24 b1={22}] stage  96.3% (1227239763968/1274515148395) | 162.0M/s | stage ETA 4:51 | overall ? ETA ? | best -
[b2=24 b1={22}] stage  96.3% (1227517353984/1274515148395) | 150.2M/s | stage ETA 5:12 | overall ? ETA ? | best -
[b2=24 b1={22}] stage  96.3% (1227884281856/1274515148395) | 166.8M/s | stage ETA 4:39 | overall ? ETA ? | best -
[b2=24 b1={22}] stage  96.4% (1228128997376/1274515148395) | 144.4M/s | stage ETA 5:21 | overall ? ETA ? | best -
[b2=24 b1={22}] stage  96.4% (1228544077824/1274515148395) | 175.9M/s | stage ETA 4:21 | overall ? ETA ? | best -
[b2=24 b1={22}] stage  96.4% (1228792446976/1274515148395) | 149.9M/s | stage ETA 5:05 | overall ? ETA ? | best -
[b2=24 b1={22}] stage  96.4% (1229127102464/1274515148395) | 158.6M/s | stage ETA 4:46 | overall ? ETA ? | best -
[b2=24 b1={22}] stage  96.5% (1229434380288/1274515148395) | 155.8M/s | stage ETA 4:49 | overall ? ETA ? | best -
[b2=24 b1={22}] stage  96.5% (1229713784832/1274515148395) | 147.5M/s | stage ETA 5:03 | overall ? ETA ? | best -
[b2=24 b1={22}] stage  96.5% (1230098124800/1274515148395) | 169.6M/s | stage ETA 4:21 | overall ? ETA ? | best -
[b2=24 b1={22}] stage  96.5% (1230338433024/1274515148395) | 144.7M/s | stage ETA 5:05 | overall ? ETA ? | best -
[b2=24 b1={22}] stage  96.6% (1230744797184/1274515148395) | 173.8M/s | stage ETA 4:11 | overall ? ETA ? | best -
[b2=24 b1={22}] stage  96.6% (1230986530816/1274515148395) | 147.2M/s | stage ETA 4:55 | overall ? ETA ? | best -
[b2=24 b1={22}] stage  96.6% (1231328739328/1274515148395) | 158.9M/s | stage ETA 4:31 | overall ? ETA ? | best -
[b2=24 b1={22}] stage  96.6% (1231643394048/1274515148395) | 157.9M/s | stage ETA 4:31 | overall ? ETA ? | best -
[b2=24 b1={22}] stage  96.7% (1231909502976/1274515148395) | 145.2M/s | stage ETA 4:53 | overall ? ETA ? | best -
[b2=24 b1={22}] stage  96.7% (1232290811904/1274515148395) | 167.7M/s | stage ETA 4:11 | overall ? ETA ? | best -
[b2=24 b1={22}] stage  96.7% (1232530403328/1274515148395) | 143.6M/s | stage ETA 4:52 | overall ? ETA ? | best -
[b2=24 b1={22}] stage  96.7% (1232938110976/1274515148395) | 173.3M/s | stage ETA 3:59 | overall ? ETA ? | best -
[b2=24 b1={22}] stage  96.8% (1233187684352/1274515148395) | 148.9M/s | stage ETA 4:37 | overall ? ETA ? | best -
[b2=24 b1={22}] stage  96.8% (1233521696768/1274515148395) | 157.8M/s | stage ETA 4:19 | overall ? ETA ? | best -
[b2=24 b1={22}] stage  96.8% (1233833328640/1274515148395) | 156.7M/s | stage ETA 4:19 | overall ? ETA ? | best -
[b2=24 b1={22}] stage  96.8% (1234097889280/1274515148395) | 144.4M/s | stage ETA 4:39 | overall ? ETA ? | best -
[b2=24 b1={22}] stage  96.9% (1234545594368/1274515148395) | 183.9M/s | stage ETA 3:37 | overall ? ETA ? | best -
[b2=24 b1={22}] stage  96.9% (1234990759936/1274515148395) | 202.9M/s | stage ETA 3:14 | overall ? ETA ? | best -
[b2=24 b1={22}] stage  96.9% (1235436396544/1274515148395) | 212.4M/s | stage ETA 3:03 | overall ? ETA ? | best -
[b2=24 b1={22}] stage  97.0% (1235881140224/1274515148395) | 217.1M/s | stage ETA 2:57 | overall ? ETA ? | best -
[b2=24 b1={22}] stage  97.0% (1236328673280/1274515148395) | 220.0M/s | stage ETA 2:53 | overall ? ETA ? | best -
[b2=24 b1={22}] stage  97.0% (1236776656896/1274515148395) | 221.6M/s | stage ETA 2:50 | overall ? ETA ? | best -
[b2=24 b1={22}] stage  97.1% (1237221826560/1274515148395) | 221.8M/s | stage ETA 2:48 | overall ? ETA ? | best -
[b2=24 b1={22}] stage  97.1% (1237671165952/1274515148395) | 222.6M/s | stage ETA 2:45 | overall ? ETA ? | best -
[b2=24 b1={22}] stage  97.1% (1238120054784/1274515148395) | 223.3M/s | stage ETA 2:42 | overall ? ETA ? | best -
[b2=24 b1={22}] stage  97.2% (1238567284736/1274515148395) | 223.2M/s | stage ETA 2:41 | overall ? ETA ? | best -
[b2=24 b1={22}] stage  97.2% (1239011999744/1274515148395) | 222.5M/s | stage ETA 2:39 | overall ? ETA ? | best -
[b2=24 b1={22}] stage  97.2% (1239458541568/1274515148395) | 222.6M/s | stage ETA 2:37 | overall ? ETA ? | best -
[b2=24 b1={22}] stage  97.3% (1239906725888/1274515148395) | 223.0M/s | stage ETA 2:35 | overall ? ETA ? | best -
[b2=24 b1={22}] stage  97.3% (1240351375360/1274515148395) | 222.4M/s | stage ETA 2:33 | overall ? ETA ? | best -
[b2=24 b1={22}] stage  97.4% (1240797024256/1274515148395) | 222.5M/s | stage ETA 2:31 | overall ? ETA ? | best -
[b2=24 b1={22}] stage  97.4% (1241242615808/1274515148395) | 222.3M/s | stage ETA 2:29 | overall ? ETA ? | best -
[b2=24 b1={22}] stage  97.4% (1241688477696/1274515148395) | 222.3M/s | stage ETA 2:27 | overall ? ETA ? | best -
[b2=24 b1={22}] stage  97.5% (1242133942272/1274515148395) | 222.2M/s | stage ETA 2:25 | overall ? ETA ? | best -
[b2=24 b1={22}] stage  97.5% (1242383691776/1274515148395) | 173.4M/s | stage ETA 3:05 | overall ? ETA ? | best -
[b2=24 b1={22}] stage  97.5% (1242721681408/1274515148395) | 170.8M/s | stage ETA 3:06 | overall ? ETA ? | best -
[b2=24 b1={22}] stage  97.5% (1243032530944/1274515148395) | 162.8M/s | stage ETA 3:13 | overall ? ETA ? | best -
[b2=24 b1={22}] stage  97.6% (1243307921408/1274515148395) | 149.8M/s | stage ETA 3:28 | overall ? ETA ? | best -
[b2=24 b1={22}] stage  97.6% (1243695763456/1274515148395) | 171.7M/s | stage ETA 2:59 | overall ? ETA ? | best -
[b2=24 b1={22}] stage  97.6% (1243934224384/1274515148395) | 145.3M/s | stage ETA 3:30 | overall ? ETA ? | best -
[b2=24 b1={22}] stage  97.6% (1244264771584/1274515148395) | 155.1M/s | stage ETA 3:15 | overall ? ETA ? | best -
[b2=24 b1={22}] stage  97.6% (1244531478528/1274515148395) | 144.0M/s | stage ETA 3:28 | overall ? ETA ? | best -
[b2=24 b1={22}] stage  97.7% (1244792066048/1274515148395) | 137.0M/s | stage ETA 3:36 | overall ? ETA ? | best -
[b2=24 b1={22}] stage  97.7% (1245160239104/1274515148395) | 160.3M/s | stage ETA 3:03 | overall ? ETA ? | best -
[b2=24 b1={22}] stage  97.7% (1245390438400/1274515148395) | 137.6M/s | stage ETA 3:31 | overall ? ETA ? | best -
[b2=24 b1={22}] stage  97.7% (1245760512000/1274515148395) | 161.2M/s | stage ETA 2:58 | overall ? ETA ? | best -
[b2=24 b1={22}] stage  97.8% (1246016286720/1274515148395) | 144.3M/s | stage ETA 3:17 | overall ? ETA ? | best -
[b2=24 b1={22}] stage  97.8% (1246311583744/1274515148395) | 145.8M/s | stage ETA 3:13 | overall ? ETA ? | best -
[b2=24 b1={22}] stage  97.8% (1246664916992/1274515148395) | 161.0M/s | stage ETA 2:52 | overall ? ETA ? | best -
[b2=24 b1={22}] stage  97.8% (1246902235136/1274515148395) | 139.8M/s | stage ETA 3:17 | overall ? ETA ? | best -
[b2=24 b1={22}] stage  97.9% (1247302979584/1274515148395) | 169.8M/s | stage ETA 2:40 | overall ? ETA ? | best -
[b2=24 b1={22}] stage  97.9% (1247538896896/1274515148395) | 143.6M/s | stage ETA 3:07 | overall ? ETA ? | best -
[b2=24 b1={22}] stage  97.9% (1247877148672/1274515148395) | 156.2M/s | stage ETA 2:50 | overall ? ETA ? | best -
[b2=24 b1={22}] stage  97.9% (1248190365696/1274515148395) | 156.2M/s | stage ETA 2:48 | overall ? ETA ? | best -
[b2=24 b1={22}] stage  98.0% (1248439914496/1274515148395) | 140.3M/s | stage ETA 3:05 | overall ? ETA ? | best -
[b2=24 b1={22}] stage  98.0% (1248819302400/1274515148395) | 165.0M/s | stage ETA 2:35 | overall ? ETA ? | best -
[b2=24 b1={22}] stage  98.0% (1249058156544/1274515148395) | 142.1M/s | stage ETA 2:59 | overall ? ETA ? | best -
[b2=24 b1={22}] stage  98.0% (1249441030144/1274515148395) | 166.6M/s | stage ETA 2:30 | overall ? ETA ? | best -
[b2=24 b1={22}] stage  98.1% (1249711325184/1274515148395) | 150.6M/s | stage ETA 2:44 | overall ? ETA ? | best -
[b2=24 b1={22}] stage  98.1% (1250005245952/1274515148395) | 148.7M/s | stage ETA 2:44 | overall ? ETA ? | best -
[b2=24 b1={22}] stage  98.1% (1250442178560/1274515148395) | 183.1M/s | stage ETA 2:11 | overall ? ETA ? | best -
[b2=24 b1={22}] stage  98.1% (1250868228096/1274515148395) | 197.8M/s | stage ETA 1:59 | overall ? ETA ? | best -
[b2=24 b1={22}] stage  98.2% (1251296305152/1274515148395) | 205.6M/s | stage ETA 1:52 | overall ? ETA ? | best -
[b2=24 b1={22}] stage  98.2% (1251726131200/1274515148395) | 210.2M/s | stage ETA 1:48 | overall ? ETA ? | best -
[b2=24 b1={22}] stage  98.2% (1252158279680/1274515148395) | 212.7M/s | stage ETA 1:45 | overall ? ETA ? | best -
[b2=24 b1={22}] stage  98.3% (1252579741696/1274515148395) | 211.7M/s | stage ETA 1:43 | overall ? ETA ? | best -
[b2=24 b1={22}] stage  98.3% (1253011800064/1274515148395) | 213.6M/s | stage ETA 1:40 | overall ? ETA ? | best -
[b2=24 b1={22}] stage  98.3% (1253437755392/1274515148395) | 213.0M/s | stage ETA 1:38 | overall ? ETA ? | best -
[b2=24 b1={22}] stage  98.4% (1253871312896/1274515148395) | 214.6M/s | stage ETA 1:36 | overall ? ETA ? | best -
[b2=24 b1={22}] stage  98.4% (1254307332096/1274515148395) | 216.0M/s | stage ETA 1:33 | overall ? ETA ? | best -
[b2=24 b1={22}] stage  98.4% (1254738198528/1274515148395) | 215.5M/s | stage ETA 1:31 | overall ? ETA ? | best -
[b2=24 b1={22}] stage  98.5% (1255171710976/1274515148395) | 215.8M/s | stage ETA 1:29 | overall ? ETA ? | best -
[b2=24 b1={22}] stage  98.5% (1255604498432/1274515148395) | 215.9M/s | stage ETA 1:27 | overall ? ETA ? | best -
[b2=24 b1={22}] stage  98.6% (1256038952960/1274515148395) | 215.9M/s | stage ETA 1:25 | overall ? ETA ? | best -
[b2=24 b1={22}] stage  98.6% (1256464486400/1274515148395) | 214.1M/s | stage ETA 1:24 | overall ? ETA ? | best -
[b2=24 b1={22}] stage  98.6% (1256892547072/1274515148395) | 213.5M/s | stage ETA 1:22 | overall ? ETA ? | best -
[b2=24 b1={22}] stage  98.7% (1257326620672/1274515148395) | 215.0M/s | stage ETA 1:19 | overall ? ETA ? | best -
[b2=24 b1={22}] stage  98.7% (1257757245440/1274515148395) | 214.9M/s | stage ETA 1:17 | overall ? ETA ? | best -
[b2=24 b1={22}] stage  98.7% (1258189770752/1274515148395) | 215.1M/s | stage ETA 1:15 | overall ? ETA ? | best -
[b2=24 b1={22}] stage  98.8% (1258636369920/1274515148395) | 218.9M/s | stage ETA 1:12 | overall ? ETA ? | best -
[b2=24 b1={22}] stage  98.8% (1258909958144/1274515148395) | 177.8M/s | stage ETA 1:27 | overall ? ETA ? | best -
[b2=24 b1={22}] stage  98.8% (1259213725696/1274515148395) | 164.7M/s | stage ETA 1:32 | overall ? ETA ? | best -
[b2=24 b1={22}] stage  98.8% (1259549683712/1274515148395) | 166.0M/s | stage ETA 1:30 | overall ? ETA ? | best -
[b2=24 b1={22}] stage  98.8% (1259785781248/1274515148395) | 141.8M/s | stage ETA 1:43 | overall ? ETA ? | best -
[b2=24 b1={22}] stage  98.9% (1260202606592/1274515148395) | 175.1M/s | stage ETA 1:21 | overall ? ETA ? | best -
[b2=24 b1={22}] stage  98.9% (1260439662592/1274515148395) | 146.7M/s | stage ETA 1:35 | overall ? ETA ? | best -
[b2=24 b1={22}] stage  98.9% (1260800573440/1274515148395) | 163.1M/s | stage ETA 1:24 | overall ? ETA ? | best -
[b2=24 b1={22}] stage  98.9% (1261085855744/1274515148395) | 152.8M/s | stage ETA 1:27 | overall ? ETA ? | best -
[b2=24 b1={22}] stage  99.0% (1261370736640/1274515148395) | 147.5M/s | stage ETA 1:29 | overall ? ETA ? | best -
[b2=24 b1={22}] stage  99.0% (1261735837696/1274515148395) | 164.8M/s | stage ETA 1:17 | overall ? ETA ? | best -
[b2=24 b1={22}] stage  99.0% (1261974872064/1274515148395) | 142.0M/s | stage ETA 1:28 | overall ? ETA ? | best -
[b2=24 b1={22}] stage  99.0% (1262378614784/1274515148395) | 171.6M/s | stage ETA 1:10 | overall ? ETA ? | best -
[b2=24 b1={22}] stage  99.1% (1262618300416/1274515148395) | 145.6M/s | stage ETA 1:21 | overall ? ETA ? | best -
[b2=24 b1={22}] stage  99.1% (1262959652864/1274515148395) | 157.8M/s | stage ETA 1:13 | overall ? ETA ? | best -
[b2=24 b1={22}] stage  99.1% (1263274237952/1274515148395) | 157.4M/s | stage ETA 1:11 | overall ? ETA ? | best -
[b2=24 b1={22}] stage  99.1% (1263539576832/1274515148395) | 144.8M/s | stage ETA 1:15 | overall ? ETA ? | best -
[b2=24 b1={22}] stage  99.2% (1263920627712/1274515148395) | 167.6M/s | stage ETA 1:03 | overall ? ETA ? | best -
[b2=24 b1={22}] stage  99.2% (1264158826496/1274515148395) | 143.2M/s | stage ETA 1:12 | overall ? ETA ? | best -
[b2=24 b1={22}] stage  99.2% (1264561090560/1274515148395) | 171.9M/s | stage ETA 0:57 | overall ? ETA ? | best -
[b2=24 b1={22}] stage  99.2% (1264814690304/1274515148395) | 149.2M/s | stage ETA 1:05 | overall ? ETA ? | best -
[b2=24 b1={22}] stage  99.3% (1265129824256/1274515148395) | 153.3M/s | stage ETA 1:01 | overall ? ETA ? | best -
[b2=24 b1={22}] stage  99.3% (1265457807360/1274515148395) | 158.4M/s | stage ETA 0:57 | overall ? ETA ? | best -
[b2=24 b1={22}] stage  99.3% (1265705635840/1274515148395) | 141.0M/s | stage ETA 1:02 | overall ? ETA ? | best -
[b2=24 b1={22}] stage  99.3% (1266112491520/1274515148395) | 172.0M/s | stage ETA 0:48 | overall ? ETA ? | best -
[b2=24 b1={22}] stage  99.4% (1266353364992/1274515148395) | 146.1M/s | stage ETA 0:55 | overall ? ETA ? | best -
[b2=24 b1={22}] stage  99.4% (1266735878144/1274515148395) | 168.2M/s | stage ETA 0:46 | overall ? ETA ? | best -
[b2=24 b1={22}] stage  99.4% (1267182231552/1274515148395) | 195.5M/s | stage ETA 0:37 | overall ? ETA ? | best -
[b2=24 b1={22}] stage  99.5% (1267631382528/1274515148395) | 209.7M/s | stage ETA 0:32 | overall ? ETA ? | best -
[b2=24 b1={22}] stage  99.5% (1268075655168/1274515148395) | 215.9M/s | stage ETA 0:29 | overall ? ETA ? | best -
[b2=24 b1={22}] stage  99.5% (1268524408832/1274515148395) | 219.9M/s | stage ETA 0:27 | overall ? ETA ? | best -
[b2=24 b1={22}] stage  99.6% (1268969631744/1274515148395) | 221.1M/s | stage ETA 0:25 | overall ? ETA ? | best -
[b2=24 b1={22}] stage  99.6% (1269415047168/1274515148395) | 221.5M/s | stage ETA 0:23 | overall ? ETA ? | best -
[b2=24 b1={22}] stage  99.6% (1269860335616/1274515148395) | 222.0M/s | stage ETA 0:20 | overall ? ETA ? | best -
[b2=24 b1={22}] stage  99.7% (1270308544512/1274515148395) | 222.6M/s | stage ETA 0:18 | overall ? ETA ? | best -
[b2=24 b1={22}] stage  99.7% (1270754762752/1274515148395) | 222.5M/s | stage ETA 0:16 | overall ? ETA ? | best -
[b2=24 b1={22}] stage  99.7% (1271203565568/1274515148395) | 223.1M/s | stage ETA 0:14 | overall ? ETA ? | best -
[b2=24 b1={22}] stage  99.8% (1271650172928/1274515148395) | 223.0M/s | stage ETA 0:12 | overall ? ETA ? | best -
[b2=24 b1={22}] stage  99.8% (1272096485376/1274515148395) | 223.0M/s | stage ETA 0:10 | overall ? ETA ? | best -
[b2=24 b1={22}] stage  99.8% (1272543539200/1274515148395) | 223.0M/s | stage ETA 0:08 | overall ? ETA ? | best -
[b2=24 b1={22}] stage  99.9% (1272989093888/1274515148395) | 222.6M/s | stage ETA 0:06 | overall ? ETA ? | best -
[b2=24 b1={22}] stage  99.9% (1273435521024/1274515148395) | 222.8M/s | stage ETA 0:04 | overall ? ETA ? | best -
[b2=24 b1={22}] stage 100.0% (1273881780224/1274515148395) | 222.7M/s | stage ETA 0:02 | overall ? ETA ? | best -
[b2=24 b1={22}] stage 100.0% (1274330312704/1274515148395) | 223.1M/s | stage ETA 0:00 | overall ? ETA ? | best -
stage b2=25 vs b1={23}: values [21684043449710088680149056017398834228515625, 37608910510519071039902074217516707306379521), 0 candidates (MITM path)
  MITM b1=23: s=10 t=6 j=6 je=8 Q=148035889 table=244140625 yh=2801532240664
[b2=25 b1={23}] stage 100.0% (1274515148395/0) | 0.0M/s | stage ETA ? | overall ? ETA ? | best -
[b2=25 b1={23}] stage   0.0% (113561600/2801532240664) | 0.0M/s | stage ETA ? | overall ? ETA ? | best -
[b2=25 b1={23}] stage   0.0% (320868352/2801532240664) | 103.4M/s | stage ETA 7:31:35 | overall ? ETA ? | best -
[b2=25 b1={23}] stage   0.0% (528470016/2801532240664) | 103.5M/s | stage ETA 7:31:08 | overall ? ETA ? | best -
[b2=25 b1={23}] stage   0.0% (736358400/2801532240664) | 103.6M/s | stage ETA 7:30:42 | overall ? ETA ? | best -
[b2=25 b1={23}] stage   0.0% (944476160/2801532240664) | 103.7M/s | stage ETA 7:30:06 | overall ? ETA ? | best -
[b2=25 b1={23}] stage   0.0% (1152364544/2801532240664) | 103.8M/s | stage ETA 7:29:47 | overall ? ETA ? | best -
[b2=25 b1={23}] stage   0.0% (1358921728/2801532240664) | 103.4M/s | stage ETA 7:31:22 | overall ? ETA ? | best -
[b2=25 b1={23}] stage   0.1% (1566359552/2801532240664) | 103.5M/s | stage ETA 7:31:02 | overall ? ETA ? | best -
[b2=25 b1={23}] stage   0.1% (1774477312/2801532240664) | 103.5M/s | stage ETA 7:30:52 | overall ? ETA ? | best -
[b2=25 b1={23}] stage   0.1% (1982935040/2801532240664) | 103.8M/s | stage ETA 7:29:42 | overall ? ETA ? | best -
[b2=25 b1={23}] stage   0.1% (2191290368/2801532240664) | 103.9M/s | stage ETA 7:29:07 | overall ? ETA ? | best -
[b2=25 b1={23}] stage   0.1% (2399367168/2801532240664) | 103.8M/s | stage ETA 7:29:20 | overall ? ETA ? | best -
[b2=25 b1={23}] stage   0.1% (2606030848/2801532240664) | 103.4M/s | stage ETA 7:31:02 | overall ? ETA ? | best -
[b2=25 b1={23}] stage   0.1% (2811613184/2801532240664) | 102.9M/s | stage ETA 7:33:18 | overall ? ETA ? | best -
[b2=25 b1={23}] stage   0.1% (3018813440/2801532240664) | 103.1M/s | stage ETA 7:32:21 | overall ? ETA ? | best -
[b2=25 b1={23}] stage   0.1% (3224182784/2801532240664) | 102.7M/s | stage ETA 7:33:59 | overall ? ETA ? | best -
[b2=25 b1={23}] stage   0.1% (3431063552/2801532240664) | 103.0M/s | stage ETA 7:32:50 | overall ? ETA ? | best -
[b2=25 b1={23}] stage   0.1% (3638632448/2801532240664) | 103.1M/s | stage ETA 7:32:20 | overall ? ETA ? | best -
[b2=25 b1={23}] stage   0.1% (3844739072/2801532240664) | 103.0M/s | stage ETA 7:32:46 | overall ? ETA ? | best -
[b2=25 b1={23}] stage   0.1% (4050771968/2801532240664) | 102.9M/s | stage ETA 7:33:19 | overall ? ETA ? | best -
[b2=25 b1={23}] stage   0.2% (4255916032/2801532240664) | 102.6M/s | stage ETA 7:34:13 | overall ? ETA ? | best -
[b2=25 b1={23}] stage   0.2% (4461121536/2801532240664) | 102.5M/s | stage ETA 7:34:59 | overall ? ETA ? | best -
[b2=25 b1={23}] stage   0.2% (4666277888/2801532240664) | 102.4M/s | stage ETA 7:35:14 | overall ? ETA ? | best -
[b2=25 b1={23}] stage   0.2% (4873207808/2801532240664) | 102.7M/s | stage ETA 7:33:56 | overall ? ETA ? | best -
[b2=25 b1={23}] stage   0.2% (5079232512/2801532240664) | 102.7M/s | stage ETA 7:33:50 | overall ? ETA ? | best -
[b2=25 b1={23}] stage   0.2% (5285003264/2801532240664) | 102.7M/s | stage ETA 7:33:38 | overall ? ETA ? | best -
[b2=25 b1={23}] stage   0.2% (5491818496/2801532240664) | 102.8M/s | stage ETA 7:33:09 | overall ? ETA ? | best -
[b2=25 b1={23}] stage   0.2% (5697810432/2801532240664) | 102.7M/s | stage ETA 7:33:47 | overall ? ETA ? | best -
[b2=25 b1={23}] stage   0.2% (5906075648/2801532240664) | 103.3M/s | stage ETA 7:30:51 | overall ? ETA ? | best -
[b2=25 b1={23}] stage   0.2% (6108045312/2801532240664) | 102.0M/s | stage ETA 7:36:35 | overall ? ETA ? | best -
[b2=25 b1={23}] stage   0.2% (6312103936/2801532240664) | 101.9M/s | stage ETA 7:37:02 | overall ? ETA ? | best -
[b2=25 b1={23}] stage   0.2% (6517501952/2801532240664) | 102.2M/s | stage ETA 7:35:48 | overall ? ETA ? | best -
[b2=25 b1={23}] stage   0.2% (6708932608/2801532240664) | 98.8M/s | stage ETA 7:51:14 | overall ? ETA ? | best -
[b2=25 b1={23}] stage   0.2% (6917603328/2801532240664) | 101.4M/s | stage ETA 7:39:14 | overall ? ETA ? | best -
[b2=25 b1={23}] stage   0.3% (7122440192/2801532240664) | 101.9M/s | stage ETA 7:37:13 | overall ? ETA ? | best -
[b2=25 b1={23}] stage   0.3% (7330566144/2801532240664) | 102.8M/s | stage ETA 7:32:54 | overall ? ETA ? | best -
[b2=25 b1={23}] stage   0.3% (7533096960/2801532240664) | 102.0M/s | stage ETA 7:36:35 | overall ? ETA ? | best -
[b2=25 b1={23}] stage   0.3% (7731904512/2801532240664) | 100.7M/s | stage ETA 7:42:32 | overall ? ETA ? | best -
[b2=25 b1={23}] stage   0.3% (7938129920/2801532240664) | 101.6M/s | stage ETA 7:38:02 | overall ? ETA ? | best -
[b2=25 b1={23}] stage   0.3% (8142151680/2801532240664) | 101.7M/s | stage ETA 7:37:46 | overall ? ETA ? | best -
[b2=25 b1={23}] stage   0.3% (8349556736/2801532240664) | 102.6M/s | stage ETA 7:33:50 | overall ? ETA ? | best -
[b2=25 b1={23}] stage   0.3% (8557527040/2801532240664) | 103.1M/s | stage ETA 7:31:16 | overall ? ETA ? | best -
[b2=25 b1={23}] stage   0.3% (8763699200/2801532240664) | 103.0M/s | stage ETA 7:31:56 | overall ? ETA ? | best -
[b2=25 b1={23}] stage   0.3% (8971337728/2801532240664) | 103.2M/s | stage ETA 7:30:54 | overall ? ETA ? | best -
[b2=25 b1={23}] stage   0.3% (9179910144/2801532240664) | 103.6M/s | stage ETA 7:29:04 | overall ? ETA ? | best -
[b2=25 b1={23}] stage   0.3% (9388380160/2801532240664) | 103.9M/s | stage ETA 7:27:48 | overall ? ETA ? | best -
[b2=25 b1={23}] stage   0.3% (9595822080/2801532240664) | 103.7M/s | stage ETA 7:28:31 | overall ? ETA ? | best -
[b2=25 b1={23}] stage   0.3% (9802022912/2801532240664) | 103.3M/s | stage ETA 7:30:21 | overall ? ETA ? | best -
[b2=25 b1={23}] stage   0.4% (9991872512/2801532240664) | 99.0M/s | stage ETA 7:49:56 | overall ? ETA ? | best -
[b2=25 b1={23}] stage   0.4% (10189258752/2801532240664) | 98.7M/s | stage ETA 7:51:13 | overall ? ETA ? | best -
[b2=25 b1={23}] stage   0.4% (10397188096/2801532240664) | 101.2M/s | stage ETA 7:39:36 | overall ? ETA ? | best -
[b2=25 b1={23}] stage   0.4% (10605330432/2801532240664) | 102.5M/s | stage ETA 7:33:40 | overall ? ETA ? | best -
[b2=25 b1={23}] stage   0.4% (10813673472/2801532240664) | 103.2M/s | stage ETA 7:30:29 | overall ? ETA ? | best -
[b2=25 b1={23}] stage   0.4% (11021418496/2801532240664) | 103.5M/s | stage ETA 7:29:22 | overall ? ETA ? | best -
[b2=25 b1={23}] stage   0.4% (11226578944/2801532240664) | 102.9M/s | stage ETA 7:31:49 | overall ? ETA ? | best -
[b2=25 b1={23}] stage   0.4% (11431211008/2801532240664) | 102.4M/s | stage ETA 7:34:14 | overall ? ETA ? | best -
[b2=25 b1={23}] stage   0.4% (11627499520/2801532240664) | 100.2M/s | stage ETA 7:44:06 | overall ? ETA ? | best -
[b2=25 b1={23}] stage   0.4% (11833479168/2801532240664) | 101.5M/s | stage ETA 7:38:12 | overall ? ETA ? | best -
[b2=25 b1={23}] stage   0.4% (12040740864/2801532240664) | 102.5M/s | stage ETA 7:33:46 | overall ? ETA ? | best -
[b2=25 b1={23}] stage   0.4% (12248694784/2801532240664) | 103.1M/s | stage ETA 7:31:02 | overall ? ETA ? | best -
[b2=25 b1={23}] stage   0.4% (12457877504/2801532240664) | 103.6M/s | stage ETA 7:28:47 | overall ? ETA ? | best -
[b2=25 b1={23}] stage   0.5% (12667654144/2801532240664) | 104.0M/s | stage ETA 7:26:51 | overall ? ETA ? | best -
[b2=25 b1={23}] stage   0.5% (12875628544/2801532240664) | 103.8M/s | stage ETA 7:27:36 | overall ? ETA ? | best -
[b2=25 b1={23}] stage   0.5% (13082198016/2801532240664) | 103.4M/s | stage ETA 7:29:27 | overall ? ETA ? | best -
[b2=25 b1={23}] stage   0.5% (13291352064/2801532240664) | 103.8M/s | stage ETA 7:27:36 | overall ? ETA ? | best -
[b2=25 b1={23}] stage   0.5% (13500121088/2801532240664) | 103.9M/s | stage ETA 7:27:05 | overall ? ETA ? | best -
[b2=25 b1={23}] stage   0.5% (13709287424/2801532240664) | 104.0M/s | stage ETA 7:26:40 | overall ? ETA ? | best -
[b2=25 b1={23}] stage   0.5% (13918375936/2801532240664) | 104.0M/s | stage ETA 7:26:44 | overall ? ETA ? | best -
[b2=25 b1={23}] stage   0.5% (14126567424/2801532240664) | 103.8M/s | stage ETA 7:27:36 | overall ? ETA ? | best -
[b2=25 b1={23}] stage   0.5% (14334816256/2801532240664) | 103.8M/s | stage ETA 7:27:25 | overall ? ETA ? | best -
[b2=25 b1={23}] stage   0.5% (14543286272/2801532240664) | 103.7M/s | stage ETA 7:27:46 | overall ? ETA ? | best -
[b2=25 b1={23}] stage   0.5% (14752043008/2801532240664) | 103.8M/s | stage ETA 7:27:29 | overall ? ETA ? | best -
[b2=25 b1={23}] stage   0.5% (14960316416/2801532240664) | 103.6M/s | stage ETA 7:28:05 | overall ? ETA ? | best -
[b2=25 b1={23}] stage   0.5% (15168610304/2801532240664) | 103.8M/s | stage ETA 7:27:12 | overall ? ETA ? | best -
[b2=25 b1={23}] stage   0.5% (15376334848/2801532240664) | 103.8M/s | stage ETA 7:27:28 | overall ? ETA ? | best -
[b2=25 b1={23}] stage   0.6% (15583391744/2801532240664) | 103.4M/s | stage ETA 7:28:57 | overall ? ETA ? | best -
[b2=25 b1={23}] stage   0.6% (15792541696/2801532240664) | 103.7M/s | stage ETA 7:27:48 | overall ? ETA ? | best -
[b2=25 b1={23}] stage   0.6% (16000380928/2801532240664) | 103.5M/s | stage ETA 7:28:29 | overall ? ETA ? | best -
[b2=25 b1={23}] stage   0.6% (16208719872/2801532240664) | 103.6M/s | stage ETA 7:28:16 | overall ? ETA ? | best -
[b2=25 b1={23}] stage   0.6% (16416235520/2801532240664) | 103.4M/s | stage ETA 7:28:44 | overall ? ETA ? | best -
[b2=25 b1={23}] stage   0.6% (16622481408/2801532240664) | 103.2M/s | stage ETA 7:29:33 | overall ? ETA ? | best -
[b2=25 b1={23}] stage   0.6% (16829829120/2801532240664) | 103.2M/s | stage ETA 7:29:36 | overall ? ETA ? | best -
[b2=25 b1={23}] stage   0.6% (17036636160/2801532240664) | 103.1M/s | stage ETA 7:30:11 | overall ? ETA ? | best -
[b2=25 b1={23}] stage   0.6% (17245499392/2801532240664) | 103.5M/s | stage ETA 7:28:20 | overall ? ETA ? | best -
[b2=25 b1={23}] stage   0.6% (17453322240/2801532240664) | 103.4M/s | stage ETA 7:28:36 | overall ? ETA ? | best -
[b2=25 b1={23}] stage   0.6% (17657585664/2801532240664) | 102.7M/s | stage ETA 7:31:57 | overall ? ETA ? | best -
[b2=25 b1={23}] stage   0.6% (17865207808/2801532240664) | 103.1M/s | stage ETA 7:30:06 | overall ? ETA ? | best -
[b2=25 b1={23}] stage   0.6% (18073288704/2801532240664) | 103.4M/s | stage ETA 7:28:38 | overall ? ETA ? | best -
[b2=25 b1={23}] stage   0.7% (18281398272/2801532240664) | 103.5M/s | stage ETA 7:28:21 | overall ? ETA ? | best -
[b2=25 b1={23}] stage   0.7% (18489339904/2801532240664) | 103.4M/s | stage ETA 7:28:31 | overall ? ETA ? | best -
[b2=25 b1={23}] stage   0.7% (18697764864/2801532240664) | 103.5M/s | stage ETA 7:28:17 | overall ? ETA ? | best -
[b2=25 b1={23}] stage   0.7% (18905337856/2801532240664) | 103.5M/s | stage ETA 7:28:09 | overall ? ETA ? | best -
[b2=25 b1={23}] stage   0.7% (19111993344/2801532240664) | 103.3M/s | stage ETA 7:28:46 | overall ? ETA ? | best -
[b2=25 b1={23}] stage   0.7% (19319328768/2801532240664) | 103.3M/s | stage ETA 7:28:41 | overall ? ETA ? | best -
[b2=25 b1={23}] stage   0.7% (19527802880/2801532240664) | 103.6M/s | stage ETA 7:27:32 | overall ? ETA ? | best -
[b2=25 b1={23}] stage   0.7% (19736174592/2801532240664) | 103.8M/s | stage ETA 7:26:50 | overall ? ETA ? | best -
[b2=25 b1={23}] stage   0.7% (19945078784/2801532240664) | 103.8M/s | stage ETA 7:26:41 | overall ? ETA ? | best -
[b2=25 b1={23}] stage   0.7% (20155047936/2801532240664) | 104.0M/s | stage ETA 7:25:53 | overall ? ETA ? | best -
[b2=25 b1={23}] stage   0.7% (20363771904/2801532240664) | 104.0M/s | stage ETA 7:25:42 | overall ? ETA ? | best -
[b2=25 b1={23}] stage   0.7% (20573011968/2801532240664) | 104.1M/s | stage ETA 7:25:25 | overall ? ETA ? | best -
[b2=25 b1={23}] stage   0.7% (20781891584/2801532240664) | 104.0M/s | stage ETA 7:25:40 | overall ? ETA ? | best -
[b2=25 b1={23}] stage   0.7% (20991770624/2801532240664) | 104.3M/s | stage ETA 7:24:30 | overall ? ETA ? | best -
[b2=25 b1={23}] stage   0.8% (21201158144/2801532240664) | 104.2M/s | stage ETA 7:24:42 | overall ? ETA ? | best -
[b2=25 b1={23}] stage   0.8% (21410185216/2801532240664) | 104.0M/s | stage ETA 7:25:33 | overall ? ETA ? | best -
[b2=25 b1={23}] stage   0.8% (21617119232/2801532240664) | 103.6M/s | stage ETA 7:27:23 | overall ? ETA ? | best -
[b2=25 b1={23}] stage   0.8% (21824053248/2801532240664) | 103.5M/s | stage ETA 7:27:35 | overall ? ETA ? | best -
[b2=25 b1={23}] stage   0.8% (22032384000/2801532240664) | 103.6M/s | stage ETA 7:27:10 | overall ? ETA ? | best -
[b2=25 b1={23}] stage   0.8% (22239653888/2801532240664) | 103.6M/s | stage ETA 7:27:07 | overall ? ETA ? | best -
[b2=25 b1={23}] stage   0.8% (22446493696/2801532240664) | 103.5M/s | stage ETA 7:27:43 | overall ? ETA ? | best -
[b2=25 b1={23}] stage   0.8% (22653407232/2801532240664) | 103.2M/s | stage ETA 7:28:49 | overall ? ETA ? | best -
[b2=25 b1={23}] stage   0.8% (22860984320/2801532240664) | 103.1M/s | stage ETA 7:28:58 | overall ? ETA ? | best -
[b2=25 b1={23}] stage   0.8% (23069347840/2801532240664) | 103.4M/s | stage ETA 7:27:49 | overall ? ETA ? | best -
[b2=25 b1={23}] stage   0.8% (23276199936/2801532240664) | 103.3M/s | stage ETA 7:28:09 | overall ? ETA ? | best -
[b2=25 b1={23}] stage   0.8% (23484514304/2801532240664) | 103.5M/s | stage ETA 7:27:14 | overall ? ETA ? | best -
[b2=25 b1={23}] stage   0.8% (23691141120/2801532240664) | 103.4M/s | stage ETA 7:27:44 | overall ? ETA ? | best -
[b2=25 b1={23}] stage   0.9% (23897268224/2801532240664) | 103.2M/s | stage ETA 7:28:47 | overall ? ETA ? | best -
[b2=25 b1={23}] stage   0.9% (24106135552/2801532240664) | 103.5M/s | stage ETA 7:27:22 | overall ? ETA ? | best -
[b2=25 b1={23}] stage   0.9% (24314286080/2801532240664) | 103.6M/s | stage ETA 7:26:44 | overall ? ETA ? | best -
[b2=25 b1={23}] stage   0.9% (24522211328/2801532240664) | 103.5M/s | stage ETA 7:27:04 | overall ? ETA ? | best -
[b2=25 b1={23}] stage   0.9% (24730390528/2801532240664) | 103.7M/s | stage ETA 7:26:05 | overall ? ETA ? | best -
[b2=25 b1={23}] stage   0.9% (24936783872/2801532240664) | 103.3M/s | stage ETA 7:27:47 | overall ? ETA ? | best -
[b2=25 b1={23}] stage   0.9% (25144451072/2801532240664) | 103.4M/s | stage ETA 7:27:36 | overall ? ETA ? | best -
[b2=25 b1={23}] stage   0.9% (25351405568/2801532240664) | 103.4M/s | stage ETA 7:27:27 | overall ? ETA ? | best -
[b2=25 b1={23}] stage   0.9% (25560793088/2801532240664) | 103.8M/s | stage ETA 7:25:54 | overall ? ETA ? | best -
[b2=25 b1={23}] stage   0.9% (25768980480/2801532240664) | 103.6M/s | stage ETA 7:26:36 | overall ? ETA ? | best -
[b2=25 b1={23}] stage   0.9% (25977802752/2801532240664) | 103.7M/s | stage ETA 7:26:09 | overall ? ETA ? | best -
[b2=25 b1={23}] stage   0.9% (26185216000/2801532240664) | 103.5M/s | stage ETA 7:26:49 | overall ? ETA ? | best -
[b2=25 b1={23}] stage   0.9% (26393976832/2801532240664) | 103.8M/s | stage ETA 7:25:36 | overall ? ETA ? | best -
[b2=25 b1={23}] stage   0.9% (26602684416/2801532240664) | 103.8M/s | stage ETA 7:25:34 | overall ? ETA ? | best -
[b2=25 b1={23}] stage   1.0% (26811973632/2801532240664) | 104.0M/s | stage ETA 7:24:36 | overall ? ETA ? | best -
[b2=25 b1={23}] stage   1.0% (27019993088/2801532240664) | 103.8M/s | stage ETA 7:25:35 | overall ? ETA ? | best -
[b2=25 b1={23}] stage   1.0% (27227557888/2801532240664) | 103.6M/s | stage ETA 7:26:20 | overall ? ETA ? | best -
[b2=25 b1={23}] stage   1.0% (27436187648/2801532240664) | 103.6M/s | stage ETA 7:26:04 | overall ? ETA ? | best -
[b2=25 b1={23}] stage   1.0% (27645112320/2801532240664) | 103.9M/s | stage ETA 7:25:02 | overall ? ETA ? | best -
[b2=25 b1={23}] stage   1.0% (27853463552/2801532240664) | 103.9M/s | stage ETA 7:24:58 | overall ? ETA ? | best -
[b2=25 b1={23}] stage   1.0% (28063080448/2801532240664) | 104.2M/s | stage ETA 7:23:36 | overall ? ETA ? | best -
[b2=25 b1={23}] stage   1.0% (28272250880/2801532240664) | 104.2M/s | stage ETA 7:23:36 | overall ? ETA ? | best -
[b2=25 b1={23}] stage   1.0% (28480122880/2801532240664) | 103.9M/s | stage ETA 7:25:02 | overall ? ETA ? | best -
[b2=25 b1={23}] stage   1.0% (28687589376/2801532240664) | 103.7M/s | stage ETA 7:25:45 | overall ? ETA ? | best -
[b2=25 b1={23}] stage   1.0% (28895481856/2801532240664) | 103.7M/s | stage ETA 7:25:46 | overall ? ETA ? | best -
[b2=25 b1={23}] stage   1.0% (29103415296/2801532240664) | 103.6M/s | stage ETA 7:26:12 | overall ? ETA ? | best -
[b2=25 b1={23}] stage   1.0% (29311201280/2801532240664) | 103.5M/s | stage ETA 7:26:16 | overall ? ETA ? | best -
[b2=25 b1={23}] stage   1.1% (29520478208/2801532240664) | 103.8M/s | stage ETA 7:25:13 | overall ? ETA ? | best -
[b2=25 b1={23}] stage   1.1% (29729505280/2801532240664) | 103.9M/s | stage ETA 7:24:42 | overall ? ETA ? | best -
[b2=25 b1={23}] stage   1.1% (29938827264/2801532240664) | 104.0M/s | stage ETA 7:24:14 | overall ? ETA ? | best -
[b2=25 b1={23}] stage   1.1% (30148202496/2801532240664) | 104.1M/s | stage ETA 7:23:52 | overall ? ETA ? | best -
[b2=25 b1={23}] stage   1.1% (30356275200/2801532240664) | 103.9M/s | stage ETA 7:24:40 | overall ? ETA ? | best -
[b2=25 b1={23}] stage   1.1% (30563508224/2801532240664) | 103.7M/s | stage ETA 7:25:24 | overall ? ETA ? | best -
[b2=25 b1={23}] stage   1.1% (30770458624/2801532240664) | 103.5M/s | stage ETA 7:26:09 | overall ? ETA ? | best -
[b2=25 b1={23}] stage   1.1% (30980087808/2801532240664) | 103.8M/s | stage ETA 7:24:59 | overall ? ETA ? | best -
[b2=25 b1={23}] stage   1.1% (31189061632/2801532240664) | 103.9M/s | stage ETA 7:24:27 | overall ? ETA ? | best -
[b2=25 b1={23}] stage   1.1% (31398240256/2801532240664) | 104.0M/s | stage ETA 7:24:05 | overall ? ETA ? | best -
[b2=25 b1={23}] stage   1.1% (31601065984/2801532240664) | 102.7M/s | stage ETA 7:29:43 | overall ? ETA ? | best -
[b2=25 b1={23}] stage   1.1% (31808225280/2801532240664) | 103.0M/s | stage ETA 7:28:04 | overall ? ETA ? | best -
[b2=25 b1={23}] stage   1.1% (32016900096/2801532240664) | 103.4M/s | stage ETA 7:26:29 | overall ? ETA ? | best -
[b2=25 b1={23}] stage   1.2% (32226234368/2801532240664) | 103.8M/s | stage ETA 7:24:29 | overall ? ETA ? | best -
[b2=25 b1={23}] stage   1.2% (32434892800/2801532240664) | 103.9M/s | stage ETA 7:24:19 | overall ? ETA ? | best -
[b2=25 b1={23}] stage   1.2% (32642146304/2801532240664) | 103.7M/s | stage ETA 7:25:03 | overall ? ETA ? | best -
[b2=25 b1={23}] stage   1.2% (32850251776/2801532240664) | 103.9M/s | stage ETA 7:24:20 | overall ? ETA ? | best -
[b2=25 b1={23}] stage   1.2% (33058234368/2801532240664) | 103.7M/s | stage ETA 7:24:50 | overall ? ETA ? | best -
[b2=25 b1={23}] stage   1.2% (33262956544/2801532240664) | 102.9M/s | stage ETA 7:28:18 | overall ? ETA ? | best -
[b2=25 b1={23}] stage   1.2% (33471746048/2801532240664) | 103.4M/s | stage ETA 7:26:11 | overall ? ETA ? | best -
[b2=25 b1={23}] stage   1.2% (33679511552/2801532240664) | 103.6M/s | stage ETA 7:25:23 | overall ? ETA ? | best -
[b2=25 b1={23}] stage   1.2% (33888989184/2801532240664) | 103.9M/s | stage ETA 7:23:58 | overall ? ETA ? | best -
[b2=25 b1={23}] stage   1.2% (34097901568/2801532240664) | 104.0M/s | stage ETA 7:23:20 | overall ? ETA ? | best -
[b2=25 b1={23}] stage   1.2% (34306334720/2801532240664) | 104.0M/s | stage ETA 7:23:16 | overall ? ETA ? | best -
[b2=25 b1={23}] stage   1.2% (34514243584/2801532240664) | 104.0M/s | stage ETA 7:23:35 | overall ? ETA ? | best -
[b2=25 b1={23}] stage   1.2% (34721742848/2801532240664) | 103.8M/s | stage ETA 7:24:04 | overall ? ETA ? | best -
[b2=25 b1={23}] stage   1.2% (34929446912/2801532240664) | 103.6M/s | stage ETA 7:24:59 | overall ? ETA ? | best -
[b2=25 b1={23}] stage   1.3% (35136368640/2801532240664) | 103.5M/s | stage ETA 7:25:40 | overall ? ETA ? | best -
[b2=25 b1={23}] stage   1.3% (35342434304/2801532240664) | 103.2M/s | stage ETA 7:26:47 | overall ? ETA ? | best -
[b2=25 b1={23}] stage   1.3% (35550318592/2801532240664) | 103.5M/s | stage ETA 7:25:27 | overall ? ETA ? | best -
[b2=25 b1={23}] stage   1.3% (35757772800/2801532240664) | 103.3M/s | stage ETA 7:26:04 | overall ? ETA ? | best -
[b2=25 b1={23}] stage   1.3% (35963297792/2801532240664) | 102.7M/s | stage ETA 7:29:00 | overall ? ETA ? | best -
[b2=25 b1={23}] stage   1.3% (36168671232/2801532240664) | 102.4M/s | stage ETA 7:30:04 | overall ? ETA ? | best -
[b2=25 b1={23}] stage   1.3% (36375220224/2801532240664) | 102.6M/s | stage ETA 7:28:58 | overall ? ETA ? | best -
[b2=25 b1={23}] stage   1.3% (36582273024/2801532240664) | 102.7M/s | stage ETA 7:28:47 | overall ? ETA ? | best -
[b2=25 b1={23}] stage   1.3% (36789055488/2801532240664) | 102.8M/s | stage ETA 7:28:05 | overall ? ETA ? | best -
[b2=25 b1={23}] stage   1.3% (36997206016/2801532240664) | 103.2M/s | stage ETA 7:26:29 | overall ? ETA ? | best -
[b2=25 b1={23}] stage   1.3% (37204692992/2801532240664) | 103.2M/s | stage ETA 7:26:20 | overall ? ETA ? | best -
[b2=25 b1={23}] stage   1.3% (37412962304/2801532240664) | 103.5M/s | stage ETA 7:24:56 | overall ? ETA ? | best -
[b2=25 b1={23}] stage   1.3% (37621805056/2801532240664) | 103.5M/s | stage ETA 7:24:58 | overall ? ETA ? | best -
[b2=25 b1={23}] stage   1.4% (37831131136/2801532240664) | 103.9M/s | stage ETA 7:23:08 | overall ? ETA ? | best -
[b2=25 b1={23}] stage   1.4% (38037688320/2801532240664) | 103.4M/s | stage ETA 7:25:38 | overall ? ETA ? | best -
[b2=25 b1={23}] stage   1.4% (38243471360/2801532240664) | 103.0M/s | stage ETA 7:27:18 | overall ? ETA ? | best -
[b2=25 b1={23}] stage   1.4% (38450372608/2801532240664) | 103.0M/s | stage ETA 7:27:07 | overall ? ETA ? | best -
[b2=25 b1={23}] stage   1.4% (38658506752/2801532240664) | 103.5M/s | stage ETA 7:24:55 | overall ? ETA ? | best -
[b2=25 b1={23}] stage   1.4% (38867091456/2801532240664) | 103.7M/s | stage ETA 7:24:10 | overall ? ETA ? | best -
[b2=25 b1={23}] stage   1.4% (39075651584/2801532240664) | 103.7M/s | stage ETA 7:23:49 | overall ? ETA ? | best -
[b2=25 b1={23}] stage   1.4% (39285383168/2801532240664) | 104.0M/s | stage ETA 7:22:42 | overall ? ETA ? | best -
[b2=25 b1={23}] stage   1.4% (39495065600/2801532240664) | 104.1M/s | stage ETA 7:22:14 | overall ? ETA ? | best -
[b2=25 b1={23}] stage   1.4% (39703027712/2801532240664) | 103.9M/s | stage ETA 7:23:09 | overall ? ETA ? | best -
[b2=25 b1={23}] stage   1.4% (39913594880/2801532240664) | 104.2M/s | stage ETA 7:21:34 | overall ? ETA ? | best -
[b2=25 b1={23}] stage   1.4% (40120217600/2801532240664) | 103.5M/s | stage ETA 7:24:36 | overall ? ETA ? | best -
[b2=25 b1={23}] stage   1.4% (40330350592/2801532240664) | 104.0M/s | stage ETA 7:22:42 | overall ? ETA ? | best -
[b2=25 b1={23}] stage   1.4% (40538828800/2801532240664) | 103.9M/s | stage ETA 7:22:41 | overall ? ETA ? | best -
[b2=25 b1={23}] stage   1.5% (40747208704/2801532240664) | 104.0M/s | stage ETA 7:22:33 | overall ? ETA ? | best -
[b2=25 b1={23}] stage   1.5% (40955695104/2801532240664) | 103.9M/s | stage ETA 7:22:49 | overall ? ETA ? | best -
[b2=25 b1={23}] stage   1.5% (41164754944/2801532240664) | 103.8M/s | stage ETA 7:23:14 | overall ? ETA ? | best -
[b2=25 b1={23}] stage   1.5% (41372708864/2801532240664) | 103.6M/s | stage ETA 7:23:55 | overall ? ETA ? | best -
[b2=25 b1={23}] stage   1.5% (41581809664/2801532240664) | 103.8M/s | stage ETA 7:23:20 | overall ? ETA ? | best -
[b2=25 b1={23}] stage   1.5% (41790119936/2801532240664) | 103.7M/s | stage ETA 7:23:28 | overall ? ETA ? | best -
[b2=25 b1={23}] stage   1.5% (41997361152/2801532240664) | 103.3M/s | stage ETA 7:25:12 | overall ? ETA ? | best -
[b2=25 b1={23}] stage   1.5% (42205794304/2801532240664) | 103.7M/s | stage ETA 7:23:36 | overall ? ETA ? | best -
[b2=25 b1={23}] stage   1.5% (42413346816/2801532240664) | 103.6M/s | stage ETA 7:23:57 | overall ? ETA ? | best -
[b2=25 b1={23}] stage   1.5% (42622291968/2801532240664) | 103.7M/s | stage ETA 7:23:28 | overall ? ETA ? | best -
[b2=25 b1={23}] stage   1.5% (42830901248/2801532240664) | 103.7M/s | stage ETA 7:23:13 | overall ? ETA ? | best -
[b2=25 b1={23}] stage   1.5% (43037851648/2801532240664) | 103.4M/s | stage ETA 7:24:37 | overall ? ETA ? | best -
[b2=25 b1={23}] stage   1.5% (43246338048/2801532240664) | 103.8M/s | stage ETA 7:22:53 | overall ? ETA ? | best -
[b2=25 b1={23}] stage   1.6% (43454939136/2801532240664) | 103.8M/s | stage ETA 7:22:54 | overall ? ETA ? | best -
[b2=25 b1={23}] stage   1.6% (43664080896/2801532240664) | 104.0M/s | stage ETA 7:21:46 | overall ? ETA ? | best -
[b2=25 b1={23}] stage   1.6% (43872964608/2801532240664) | 104.0M/s | stage ETA 7:22:00 | overall ? ETA ? | best -
[b2=25 b1={23}] stage   1.6% (44079472640/2801532240664) | 103.5M/s | stage ETA 7:23:53 | overall ? ETA ? | best -
[b2=25 b1={23}] stage   1.6% (44287397888/2801532240664) | 103.5M/s | stage ETA 7:24:04 | overall ? ETA ? | best -
[b2=25 b1={23}] stage   1.6% (44496224256/2801532240664) | 103.5M/s | stage ETA 7:23:53 | overall ? ETA ? | best -
[b2=25 b1={23}] stage   1.6% (44702294016/2801532240664) | 103.1M/s | stage ETA 7:25:44 | overall ? ETA ? | best -
[b2=25 b1={23}] stage   1.6% (44910108672/2801532240664) | 103.3M/s | stage ETA 7:24:52 | overall ? ETA ? | best -
[b2=25 b1={23}] stage   1.6% (45117018112/2801532240664) | 103.2M/s | stage ETA 7:25:14 | overall ? ETA ? | best -
[b2=25 b1={23}] stage   1.6% (45322477568/2801532240664) | 102.7M/s | stage ETA 7:27:08 | overall ? ETA ? | best -
[b2=25 b1={23}] stage   1.6% (45529419776/2801532240664) | 102.9M/s | stage ETA 7:26:32 | overall ? ETA ? | best -
[b2=25 b1={23}] stage   1.6% (45736542208/2801532240664) | 103.2M/s | stage ETA 7:25:03 | overall ? ETA ? | best -
[b2=25 b1={23}] stage   1.6% (45944090624/2801532240664) | 103.2M/s | stage ETA 7:24:54 | overall ? ETA ? | best -
[b2=25 b1={23}] stage   1.6% (46153240576/2801532240664) | 103.6M/s | stage ETA 7:23:14 | overall ? ETA ? | best -
[b2=25 b1={23}] stage   1.7% (46362554368/2801532240664) | 103.9M/s | stage ETA 7:22:05 | overall ? ETA ? | best -
[b2=25 b1={23}] stage   1.7% (46569275392/2801532240664) | 103.5M/s | stage ETA 7:23:32 | overall ? ETA ? | best -
[b2=25 b1={23}] stage   1.7% (46776127488/2801532240664) | 103.4M/s | stage ETA 7:23:50 | overall ? ETA ? | best -
[b2=25 b1={23}] stage   1.7% (46983335936/2801532240664) | 103.4M/s | stage ETA 7:23:51 | overall ? ETA ? | best -
[b2=25 b1={23}] stage   1.7% (47191998464/2801532240664) | 103.6M/s | stage ETA 7:23:13 | overall ? ETA ? | best -
[b2=25 b1={23}] stage   1.7% (47400099840/2801532240664) | 103.5M/s | stage ETA 7:23:18 | overall ? ETA ? | best -
[b2=25 b1={23}] stage   1.7% (47607623680/2801532240664) | 103.4M/s | stage ETA 7:23:55 | overall ? ETA ? | best -
[b2=25 b1={23}] stage   1.7% (47813775360/2801532240664) | 103.1M/s | stage ETA 7:25:10 | overall ? ETA ? | best -
[b2=25 b1={23}] stage   1.7% (48021381120/2801532240664) | 103.3M/s | stage ETA 7:24:23 | overall ? ETA ? | best -
[b2=25 b1={23}] stage   1.7% (48228773888/2801532240664) | 103.3M/s | stage ETA 7:24:11 | overall ? ETA ? | best -
[b2=25 b1={23}] stage   1.7% (48435580928/2801532240664) | 103.2M/s | stage ETA 7:24:38 | overall ? ETA ? | best -
[b2=25 b1={23}] stage   1.7% (48642158592/2801532240664) | 103.2M/s | stage ETA 7:24:46 | overall ? ETA ? | best -
[b2=25 b1={23}] stage   1.7% (48849506304/2801532240664) | 103.1M/s | stage ETA 7:24:53 | overall ? ETA ? | best -
[b2=25 b1={23}] stage   1.8% (49056780288/2801532240664) | 103.1M/s | stage ETA 7:24:57 | overall ? ETA ? | best -
[b2=25 b1={23}] stage   1.8% (49263550464/2801532240664) | 103.1M/s | stage ETA 7:25:03 | overall ? ETA ? | best -
[b2=25 b1={23}] stage   1.8% (49470308352/2801532240664) | 103.0M/s | stage ETA 7:25:06 | overall ? ETA ? | best -
[b2=25 b1={23}] stage   1.8% (49676697600/2801532240664) | 103.1M/s | stage ETA 7:25:01 | overall ? ETA ? | best -
[b2=25 b1={23}] stage   1.8% (49884200960/2801532240664) | 103.3M/s | stage ETA 7:24:01 | overall ? ETA ? | best -
[b2=25 b1={23}] stage   1.8% (50092158976/2801532240664) | 103.6M/s | stage ETA 7:22:50 | overall ? ETA ? | best -
[b2=25 b1={23}] stage   1.8% (50300690432/2801532240664) | 103.8M/s | stage ETA 7:21:49 | overall ? ETA ? | best -
[b2=25 b1={23}] stage   1.8% (50508054528/2801532240664) | 103.7M/s | stage ETA 7:22:10 | overall ? ETA ? | best -
[b2=25 b1={23}] stage   1.8% (50716889088/2801532240664) | 103.8M/s | stage ETA 7:21:46 | overall ? ETA ? | best -
[b2=25 b1={23}] stage   1.8% (50925223936/2801532240664) | 103.9M/s | stage ETA 7:21:03 | overall ? ETA ? | best -
[b2=25 b1={23}] stage   1.8% (51134304256/2801532240664) | 104.0M/s | stage ETA 7:20:58 | overall ? ETA ? | best -
[b2=25 b1={23}] stage   1.8% (51342934016/2801532240664) | 104.1M/s | stage ETA 7:20:27 | overall ? ETA ? | best -
[b2=25 b1={23}] stage   1.8% (51551522816/2801532240664) | 103.8M/s | stage ETA 7:21:29 | overall ? ETA ? | best -
[b2=25 b1={23}] stage   1.8% (51759943680/2801532240664) | 103.9M/s | stage ETA 7:20:58 | overall ? ETA ? | best -
[b2=25 b1={23}] stage   1.9% (51970953216/2801532240664) | 103.2M/s | stage ETA 7:24:12 | overall ? ETA ? | best -
[b2=25 b1={23}] stage   1.9% (52173926400/2801532240664) | 102.0M/s | stage ETA 7:29:25 | overall ? ETA ? | best -
[b2=25 b1={23}] stage   1.9% (52381405184/2801532240664) | 102.6M/s | stage ETA 7:26:40 | overall ? ETA ? | best -
[b2=25 b1={23}] stage   1.9% (52588806144/2801532240664) | 103.0M/s | stage ETA 7:24:39 | overall ? ETA ? | best -
[b2=25 b1={23}] stage   1.9% (52797259776/2801532240664) | 103.4M/s | stage ETA 7:22:59 | overall ? ETA ? | best -
[b2=25 b1={23}] stage   1.9% (53006458880/2801532240664) | 103.7M/s | stage ETA 7:21:37 | overall ? ETA ? | best -
[b2=25 b1={23}] stage   1.9% (53213626368/2801532240664) | 103.4M/s | stage ETA 7:23:00 | overall ? ETA ? | best -
[b2=25 b1={23}] stage   1.9% (53422497792/2801532240664) | 103.7M/s | stage ETA 7:21:52 | overall ? ETA ? | best -
[b2=25 b1={23}] stage   1.9% (53632376832/2801532240664) | 104.0M/s | stage ETA 7:20:13 | overall ? ETA ? | best -
[b2=25 b1={23}] stage   1.9% (53839982592/2801532240664) | 103.8M/s | stage ETA 7:21:04 | overall ? ETA ? | best -
[b2=25 b1={23}] stage   1.9% (54047584256/2801532240664) | 103.7M/s | stage ETA 7:21:22 | overall ? ETA ? | best -
[b2=25 b1={23}] stage   1.9% (54255542272/2801532240664) | 103.6M/s | stage ETA 7:22:07 | overall ? ETA ? | best -
[b2=25 b1={23}] stage   1.9% (54463717376/2801532240664) | 103.7M/s | stage ETA 7:21:32 | overall ? ETA ? | best -
[b2=25 b1={23}] stage   2.0% (54673199104/2801532240664) | 103.9M/s | stage ETA 7:20:31 | overall ? ETA ? | best -
[b2=25 b1={23}] stage   2.0% (54881972224/2801532240664) | 104.0M/s | stage ETA 7:20:11 | overall ? ETA ? | best -
[b2=25 b1={23}] stage   2.0% (55091331072/2801532240664) | 104.1M/s | stage ETA 7:19:40 | overall ? ETA ? | best -
[b2=25 b1={23}] stage   2.0% (55300571136/2801532240664) | 104.1M/s | stage ETA 7:19:40 | overall ? ETA ? | best -
[b2=25 b1={23}] stage   2.0% (55509716992/2801532240664) | 104.0M/s | stage ETA 7:19:56 | overall ? ETA ? | best -
[b2=25 b1={23}] stage   2.0% (55718735872/2801532240664) | 104.0M/s | stage ETA 7:20:01 | overall ? ETA ? | best -
[b2=25 b1={23}] stage   2.0% (55926673408/2801532240664) | 104.0M/s | stage ETA 7:20:09 | overall ? ETA ? | best -
[b2=25 b1={23}] stage   2.0% (56134873088/2801532240664) | 103.9M/s | stage ETA 7:20:28 | overall ? ETA ? | best -
[b2=25 b1={23}] stage   2.0% (56343666688/2801532240664) | 104.0M/s | stage ETA 7:19:49 | overall ? ETA ? | best -
[b2=25 b1={23}] stage   2.0% (56552419328/2801532240664) | 104.0M/s | stage ETA 7:19:43 | overall ? ETA ? | best -
[b2=25 b1={23}] stage   2.0% (56761401344/2801532240664) | 104.0M/s | stage ETA 7:19:56 | overall ? ETA ? | best -
[b2=25 b1={23}] stage   2.0% (56969867264/2801532240664) | 103.8M/s | stage ETA 7:20:52 | overall ? ETA ? | best -
[b2=25 b1={23}] stage   2.0% (57176928256/2801532240664) | 103.6M/s | stage ETA 7:21:38 | overall ? ETA ? | best -
[b2=25 b1={23}] stage   2.0% (57385193472/2801532240664) | 103.6M/s | stage ETA 7:21:23 | overall ? ETA ? | best -
[b2=25 b1={23}] stage   2.1% (57593835520/2801532240664) | 103.7M/s | stage ETA 7:21:00 | overall ? ETA ? | best -
[b2=25 b1={23}] stage   2.1% (57803026432/2801532240664) | 103.9M/s | stage ETA 7:20:03 | overall ? ETA ? | best -
[b2=25 b1={23}] stage   2.1% (58011979776/2801532240664) | 104.0M/s | stage ETA 7:19:31 | overall ? ETA ? | best -
[b2=25 b1={23}] stage   2.1% (58221588480/2801532240664) | 104.2M/s | stage ETA 7:18:47 | overall ? ETA ? | best -
[b2=25 b1={23}] stage   2.1% (58430377984/2801532240664) | 104.2M/s | stage ETA 7:18:56 | overall ? ETA ? | best -
[b2=25 b1={23}] stage   2.1% (58639577088/2801532240664) | 104.1M/s | stage ETA 7:18:56 | overall ? ETA ? | best -
[b2=25 b1={23}] stage   2.1% (58847686656/2801532240664) | 104.0M/s | stage ETA 7:19:36 | overall ? ETA ? | best -
[b2=25 b1={23}] stage   2.1% (59055366144/2801532240664) | 103.8M/s | stage ETA 7:20:11 | overall ? ETA ? | best -
[b2=25 b1={23}] stage   2.1% (59263885312/2801532240664) | 103.9M/s | stage ETA 7:19:44 | overall ? ETA ? | best -
[b2=25 b1={23}] stage   2.1% (59471851520/2801532240664) | 103.6M/s | stage ETA 7:21:07 | overall ? ETA ? | best -
[b2=25 b1={23}] stage   2.1% (59680202752/2801532240664) | 103.7M/s | stage ETA 7:20:41 | overall ? ETA ? | best -
[b2=25 b1={23}] stage   2.1% (59888472064/2801532240664) | 103.9M/s | stage ETA 7:19:54 | overall ? ETA ? | best -
[b2=25 b1={23}] stage   2.1% (60096303104/2801532240664) | 103.8M/s | stage ETA 7:20:10 | overall ? ETA ? | best -
[b2=25 b1={23}] stage   2.2% (60304404480/2801532240664) | 103.8M/s | stage ETA 7:20:12 | overall ? ETA ? | best -
[b2=25 b1={23}] stage   2.2% (60512645120/2801532240664) | 103.8M/s | stage ETA 7:20:12 | overall ? ETA ? | best -
[b2=25 b1={23}] stage   2.2% (60721635328/2801532240664) | 104.0M/s | stage ETA 7:19:26 | overall ? ETA ? | best -
[b2=25 b1={23}] stage   2.2% (60930093056/2801532240664) | 103.8M/s | stage ETA 7:19:55 | overall ? ETA ? | best -
[b2=25 b1={23}] stage   2.2% (61137506304/2801532240664) | 103.6M/s | stage ETA 7:20:39 | overall ? ETA ? | best -
[b2=25 b1={23}] stage   2.2% (61346590720/2801532240664) | 103.7M/s | stage ETA 7:20:33 | overall ? ETA ? | best -
[b2=25 b1={23}] stage   2.2% (61555556352/2801532240664) | 103.7M/s | stage ETA 7:20:11 | overall ? ETA ? | best -
[b2=25 b1={23}] stage   2.2% (61763891200/2801532240664) | 103.8M/s | stage ETA 7:20:06 | overall ? ETA ? | best -
[b2=25 b1={23}] stage   2.2% (61972410368/2801532240664) | 103.7M/s | stage ETA 7:20:06 | overall ? ETA ? | best -
[b2=25 b1={23}] stage   2.2% (62181130240/2801532240664) | 103.8M/s | stage ETA 7:19:44 | overall ? ETA ? | best -
[b2=25 b1={23}] stage   2.2% (62389305344/2801532240664) | 103.7M/s | stage ETA 7:20:08 | overall ? ETA ? | best -
[b2=25 b1={23}] stage   2.2% (62597005312/2801532240664) | 103.6M/s | stage ETA 7:20:46 | overall ? ETA ? | best -
[b2=25 b1={23}] stage   2.2% (62804340736/2801532240664) | 103.5M/s | stage ETA 7:21:02 | overall ? ETA ? | best -
[b2=25 b1={23}] stage   2.2% (63012683776/2801532240664) | 103.6M/s | stage ETA 7:20:42 | overall ? ETA ? | best -
[b2=25 b1={23}] stage   2.3% (63220662272/2801532240664) | 103.5M/s | stage ETA 7:20:49 | overall ? ETA ? | best -
[b2=25 b1={23}] stage   2.3% (63430680576/2801532240664) | 103.8M/s | stage ETA 7:19:27 | overall ? ETA ? | best -
[b2=25 b1={23}] stage   2.3% (63640211456/2801532240664) | 104.2M/s | stage ETA 7:17:52 | overall ? ETA ? | best -
[b2=25 b1={23}] stage   2.3% (63848914944/2801532240664) | 103.9M/s | stage ETA 7:19:00 | overall ? ETA ? | best -
[b2=25 b1={23}] stage   2.3% (64057364480/2801532240664) | 103.9M/s | stage ETA 7:19:13 | overall ? ETA ? | best -
[b2=25 b1={23}] stage   2.3% (64266272768/2801532240664) | 103.9M/s | stage ETA 7:19:04 | overall ? ETA ? | best -
[b2=25 b1={23}] stage   2.3% (64474402816/2801532240664) | 103.8M/s | stage ETA 7:19:36 | overall ? ETA ? | best -
[b2=25 b1={23}] stage   2.3% (64682651648/2801532240664) | 103.8M/s | stage ETA 7:19:23 | overall ? ETA ? | best -
[b2=25 b1={23}] stage   2.3% (64892231680/2801532240664) | 103.9M/s | stage ETA 7:18:47 | overall ? ETA ? | best -
[b2=25 b1={23}] stage   2.3% (65100886016/2801532240664) | 104.1M/s | stage ETA 7:18:01 | overall ? ETA ? | best -
[b2=25 b1={23}] stage   2.3% (65308545024/2801532240664) | 103.9M/s | stage ETA 7:18:57 | overall ? ETA ? | best -
[b2=25 b1={23}] stage   2.3% (65518157824/2801532240664) | 104.1M/s | stage ETA 7:18:10 | overall ? ETA ? | best -
[b2=25 b1={23}] stage   2.3% (65726427136/2801532240664) | 104.1M/s | stage ETA 7:18:00 | overall ? ETA ? | best -
[b2=25 b1={23}] stage   2.4% (65934970880/2801532240664) | 104.0M/s | stage ETA 7:18:22 | overall ? ETA ? | best -
[b2=25 b1={23}] stage   2.4% (66143318016/2801532240664) | 103.9M/s | stage ETA 7:18:35 | overall ? ETA ? | best -
[b2=25 b1={23}] stage   2.4% (66353659904/2801532240664) | 104.1M/s | stage ETA 7:18:02 | overall ? ETA ? | best -
[b2=25 b1={23}] stage   2.4% (66563309568/2801532240664) | 104.2M/s | stage ETA 7:17:24 | overall ? ETA ? | best -
[b2=25 b1={23}] stage   2.4% (66773422080/2801532240664) | 104.2M/s | stage ETA 7:17:14 | overall ? ETA ? | best -
[b2=25 b1={23}] stage   2.4% (66980597760/2801532240664) | 103.9M/s | stage ETA 7:18:42 | overall ? ETA ? | best -
[b2=25 b1={23}] stage   2.4% (67188727808/2801532240664) | 103.8M/s | stage ETA 7:19:11 | overall ? ETA ? | best -
[b2=25 b1={23}] stage   2.4% (67396579328/2801532240664) | 103.5M/s | stage ETA 7:20:21 | overall ? ETA ? | best -
[b2=25 b1={23}] stage   2.4% (67605172224/2801532240664) | 103.8M/s | stage ETA 7:18:48 | overall ? ETA ? | best -
[b2=25 b1={23}] stage   2.4% (67813928960/2801532240664) | 104.0M/s | stage ETA 7:18:15 | overall ? ETA ? | best -
[b2=25 b1={23}] stage   2.4% (68021587968/2801532240664) | 103.7M/s | stage ETA 7:19:23 | overall ? ETA ? | best -
[b2=25 b1={23}] stage   2.4% (68228792320/2801532240664) | 103.3M/s | stage ETA 7:20:55 | overall ? ETA ? | best -
[b2=25 b1={23}] stage   2.4% (68436774912/2801532240664) | 103.5M/s | stage ETA 7:20:16 | overall ? ETA ? | best -
[b2=25 b1={23}] stage   2.4% (68637396992/2801532240664) | 101.6M/s | stage ETA 7:28:21 | overall ? ETA ? | best -
[b2=25 b1={23}] stage   2.5% (68843847680/2801532240664) | 102.1M/s | stage ETA 7:25:53 | overall ? ETA ? | best -
[b2=25 b1={23}] stage   2.5% (69051113472/2801532240664) | 102.7M/s | stage ETA 7:23:22 | overall ? ETA ? | best -
[b2=25 b1={23}] stage   2.5% (69259218944/2801532240664) | 103.2M/s | stage ETA 7:21:28 | overall ? ETA ? | best -
[b2=25 b1={23}] stage   2.5% (69467262976/2801532240664) | 103.4M/s | stage ETA 7:20:16 | overall ? ETA ? | best -
[b2=25 b1={23}] stage   2.5% (69674582016/2801532240664) | 103.4M/s | stage ETA 7:20:16 | overall ? ETA ? | best -
[b2=25 b1={23}] stage   2.5% (69882183680/2801532240664) | 103.5M/s | stage ETA 7:20:04 | overall ? ETA ? | best -
[b2=25 b1={23}] stage   2.5% (70090473472/2801532240664) | 103.5M/s | stage ETA 7:19:59 | overall ? ETA ? | best -
[b2=25 b1={23}] stage   2.5% (70297464832/2801532240664) | 103.4M/s | stage ETA 7:20:24 | overall ? ETA ? | best -
[b2=25 b1={23}] stage   2.5% (70505689088/2801532240664) | 103.4M/s | stage ETA 7:20:06 | overall ? ETA ? | best -
[b2=25 b1={23}] stage   2.5% (70712496128/2801532240664) | 103.2M/s | stage ETA 7:20:54 | overall ? ETA ? | best -
[b2=25 b1={23}] stage   2.5% (70919323648/2801532240664) | 103.2M/s | stage ETA 7:21:00 | overall ? ETA ? | best -
[b2=25 b1={23}] stage   2.5% (71126495232/2801532240664) | 103.1M/s | stage ETA 7:21:16 | overall ? ETA ? | best -
[b2=25 b1={23}] stage   2.5% (71334899712/2801532240664) | 103.4M/s | stage ETA 7:20:10 | overall ? ETA ? | best -
[b2=25 b1={23}] stage   2.6% (71541874688/2801532240664) | 103.3M/s | stage ETA 7:20:34 | overall ? ETA ? | best -
[b2=25 b1={23}] stage   2.6% (71748849664/2801532240664) | 103.2M/s | stage ETA 7:20:55 | overall ? ETA ? | best -
[b2=25 b1={23}] stage   2.6% (71954944000/2801532240664) | 102.9M/s | stage ETA 7:22:13 | overall ? ETA ? | best -
[b2=25 b1={23}] stage   2.6% (72161783808/2801532240664) | 103.0M/s | stage ETA 7:21:42 | overall ? ETA ? | best -
[b2=25 b1={23}] stage   2.6% (72368553984/2801532240664) | 103.1M/s | stage ETA 7:21:09 | overall ? ETA ? | best -
[b2=25 b1={23}] stage   2.6% (72576299008/2801532240664) | 103.4M/s | stage ETA 7:19:57 | overall ? ETA ? | best -
[b2=25 b1={23}] stage   2.6% (72783114240/2801532240664) | 103.2M/s | stage ETA 7:20:38 | overall ? ETA ? | best -
[b2=25 b1={23}] stage   2.6% (72990384128/2801532240664) | 103.3M/s | stage ETA 7:20:20 | overall ? ETA ? | best -
[b2=25 b1={23}] stage   2.6% (73193996288/2801532240664) | 102.2M/s | stage ETA 7:24:43 | overall ? ETA ? | best -
[b2=25 b1={23}] stage   2.6% (73401589760/2801532240664) | 102.8M/s | stage ETA 7:22:17 | overall ? ETA ? | best -
[b2=25 b1={23}] stage   2.6% (73607241728/2801532240664) | 102.7M/s | stage ETA 7:22:35 | overall ? ETA ? | best -
[b2=25 b1={23}] stage   2.6% (73815060480/2801532240664) | 103.1M/s | stage ETA 7:20:58 | overall ? ETA ? | best -
[b2=25 b1={23}] stage   2.6% (74021765120/2801532240664) | 103.2M/s | stage ETA 7:20:25 | overall ? ETA ? | best -
[b2=25 b1={23}] stage   2.6% (74229264384/2801532240664) | 103.3M/s | stage ETA 7:20:14 | overall ? ETA ? | best -
[b2=25 b1={23}] stage   2.7% (74436337664/2801532240664) | 103.1M/s | stage ETA 7:20:41 | overall ? ETA ? | best -
[b2=25 b1={23}] stage   2.7% (74644365312/2801532240664) | 103.4M/s | stage ETA 7:19:39 | overall ? ETA ? | best -
[b2=25 b1={23}] stage   2.7% (74850021376/2801532240664) | 102.9M/s | stage ETA 7:21:25 | overall ? ETA ? | best -
[b2=25 b1={23}] stage   2.7% (75056877568/2801532240664) | 103.0M/s | stage ETA 7:21:08 | overall ? ETA ? | best -
[b2=25 b1={23}] stage   2.7% (75263176704/2801532240664) | 103.0M/s | stage ETA 7:20:57 | overall ? ETA ? | best -
[b2=25 b1={23}] stage   2.7% (75468648448/2801532240664) | 102.9M/s | stage ETA 7:21:44 | overall ? ETA ? | best -
[b2=25 b1={23}] stage   2.7% (75676266496/2801532240664) | 103.0M/s | stage ETA 7:20:59 | overall ? ETA ? | best -
[b2=25 b1={23}] stage   2.7% (75882110976/2801532240664) | 102.9M/s | stage ETA 7:21:34 | overall ? ETA ? | best -
[b2=25 b1={23}] stage   2.7% (76086673408/2801532240664) | 102.5M/s | stage ETA 7:22:56 | overall ? ETA ? | best -
[b2=25 b1={23}] stage   2.7% (76294782976/2801532240664) | 103.0M/s | stage ETA 7:20:47 | overall ? ETA ? | best -
[b2=25 b1={23}] stage   2.7% (76503515136/2801532240664) | 103.6M/s | stage ETA 7:18:32 | overall ? ETA ? | best -
[b2=25 b1={23}] stage   2.7% (76712407040/2801532240664) | 103.9M/s | stage ETA 7:17:03 | overall ? ETA ? | best -
[b2=25 b1={23}] stage   2.7% (76920709120/2801532240664) | 103.9M/s | stage ETA 7:17:10 | overall ? ETA ? | best -
[b2=25 b1={23}] stage   2.8% (77129129984/2801532240664) | 104.0M/s | stage ETA 7:16:30 | overall ? ETA ? | best -
[b2=25 b1={23}] stage   2.8% (77336125440/2801532240664) | 103.7M/s | stage ETA 7:17:45 | overall ? ETA ? | best -
[b2=25 b1={23}] stage   2.8% (77545623552/2801532240664) | 103.9M/s | stage ETA 7:16:45 | overall ? ETA ? | best -
[b2=25 b1={23}] stage   2.8% (77755006976/2801532240664) | 104.0M/s | stage ETA 7:16:38 | overall ? ETA ? | best -
[b2=25 b1={23}] stage   2.8% (77963407360/2801532240664) | 104.0M/s | stage ETA 7:16:25 | overall ? ETA ? | best -
[b2=25 b1={23}] stage   2.8% (78170451968/2801532240664) | 103.7M/s | stage ETA 7:17:30 | overall ? ETA ? | best -
[b2=25 b1={23}] stage   2.8% (78378360832/2801532240664) | 103.8M/s | stage ETA 7:17:10 | overall ? ETA ? | best -
[b2=25 b1={23}] stage   2.8% (78584033280/2801532240664) | 103.3M/s | stage ETA 7:19:24 | overall ? ETA ? | best -
[b2=25 b1={23}] stage   2.8% (78790639616/2801532240664) | 103.1M/s | stage ETA 7:20:02 | overall ? ETA ? | best -
[b2=25 b1={23}] stage   2.8% (78997700608/2801532240664) | 103.2M/s | stage ETA 7:19:34 | overall ? ETA ? | best -
[b2=25 b1={23}] stage   2.8% (79203672064/2801532240664) | 103.0M/s | stage ETA 7:20:22 | overall ? ETA ? | best -
[b2=25 b1={23}] stage   2.8% (79410352128/2801532240664) | 103.1M/s | stage ETA 7:19:56 | overall ? ETA ? | best -
[b2=25 b1={23}] stage   2.8% (79618252800/2801532240664) | 103.3M/s | stage ETA 7:19:01 | overall ? ETA ? | best -
[b2=25 b1={23}] stage   2.8% (79824351232/2801532240664) | 103.1M/s | stage ETA 7:19:48 | overall ? ETA ? | best -
[b2=25 b1={23}] stage   2.9% (80031498240/2801532240664) | 103.0M/s | stage ETA 7:20:20 | overall ? ETA ? | best -
[b2=25 b1={23}] stage   2.9% (80238043136/2801532240664) | 103.1M/s | stage ETA 7:20:06 | overall ? ETA ? | best -
[b2=25 b1={23}] stage   2.9% (80441315328/2801532240664) | 102.1M/s | stage ETA 7:24:20 | overall ? ETA ? | best -
[b2=25 b1={23}] stage   2.9% (80649232384/2801532240664) | 102.8M/s | stage ETA 7:21:19 | overall ? ETA ? | best -
[b2=25 b1={23}] stage   2.9% (80856530944/2801532240664) | 103.0M/s | stage ETA 7:20:20 | overall ? ETA ? | best -
[b2=25 b1={23}] stage   2.9% (81059729408/2801532240664) | 102.2M/s | stage ETA 7:23:29 | overall ? ETA ? | best -
[b2=25 b1={23}] stage   2.9% (81263554560/2801532240664) | 101.7M/s | stage ETA 7:25:38 | overall ? ETA ? | best -
[b2=25 b1={23}] stage   2.9% (81470939136/2801532240664) | 102.6M/s | stage ETA 7:21:57 | overall ? ETA ? | best -
[b2=25 b1={23}] stage   2.9% (81673846784/2801532240664) | 101.8M/s | stage ETA 7:25:10 | overall ? ETA ? | best -
[b2=25 b1={23}] stage   2.9% (81880698880/2801532240664) | 102.4M/s | stage ETA 7:22:49 | overall ? ETA ? | best -
[b2=25 b1={23}] stage   2.9% (82087198720/2801532240664) | 102.8M/s | stage ETA 7:21:01 | overall ? ETA ? | best -
[b2=25 b1={23}] stage   2.9% (82292977664/2801532240664) | 102.6M/s | stage ETA 7:21:47 | overall ? ETA ? | best -
[b2=25 b1={23}] stage   2.9% (82500386816/2801532240664) | 103.0M/s | stage ETA 7:19:54 | overall ? ETA ? | best -
[b2=25 b1={23}] stage   3.0% (82708164608/2801532240664) | 103.2M/s | stage ETA 7:19:06 | overall ? ETA ? | best -
[b2=25 b1={23}] stage   3.0% (82914996224/2801532240664) | 103.2M/s | stage ETA 7:19:08 | overall ? ETA ? | best -
[b2=25 b1={23}] stage   3.0% (83119386624/2801532240664) | 102.4M/s | stage ETA 7:22:18 | overall ? ETA ? | best -
[b2=25 b1={23}] stage   3.0% (83327090688/2801532240664) | 103.1M/s | stage ETA 7:19:33 | overall ? ETA ? | best -
[b2=25 b1={23}] stage   3.0% (83536240640/2801532240664) | 103.6M/s | stage ETA 7:17:26 | overall ? ETA ? | best -
[b2=25 b1={23}] stage   3.0% (83744780288/2801532240664) | 103.6M/s | stage ETA 7:17:09 | overall ? ETA ? | best -
[b2=25 b1={23}] stage   3.0% (83953983488/2801532240664) | 103.6M/s | stage ETA 7:17:03 | overall ? ETA ? | best -
[b2=25 b1={23}] stage   3.0% (84161826816/2801532240664) | 103.5M/s | stage ETA 7:17:32 | overall ? ETA ? | best -
[b2=25 b1={23}] stage   3.0% (84369879040/2801532240664) | 103.4M/s | stage ETA 7:17:50 | overall ? ETA ? | best -
[b2=25 b1={23}] stage   3.0% (84578062336/2801532240664) | 103.6M/s | stage ETA 7:17:05 | overall ? ETA ? | best -
[b2=25 b1={23}] stage   3.0% (84786036736/2801532240664) | 103.5M/s | stage ETA 7:17:20 | overall ? ETA ? | best -
[b2=25 b1={23}] stage   3.0% (84993536000/2801532240664) | 103.5M/s | stage ETA 7:17:21 | overall ? ETA ? | best -
[b2=25 b1={23}] stage   3.0% (85201645568/2801532240664) | 103.7M/s | stage ETA 7:16:46 | overall ? ETA ? | best -
[b2=25 b1={23}] stage   3.0% (85407399936/2801532240664) | 103.0M/s | stage ETA 7:19:39 | overall ? ETA ? | best -
[b2=25 b1={23}] stage   3.1% (85615632384/2801532240664) | 103.3M/s | stage ETA 7:18:04 | overall ? ETA ? | best -
[b2=25 b1={23}] stage   3.1% (85823389696/2801532240664) | 103.6M/s | stage ETA 7:17:01 | overall ? ETA ? | best -
[b2=25 b1={23}] stage   3.1% (86031900672/2801532240664) | 103.7M/s | stage ETA 7:16:29 | overall ? ETA ? | best -
[b2=25 b1={23}] stage   3.1% (86240731136/2801532240664) | 103.8M/s | stage ETA 7:16:02 | overall ? ETA ? | best -
[b2=25 b1={23}] stage   3.1% (86449782784/2801532240664) | 103.8M/s | stage ETA 7:15:49 | overall ? ETA ? | best -
[b2=25 b1={23}] stage   3.1% (86658035712/2801532240664) | 103.8M/s | stage ETA 7:15:53 | overall ? ETA ? | best -
[b2=25 b1={23}] stage   3.1% (86865543168/2801532240664) | 103.6M/s | stage ETA 7:16:49 | overall ? ETA ? | best -
[b2=25 b1={23}] stage   3.1% (87072763904/2801532240664) | 103.4M/s | stage ETA 7:17:24 | overall ? ETA ? | best -
[b2=25 b1={23}] stage   3.1% (87280205824/2801532240664) | 103.4M/s | stage ETA 7:17:19 | overall ? ETA ? | best -
[b2=25 b1={23}] stage   3.1% (87486803968/2801532240664) | 103.2M/s | stage ETA 7:18:07 | overall ? ETA ? | best -
[b2=25 b1={23}] stage   3.1% (87694274560/2801532240664) | 103.3M/s | stage ETA 7:17:40 | overall ? ETA ? | best -
[b2=25 b1={23}] stage   3.1% (87901212672/2801532240664) | 103.3M/s | stage ETA 7:17:47 | overall ? ETA ? | best -
[b2=25 b1={23}] stage   3.1% (88109047808/2801532240664) | 103.5M/s | stage ETA 7:16:54 | overall ? ETA ? | best -
[b2=25 b1={23}] stage   3.2% (88316424192/2801532240664) | 103.5M/s | stage ETA 7:17:04 | overall ? ETA ? | best -
[b2=25 b1={23}] stage   3.2% (88524533760/2801532240664) | 103.6M/s | stage ETA 7:16:17 | overall ? ETA ? | best -
[b2=25 b1={23}] stage   3.2% (88731381760/2801532240664) | 103.3M/s | stage ETA 7:17:42 | overall ? ETA ? | best -
[b2=25 b1={23}] stage   3.2% (88939655168/2801532240664) | 103.5M/s | stage ETA 7:16:59 | overall ? ETA ? | best -
[b2=25 b1={23}] stage   3.2% (89146773504/2801532240664) | 103.4M/s | stage ETA 7:17:20 | overall ? ETA ? | best -
[b2=25 b1={23}] stage   3.2% (89354293248/2801532240664) | 103.4M/s | stage ETA 7:16:58 | overall ? ETA ? | best -
[b2=25 b1={23}] stage   3.2% (89560829952/2801532240664) | 103.2M/s | stage ETA 7:17:55 | overall ? ETA ? | best -
[b2=25 b1={23}] stage   3.2% (89768349696/2801532240664) | 103.2M/s | stage ETA 7:17:59 | overall ? ETA ? | best -
[b2=25 b1={23}] stage   3.2% (89974833152/2801532240664) | 103.1M/s | stage ETA 7:18:10 | overall ? ETA ? | best -
[b2=25 b1={23}] stage   3.2% (90181730304/2801532240664) | 103.1M/s | stage ETA 7:18:09 | overall ? ETA ? | best -
[b2=25 b1={23}] stage   3.2% (90389073920/2801532240664) | 103.3M/s | stage ETA 7:17:20 | overall ? ETA ? | best -
[b2=25 b1={23}] stage   3.2% (90596831232/2801532240664) | 103.3M/s | stage ETA 7:17:11 | overall ? ETA ? | best -
[b2=25 b1={23}] stage   3.2% (90803720192/2801532240664) | 103.3M/s | stage ETA 7:17:32 | overall ? ETA ? | best -
[b2=25 b1={23}] stage   3.2% (91011375104/2801532240664) | 103.3M/s | stage ETA 7:17:23 | overall ? ETA ? | best -
[b2=25 b1={23}] stage   3.3% (91219345408/2801532240664) | 103.4M/s | stage ETA 7:16:58 | overall ? ETA ? | best -
[b2=25 b1={23}] stage   3.3% (91426213888/2801532240664) | 103.2M/s | stage ETA 7:17:47 | overall ? ETA ? | best -
[b2=25 b1={23}] stage   3.3% (91633979392/2801532240664) | 103.2M/s | stage ETA 7:17:32 | overall ? ETA ? | best -
[b2=25 b1={23}] stage   3.3% (91842506752/2801532240664) | 103.4M/s | stage ETA 7:16:51 | overall ? ETA ? | best -
[b2=25 b1={23}] stage   3.3% (92044001280/2801532240664) | 102.1M/s | stage ETA 7:22:30 | overall ? ETA ? | best -
[b2=25 b1={23}] stage   3.3% (92248391680/2801532240664) | 101.8M/s | stage ETA 7:23:21 | overall ? ETA ? | best -
[b2=25 b1={23}] stage   3.3% (92455993344/2801532240664) | 102.6M/s | stage ETA 7:20:13 | overall ? ETA ? | best -
[b2=25 b1={23}] stage   3.3% (92664250368/2801532240664) | 103.3M/s | stage ETA 7:17:11 | overall ? ETA ? | best -
[b2=25 b1={23}] stage   3.3% (92873457664/2801532240664) | 103.6M/s | stage ETA 7:15:39 | overall ? ETA ? | best -
[b2=25 b1={23}] stage   3.3% (93082271744/2801532240664) | 103.8M/s | stage ETA 7:15:04 | overall ? ETA ? | best -
[b2=25 b1={23}] stage   3.3% (93290745856/2801532240664) | 103.8M/s | stage ETA 7:14:44 | overall ? ETA ? | best -
[b2=25 b1={23}] stage   3.3% (93499445248/2801532240664) | 103.7M/s | stage ETA 7:15:09 | overall ? ETA ? | best -
[b2=25 b1={23}] stage   3.3% (93707378688/2801532240664) | 103.8M/s | stage ETA 7:14:46 | overall ? ETA ? | best -
[b2=25 b1={23}] stage   3.4% (93916786688/2801532240664) | 104.1M/s | stage ETA 7:13:19 | overall ? ETA ? | best -
[b2=25 b1={23}] stage   3.4% (94126571520/2801532240664) | 104.2M/s | stage ETA 7:12:55 | overall ? ETA ? | best -
[b2=25 b1={23}] stage   3.4% (94333939712/2801532240664) | 103.9M/s | stage ETA 7:14:10 | overall ? ETA ? | best -
[b2=25 b1={23}] stage   3.4% (94542389248/2801532240664) | 103.8M/s | stage ETA 7:14:29 | overall ? ETA ? | best -
[b2=25 b1={23}] stage   3.4% (94751703040/2801532240664) | 104.0M/s | stage ETA 7:13:51 | overall ? ETA ? | best -
[b2=25 b1={23}] stage   3.4% (94960267264/2801532240664) | 103.9M/s | stage ETA 7:14:01 | overall ? ETA ? | best -
[b2=25 b1={23}] stage   3.4% (95169507328/2801532240664) | 104.0M/s | stage ETA 7:13:37 | overall ? ETA ? | best -
[b2=25 b1={23}] stage   3.4% (95378399232/2801532240664) | 104.1M/s | stage ETA 7:13:19 | overall ? ETA ? | best -
[b2=25 b1={23}] stage   3.4% (95587438592/2801532240664) | 104.2M/s | stage ETA 7:12:38 | overall ? ETA ? | best -
[b2=25 b1={23}] stage   3.4% (95796150272/2801532240664) | 104.1M/s | stage ETA 7:13:05 | overall ? ETA ? | best -
[b2=25 b1={23}] stage   3.4% (96004595712/2801532240664) | 104.0M/s | stage ETA 7:13:41 | overall ? ETA ? | best -
[b2=25 b1={23}] stage   3.4% (96213917696/2801532240664) | 104.0M/s | stage ETA 7:13:28 | overall ? ETA ? | best -
[b2=25 b1={23}] stage   3.4% (96423112704/2801532240664) | 104.0M/s | stage ETA 7:13:18 | overall ? ETA ? | best -
[b2=25 b1={23}] stage   3.4% (96631697408/2801532240664) | 104.0M/s | stage ETA 7:13:40 | overall ? ETA ? | best -
[b2=25 b1={23}] stage   3.5% (96840683520/2801532240664) | 104.1M/s | stage ETA 7:12:59 | overall ? ETA ? | best -
[b2=25 b1={23}] stage   3.5% (97050312704/2801532240664) | 104.2M/s | stage ETA 7:12:24 | overall ? ETA ? | best -
[b2=25 b1={23}] stage   3.5% (97259999232/2801532240664) | 104.2M/s | stage ETA 7:12:37 | overall ? ETA ? | best -
[b2=25 b1={23}] stage   3.5% (97468960768/2801532240664) | 104.0M/s | stage ETA 7:13:15 | overall ? ETA ? | best -
[b2=25 b1={23}] stage   3.5% (97678172160/2801532240664) | 104.0M/s | stage ETA 7:13:17 | overall ? ETA ? | best -
[b2=25 b1={23}] stage   3.5% (97886326784/2801532240664) | 103.9M/s | stage ETA 7:13:32 | overall ? ETA ? | best -
[b2=25 b1={23}] stage   3.5% (98095255552/2801532240664) | 103.9M/s | stage ETA 7:13:34 | overall ? ETA ? | best -
[b2=25 b1={23}] stage   3.5% (98303037440/2801532240664) | 103.7M/s | stage ETA 7:14:38 | overall ? ETA ? | best -
[b2=25 b1={23}] stage   3.5% (98511859712/2801532240664) | 103.8M/s | stage ETA 7:14:07 | overall ? ETA ? | best -
[b2=25 b1={23}] stage   3.5% (98719162368/2801532240664) | 103.7M/s | stage ETA 7:14:28 | overall ? ETA ? | best -
[b2=25 b1={23}] stage   3.5% (98927001600/2801532240664) | 103.6M/s | stage ETA 7:14:51 | overall ? ETA ? | best -
[b2=25 b1={23}] stage   3.5% (99135119360/2801532240664) | 103.8M/s | stage ETA 7:13:58 | overall ? ETA ? | best -
[b2=25 b1={23}] stage   3.5% (99343306752/2801532240664) | 103.9M/s | stage ETA 7:13:28 | overall ? ETA ? | best -
[b2=25 b1={23}] stage   3.6% (99549745152/2801532240664) | 103.4M/s | stage ETA 7:15:31 | overall ? ETA ? | best -
[b2=25 b1={23}] stage   3.6% (99753734144/2801532240664) | 102.7M/s | stage ETA 7:18:29 | overall ? ETA ? | best -
[b2=25 b1={23}] stage   3.6% (99960987648/2801532240664) | 103.0M/s | stage ETA 7:17:14 | overall ? ETA ? | best -
[b2=25 b1={23}] stage   3.6% (100169474048/2801532240664) | 103.4M/s | stage ETA 7:15:35 | overall ? ETA ? | best -
[b2=25 b1={23}] stage   3.6% (100377792512/2801532240664) | 103.5M/s | stage ETA 7:14:48 | overall ? ETA ? | best -
[b2=25 b1={23}] stage   3.6% (100587413504/2801532240664) | 103.9M/s | stage ETA 7:13:12 | overall ? ETA ? | best -
[b2=25 b1={23}] stage   3.6% (100794855424/2801532240664) | 103.7M/s | stage ETA 7:13:53 | overall ? ETA ? | best -
[b2=25 b1={23}] stage   3.6% (100998373376/2801532240664) | 102.6M/s | stage ETA 7:18:46 | overall ? ETA ? | best -
[b2=25 b1={23}] stage   3.6% (101199560704/2801532240664) | 101.5M/s | stage ETA 7:23:13 | overall ? ETA ? | best -
[b2=25 b1={23}] stage   3.6% (101401137152/2801532240664) | 101.1M/s | stage ETA 7:24:59 | overall ? ETA ? | best -
[b2=25 b1={23}] stage   3.6% (101602557952/2801532240664) | 100.8M/s | stage ETA 7:26:28 | overall ? ETA ? | best -
[b2=25 b1={23}] stage   3.6% (101803327488/2801532240664) | 100.6M/s | stage ETA 7:27:26 | overall ? ETA ? | best -
[b2=25 b1={23}] stage   3.6% (102005100544/2801532240664) | 100.5M/s | stage ETA 7:27:35 | overall ? ETA ? | best -
[b2=25 b1={23}] stage   3.6% (102207819776/2801532240664) | 100.7M/s | stage ETA 7:26:33 | overall ? ETA ? | best -
[b2=25 b1={23}] stage   3.7% (102409695232/2801532240664) | 100.7M/s | stage ETA 7:26:37 | overall ? ETA ? | best -
[b2=25 b1={23}] stage   3.7% (102612201472/2801532240664) | 100.6M/s | stage ETA 7:27:12 | overall ? ETA ? | best -
[b2=25 b1={23}] stage   3.7% (102814224384/2801532240664) | 100.7M/s | stage ETA 7:26:44 | overall ? ETA ? | best -
[b2=25 b1={23}] stage   3.7% (103014858752/2801532240664) | 100.4M/s | stage ETA 7:27:45 | overall ? ETA ? | best -
[b2=25 b1={23}] stage   3.7% (103214981120/2801532240664) | 100.2M/s | stage ETA 7:29:00 | overall ? ETA ? | best -
[b2=25 b1={23}] stage   3.7% (103417544704/2801532240664) | 100.4M/s | stage ETA 7:27:57 | overall ? ETA ? | best -
[b2=25 b1={23}] stage   3.7% (103619469312/2801532240664) | 100.6M/s | stage ETA 7:27:06 | overall ? ETA ? | best -
[b2=25 b1={23}] stage   3.7% (103772585984/2801532240664) | 88.5M/s | stage ETA 8:27:58 | overall ? ETA ? | best -
[b2=25 b1={23}] stage   3.7% (103871803392/2801532240664) | 69.0M/s | stage ETA 10:51:11 | overall ? ETA ? | best -
[b2=25 b1={23}] stage   3.7% (103970443264/2801532240664) | 59.1M/s | stage ETA 12:40:08 | overall ? ETA ? | best -
[b2=25 b1={23}] stage   3.7% (104070668288/2801532240664) | 54.6M/s | stage ETA 13:43:14 | overall ? ETA ? | best -
[b2=25 b1={23}] stage   3.7% (104170049536/2801532240664) | 52.1M/s | stage ETA 14:22:09 | overall ? ETA ? | best -
[b2=25 b1={23}] stage   3.7% (104269463552/2801532240664) | 50.8M/s | stage ETA 14:44:15 | overall ? ETA ? | best -
[b2=25 b1={23}] stage   3.7% (104369041408/2801532240664) | 50.2M/s | stage ETA 14:55:23 | overall ? ETA ? | best -
[b2=25 b1={23}] stage   3.7% (104464441344/2801532240664) | 48.9M/s | stage ETA 15:18:37 | overall ? ETA ? | best -
[b2=25 b1={23}] stage   3.7% (104564035584/2801532240664) | 49.3M/s | stage ETA 15:11:03 | overall ? ETA ? | best -
[b2=25 b1={23}] stage   3.7% (104663613440/2801532240664) | 49.5M/s | stage ETA 15:07:12 | overall ? ETA ? | best -
[b2=25 b1={23}] stage   3.7% (104763158528/2801532240664) | 49.6M/s | stage ETA 15:06:37 | overall ? ETA ? | best -
[b2=25 b1={23}] stage   3.7% (104862326784/2801532240664) | 49.5M/s | stage ETA 15:07:52 | overall ? ETA ? | best -
[b2=25 b1={23}] stage   3.7% (104961028096/2801532240664) | 49.4M/s | stage ETA 15:09:30 | overall ? ETA ? | best -
[b2=25 b1={23}] stage   3.8% (105060376576/2801532240664) | 49.5M/s | stage ETA 15:07:15 | overall ? ETA ? | best -
[b2=25 b1={23}] stage   3.8% (105160581120/2801532240664) | 49.8M/s | stage ETA 15:03:07 | overall ? ETA ? | best -
[b2=25 b1={23}] stage   3.8% (105259892736/2801532240664) | 49.6M/s | stage ETA 15:05:06 | overall ? ETA ? | best -
[b2=25 b1={23}] stage   3.8% (105359351808/2801532240664) | 49.6M/s | stage ETA 15:05:50 | overall ? ETA ? | best -
[b2=25 b1={23}] stage   3.8% (105459458048/2801532240664) | 49.8M/s | stage ETA 15:03:02 | overall ? ETA ? | best -
[b2=25 b1={23}] stage   3.8% (105558646784/2801532240664) | 49.6M/s | stage ETA 15:05:12 | overall ? ETA ? | best -
[b2=25 b1={23}] stage   3.8% (105657942016/2801532240664) | 49.6M/s | stage ETA 15:05:08 | overall ? ETA ? | best -
[b2=25 b1={23}] stage   3.8% (105757450240/2801532240664) | 49.7M/s | stage ETA 15:04:22 | overall ? ETA ? | best -
[b2=25 b1={23}] stage   3.8% (105856942080/2801532240664) | 49.6M/s | stage ETA 15:05:55 | overall ? ETA ? | best -
[b2=25 b1={23}] stage   3.8% (105955725312/2801532240664) | 49.4M/s | stage ETA 15:08:35 | overall ? ETA ? | best -
[b2=25 b1={23}] stage   3.8% (106054889472/2801532240664) | 49.4M/s | stage ETA 15:09:13 | overall ? ETA ? | best -
[b2=25 b1={23}] stage   3.8% (106154663936/2801532240664) | 49.6M/s | stage ETA 15:06:31 | overall ? ETA ? | best -
[b2=25 b1={23}] stage   3.8% (106254082048/2801532240664) | 49.6M/s | stage ETA 15:05:39 | overall ? ETA ? | best -
[b2=25 b1={23}] stage   3.8% (106354499584/2801532240664) | 49.8M/s | stage ETA 15:01:18 | overall ? ETA ? | best -
[b2=25 b1={23}] stage   3.8% (106454568960/2801532240664) | 49.8M/s | stage ETA 15:01:05 | overall ? ETA ? | best -
[b2=25 b1={23}] stage   3.8% (106554089472/2801532240664) | 49.7M/s | stage ETA 15:03:59 | overall ? ETA ? | best -
[b2=25 b1={23}] stage   3.8% (106653700096/2801532240664) | 49.6M/s | stage ETA 15:04:53 | overall ? ETA ? | best -
[b2=25 b1={23}] stage   3.8% (106751942656/2801532240664) | 49.3M/s | stage ETA 15:10:50 | overall ? ETA ? | best -
[b2=25 b1={23}] stage   3.8% (106850471936/2801532240664) | 49.2M/s | stage ETA 15:13:24 | overall ? ETA ? | best -
[b2=25 b1={23}] stage   3.8% (106950107136/2801532240664) | 49.4M/s | stage ETA 15:09:28 | overall ? ETA ? | best -
[b2=25 b1={23}] stage   3.8% (107049533440/2801532240664) | 49.5M/s | stage ETA 15:07:42 | overall ? ETA ? | best -
[b2=25 b1={23}] stage   3.8% (107148992512/2801532240664) | 49.5M/s | stage ETA 15:06:54 | overall ? ETA ? | best -
[b2=25 b1={23}] stage   3.8% (107248627712/2801532240664) | 49.6M/s | stage ETA 15:04:57 | overall ? ETA ? | best -
[b2=25 b1={23}] stage   3.8% (107349430272/2801532240664) | 50.0M/s | stage ETA 14:58:17 | overall ? ETA ? | best -
[b2=25 b1={23}] stage   3.8% (107449339904/2801532240664) | 49.9M/s | stage ETA 14:59:28 | overall ? ETA ? | best -
[b2=25 b1={23}] stage   3.8% (107546157056/2801532240664) | 49.1M/s | stage ETA 15:13:36 | overall ? ETA ? | best -
[b2=25 b1={23}] stage   3.8% (107645804544/2801532240664) | 49.4M/s | stage ETA 15:08:03 | overall ? ETA ? | best -
[b2=25 b1={23}] stage   3.8% (107745226752/2801532240664) | 49.5M/s | stage ETA 15:06:11 | overall ? ETA ? | best -
[b2=25 b1={23}] stage   3.8% (107845873664/2801532240664) | 49.8M/s | stage ETA 15:01:19 | overall ? ETA ? | best -
[b2=25 b1={23}] stage   3.9% (107945639936/2801532240664) | 49.7M/s | stage ETA 15:02:50 | overall ? ETA ? | best -
[b2=25 b1={23}] stage   3.9% (108044902400/2801532240664) | 49.7M/s | stage ETA 15:04:03 | overall ? ETA ? | best -
[b2=25 b1={23}] stage   3.9% (108145905664/2801532240664) | 50.0M/s | stage ETA 14:58:27 | overall ? ETA ? | best -
[b2=25 b1={23}] stage   3.9% (108245831680/2801532240664) | 49.9M/s | stage ETA 15:00:04 | overall ? ETA ? | best -
[b2=25 b1={23}] stage   3.9% (108345393152/2801532240664) | 49.8M/s | stage ETA 15:01:17 | overall ? ETA ? | best -
[b2=25 b1={23}] stage   3.9% (108444983296/2801532240664) | 49.7M/s | stage ETA 15:03:19 | overall ? ETA ? | best -
[b2=25 b1={23}] stage   3.9% (108545552384/2801532240664) | 49.9M/s | stage ETA 14:59:51 | overall ? ETA ? | best -
[b2=25 b1={23}] stage   3.9% (108643262464/2801532240664) | 49.3M/s | stage ETA 15:09:56 | overall ? ETA ? | best -
[b2=25 b1={23}] stage   3.9% (108742086656/2801532240664) | 49.3M/s | stage ETA 15:11:07 | overall ? ETA ? | best -
[b2=25 b1={23}] stage   3.9% (108842897408/2801532240664) | 49.8M/s | stage ETA 15:01:59 | overall ? ETA ? | best -
[b2=25 b1={23}] stage   3.9% (108944003072/2801532240664) | 50.0M/s | stage ETA 14:57:02 | overall ? ETA ? | best -
[b2=25 b1={23}] stage   3.9% (109042786304/2801532240664) | 49.6M/s | stage ETA 15:04:08 | overall ? ETA ? | best -
[b2=25 b1={23}] stage   3.9% (109146087424/2801532240664) | 50.5M/s | stage ETA 14:47:49 | overall ? ETA ? | best -
[b2=25 b1={23}] stage   3.9% (109249126400/2801532240664) | 50.9M/s | stage ETA 14:41:58 | overall ? ETA ? | best -
[b2=25 b1={23}] stage   3.9% (109351026688/2801532240664) | 50.8M/s | stage ETA 14:42:40 | overall ? ETA ? | best -
[b2=25 b1={23}] stage   3.9% (109454471168/2801532240664) | 51.1M/s | stage ETA 14:37:12 | overall ? ETA ? | best -
[b2=25 b1={23}] stage   3.9% (109557391360/2801532240664) | 51.2M/s | stage ETA 14:35:46 | overall ? ETA ? | best -
[b2=25 b1={23}] stage   3.9% (109660782592/2801532240664) | 51.3M/s | stage ETA 14:33:58 | overall ? ETA ? | best -
[b2=25 b1={23}] stage   3.9% (109763964928/2801532240664) | 51.3M/s | stage ETA 14:33:56 | overall ? ETA ? | best -
[b2=25 b1={23}] stage   3.9% (109867040768/2801532240664) | 51.3M/s | stage ETA 14:34:21 | overall ? ETA ? | best -
[b2=25 b1={23}] stage   3.9% (109970681856/2801532240664) | 51.4M/s | stage ETA 14:32:09 | overall ? ETA ? | best -
[b2=25 b1={23}] stage   3.9% (110073323520/2801532240664) | 51.3M/s | stage ETA 14:34:56 | overall ? ETA ? | best -
[b2=25 b1={23}] stage   3.9% (110173339648/2801532240664) | 50.5M/s | stage ETA 14:47:59 | overall ? ETA ? | best -
[b2=25 b1={23}] stage   3.9% (110274146304/2801532240664) | 50.4M/s | stage ETA 14:49:16 | overall ? ETA ? | best -
[b2=25 b1={23}] stage   3.9% (110374301696/2801532240664) | 50.2M/s | stage ETA 14:54:19 | overall ? ETA ? | best -
[b2=25 b1={23}] stage   3.9% (110473744384/2801532240664) | 49.9M/s | stage ETA 14:58:10 | overall ? ETA ? | best -
[b2=25 b1={23}] stage   3.9% (110573735936/2801532240664) | 49.9M/s | stage ETA 14:58:58 | overall ? ETA ? | best -
[b2=25 b1={23}] stage   4.0% (110671646720/2801532240664) | 49.3M/s | stage ETA 15:08:47 | overall ? ETA ? | best -
[b2=25 b1={23}] stage   4.0% (110812073984/2801532240664) | 59.7M/s | stage ETA 12:30:41 | overall ? ETA ? | best -
[b2=25 b1={23}] stage   4.0% (111011241984/2801532240664) | 79.4M/s | stage ETA 9:24:41 | overall ? ETA ? | best -
[b2=25 b1={23}] stage   4.0% (111209615360/2801532240664) | 89.3M/s | stage ETA 8:22:09 | overall ? ETA ? | best -
[b2=25 b1={23}] stage   4.0% (111409655808/2801532240664) | 94.4M/s | stage ETA 7:54:45 | overall ? ETA ? | best -
[b2=25 b1={23}] stage   4.0% (111608840192/2801532240664) | 96.8M/s | stage ETA 7:43:01 | overall ? ETA ? | best -
[b2=25 b1={23}] stage   4.0% (111811608576/2801532240664) | 98.9M/s | stage ETA 7:33:29 | overall ? ETA ? | best -
[b2=25 b1={23}] stage   4.0% (112017666048/2801532240664) | 100.8M/s | stage ETA 7:24:54 | overall ? ETA ? | best -
[b2=25 b1={23}] stage   4.0% (112226385920/2801532240664) | 102.3M/s | stage ETA 7:18:19 | overall ? ETA ? | best -
[b2=25 b1={23}] stage   4.0% (112433119232/2801532240664) | 102.5M/s | stage ETA 7:17:09 | overall ? ETA ? | best -
[b2=25 b1={23}] stage   4.0% (112636952576/2801532240664) | 102.1M/s | stage ETA 7:18:45 | overall ? ETA ? | best -
[b2=25 b1={23}] stage   4.0% (112843857920/2801532240664) | 102.7M/s | stage ETA 7:16:11 | overall ? ETA ? | best -
[b2=25 b1={23}] stage   4.0% (113050390528/2801532240664) | 102.7M/s | stage ETA 7:16:19 | overall ? ETA ? | best -
[b2=25 b1={23}] stage   4.0% (113256517632/2801532240664) | 102.7M/s | stage ETA 7:16:16 | overall ? ETA ? | best -
[b2=25 b1={23}] stage   4.0% (113460514816/2801532240664) | 102.1M/s | stage ETA 7:18:52 | overall ? ETA ? | best -
[b2=25 b1={23}] stage   4.1% (113659129856/2801532240664) | 100.6M/s | stage ETA 7:25:18 | overall ? ETA ? | best -
[b2=25 b1={23}] stage   4.1% (113860722688/2801532240664) | 100.5M/s | stage ETA 7:25:51 | overall ? ETA ? | best -
[b2=25 b1={23}] stage   4.1% (114061000704/2801532240664) | 100.1M/s | stage ETA 7:27:20 | overall ? ETA ? | best -
[b2=25 b1={23}] stage   4.1% (114265858048/2801532240664) | 101.2M/s | stage ETA 7:22:46 | overall ? ETA ? | best -
[b2=25 b1={23}] stage   4.1% (114472861696/2801532240664) | 102.1M/s | stage ETA 7:18:46 | overall ? ETA ? | best -
[b2=25 b1={23}] stage   4.1% (114680229888/2801532240664) | 102.6M/s | stage ETA 7:16:25 | overall ? ETA ? | best -
[b2=25 b1={23}] stage   4.1% (114887725056/2801532240664) | 103.0M/s | stage ETA 7:14:51 | overall ? ETA ? | best -
[b2=25 b1={23}] stage   4.1% (115094966272/2801532240664) | 103.1M/s | stage ETA 7:14:25 | overall ? ETA ? | best -
[b2=25 b1={23}] stage   4.1% (115301941248/2801532240664) | 103.1M/s | stage ETA 7:14:02 | overall ? ETA ? | best -
[b2=25 b1={23}] stage   4.1% (115508834304/2801532240664) | 103.0M/s | stage ETA 7:14:33 | overall ? ETA ? | best -
[b2=25 b1={23}] stage   4.1% (115716141056/2801532240664) | 103.2M/s | stage ETA 7:13:52 | overall ? ETA ? | best -
[b2=25 b1={23}] stage   4.1% (115924041728/2801532240664) | 103.4M/s | stage ETA 7:12:43 | overall ? ETA ? | best -
[b2=25 b1={23}] stage   4.1% (116131233792/2801532240664) | 103.5M/s | stage ETA 7:12:38 | overall ? ETA ? | best -
[b2=25 b1={23}] stage   4.2% (116338446336/2801532240664) | 103.5M/s | stage ETA 7:12:35 | overall ? ETA ? | best -
[b2=25 b1={23}] stage   4.2% (116544921600/2801532240664) | 103.2M/s | stage ETA 7:13:42 | overall ? ETA ? | best -
[b2=25 b1={23}] stage   4.2% (116752539648/2801532240664) | 103.3M/s | stage ETA 7:13:12 | overall ? ETA ? | best -
[b2=25 b1={23}] stage   4.2% (116960075776/2801532240664) | 103.3M/s | stage ETA 7:12:59 | overall ? ETA ? | best -
[b2=25 b1={23}] stage   4.2% (117166391296/2801532240664) | 103.2M/s | stage ETA 7:13:37 | overall ? ETA ? | best -
[b2=25 b1={23}] stage   4.2% (117373739008/2801532240664) | 103.2M/s | stage ETA 7:13:25 | overall ? ETA ? | best -
[b2=25 b1={23}] stage   4.2% (117579714560/2801532240664) | 103.0M/s | stage ETA 7:14:12 | overall ? ETA ? | best -
[b2=25 b1={23}] stage   4.2% (117786320896/2801532240664) | 103.1M/s | stage ETA 7:13:58 | overall ? ETA ? | best -
[b2=25 b1={23}] stage   4.2% (117993455616/2801532240664) | 103.1M/s | stage ETA 7:13:58 | overall ? ETA ? | best -
[b2=25 b1={23}] stage   4.2% (118201741312/2801532240664) | 103.5M/s | stage ETA 7:11:59 | overall ? ETA ? | best -
[b2=25 b1={23}] stage   4.2% (118408622080/2801532240664) | 103.4M/s | stage ETA 7:12:22 | overall ? ETA ? | best -
[b2=25 b1={23}] stage   4.2% (118616784896/2801532240664) | 103.6M/s | stage ETA 7:11:45 | overall ? ETA ? | best -
[b2=25 b1={23}] stage   4.2% (118824980480/2801532240664) | 103.5M/s | stage ETA 7:11:58 | overall ? ETA ? | best -
[b2=25 b1={23}] stage   4.2% (119033688064/2801532240664) | 103.7M/s | stage ETA 7:11:04 | overall ? ETA ? | best -
[b2=25 b1={23}] stage   4.3% (119241416704/2801532240664) | 103.6M/s | stage ETA 7:11:30 | overall ? ETA ? | best -
[b2=25 b1={23}] stage   4.3% (119447728128/2801532240664) | 103.4M/s | stage ETA 7:12:27 | overall ? ETA ? | best -
[b2=25 b1={23}] stage   4.3% (119656284160/2801532240664) | 103.6M/s | stage ETA 7:11:28 | overall ? ETA ? | best -
[b2=25 b1={23}] stage   4.3% (119865217024/2801532240664) | 103.8M/s | stage ETA 7:10:42 | overall ? ETA ? | best -
[b2=25 b1={23}] stage   4.3% (120073355264/2801532240664) | 103.7M/s | stage ETA 7:10:47 | overall ? ETA ? | best -
[b2=25 b1={23}] stage   4.3% (120282783744/2801532240664) | 104.0M/s | stage ETA 7:09:33 | overall ? ETA ? | best -
[b2=25 b1={23}] stage   4.3% (120492462080/2801532240664) | 104.2M/s | stage ETA 7:08:46 | overall ? ETA ? | best -
[b2=25 b1={23}] stage   4.3% (120701001728/2801532240664) | 104.1M/s | stage ETA 7:09:24 | overall ? ETA ? | best -
[b2=25 b1={23}] stage   4.3% (120910180352/2801532240664) | 104.0M/s | stage ETA 7:09:28 | overall ? ETA ? | best -
[b2=25 b1={23}] stage   4.3% (121119522816/2801532240664) | 104.2M/s | stage ETA 7:08:48 | overall ? ETA ? | best -
[b2=25 b1={23}] stage   4.3% (121328545792/2801532240664) | 104.2M/s | stage ETA 7:08:53 | overall ? ETA ? | best -
[b2=25 b1={23}] stage   4.3% (121536974848/2801532240664) | 104.0M/s | stage ETA 7:09:37 | overall ? ETA ? | best -
[b2=25 b1={23}] stage   4.3% (121740656640/2801532240664) | 102.4M/s | stage ETA 7:16:11 | overall ? ETA ? | best -
[b2=25 b1={23}] stage   4.4% (121945444352/2801532240664) | 102.3M/s | stage ETA 7:16:24 | overall ? ETA ? | best -
[b2=25 b1={23}] stage   4.4% (122152214528/2801532240664) | 102.8M/s | stage ETA 7:14:14 | overall ? ETA ? | best -
[b2=25 b1={23}] stage   4.4% (122361294848/2801532240664) | 103.6M/s | stage ETA 7:11:11 | overall ? ETA ? | best -
[b2=25 b1={23}] stage   4.4% (122570637312/2801532240664) | 103.9M/s | stage ETA 7:09:47 | overall ? ETA ? | best -
[b2=25 b1={23}] stage   4.4% (122780073984/2801532240664) | 104.1M/s | stage ETA 7:08:51 | overall ? ETA ? | best -
[b2=25 b1={23}] stage   4.4% (122989223936/2801532240664) | 104.1M/s | stage ETA 7:08:55 | overall ? ETA ? | best -
[b2=25 b1={23}] stage   4.4% (123196465152/2801532240664) | 103.6M/s | stage ETA 7:10:54 | overall ? ETA ? | best -
[b2=25 b1={23}] stage   4.4% (123405557760/2801532240664) | 103.8M/s | stage ETA 7:09:58 | overall ? ETA ? | best -
[b2=25 b1={23}] stage   4.4% (123614482432/2801532240664) | 103.9M/s | stage ETA 7:09:43 | overall ? ETA ? | best -
[b2=25 b1={23}] stage   4.4% (123822825472/2801532240664) | 104.0M/s | stage ETA 7:09:13 | overall ? ETA ? | best -
[b2=25 b1={23}] stage   4.4% (124030017536/2801532240664) | 103.7M/s | stage ETA 7:10:18 | overall ? ETA ? | best -
[b2=25 b1={23}] stage   4.4% (124239114240/2801532240664) | 104.0M/s | stage ETA 7:09:10 | overall ? ETA ? | best -
[b2=25 b1={23}] stage   4.4% (124448505856/2801532240664) | 104.1M/s | stage ETA 7:08:36 | overall ? ETA ? | best -
[b2=25 b1={23}] stage   4.4% (124657348608/2801532240664) | 104.0M/s | stage ETA 7:08:47 | overall ? ETA ? | best -
[b2=25 b1={23}] stage   4.5% (124865495040/2801532240664) | 104.0M/s | stage ETA 7:09:00 | overall ? ETA ? | best -
[b2=25 b1={23}] stage   4.5% (125075460096/2801532240664) | 104.1M/s | stage ETA 7:08:21 | overall ? ETA ? | best -
[b2=25 b1={23}] stage   4.5% (125285294080/2801532240664) | 104.2M/s | stage ETA 7:07:57 | overall ? ETA ? | best -
[b2=25 b1={23}] stage   4.5% (125494226944/2801532240664) | 104.2M/s | stage ETA 7:07:57 | overall ? ETA ? | best -
[b2=25 b1={23}] stage   4.5% (125702078464/2801532240664) | 103.9M/s | stage ETA 7:09:15 | overall ? ETA ? | best -
[b2=25 b1={23}] stage   4.5% (125910401024/2801532240664) | 103.9M/s | stage ETA 7:09:20 | overall ? ETA ? | best -
[b2=25 b1={23}] stage   4.5% (126119563264/2801532240664) | 104.1M/s | stage ETA 7:08:22 | overall ? ETA ? | best -
[b2=25 b1={23}] stage   4.5% (126327304192/2801532240664) | 103.7M/s | stage ETA 7:09:52 | overall ? ETA ? | best -
[b2=25 b1={23}] stage   4.5% (126537158656/2801532240664) | 104.1M/s | stage ETA 7:08:25 | overall ? ETA ? | best -
[b2=25 b1={23}] stage   4.5% (126744379392/2801532240664) | 103.7M/s | stage ETA 7:09:47 | overall ? ETA ? | best -
[b2=25 b1={23}] stage   4.5% (126954053632/2801532240664) | 104.0M/s | stage ETA 7:08:45 | overall ? ETA ? | best -
[b2=25 b1={23}] stage   4.5% (127163928576/2801532240664) | 104.2M/s | stage ETA 7:07:48 | overall ? ETA ? | best -
[b2=25 b1={23}] stage   4.5% (127371849728/2801532240664) | 104.0M/s | stage ETA 7:08:22 | overall ? ETA ? | best -
[b2=25 b1={23}] stage   4.6% (127581323264/2801532240664) | 104.2M/s | stage ETA 7:07:29 | overall ? ETA ? | best -
[b2=25 b1={23}] stage   4.6% (127789522944/2801532240664) | 104.0M/s | stage ETA 7:08:40 | overall ? ETA ? | best -
[b2=25 b1={23}] stage   4.6% (127996448768/2801532240664) | 103.7M/s | stage ETA 7:09:39 | overall ? ETA ? | best -
[b2=25 b1={23}] stage   4.6% (128204148736/2801532240664) | 103.6M/s | stage ETA 7:10:02 | overall ? ETA ? | best -
[b2=25 b1={23}] stage   4.6% (128414785536/2801532240664) | 104.1M/s | stage ETA 7:07:59 | overall ? ETA ? | best -
[b2=25 b1={23}] stage   4.6% (128621768704/2801532240664) | 103.6M/s | stage ETA 7:09:55 | overall ? ETA ? | best -
[b2=25 b1={23}] stage   4.6% (128829612032/2801532240664) | 103.5M/s | stage ETA 7:10:35 | overall ? ETA ? | best -
[b2=25 b1={23}] stage   4.6% (129038565376/2801532240664) | 103.7M/s | stage ETA 7:09:43 | overall ? ETA ? | best -
[b2=25 b1={23}] stage   4.6% (129246646272/2801532240664) | 103.7M/s | stage ETA 7:09:38 | overall ? ETA ? | best -
[b2=25 b1={23}] stage   4.6% (129453453312/2801532240664) | 103.4M/s | stage ETA 7:10:34 | overall ? ETA ? | best -
[b2=25 b1={23}] stage   4.6% (129661710336/2801532240664) | 103.5M/s | stage ETA 7:10:10 | overall ? ETA ? | best -
[b2=25 b1={23}] stage   4.6% (129870626816/2801532240664) | 103.7M/s | stage ETA 7:09:13 | overall ? ETA ? | best -
[b2=25 b1={23}] stage   4.6% (130078457856/2801532240664) | 103.7M/s | stage ETA 7:09:17 | overall ? ETA ? | best -
[b2=25 b1={23}] stage   4.7% (130287742976/2801532240664) | 103.9M/s | stage ETA 7:08:19 | overall ? ETA ? | best -
[b2=25 b1={23}] stage   4.7% (130496598016/2801532240664) | 103.8M/s | stage ETA 7:08:51 | overall ? ETA ? | best -
[b2=25 b1={23}] stage   4.7% (130706157568/2801532240664) | 104.0M/s | stage ETA 7:07:59 | overall ? ETA ? | best -
[b2=25 b1={23}] stage   4.7% (130916327424/2801532240664) | 104.2M/s | stage ETA 7:07:04 | overall ? ETA ? | best -
[b2=25 b1={23}] stage   4.7% (131126403072/2801532240664) | 104.2M/s | stage ETA 7:07:02 | overall ? ETA ? | best -
[b2=25 b1={23}] stage   4.7% (131335995392/2801532240664) | 104.3M/s | stage ETA 7:06:31 | overall ? ETA ? | best -
[b2=25 b1={23}] stage   4.7% (131544657920/2801532240664) | 104.1M/s | stage ETA 7:07:23 | overall ? ETA ? | best -
[b2=25 b1={23}] stage   4.7% (131752935424/2801532240664) | 104.0M/s | stage ETA 7:07:58 | overall ? ETA ? | best -
[b2=25 b1={23}] stage   4.7% (131961499648/2801532240664) | 104.1M/s | stage ETA 7:07:35 | overall ? ETA ? | best -
[b2=25 b1={23}] stage   4.7% (132170190848/2801532240664) | 103.9M/s | stage ETA 7:08:02 | overall ? ETA ? | best -
[b2=25 b1={23}] stage   4.7% (132377583616/2801532240664) | 103.6M/s | stage ETA 7:09:15 | overall ? ETA ? | best -
[b2=25 b1={23}] stage   4.7% (132586893312/2801532240664) | 103.7M/s | stage ETA 7:08:58 | overall ? ETA ? | best -
[b2=25 b1={23}] stage   4.7% (132795764736/2801532240664) | 103.8M/s | stage ETA 7:08:34 | overall ? ETA ? | best -
[b2=25 b1={23}] stage   4.7% (133003882496/2801532240664) | 103.6M/s | stage ETA 7:09:08 | overall ? ETA ? | best -
[b2=25 b1={23}] stage   4.8% (133212585984/2801532240664) | 103.8M/s | stage ETA 7:08:34 | overall ? ETA ? | best -
[b2=25 b1={23}] stage   4.8% (133420273664/2801532240664) | 103.6M/s | stage ETA 7:09:07 | overall ? ETA ? | best -
[b2=25 b1={23}] stage   4.8% (133628866560/2801532240664) | 103.7M/s | stage ETA 7:08:36 | overall ? ETA ? | best -
[b2=25 b1={23}] stage   4.8% (133836464128/2801532240664) | 103.6M/s | stage ETA 7:09:03 | overall ? ETA ? | best -
[b2=25 b1={23}] stage   4.8% (134041788416/2801532240664) | 103.1M/s | stage ETA 7:11:16 | overall ? ETA ? | best -
[b2=25 b1={23}] stage   4.8% (134250360832/2801532240664) | 103.4M/s | stage ETA 7:09:54 | overall ? ETA ? | best -
[b2=25 b1={23}] stage   4.8% (134458687488/2801532240664) | 103.6M/s | stage ETA 7:09:09 | overall ? ETA ? | best -
[b2=25 b1={23}] stage   4.8% (134667145216/2801532240664) | 103.7M/s | stage ETA 7:08:35 | overall ? ETA ? | best -
[b2=25 b1={23}] stage   4.8% (134876889088/2801532240664) | 104.0M/s | stage ETA 7:07:14 | overall ? ETA ? | best -
[b2=25 b1={23}] stage   4.8% (135085133824/2801532240664) | 103.9M/s | stage ETA 7:07:50 | overall ? ETA ? | best -
[b2=25 b1={23}] stage   4.8% (135294267392/2801532240664) | 104.0M/s | stage ETA 7:07:10 | overall ? ETA ? | best -
[b2=25 b1={23}] stage   4.8% (135502159872/2801532240664) | 103.8M/s | stage ETA 7:07:53 | overall ? ETA ? | best -
[b2=25 b1={23}] stage   4.8% (135710416896/2801532240664) | 103.8M/s | stage ETA 7:07:53 | overall ? ETA ? | best -
[b2=25 b1={23}] stage   4.9% (135918125056/2801532240664) | 103.7M/s | stage ETA 7:08:13 | overall ? ETA ? | best -
[b2=25 b1={23}] stage   4.9% (136125734912/2801532240664) | 103.7M/s | stage ETA 7:08:13 | overall ? ETA ? | best -
[b2=25 b1={23}] stage   4.9% (136334290944/2801532240664) | 103.7M/s | stage ETA 7:08:19 | overall ? ETA ? | best -
[b2=25 b1={23}] stage   4.9% (136542580736/2801532240664) | 103.8M/s | stage ETA 7:07:44 | overall ? ETA ? | best -
[b2=25 b1={23}] stage   4.9% (136751251456/2801532240664) | 103.8M/s | stage ETA 7:07:49 | overall ? ETA ? | best -
[b2=25 b1={23}] stage   4.9% (136959401984/2801532240664) | 103.9M/s | stage ETA 7:07:29 | overall ? ETA ? | best -
[b2=25 b1={23}] stage   4.9% (137167843328/2801532240664) | 103.9M/s | stage ETA 7:07:26 | overall ? ETA ? | best -
[b2=25 b1={23}] stage   4.9% (137377009664/2801532240664) | 104.0M/s | stage ETA 7:07:08 | overall ? ETA ? | best -
[b2=25 b1={23}] stage   4.9% (137586163712/2801532240664) | 104.0M/s | stage ETA 7:07:04 | overall ? ETA ? | best -
[b2=25 b1={23}] stage   4.9% (137794576384/2801532240664) | 103.9M/s | stage ETA 7:07:27 | overall ? ETA ? | best -
[b2=25 b1={23}] stage   4.9% (138002935808/2801532240664) | 103.8M/s | stage ETA 7:07:28 | overall ? ETA ? | best -
[b2=25 b1={23}] stage   4.9% (138211061760/2801532240664) | 103.9M/s | stage ETA 7:07:23 | overall ? ETA ? | best -
[b2=25 b1={23}] stage   4.9% (138419175424/2801532240664) | 103.7M/s | stage ETA 7:08:01 | overall ? ETA ? | best -
[b2=25 b1={23}] stage   4.9% (138628014080/2801532240664) | 103.9M/s | stage ETA 7:07:01 | overall ? ETA ? | best -
[b2=25 b1={23}] stage   5.0% (138835304448/2801532240664) | 103.5M/s | stage ETA 7:08:40 | overall ? ETA ? | best -
[b2=25 b1={23}] stage   5.0% (139044810752/2801532240664) | 103.8M/s | stage ETA 7:07:40 | overall ? ETA ? | best -
[b2=25 b1={23}] stage   5.0% (139253354496/2801532240664) | 103.8M/s | stage ETA 7:07:33 | overall ? ETA ? | best -
[b2=25 b1={23}] stage   5.0% (139461308416/2801532240664) | 103.7M/s | stage ETA 7:07:48 | overall ? ETA ? | best -
[b2=25 b1={23}] stage   5.0% (139670740992/2801532240664) | 103.9M/s | stage ETA 7:06:51 | overall ? ETA ? | best -
[b2=25 b1={23}] stage   5.0% (139880632320/2801532240664) | 104.1M/s | stage ETA 7:06:11 | overall ? ETA ? | best -
[b2=25 b1={23}] stage   5.0% (140088864768/2801532240664) | 103.9M/s | stage ETA 7:06:55 | overall ? ETA ? | best -
[b2=25 b1={23}] stage   5.0% (140298104832/2801532240664) | 104.1M/s | stage ETA 7:06:08 | overall ? ETA ? | best -
[b2=25 b1={23}] stage   5.0% (140506427392/2801532240664) | 104.0M/s | stage ETA 7:06:30 | overall ? ETA ? | best -
[b2=25 b1={23}] stage   5.0% (140715810816/2801532240664) | 104.0M/s | stage ETA 7:06:22 | overall ? ETA ? | best -
[b2=25 b1={23}] stage   5.0% (140925087744/2801532240664) | 104.0M/s | stage ETA 7:06:23 | overall ? ETA ? | best -
[b2=25 b1={23}] stage   5.0% (141133930496/2801532240664) | 104.1M/s | stage ETA 7:05:44 | overall ? ETA ? | best -
[b2=25 b1={23}] stage   5.0% (141342502912/2801532240664) | 104.0M/s | stage ETA 7:06:28 | overall ? ETA ? | best -
[b2=25 b1={23}] stage   5.1% (141551673344/2801532240664) | 104.0M/s | stage ETA 7:06:13 | overall ? ETA ? | best -
[b2=25 b1={23}] stage   5.1% (141759762432/2801532240664) | 104.0M/s | stage ETA 7:06:16 | overall ? ETA ? | best -
[b2=25 b1={23}] stage   5.1% (141967613952/2801532240664) | 103.9M/s | stage ETA 7:06:27 | overall ? ETA ? | best -
[b2=25 b1={23}] stage   5.1% (142176661504/2801532240664) | 104.0M/s | stage ETA 7:06:21 | overall ? ETA ? | best -
[b2=25 b1={23}] stage   5.1% (142386159616/2801532240664) | 104.1M/s | stage ETA 7:05:50 | overall ? ETA ? | best -
[b2=25 b1={23}] stage   5.1% (142594764800/2801532240664) | 104.1M/s | stage ETA 7:05:37 | overall ? ETA ? | best -
[b2=25 b1={23}] stage   5.1% (142803034112/2801532240664) | 104.0M/s | stage ETA 7:05:55 | overall ? ETA ? | best -
[b2=25 b1={23}] stage   5.1% (143011700736/2801532240664) | 104.1M/s | stage ETA 7:05:39 | overall ? ETA ? | best -
[b2=25 b1={23}] stage   5.1% (143220932608/2801532240664) | 104.1M/s | stage ETA 7:05:44 | overall ? ETA ? | best -
[b2=25 b1={23}] stage   5.1% (143429804032/2801532240664) | 104.0M/s | stage ETA 7:06:07 | overall ? ETA ? | best -
[b2=25 b1={23}] stage   5.1% (143639068672/2801532240664) | 104.0M/s | stage ETA 7:05:56 | overall ? ETA ? | best -
[b2=25 b1={23}] stage   5.1% (143848153088/2801532240664) | 104.0M/s | stage ETA 7:05:55 | overall ? ETA ? | best -
[b2=25 b1={23}] stage   5.1% (144056655872/2801532240664) | 103.9M/s | stage ETA 7:06:05 | overall ? ETA ? | best -
[b2=25 b1={23}] stage   5.1% (144265416704/2801532240664) | 104.0M/s | stage ETA 7:05:41 | overall ? ETA ? | best -
[b2=25 b1={23}] stage   5.2% (144475115520/2801532240664) | 104.2M/s | stage ETA 7:05:00 | overall ? ETA ? | best -
[b2=25 b1={23}] stage   5.2% (144683302912/2801532240664) | 103.9M/s | stage ETA 7:06:15 | overall ? ETA ? | best -
[b2=25 b1={23}] stage   5.2% (144891531264/2801532240664) | 103.9M/s | stage ETA 7:06:12 | overall ? ETA ? | best -
[b2=25 b1={23}] stage   5.2% (145099685888/2801532240664) | 103.9M/s | stage ETA 7:06:01 | overall ? ETA ? | best -
[b2=25 b1={23}] stage   5.2% (145310248960/2801532240664) | 104.3M/s | stage ETA 7:04:33 | overall ? ETA ? | best -
[b2=25 b1={23}] stage   5.2% (145520238592/2801532240664) | 104.3M/s | stage ETA 7:04:21 | overall ? ETA ? | best -
[b2=25 b1={23}] stage   5.2% (145729900544/2801532240664) | 104.3M/s | stage ETA 7:04:29 | overall ? ETA ? | best -
[b2=25 b1={23}] stage   5.2% (145937321984/2801532240664) | 104.0M/s | stage ETA 7:05:41 | overall ? ETA ? | best -
[b2=25 b1={23}] stage   5.2% (146146283520/2801532240664) | 104.0M/s | stage ETA 7:05:30 | overall ? ETA ? | best -
[b2=25 b1={23}] stage   5.2% (146354970624/2801532240664) | 103.9M/s | stage ETA 7:05:51 | overall ? ETA ? | best -
[b2=25 b1={23}] stage   5.2% (146563219456/2801532240664) | 103.8M/s | stage ETA 7:06:23 | overall ? ETA ? | best -
[b2=25 b1={23}] stage   5.2% (146771243008/2801532240664) | 103.8M/s | stage ETA 7:06:21 | overall ? ETA ? | best -
[b2=25 b1={23}] stage   5.2% (146980134912/2801532240664) | 103.8M/s | stage ETA 7:06:09 | overall ? ETA ? | best -
[b2=25 b1={23}] stage   5.3% (147187523584/2801532240664) | 103.7M/s | stage ETA 7:06:37 | overall ? ETA ? | best -
[b2=25 b1={23}] stage   5.3% (147395354624/2801532240664) | 103.7M/s | stage ETA 7:06:24 | overall ? ETA ? | best -
[b2=25 b1={23}] stage   5.3% (147603922944/2801532240664) | 103.8M/s | stage ETA 7:05:57 | overall ? ETA ? | best -
[b2=25 b1={23}] stage   5.3% (147811991552/2801532240664) | 103.9M/s | stage ETA 7:05:32 | overall ? ETA ? | best -
[b2=25 b1={23}] stage   5.3% (148019294208/2801532240664) | 103.6M/s | stage ETA 7:07:03 | overall ? ETA ? | best -
[b2=25 b1={23}] stage   5.3% (148227915776/2801532240664) | 103.7M/s | stage ETA 7:06:16 | overall ? ETA ? | best -
[b2=25 b1={23}] stage   5.3% (148436357120/2801532240664) | 103.9M/s | stage ETA 7:05:35 | overall ? ETA ? | best -
[b2=25 b1={23}] stage   5.3% (148644204544/2801532240664) | 103.8M/s | stage ETA 7:06:07 | overall ? ETA ? | best -
[b2=25 b1={23}] stage   5.3% (148852539392/2801532240664) | 103.9M/s | stage ETA 7:05:27 | overall ? ETA ? | best -
[b2=25 b1={23}] stage   5.3% (149061009408/2801532240664) | 103.8M/s | stage ETA 7:05:48 | overall ? ETA ? | best -
[b2=25 b1={23}] stage   5.3% (149270450176/2801532240664) | 103.9M/s | stage ETA 7:05:19 | overall ? ETA ? | best -
[b2=25 b1={23}] stage   5.3% (149478764544/2801532240664) | 103.8M/s | stage ETA 7:05:49 | overall ? ETA ? | best -
[b2=25 b1={23}] stage   5.3% (149686308864/2801532240664) | 103.7M/s | stage ETA 7:06:05 | overall ? ETA ? | best -
[b2=25 b1={23}] stage   5.4% (149895917568/2801532240664) | 103.8M/s | stage ETA 7:05:40 | overall ? ETA ? | best -
[b2=25 b1={23}] stage   5.4% (150103879680/2801532240664) | 103.8M/s | stage ETA 7:05:40 | overall ? ETA ? | best -
[b2=25 b1={23}] stage   5.4% (150312677376/2801532240664) | 104.0M/s | stage ETA 7:05:04 | overall ? ETA ? | best -
[b2=25 b1={23}] stage   5.4% (150521032704/2801532240664) | 103.9M/s | stage ETA 7:05:19 | overall ? ETA ? | best -
[b2=25 b1={23}] stage   5.4% (150729236480/2801532240664) | 103.9M/s | stage ETA 7:05:18 | overall ? ETA ? | best -
[b2=25 b1={23}] stage   5.4% (150935904256/2801532240664) | 103.6M/s | stage ETA 7:06:35 | overall ? ETA ? | best -
[b2=25 b1={23}] stage   5.4% (151143829504/2801532240664) | 103.6M/s | stage ETA 7:06:34 | overall ? ETA ? | best -
[b2=25 b1={23}] stage   5.4% (151351042048/2801532240664) | 103.5M/s | stage ETA 7:06:36 | overall ? ETA ? | best -
[b2=25 b1={23}] stage   5.4% (151559049216/2801532240664) | 103.6M/s | stage ETA 7:06:16 | overall ? ETA ? | best -
[b2=25 b1={23}] stage   5.4% (151767187456/2801532240664) | 103.7M/s | stage ETA 7:06:02 | overall ? ETA ? | best -
[b2=25 b1={23}] stage   5.4% (151975411712/2801532240664) | 103.7M/s | stage ETA 7:05:57 | overall ? ETA ? | best -
[b2=25 b1={23}] stage   5.4% (152183316480/2801532240664) | 103.7M/s | stage ETA 7:05:47 | overall ? ETA ? | best -
[b2=25 b1={23}] stage   5.4% (152391626752/2801532240664) | 103.8M/s | stage ETA 7:05:32 | overall ? ETA ? | best -
[b2=25 b1={23}] stage   5.4% (152599658496/2801532240664) | 103.7M/s | stage ETA 7:05:37 | overall ? ETA ? | best -
[b2=25 b1={23}] stage   5.5% (152807460864/2801532240664) | 103.7M/s | stage ETA 7:05:45 | overall ? ETA ? | best -
[b2=25 b1={23}] stage   5.5% (153015840768/2801532240664) | 103.7M/s | stage ETA 7:05:44 | overall ? ETA ? | best -
[b2=25 b1={23}] stage   5.5% (153224822784/2801532240664) | 103.8M/s | stage ETA 7:05:16 | overall ? ETA ? | best -
[b2=25 b1={23}] stage   5.5% (153433632768/2801532240664) | 103.8M/s | stage ETA 7:05:05 | overall ? ETA ? | best -
[b2=25 b1={23}] stage   5.5% (153643253760/2801532240664) | 104.0M/s | stage ETA 7:04:26 | overall ? ETA ? | best -
[b2=25 b1={23}] stage   5.5% (153851838464/2801532240664) | 104.0M/s | stage ETA 7:04:07 | overall ? ETA ? | best -
[b2=25 b1={23}] stage   5.5% (154060214272/2801532240664) | 103.9M/s | stage ETA 7:04:34 | overall ? ETA ? | best -
[b2=25 b1={23}] stage   5.5% (154268966912/2801532240664) | 103.9M/s | stage ETA 7:04:30 | overall ? ETA ? | best -
[b2=25 b1={23}] stage   5.5% (154477105152/2801532240664) | 103.9M/s | stage ETA 7:04:37 | overall ? ETA ? | best -
[b2=25 b1={23}] stage   5.5% (154685501440/2801532240664) | 103.8M/s | stage ETA 7:05:07 | overall ? ETA ? | best -
[b2=25 b1={23}] stage   5.5% (154892414976/2801532240664) | 103.4M/s | stage ETA 7:06:40 | overall ? ETA ? | best -
[b2=25 b1={23}] stage   5.5% (155101433856/2801532240664) | 103.7M/s | stage ETA 7:05:22 | overall ? ETA ? | best -
[b2=25 b1={23}] stage   5.5% (155310137344/2801532240664) | 103.7M/s | stage ETA 7:05:06 | overall ? ETA ? | best -
[b2=25 b1={23}] stage   5.6% (155515461632/2801532240664) | 102.9M/s | stage ETA 7:08:22 | overall ? ETA ? | best -
[b2=25 b1={23}] stage   5.6% (155721965568/2801532240664) | 103.0M/s | stage ETA 7:07:57 | overall ? ETA ? | best -
[b2=25 b1={23}] stage   5.6% (155930124288/2801532240664) | 103.3M/s | stage ETA 7:06:53 | overall ? ETA ? | best -
[b2=25 b1={23}] stage   5.6% (156138098688/2801532240664) | 103.4M/s | stage ETA 7:06:18 | overall ? ETA ? | best -
[b2=25 b1={23}] stage   5.6% (156344983552/2801532240664) | 103.3M/s | stage ETA 7:06:38 | overall ? ETA ? | best -
[b2=25 b1={23}] stage   5.6% (156553601024/2801532240664) | 103.7M/s | stage ETA 7:05:10 | overall ? ETA ? | best -
[b2=25 b1={23}] stage   5.6% (156762705920/2801532240664) | 103.9M/s | stage ETA 7:04:17 | overall ? ETA ? | best -
[b2=25 b1={23}] stage   5.6% (156971278336/2801532240664) | 103.9M/s | stage ETA 7:04:07 | overall ? ETA ? | best -
[b2=25 b1={23}] stage   5.6% (157180456960/2801532240664) | 104.2M/s | stage ETA 7:02:58 | overall ? ETA ? | best -
[b2=25 b1={23}] stage   5.6% (157388156928/2801532240664) | 104.0M/s | stage ETA 7:03:50 | overall ? ETA ? | best -
[b2=25 b1={23}] stage   5.6% (157595955200/2801532240664) | 103.8M/s | stage ETA 7:04:39 | overall ? ETA ? | best -
[b2=25 b1={23}] stage   5.6% (157803479040/2801532240664) | 103.5M/s | stage ETA 7:05:38 | overall ? ETA ? | best -
[b2=25 b1={23}] stage   5.6% (158011535360/2801532240664) | 103.7M/s | stage ETA 7:05:03 | overall ? ETA ? | best -
[b2=25 b1={23}] stage   5.6% (158219190272/2801532240664) | 103.6M/s | stage ETA 7:05:11 | overall ? ETA ? | best -
[b2=25 b1={23}] stage   5.7% (158426300416/2801532240664) | 103.6M/s | stage ETA 7:05:22 | overall ? ETA ? | best -
[b2=25 b1={23}] stage   5.7% (158633209856/2801532240664) | 103.4M/s | stage ETA 7:06:00 | overall ? ETA ? | best -
[b2=25 b1={23}] stage   5.7% (158841466880/2801532240664) | 103.6M/s | stage ETA 7:05:00 | overall ? ETA ? | best -
[b2=25 b1={23}] stage   5.7% (159049854976/2801532240664) | 103.9M/s | stage ETA 7:04:04 | overall ? ETA ? | best -
[b2=25 b1={23}] stage   5.7% (159257927680/2801532240664) | 103.8M/s | stage ETA 7:04:18 | overall ? ETA ? | best -
[b2=25 b1={23}] stage   5.7% (159466295296/2801532240664) | 103.8M/s | stage ETA 7:04:25 | overall ? ETA ? | best -
[b2=25 b1={23}] stage   5.7% (159674142720/2801532240664) | 103.7M/s | stage ETA 7:04:24 | overall ? ETA ? | best -
[b2=25 b1={23}] stage   5.7% (159874179072/2801532240664) | 101.5M/s | stage ETA 7:13:37 | overall ? ETA ? | best -
[b2=25 b1={23}] stage   5.7% (160081604608/2801532240664) | 102.4M/s | stage ETA 7:10:07 | overall ? ETA ? | best -
[b2=25 b1={23}] stage   5.7% (160290627584/2801532240664) | 103.2M/s | stage ETA 7:06:41 | overall ? ETA ? | best -
[b2=25 b1={23}] stage   5.7% (160497582080/2801532240664) | 103.3M/s | stage ETA 7:06:03 | overall ? ETA ? | best -
[b2=25 b1={23}] stage   5.7% (160705761280/2801532240664) | 103.4M/s | stage ETA 7:05:34 | overall ? ETA ? | best -
[b2=25 b1={23}] stage   5.7% (160913805312/2801532240664) | 103.6M/s | stage ETA 7:04:50 | overall ? ETA ? | best -
[b2=25 b1={23}] stage   5.8% (161121804288/2801532240664) | 103.5M/s | stage ETA 7:05:07 | overall ? ETA ? | best -
[b2=25 b1={23}] stage   5.8% (161330860032/2801532240664) | 103.8M/s | stage ETA 7:03:45 | overall ? ETA ? | best -
[b2=25 b1={23}] stage   5.8% (161539448832/2801532240664) | 103.9M/s | stage ETA 7:03:21 | overall ? ETA ? | best -
[b2=25 b1={23}] stage   5.8% (161746915328/2801532240664) | 103.8M/s | stage ETA 7:03:48 | overall ? ETA ? | best -
[b2=25 b1={23}] stage   5.8% (161955487744/2801532240664) | 103.8M/s | stage ETA 7:03:50 | overall ? ETA ? | best -
[b2=25 b1={23}] stage   5.8% (162164781056/2801532240664) | 104.0M/s | stage ETA 7:03:08 | overall ? ETA ? | best -
[b2=25 b1={23}] stage   5.8% (162372534272/2801532240664) | 103.8M/s | stage ETA 7:03:45 | overall ? ETA ? | best -
[b2=25 b1={23}] stage   5.8% (162547662848/2801532240664) | 95.6M/s | stage ETA 7:40:14 | overall ? ETA ? | best -
[b2=25 b1={23}] stage   5.8% (162728587264/2801532240664) | 92.9M/s | stage ETA 7:53:27 | overall ? ETA ? | best -
[b2=25 b1={23}] stage   5.8% (162934861824/2801532240664) | 97.9M/s | stage ETA 7:29:21 | overall ? ETA ? | best -
[b2=25 b1={23}] stage   5.8% (163145420800/2801532240664) | 101.3M/s | stage ETA 7:14:03 | overall ? ETA ? | best -
[b2=25 b1={23}] stage   5.8% (163354107904/2801532240664) | 102.7M/s | stage ETA 7:08:11 | overall ? ETA ? | best -
[b2=25 b1={23}] stage   5.8% (163558871040/2801532240664) | 102.5M/s | stage ETA 7:09:08 | overall ? ETA ? | best -
[b2=25 b1={23}] stage   5.8% (163766390784/2801532240664) | 102.8M/s | stage ETA 7:07:43 | overall ? ETA ? | best -
[b2=25 b1={23}] stage   5.9% (163976777728/2801532240664) | 103.8M/s | stage ETA 7:03:22 | overall ? ETA ? | best -
[b2=25 b1={23}] stage   5.9% (164185755648/2801532240664) | 104.1M/s | stage ETA 7:02:24 | overall ? ETA ? | best -
[b2=25 b1={23}] stage   5.9% (164394958848/2801532240664) | 104.3M/s | stage ETA 7:01:34 | overall ? ETA ? | best -
[b2=25 b1={23}] stage   5.9% (164603969536/2801532240664) | 104.2M/s | stage ETA 7:01:44 | overall ? ETA ? | best -
[b2=25 b1={23}] stage   5.9% (164812926976/2801532240664) | 104.1M/s | stage ETA 7:02:11 | overall ? ETA ? | best -
[b2=25 b1={23}] stage   5.9% (165022556160/2801532240664) | 104.1M/s | stage ETA 7:02:07 | overall ? ETA ? | best -
[b2=25 b1={23}] stage   5.9% (165226586112/2801532240664) | 102.7M/s | stage ETA 7:07:47 | overall ? ETA ? | best -
[b2=25 b1={23}] stage   5.9% (165435219968/2801532240664) | 103.3M/s | stage ETA 7:05:22 | overall ? ETA ? | best -
[b2=25 b1={23}] stage   5.9% (165639733248/2801532240664) | 102.5M/s | stage ETA 7:08:29 | overall ? ETA ? | best -
[b2=25 b1={23}] stage   5.9% (165843070976/2801532240664) | 102.0M/s | stage ETA 7:10:52 | overall ? ETA ? | best -
[b2=25 b1={23}] stage   5.9% (166052544512/2801532240664) | 103.1M/s | stage ETA 7:06:03 | overall ? ETA ? | best -
[b2=25 b1={23}] stage   5.9% (166256508928/2801532240664) | 102.1M/s | stage ETA 7:10:23 | overall ? ETA ? | best -
[b2=25 b1={23}] stage   5.9% (166458830848/2801532240664) | 101.6M/s | stage ETA 7:12:27 | overall ? ETA ? | best -
[b2=25 b1={23}] stage   5.9% (166668271616/2801532240664) | 102.8M/s | stage ETA 7:07:10 | overall ? ETA ? | best -
[b2=25 b1={23}] stage   6.0% (166878576640/2801532240664) | 103.7M/s | stage ETA 7:03:22 | overall ? ETA ? | best -
[b2=25 b1={23}] stage   6.0% (167088476160/2801532240664) | 103.9M/s | stage ETA 7:02:30 | overall ? ETA ? | best -
[b2=25 b1={23}] stage   6.0% (167298236416/2801532240664) | 104.2M/s | stage ETA 7:01:11 | overall ? ETA ? | best -
[b2=25 b1={23}] stage   6.0% (167507238912/2801532240664) | 104.3M/s | stage ETA 7:01:04 | overall ? ETA ? | best -
[b2=25 b1={23}] stage   6.0% (167716208640/2801532240664) | 104.3M/s | stage ETA 7:00:51 | overall ? ETA ? | best -
[b2=25 b1={23}] stage   6.0% (167925477376/2801532240664) | 104.3M/s | stage ETA 7:00:55 | overall ? ETA ? | best -
[b2=25 b1={23}] stage   6.0% (168133881856/2801532240664) | 104.2M/s | stage ETA 7:01:13 | overall ? ETA ? | best -
[b2=25 b1={23}] stage   6.0% (168343568384/2801532240664) | 104.4M/s | stage ETA 7:00:13 | overall ? ETA ? | best -
[b2=25 b1={23}] stage   6.0% (168552882176/2801532240664) | 104.3M/s | stage ETA 7:00:48 | overall ? ETA ? | best -
[b2=25 b1={23}] stage   6.0% (168761335808/2801532240664) | 104.2M/s | stage ETA 7:01:05 | overall ? ETA ? | best -
[b2=25 b1={23}] stage   6.0% (168970919936/2801532240664) | 104.5M/s | stage ETA 7:00:03 | overall ? ETA ? | best -
[b2=25 b1={23}] stage   6.0% (169180807168/2801532240664) | 104.7M/s | stage ETA 6:59:13 | overall ? ETA ? | best -
[b2=25 b1={23}] stage   6.0% (169389682688/2801532240664) | 104.5M/s | stage ETA 6:59:50 | overall ? ETA ? | best -
[b2=25 b1={23}] stage   6.1% (169597550592/2801532240664) | 104.1M/s | stage ETA 7:01:13 | overall ? ETA ? | best -
[b2=25 b1={23}] stage   6.1% (169805828096/2801532240664) | 104.1M/s | stage ETA 7:01:27 | overall ? ETA ? | best -
[b2=25 b1={23}] stage   6.1% (170015805440/2801532240664) | 104.2M/s | stage ETA 7:00:43 | overall ? ETA ? | best -
[b2=25 b1={23}] stage   6.1% (170224840704/2801532240664) | 104.2M/s | stage ETA 7:01:01 | overall ? ETA ? | best -
[b2=25 b1={23}] stage   6.1% (170433708032/2801532240664) | 104.2M/s | stage ETA 7:00:59 | overall ? ETA ? | best -
[b2=25 b1={23}] stage   6.1% (170641883136/2801532240664) | 104.0M/s | stage ETA 7:01:41 | overall ? ETA ? | best -
[b2=25 b1={23}] stage   6.1% (170850848768/2801532240664) | 104.0M/s | stage ETA 7:01:28 | overall ? ETA ? | best -
[b2=25 b1={23}] stage   6.1% (171060047872/2801532240664) | 104.1M/s | stage ETA 7:00:59 | overall ? ETA ? | best -
[b2=25 b1={23}] stage   6.1% (171268182016/2801532240664) | 103.9M/s | stage ETA 7:01:59 | overall ? ETA ? | best -
[b2=25 b1={23}] stage   6.1% (171476287488/2801532240664) | 103.9M/s | stage ETA 7:01:44 | overall ? ETA ? | best -
[b2=25 b1={23}] stage   6.1% (171684929536/2801532240664) | 104.0M/s | stage ETA 7:01:18 | overall ? ETA ? | best -
[b2=25 b1={23}] stage   6.1% (171894591488/2801532240664) | 104.2M/s | stage ETA 7:00:47 | overall ? ETA ? | best -
[b2=25 b1={23}] stage   6.1% (172104241152/2801532240664) | 104.2M/s | stage ETA 7:00:38 | overall ? ETA ? | best -
[b2=25 b1={23}] stage   6.2% (172313423872/2801532240664) | 104.3M/s | stage ETA 7:00:01 | overall ? ETA ? | best -
[b2=25 b1={23}] stage   6.2% (172522278912/2801532240664) | 104.0M/s | stage ETA 7:01:19 | overall ? ETA ? | best -
[b2=25 b1={23}] stage   6.2% (172729892864/2801532240664) | 103.9M/s | stage ETA 7:01:53 | overall ? ETA ? | best -
[b2=25 b1={23}] stage   6.2% (172938448896/2801532240664) | 104.1M/s | stage ETA 7:01:01 | overall ? ETA ? | best -
[b2=25 b1={23}] stage   6.2% (173147316224/2801532240664) | 104.1M/s | stage ETA 7:00:38 | overall ? ETA ? | best -
[b2=25 b1={23}] stage   6.2% (173357182976/2801532240664) | 104.4M/s | stage ETA 6:59:40 | overall ? ETA ? | best -
[b2=25 b1={23}] stage   6.2% (173567582208/2801532240664) | 104.6M/s | stage ETA 6:58:50 | overall ? ETA ? | best -
[b2=25 b1={23}] stage   6.2% (173774651392/2801532240664) | 103.8M/s | stage ETA 7:01:49 | overall ? ETA ? | best -
[b2=25 b1={23}] stage   6.2% (173980639232/2801532240664) | 103.3M/s | stage ETA 7:03:49 | overall ? ETA ? | best -
[b2=25 b1={23}] stage   6.2% (174189875200/2801532240664) | 103.7M/s | stage ETA 7:02:16 | overall ? ETA ? | best -
[b2=25 b1={23}] stage   6.2% (174400057344/2801532240664) | 104.2M/s | stage ETA 7:00:15 | overall ? ETA ? | best -
[b2=25 b1={23}] stage   6.2% (174609911808/2801532240664) | 104.2M/s | stage ETA 7:00:02 | overall ? ETA ? | best -
[b2=25 b1={23}] stage   6.2% (174819110912/2801532240664) | 104.1M/s | stage ETA 7:00:22 | overall ? ETA ? | best -
[b2=25 b1={23}] stage   6.2% (175028109312/2801532240664) | 104.2M/s | stage ETA 6:59:58 | overall ? ETA ? | best -
[b2=25 b1={23}] stage   6.3% (175237627904/2801532240664) | 104.2M/s | stage ETA 6:59:53 | overall ? ETA ? | best -
[b2=25 b1={23}] stage   6.3% (175447445504/2801532240664) | 104.5M/s | stage ETA 6:58:59 | overall ? ETA ? | best -
[b2=25 b1={23}] stage   6.3% (175656865792/2801532240664) | 104.5M/s | stage ETA 6:58:49 | overall ? ETA ? | best -
[b2=25 b1={23}] stage   6.3% (175867056128/2801532240664) | 104.4M/s | stage ETA 6:59:02 | overall ? ETA ? | best -
[b2=25 b1={23}] stage   6.3% (176075464704/2801532240664) | 104.2M/s | stage ETA 6:59:44 | overall ? ETA ? | best -
[b2=25 b1={23}] stage   6.3% (176285405184/2801532240664) | 104.3M/s | stage ETA 6:59:20 | overall ? ETA ? | best -
[b2=25 b1={23}] stage   6.3% (176493092864/2801532240664) | 104.0M/s | stage ETA 7:00:37 | overall ? ETA ? | best -
[b2=25 b1={23}] stage   6.3% (176701325312/2801532240664) | 103.9M/s | stage ETA 7:00:52 | overall ? ETA ? | best -
[b2=25 b1={23}] stage   6.3% (176911093760/2801532240664) | 104.1M/s | stage ETA 7:00:01 | overall ? ETA ? | best -
[b2=25 b1={23}] stage   6.3% (177119936512/2801532240664) | 104.1M/s | stage ETA 7:00:00 | overall ? ETA ? | best -
[b2=25 b1={23}] stage   6.3% (177329700864/2801532240664) | 104.3M/s | stage ETA 6:59:17 | overall ? ETA ? | best -
[b2=25 b1={23}] stage   6.3% (177538592768/2801532240664) | 104.2M/s | stage ETA 6:59:39 | overall ? ETA ? | best -
[b2=25 b1={23}] stage   6.3% (177747750912/2801532240664) | 104.3M/s | stage ETA 6:59:15 | overall ? ETA ? | best -
[b2=25 b1={23}] stage   6.4% (177955569664/2801532240664) | 104.1M/s | stage ETA 7:00:07 | overall ? ETA ? | best -
[b2=25 b1={23}] stage   6.4% (178164461568/2801532240664) | 104.2M/s | stage ETA 6:59:38 | overall ? ETA ? | best -
[b2=25 b1={23}] stage   6.4% (178373857280/2801532240664) | 104.2M/s | stage ETA 6:59:36 | overall ? ETA ? | best -
[b2=25 b1={23}] stage   6.4% (178582196224/2801532240664) | 103.9M/s | stage ETA 7:00:40 | overall ? ETA ? | best -
[b2=25 b1={23}] stage   6.4% (178791194624/2801532240664) | 104.1M/s | stage ETA 6:59:58 | overall ? ETA ? | best -
[b2=25 b1={23}] stage   6.4% (179000025088/2801532240664) | 104.1M/s | stage ETA 6:59:41 | overall ? ETA ? | best -
[b2=25 b1={23}] stage   6.4% (179208364032/2801532240664) | 103.9M/s | stage ETA 7:00:29 | overall ? ETA ? | best -
[b2=25 b1={23}] stage   6.4% (179417178112/2801532240664) | 103.8M/s | stage ETA 7:00:53 | overall ? ETA ? | best -
[b2=25 b1={23}] stage   6.4% (179625775104/2801532240664) | 104.0M/s | stage ETA 7:00:16 | overall ? ETA ? | best -
[b2=25 b1={23}] stage   6.4% (179834093568/2801532240664) | 104.0M/s | stage ETA 7:00:08 | overall ? ETA ? | best -
[b2=25 b1={23}] stage   6.4% (180042362880/2801532240664) | 104.0M/s | stage ETA 7:00:07 | overall ? ETA ? | best -
[b2=25 b1={23}] stage   6.4% (180251000832/2801532240664) | 104.0M/s | stage ETA 6:59:58 | overall ? ETA ? | best -
[b2=25 b1={23}] stage   6.4% (180460167168/2801532240664) | 104.0M/s | stage ETA 6:59:51 | overall ? ETA ? | best -
[b2=25 b1={23}] stage   6.4% (180668297216/2801532240664) | 103.8M/s | stage ETA 7:00:43 | overall ? ETA ? | best -
[b2=25 b1={23}] stage   6.5% (180876922880/2801532240664) | 103.8M/s | stage ETA 7:00:45 | overall ? ETA ? | best -
[b2=25 b1={23}] stage   6.5% (181085208576/2801532240664) | 103.9M/s | stage ETA 7:00:23 | overall ? ETA ? | best -
[b2=25 b1={23}] stage   6.5% (181295087616/2801532240664) | 104.1M/s | stage ETA 6:59:20 | overall ? ETA ? | best -
[b2=25 b1={23}] stage   6.5% (181504593920/2801532240664) | 104.1M/s | stage ETA 6:59:26 | overall ? ETA ? | best -
[b2=25 b1={23}] stage   6.5% (181713797120/2801532240664) | 104.1M/s | stage ETA 6:59:14 | overall ? ETA ? | best -
[b2=25 b1={23}] stage   6.5% (181918806016/2801532240664) | 103.0M/s | stage ETA 7:03:55 | overall ? ETA ? | best -
[b2=25 b1={23}] stage   6.5% (182126403584/2801532240664) | 103.4M/s | stage ETA 7:02:23 | overall ? ETA ? | best -
[b2=25 b1={23}] stage   6.5% (182334275584/2801532240664) | 103.5M/s | stage ETA 7:01:48 | overall ? ETA ? | best -
[b2=25 b1={23}] stage   6.5% (182541758464/2801532240664) | 103.4M/s | stage ETA 7:02:01 | overall ? ETA ? | best -
[b2=25 b1={23}] stage   6.5% (182750142464/2801532240664) | 103.7M/s | stage ETA 7:00:47 | overall ? ETA ? | best -
[b2=25 b1={23}] stage   6.5% (182959403008/2801532240664) | 104.0M/s | stage ETA 6:59:48 | overall ? ETA ? | best -
[b2=25 b1={23}] stage   6.5% (183168917504/2801532240664) | 104.1M/s | stage ETA 6:59:13 | overall ? ETA ? | best -
[b2=25 b1={23}] stage   6.5% (183378223104/2801532240664) | 104.1M/s | stage ETA 6:59:07 | overall ? ETA ? | best -
[b2=25 b1={23}] stage   6.6% (183586701312/2801532240664) | 104.1M/s | stage ETA 6:59:00 | overall ? ETA ? | best -
[b2=25 b1={23}] stage   6.6% (183794384896/2801532240664) | 103.9M/s | stage ETA 6:59:59 | overall ? ETA ? | best -
[b2=25 b1={23}] stage   6.6% (184003493888/2801532240664) | 103.9M/s | stage ETA 6:59:49 | overall ? ETA ? | best -
[b2=25 b1={23}] stage   6.6% (184211443712/2801532240664) | 103.7M/s | stage ETA 7:00:33 | overall ? ETA ? | best -
[b2=25 b1={23}] stage   6.6% (184419835904/2801532240664) | 103.9M/s | stage ETA 6:59:56 | overall ? ETA ? | best -
[b2=25 b1={23}] stage   6.6% (184628453376/2801532240664) | 103.9M/s | stage ETA 6:59:41 | overall ? ETA ? | best -
[b2=25 b1={23}] stage   6.6% (184837918720/2801532240664) | 104.2M/s | stage ETA 6:58:37 | overall ? ETA ? | best -
[b2=25 b1={23}] stage   6.6% (185046384640/2801532240664) | 104.1M/s | stage ETA 6:58:44 | overall ? ETA ? | best -
[b2=25 b1={23}] stage   6.6% (185255346176/2801532240664) | 104.2M/s | stage ETA 6:58:22 | overall ? ETA ? | best -
[b2=25 b1={23}] stage   6.6% (185463590912/2801532240664) | 104.1M/s | stage ETA 6:59:01 | overall ? ETA ? | best -
[b2=25 b1={23}] stage   6.6% (185673080832/2801532240664) | 104.2M/s | stage ETA 6:58:31 | overall ? ETA ? | best -
[b2=25 b1={23}] stage   6.6% (185880457216/2801532240664) | 103.8M/s | stage ETA 7:00:07 | overall ? ETA ? | best -
[b2=25 b1={23}] stage   6.6% (186088505344/2801532240664) | 103.6M/s | stage ETA 7:00:36 | overall ? ETA ? | best -
[b2=25 b1={23}] stage   6.6% (186297217024/2801532240664) | 103.8M/s | stage ETA 6:59:47 | overall ? ETA ? | best -
[b2=25 b1={23}] stage   6.7% (186505310208/2801532240664) | 103.8M/s | stage ETA 6:59:44 | overall ? ETA ? | best -
[b2=25 b1={23}] stage   6.7% (186714296320/2801532240664) | 104.0M/s | stage ETA 6:59:13 | overall ? ETA ? | best -
[b2=25 b1={23}] stage   6.7% (186922811392/2801532240664) | 103.9M/s | stage ETA 6:59:13 | overall ? ETA ? | best -
[b2=25 b1={23}] stage   6.7% (187130925056/2801532240664) | 103.9M/s | stage ETA 6:59:10 | overall ? ETA ? | best -
[b2=25 b1={23}] stage   6.7% (187339825152/2801532240664) | 103.9M/s | stage ETA 6:59:11 | overall ? ETA ? | best -
[b2=25 b1={23}] stage   6.7% (187548610560/2801532240664) | 103.9M/s | stage ETA 6:59:17 | overall ? ETA ? | best -
[b2=25 b1={23}] stage   6.7% (187756744704/2801532240664) | 103.9M/s | stage ETA 6:59:17 | overall ? ETA ? | best -
[b2=25 b1={23}] stage   6.7% (187965427712/2801532240664) | 104.0M/s | stage ETA 6:58:39 | overall ? ETA ? | best -
[b2=25 b1={23}] stage   6.7% (188174643200/2801532240664) | 104.3M/s | stage ETA 6:57:33 | overall ? ETA ? | best -
[b2=25 b1={23}] stage   6.7% (188382437376/2801532240664) | 104.1M/s | stage ETA 6:58:24 | overall ? ETA ? | best -
[b2=25 b1={23}] stage   6.7% (188591493120/2801532240664) | 104.0M/s | stage ETA 6:58:32 | overall ? ETA ? | best -
[b2=25 b1={23}] stage   6.7% (188800200704/2801532240664) | 104.1M/s | stage ETA 6:58:16 | overall ? ETA ? | best -
[b2=25 b1={23}] stage   6.7% (189008048128/2801532240664) | 104.0M/s | stage ETA 6:58:45 | overall ? ETA ? | best -
[b2=25 b1={23}] stage   6.8% (189215674368/2801532240664) | 103.7M/s | stage ETA 6:59:43 | overall ? ETA ? | best -
[b2=25 b1={23}] stage   6.8% (189421830144/2801532240664) | 103.2M/s | stage ETA 7:01:47 | overall ? ETA ? | best -
[b2=25 b1={23}] stage   6.8% (189630865408/2801532240664) | 103.6M/s | stage ETA 7:00:16 | overall ? ETA ? | best -
[b2=25 b1={23}] stage   6.8% (189838630912/2801532240664) | 103.6M/s | stage ETA 7:00:05 | overall ? ETA ? | best -
[b2=25 b1={23}] stage   6.8% (190047907840/2801532240664) | 103.8M/s | stage ETA 6:59:08 | overall ? ETA ? | best -
[b2=25 b1={23}] stage   6.8% (190255890432/2801532240664) | 103.7M/s | stage ETA 6:59:32 | overall ? ETA ? | best -
[b2=25 b1={23}] stage   6.8% (190464884736/2801532240664) | 103.9M/s | stage ETA 6:58:47 | overall ? ETA ? | best -
[b2=25 b1={23}] stage   6.8% (190672375808/2801532240664) | 103.7M/s | stage ETA 6:59:32 | overall ? ETA ? | best -
[b2=25 b1={23}] stage   6.8% (190881464320/2801532240664) | 104.1M/s | stage ETA 6:57:53 | overall ? ETA ? | best -
[b2=25 b1={23}] stage   6.8% (191089221632/2801532240664) | 103.8M/s | stage ETA 6:59:15 | overall ? ETA ? | best -
[b2=25 b1={23}] stage   6.8% (191299346432/2801532240664) | 104.1M/s | stage ETA 6:58:03 | overall ? ETA ? | best -
[b2=25 b1={23}] stage   6.8% (191509020672/2801532240664) | 104.3M/s | stage ETA 6:57:04 | overall ? ETA ? | best -
[b2=25 b1={23}] stage   6.8% (191718486016/2801532240664) | 104.2M/s | stage ETA 6:57:15 | overall ? ETA ? | best -
[b2=25 b1={23}] stage   6.9% (191927619584/2801532240664) | 104.4M/s | stage ETA 6:56:44 | overall ? ETA ? | best -
[b2=25 b1={23}] stage   6.9% (192136220672/2801532240664) | 104.2M/s | stage ETA 6:57:19 | overall ? ETA ? | best -
[b2=25 b1={23}] stage   6.9% (192344449024/2801532240664) | 103.9M/s | stage ETA 6:58:23 | overall ? ETA ? | best -
[b2=25 b1={23}] stage   6.9% (192553533440/2801532240664) | 104.0M/s | stage ETA 6:58:11 | overall ? ETA ? | best -
[b2=25 b1={23}] stage   6.9% (192762527744/2801532240664) | 104.1M/s | stage ETA 6:57:48 | overall ? ETA ? | best -
[b2=25 b1={23}] stage   6.9% (192971419648/2801532240664) | 104.0M/s | stage ETA 6:58:07 | overall ? ETA ? | best -
[b2=25 b1={23}] stage   6.9% (193180610560/2801532240664) | 104.0M/s | stage ETA 6:57:54 | overall ? ETA ? | best -
[b2=25 b1={23}] stage   6.9% (193388716032/2801532240664) | 103.8M/s | stage ETA 6:58:41 | overall ? ETA ? | best -
[b2=25 b1={23}] stage   6.9% (193596706816/2801532240664) | 103.8M/s | stage ETA 6:58:51 | overall ? ETA ? | best -
[b2=25 b1={23}] stage   6.9% (193805594624/2801532240664) | 103.8M/s | stage ETA 6:58:37 | overall ? ETA ? | best -
[b2=25 b1={23}] stage   6.9% (194014265344/2801532240664) | 103.9M/s | stage ETA 6:58:24 | overall ? ETA ? | best -
[b2=25 b1={23}] stage   6.9% (194222686208/2801532240664) | 103.8M/s | stage ETA 6:58:29 | overall ? ETA ? | best -
[b2=25 b1={23}] stage   6.9% (194430029824/2801532240664) | 103.7M/s | stage ETA 6:58:52 | overall ? ETA ? | best -
[b2=25 b1={23}] stage   6.9% (194637058048/2801532240664) | 103.6M/s | stage ETA 6:59:32 | overall ? ETA ? | best -
[b2=25 b1={23}] stage   7.0% (194845446144/2801532240664) | 103.6M/s | stage ETA 6:59:12 | overall ? ETA ? | best -
[b2=25 b1={23}] stage   7.0% (195053682688/2801532240664) | 103.7M/s | stage ETA 6:58:56 | overall ? ETA ? | best -
[b2=25 b1={23}] stage   7.0% (195262140416/2801532240664) | 103.9M/s | stage ETA 6:57:56 | overall ? ETA ? | best -
[b2=25 b1={23}] stage   7.0% (195470135296/2801532240664) | 103.8M/s | stage ETA 6:58:27 | overall ? ETA ? | best -
[b2=25 b1={23}] stage   7.0% (195677917184/2801532240664) | 103.8M/s | stage ETA 6:58:35 | overall ? ETA ? | best -
[b2=25 b1={23}] stage   7.0% (195886653440/2801532240664) | 103.9M/s | stage ETA 6:58:09 | overall ? ETA ? | best -
[b2=25 b1={23}] stage   7.0% (196094660608/2801532240664) | 103.8M/s | stage ETA 6:58:30 | overall ? ETA ? | best -
[b2=25 b1={23}] stage   7.0% (196302725120/2801532240664) | 103.9M/s | stage ETA 6:58:05 | overall ? ETA ? | best -
[b2=25 b1={23}] stage   7.0% (196509892608/2801532240664) | 103.6M/s | stage ETA 6:59:13 | overall ? ETA ? | best -
[b2=25 b1={23}] stage   7.0% (196716736512/2801532240664) | 103.4M/s | stage ETA 6:59:42 | overall ? ETA ? | best -
[b2=25 b1={23}] stage   7.0% (196925050880/2801532240664) | 103.5M/s | stage ETA 6:59:16 | overall ? ETA ? | best -
[b2=25 b1={23}] stage   7.0% (197132390400/2801532240664) | 103.4M/s | stage ETA 6:59:42 | overall ? ETA ? | best -
[b2=25 b1={23}] stage   7.0% (197340848128/2801532240664) | 103.7M/s | stage ETA 6:58:41 | overall ? ETA ? | best -
[b2=25 b1={23}] stage   7.1% (197549719552/2801532240664) | 103.7M/s | stage ETA 6:58:28 | overall ? ETA ? | best -
[b2=25 b1={23}] stage   7.1% (197759229952/2801532240664) | 103.8M/s | stage ETA 6:58:09 | overall ? ETA ? | best -
[b2=25 b1={23}] stage   7.1% (197967577088/2801532240664) | 103.8M/s | stage ETA 6:57:52 | overall ? ETA ? | best -
[b2=25 b1={23}] stage   7.1% (198176550912/2801532240664) | 104.1M/s | stage ETA 6:56:57 | overall ? ETA ? | best -
[b2=25 b1={23}] stage   7.1% (198385291264/2801532240664) | 103.9M/s | stage ETA 6:57:30 | overall ? ETA ? | best -
[b2=25 b1={23}] stage   7.1% (198594179072/2801532240664) | 103.9M/s | stage ETA 6:57:24 | overall ? ETA ? | best -
[b2=25 b1={23}] stage   7.1% (198803116032/2801532240664) | 104.1M/s | stage ETA 6:56:35 | overall ? ETA ? | best -
[b2=25 b1={23}] stage   7.1% (199012827136/2801532240664) | 104.3M/s | stage ETA 6:55:54 | overall ? ETA ? | best -
[b2=25 b1={23}] stage   7.1% (199221047296/2801532240664) | 104.0M/s | stage ETA 6:56:52 | overall ? ETA ? | best -
[b2=25 b1={23}] stage   7.1% (199428829184/2801532240664) | 103.7M/s | stage ETA 6:58:22 | overall ? ETA ? | best -
[b2=25 b1={23}] stage   7.1% (199637635072/2801532240664) | 103.8M/s | stage ETA 6:57:35 | overall ? ETA ? | best -
[b2=25 b1={23}] stage   7.1% (199846076416/2801532240664) | 103.9M/s | stage ETA 6:57:25 | overall ? ETA ? | best -
[b2=25 b1={23}] stage   7.1% (200054206464/2801532240664) | 103.7M/s | stage ETA 6:58:04 | overall ? ETA ? | best -
[b2=25 b1={23}] stage   7.1% (200260550656/2801532240664) | 103.3M/s | stage ETA 6:59:42 | overall ? ETA ? | best -
[b2=25 b1={23}] stage   7.2% (200468283392/2801532240664) | 103.3M/s | stage ETA 6:59:44 | overall ? ETA ? | best -
[b2=25 b1={23}] stage   7.2% (200676397056/2801532240664) | 103.5M/s | stage ETA 6:59:00 | overall ? ETA ? | best -
[b2=25 b1={23}] stage   7.2% (200883859456/2801532240664) | 103.4M/s | stage ETA 6:58:59 | overall ? ETA ? | best -
[b2=25 b1={23}] stage   7.2% (201091096576/2801532240664) | 103.5M/s | stage ETA 6:58:43 | overall ? ETA ? | best -
[b2=25 b1={23}] stage   7.2% (201299079168/2801532240664) | 103.5M/s | stage ETA 6:58:45 | overall ? ETA ? | best -
[b2=25 b1={23}] stage   7.2% (201507205120/2801532240664) | 103.5M/s | stage ETA 6:58:29 | overall ? ETA ? | best -
[b2=25 b1={23}] stage   7.2% (201714585600/2801532240664) | 103.6M/s | stage ETA 6:58:11 | overall ? ETA ? | best -
[b2=25 b1={23}] stage   7.2% (201922215936/2801532240664) | 103.6M/s | stage ETA 6:58:20 | overall ? ETA ? | best -
[b2=25 b1={23}] stage   7.2% (202130804736/2801532240664) | 103.7M/s | stage ETA 6:57:49 | overall ? ETA ? | best -
[b2=25 b1={23}] stage   7.2% (202338738176/2801532240664) | 103.6M/s | stage ETA 6:58:16 | overall ? ETA ? | best -
[b2=25 b1={23}] stage   7.2% (202546016256/2801532240664) | 103.4M/s | stage ETA 6:59:00 | overall ? ETA ? | best -
[b2=25 b1={23}] stage   7.2% (202755661824/2801532240664) | 103.6M/s | stage ETA 6:58:02 | overall ? ETA ? | best -
[b2=25 b1={23}] stage   7.2% (202962145280/2801532240664) | 103.4M/s | stage ETA 6:59:00 | overall ? ETA ? | best -
[b2=25 b1={23}] stage   7.3% (203171344384/2801532240664) | 103.8M/s | stage ETA 6:57:17 | overall ? ETA ? | best -
[b2=25 b1={23}] stage   7.3% (203379793920/2801532240664) | 103.8M/s | stage ETA 6:56:59 | overall ? ETA ? | best -
[b2=25 b1={23}] stage   7.3% (203588960256/2801532240664) | 104.0M/s | stage ETA 6:56:19 | overall ? ETA ? | best -
[b2=25 b1={23}] stage   7.3% (203798548480/2801532240664) | 104.1M/s | stage ETA 6:55:56 | overall ? ETA ? | best -
[b2=25 b1={23}] stage   7.3% (204006359040/2801532240664) | 103.9M/s | stage ETA 6:56:48 | overall ? ETA ? | best -
[b2=25 b1={23}] stage   7.3% (204215382016/2801532240664) | 103.9M/s | stage ETA 6:56:31 | overall ? ETA ? | best -
[b2=25 b1={23}] stage   7.3% (204424278016/2801532240664) | 104.1M/s | stage ETA 6:55:49 | overall ? ETA ? | best -
[b2=25 b1={23}] stage   7.3% (204632825856/2801532240664) | 104.1M/s | stage ETA 6:55:41 | overall ? ETA ? | best -
[b2=25 b1={23}] stage   7.3% (204842074112/2801532240664) | 104.2M/s | stage ETA 6:55:25 | overall ? ETA ? | best -
[b2=25 b1={23}] stage   7.3% (205051740160/2801532240664) | 104.2M/s | stage ETA 6:55:26 | overall ? ETA ? | best -
[b2=25 b1={23}] stage   7.3% (205259952128/2801532240664) | 104.0M/s | stage ETA 6:56:11 | overall ? ETA ? | best -
[b2=25 b1={23}] stage   7.3% (205469827072/2801532240664) | 104.2M/s | stage ETA 6:55:19 | overall ? ETA ? | best -
[b2=25 b1={23}] stage   7.3% (205679075328/2801532240664) | 104.1M/s | stage ETA 6:55:26 | overall ? ETA ? | best -
[b2=25 b1={23}] stage   7.3% (205886820352/2801532240664) | 103.8M/s | stage ETA 6:56:50 | overall ? ETA ? | best -
[b2=25 b1={23}] stage   7.4% (206096400384/2801532240664) | 104.0M/s | stage ETA 6:55:58 | overall ? ETA ? | best -
[b2=25 b1={23}] stage   7.4% (206303813632/2801532240664) | 103.8M/s | stage ETA 6:56:49 | overall ? ETA ? | best -
[b2=25 b1={23}] stage   7.4% (206513082368/2801532240664) | 103.9M/s | stage ETA 6:56:13 | overall ? ETA ? | best -
[b2=25 b1={23}] stage   7.4% (206721253376/2801532240664) | 103.8M/s | stage ETA 6:56:46 | overall ? ETA ? | best -
[b2=25 b1={23}] stage   7.4% (206928838656/2801532240664) | 103.7M/s | stage ETA 6:56:58 | overall ? ETA ? | best -
[b2=25 b1={23}] stage   7.4% (207135879168/2801532240664) | 103.5M/s | stage ETA 6:57:38 | overall ? ETA ? | best -
[b2=25 b1={23}] stage   7.4% (207343894528/2801532240664) | 103.6M/s | stage ETA 6:57:11 | overall ? ETA ? | best -
[b2=25 b1={23}] stage   7.4% (207552495616/2801532240664) | 103.8M/s | stage ETA 6:56:26 | overall ? ETA ? | best -
[b2=25 b1={23}] stage   7.4% (207760564224/2801532240664) | 103.7M/s | stage ETA 6:56:52 | overall ? ETA ? | best -
[b2=25 b1={23}] stage   7.4% (207969767424/2801532240664) | 104.0M/s | stage ETA 6:55:32 | overall ? ETA ? | best -
[b2=25 b1={23}] stage   7.4% (208178401280/2801532240664) | 104.0M/s | stage ETA 6:55:27 | overall ? ETA ? | best -
[b2=25 b1={23}] stage   7.4% (208385232896/2801532240664) | 103.7M/s | stage ETA 6:56:52 | overall ? ETA ? | best -
[b2=25 b1={23}] stage   7.4% (208593825792/2801532240664) | 103.7M/s | stage ETA 6:56:38 | overall ? ETA ? | best -
[b2=25 b1={23}] stage   7.5% (208803086336/2801532240664) | 104.0M/s | stage ETA 6:55:35 | overall ? ETA ? | best -
[b2=25 b1={23}] stage   7.5% (209012109312/2801532240664) | 104.0M/s | stage ETA 6:55:21 | overall ? ETA ? | best -
[b2=25 b1={23}] stage   7.5% (209221095424/2801532240664) | 103.9M/s | stage ETA 6:56:02 | overall ? ETA ? | best -
[b2=25 b1={23}] stage   7.5% (209428713472/2801532240664) | 103.7M/s | stage ETA 6:56:24 | overall ? ETA ? | best -
[b2=25 b1={23}] stage   7.5% (209637806080/2801532240664) | 103.8M/s | stage ETA 6:55:58 | overall ? ETA ? | best -
[b2=25 b1={23}] stage   7.5% (209846132736/2801532240664) | 103.9M/s | stage ETA 6:55:49 | overall ? ETA ? | best -
[b2=25 b1={23}] stage   7.5% (210055159808/2801532240664) | 103.9M/s | stage ETA 6:55:35 | overall ? ETA ? | best -
[b2=25 b1={23}] stage   7.5% (210263433216/2801532240664) | 103.9M/s | stage ETA 6:55:47 | overall ? ETA ? | best -
[b2=25 b1={23}] stage   7.5% (210471256064/2801532240664) | 103.9M/s | stage ETA 6:55:41 | overall ? ETA ? | best -
[b2=25 b1={23}] stage   7.5% (210680016896/2801532240664) | 104.0M/s | stage ETA 6:55:11 | overall ? ETA ? | best -
[b2=25 b1={23}] stage   7.5% (210888953856/2801532240664) | 104.0M/s | stage ETA 6:55:13 | overall ? ETA ? | best -
[b2=25 b1={23}] stage   7.5% (211098689536/2801532240664) | 104.2M/s | stage ETA 6:54:29 | overall ? ETA ? | best -
[b2=25 b1={23}] stage   7.5% (211307847680/2801532240664) | 104.2M/s | stage ETA 6:54:07 | overall ? ETA ? | best -
[b2=25 b1={23}] stage   7.6% (211517358080/2801532240664) | 104.2M/s | stage ETA 6:54:09 | overall ? ETA ? | best -
[b2=25 b1={23}] stage   7.6% (211726827520/2801532240664) | 104.3M/s | stage ETA 6:53:51 | overall ? ETA ? | best -
[b2=25 b1={23}] stage   7.6% (211936096256/2801532240664) | 104.2M/s | stage ETA 6:54:11 | overall ? ETA ? | best -
[b2=25 b1={23}] stage   7.6% (212146438144/2801532240664) | 104.3M/s | stage ETA 6:53:39 | overall ? ETA ? | best -
[b2=25 b1={23}] stage   7.6% (212356288512/2801532240664) | 104.3M/s | stage ETA 6:53:37 | overall ? ETA ? | best -
[b2=25 b1={23}] stage   7.6% (212565278720/2801532240664) | 104.3M/s | stage ETA 6:53:42 | overall ? ETA ? | best -
[b2=25 b1={23}] stage   7.6% (212774612992/2801532240664) | 104.3M/s | stage ETA 6:53:34 | overall ? ETA ? | best -
[b2=25 b1={23}] stage   7.6% (212983967744/2801532240664) | 104.4M/s | stage ETA 6:53:12 | overall ? ETA ? | best -
[b2=25 b1={23}] stage   7.6% (213194199040/2801532240664) | 104.6M/s | stage ETA 6:52:33 | overall ? ETA ? | best -
[b2=25 b1={23}] stage   7.6% (213402640384/2801532240664) | 104.4M/s | stage ETA 6:53:13 | overall ? ETA ? | best -
[b2=25 b1={23}] stage   7.6% (213611917312/2801532240664) | 104.4M/s | stage ETA 6:52:57 | overall ? ETA ? | best -
[b2=25 b1={23}] stage   7.6% (213821444096/2801532240664) | 104.2M/s | stage ETA 6:53:53 | overall ? ETA ? | best -
[b2=25 b1={23}] stage   7.6% (214031204352/2801532240664) | 104.3M/s | stage ETA 6:53:20 | overall ? ETA ? | best -
[b2=25 b1={23}] stage   7.6% (214241935360/2801532240664) | 104.6M/s | stage ETA 6:52:06 | overall ? ETA ? | best -
[b2=25 b1={23}] stage   7.7% (214452936704/2801532240664) | 104.7M/s | stage ETA 6:51:49 | overall ? ETA ? | best -
[b2=25 b1={23}] stage   7.7% (214663979008/2801532240664) | 104.9M/s | stage ETA 6:51:11 | overall ? ETA ? | best -
[b2=25 b1={23}] stage   7.7% (214873411584/2801532240664) | 104.7M/s | stage ETA 6:51:52 | overall ? ETA ? | best -
[b2=25 b1={23}] stage   7.7% (215083180032/2801532240664) | 104.6M/s | stage ETA 6:52:04 | overall ? ETA ? | best -
[b2=25 b1={23}] stage   7.7% (215291457536/2801532240664) | 104.3M/s | stage ETA 6:53:10 | overall ? ETA ? | best -
[b2=25 b1={23}] stage   7.7% (215500050432/2801532240664) | 104.2M/s | stage ETA 6:53:34 | overall ? ETA ? | best -
[b2=25 b1={23}] stage   7.7% (215709114368/2801532240664) | 104.3M/s | stage ETA 6:53:07 | overall ? ETA ? | best -
[b2=25 b1={23}] stage   7.7% (215919505408/2801532240664) | 104.6M/s | stage ETA 6:52:09 | overall ? ETA ? | best -
[b2=25 b1={23}] stage   7.7% (216128745472/2801532240664) | 104.5M/s | stage ETA 6:52:23 | overall ? ETA ? | best -
[b2=25 b1={23}] stage   7.7% (216338210816/2801532240664) | 104.4M/s | stage ETA 6:52:40 | overall ? ETA ? | best -
[b2=25 b1={23}] stage   7.7% (216547672064/2801532240664) | 104.3M/s | stage ETA 6:52:53 | overall ? ETA ? | best -
[b2=25 b1={23}] stage   7.7% (216756195328/2801532240664) | 104.3M/s | stage ETA 6:53:12 | overall ? ETA ? | best -
[b2=25 b1={23}] stage   7.7% (216965476352/2801532240664) | 104.3M/s | stage ETA 6:53:06 | overall ? ETA ? | best -
[b2=25 b1={23}] stage   7.8% (217176039424/2801532240664) | 104.6M/s | stage ETA 6:51:44 | overall ? ETA ? | best -
[b2=25 b1={23}] stage   7.8% (217385947136/2801532240664) | 104.6M/s | stage ETA 6:51:37 | overall ? ETA ? | best -
[b2=25 b1={23}] stage   7.8% (217594781696/2801532240664) | 104.5M/s | stage ETA 6:52:05 | overall ? ETA ? | best -
[b2=25 b1={23}] stage   7.8% (217803341824/2801532240664) | 104.1M/s | stage ETA 6:53:36 | overall ? ETA ? | best -
[b2=25 b1={23}] stage   7.8% (218012246016/2801532240664) | 104.1M/s | stage ETA 6:53:32 | overall ? ETA ? | best -
[b2=25 b1={23}] stage   7.8% (218221322240/2801532240664) | 104.2M/s | stage ETA 6:53:19 | overall ? ETA ? | best -
[b2=25 b1={23}] stage   7.8% (218430070784/2801532240664) | 104.2M/s | stage ETA 6:53:17 | overall ? ETA ? | best -
[b2=25 b1={23}] stage   7.8% (218638962688/2801532240664) | 104.0M/s | stage ETA 6:53:43 | overall ? ETA ? | best -
[b2=25 b1={23}] stage   7.8% (218849202176/2801532240664) | 104.4M/s | stage ETA 6:52:30 | overall ? ETA ? | best -
[b2=25 b1={23}] stage   7.8% (219051245568/2801532240664) | 102.4M/s | stage ETA 7:00:12 | overall ? ETA ? | best -
[b2=25 b1={23}] stage   7.8% (219261050880/2801532240664) | 103.4M/s | stage ETA 6:56:18 | overall ? ETA ? | best -
[b2=25 b1={23}] stage   7.8% (219471560704/2801532240664) | 103.9M/s | stage ETA 6:54:03 | overall ? ETA ? | best -
[b2=25 b1={23}] stage   7.8% (219680477184/2801532240664) | 104.1M/s | stage ETA 6:53:28 | overall ? ETA ? | best -
[b2=25 b1={23}] stage   7.8% (219889258496/2801532240664) | 104.1M/s | stage ETA 6:53:19 | overall ? ETA ? | best -
[b2=25 b1={23}] stage   7.9% (220099325952/2801532240664) | 104.3M/s | stage ETA 6:52:20 | overall ? ETA ? | best -
[b2=25 b1={23}] stage   7.9% (220309217280/2801532240664) | 104.4M/s | stage ETA 6:52:09 | overall ? ETA ? | best -
[b2=25 b1={23}] stage   7.9% (220518457344/2801532240664) | 104.4M/s | stage ETA 6:52:08 | overall ? ETA ? | best -
[b2=25 b1={23}] stage   7.9% (220728262656/2801532240664) | 104.4M/s | stage ETA 6:52:09 | overall ? ETA ? | best -
[b2=25 b1={23}] stage   7.9% (220937891840/2801532240664) | 104.4M/s | stage ETA 6:51:49 | overall ? ETA ? | best -
[b2=25 b1={23}] stage   7.9% (221147021312/2801532240664) | 104.2M/s | stage ETA 6:52:38 | overall ? ETA ? | best -
[b2=25 b1={23}] stage   7.9% (221355614208/2801532240664) | 104.2M/s | stage ETA 6:52:44 | overall ? ETA ? | best -
[b2=25 b1={23}] stage   7.9% (221564416000/2801532240664) | 104.0M/s | stage ETA 6:53:21 | overall ? ETA ? | best -
[b2=25 b1={23}] stage   7.9% (221772386304/2801532240664) | 103.9M/s | stage ETA 6:53:58 | overall ? ETA ? | best -
[b2=25 b1={23}] stage   7.9% (221980209152/2801532240664) | 103.9M/s | stage ETA 6:53:58 | overall ? ETA ? | best -
[b2=25 b1={23}] stage   7.9% (222190260224/2801532240664) | 104.2M/s | stage ETA 6:52:36 | overall ? ETA ? | best -
[b2=25 b1={23}] stage   7.9% (222399750144/2801532240664) | 104.2M/s | stage ETA 6:52:39 | overall ? ETA ? | best -
[b2=25 b1={23}] stage   7.9% (222609608704/2801532240664) | 104.3M/s | stage ETA 6:52:02 | overall ? ETA ? | best -
[b2=25 b1={23}] stage   8.0% (222817386496/2801532240664) | 104.0M/s | stage ETA 6:53:10 | overall ? ETA ? | best -
[b2=25 b1={23}] stage   8.0% (223025786880/2801532240664) | 104.1M/s | stage ETA 6:52:48 | overall ? ETA ? | best -
[b2=25 b1={23}] stage   8.0% (223235440640/2801532240664) | 104.3M/s | stage ETA 6:51:48 | overall ? ETA ? | best -
[b2=25 b1={23}] stage   8.0% (223444332544/2801532240664) | 104.3M/s | stage ETA 6:51:51 | overall ? ETA ? | best -
[b2=25 b1={23}] stage   8.0% (223653711872/2801532240664) | 104.4M/s | stage ETA 6:51:42 | overall ? ETA ? | best -
[b2=25 b1={23}] stage   8.0% (223863779328/2801532240664) | 104.5M/s | stage ETA 6:50:58 | overall ? ETA ? | best -
[b2=25 b1={23}] stage   8.0% (224072622080/2801532240664) | 104.4M/s | stage ETA 6:51:29 | overall ? ETA ? | best -
[b2=25 b1={23}] stage   8.0% (224282025984/2801532240664) | 104.4M/s | stage ETA 6:51:34 | overall ? ETA ? | best -
[b2=25 b1={23}] stage   8.0% (224491507712/2801532240664) | 104.4M/s | stage ETA 6:51:22 | overall ? ETA ? | best -
[b2=25 b1={23}] stage   8.0% (224699621376/2801532240664) | 104.2M/s | stage ETA 6:52:21 | overall ? ETA ? | best -
[b2=25 b1={23}] stage   8.0% (224909553664/2801532240664) | 104.5M/s | stage ETA 6:50:57 | overall ? ETA ? | best -
[b2=25 b1={23}] stage   8.0% (225119125504/2801532240664) | 104.5M/s | stage ETA 6:51:06 | overall ? ETA ? | best -
[b2=25 b1={23}] stage   8.0% (225328041984/2801532240664) | 104.4M/s | stage ETA 6:51:08 | overall ? ETA ? | best -
[b2=25 b1={23}] stage   8.1% (225537191936/2801532240664) | 104.4M/s | stage ETA 6:51:23 | overall ? ETA ? | best -
[b2=25 b1={23}] stage   8.1% (225747550208/2801532240664) | 104.4M/s | stage ETA 6:51:03 | overall ? ETA ? | best -
[b2=25 b1={23}] stage   8.1% (225957490688/2801532240664) | 104.4M/s | stage ETA 6:51:01 | overall ? ETA ? | best -
[b2=25 b1={23}] stage   8.1% (226164830208/2801532240664) | 104.0M/s | stage ETA 6:52:45 | overall ? ETA ? | best -
[b2=25 b1={23}] stage   8.1% (226375340032/2801532240664) | 104.2M/s | stage ETA 6:51:41 | overall ? ETA ? | best -
[b2=25 b1={23}] stage   8.1% (226585751552/2801532240664) | 104.4M/s | stage ETA 6:51:06 | overall ? ETA ? | best -
[b2=25 b1={23}] stage   8.1% (226796601344/2801532240664) | 104.7M/s | stage ETA 6:49:59 | overall ? ETA ? | best -
[b2=25 b1={23}] stage   8.1% (227006652416/2801532240664) | 104.6M/s | stage ETA 6:50:17 | overall ? ETA ? | best -
[b2=25 b1={23}] stage   8.1% (227215626240/2801532240664) | 104.3M/s | stage ETA 6:51:17 | overall ? ETA ? | best -
[b2=25 b1={23}] stage   8.1% (227424964608/2801532240664) | 104.4M/s | stage ETA 6:51:03 | overall ? ETA ? | best -
[b2=25 b1={23}] stage   8.1% (227635089408/2801532240664) | 104.6M/s | stage ETA 6:50:18 | overall ? ETA ? | best -
[b2=25 b1={23}] stage   8.1% (227844530176/2801532240664) | 104.3M/s | stage ETA 6:51:06 | overall ? ETA ? | best -
[b2=25 b1={23}] stage   8.1% (228054183936/2801532240664) | 104.4M/s | stage ETA 6:50:49 | overall ? ETA ? | best -
[b2=25 b1={23}] stage   8.1% (228264943616/2801532240664) | 104.6M/s | stage ETA 6:50:03 | overall ? ETA ? | best -
[b2=25 b1={23}] stage   8.2% (228474486784/2801532240664) | 104.4M/s | stage ETA 6:50:34 | overall ? ETA ? | best -
[b2=25 b1={23}] stage   8.2% (228684599296/2801532240664) | 104.7M/s | stage ETA 6:49:39 | overall ? ETA ? | best -
[b2=25 b1={23}] stage   8.2% (228895404032/2801532240664) | 104.7M/s | stage ETA 6:49:20 | overall ? ETA ? | best -
[b2=25 b1={23}] stage   8.2% (229105672192/2801532240664) | 104.7M/s | stage ETA 6:49:25 | overall ? ETA ? | best -
[b2=25 b1={23}] stage   8.2% (229314842624/2801532240664) | 104.6M/s | stage ETA 6:49:51 | overall ? ETA ? | best -
[b2=25 b1={23}] stage   8.2% (229526130688/2801532240664) | 104.8M/s | stage ETA 6:49:05 | overall ? ETA ? | best -
[b2=25 b1={23}] stage   8.2% (229735895040/2801532240664) | 104.7M/s | stage ETA 6:49:14 | overall ? ETA ? | best -
[b2=25 b1={23}] stage   8.2% (229945024512/2801532240664) | 104.6M/s | stage ETA 6:49:52 | overall ? ETA ? | best -
[b2=25 b1={23}] stage   8.2% (230154289152/2801532240664) | 104.4M/s | stage ETA 6:50:27 | overall ? ETA ? | best -
[b2=25 b1={23}] stage   8.2% (230363242496/2801532240664) | 104.2M/s | stage ETA 6:51:10 | overall ? ETA ? | best -
[b2=25 b1={23}] stage   8.2% (230573539328/2801532240664) | 104.4M/s | stage ETA 6:50:35 | overall ? ETA ? | best -
[b2=25 b1={23}] stage   8.2% (230783488000/2801532240664) | 104.4M/s | stage ETA 6:50:24 | overall ? ETA ? | best -
[b2=25 b1={23}] stage   8.2% (230992359424/2801532240664) | 104.2M/s | stage ETA 6:51:13 | overall ? ETA ? | best -
[b2=25 b1={23}] stage   8.3% (231201832960/2801532240664) | 104.2M/s | stage ETA 6:51:09 | overall ? ETA ? | best -
[b2=25 b1={23}] stage   8.3% (231412719616/2801532240664) | 104.5M/s | stage ETA 6:49:55 | overall ? ETA ? | best -
[b2=25 b1={23}] stage   8.3% (231623176192/2801532240664) | 104.6M/s | stage ETA 6:49:24 | overall ? ETA ? | best -
[b2=25 b1={23}] stage   8.3% (231833456640/2801532240664) | 104.6M/s | stage ETA 6:49:23 | overall ? ETA ? | best -
[b2=25 b1={23}] stage   8.3% (232043425792/2801532240664) | 104.6M/s | stage ETA 6:49:30 | overall ? ETA ? | best -
[b2=25 b1={23}] stage   8.3% (232253280256/2801532240664) | 104.6M/s | stage ETA 6:49:30 | overall ? ETA ? | best -
[b2=25 b1={23}] stage   8.3% (232463335424/2801532240664) | 104.5M/s | stage ETA 6:49:36 | overall ? ETA ? | best -
[b2=25 b1={23}] stage   8.3% (232673259520/2801532240664) | 104.4M/s | stage ETA 6:50:02 | overall ? ETA ? | best -
[b2=25 b1={23}] stage   8.3% (232883179520/2801532240664) | 104.5M/s | stage ETA 6:49:49 | overall ? ETA ? | best -
[b2=25 b1={23}] stage   8.3% (233093316608/2801532240664) | 104.7M/s | stage ETA 6:48:55 | overall ? ETA ? | best -
[b2=25 b1={23}] stage   8.3% (233304227840/2801532240664) | 104.8M/s | stage ETA 6:48:36 | overall ? ETA ? | best -
[b2=25 b1={23}] stage   8.3% (233513771008/2801532240664) | 104.6M/s | stage ETA 6:49:14 | overall ? ETA ? | best -
[b2=25 b1={23}] stage   8.3% (233723396096/2801532240664) | 104.6M/s | stage ETA 6:49:09 | overall ? ETA ? | best -
[b2=25 b1={23}] stage   8.4% (233934139392/2801532240664) | 104.8M/s | stage ETA 6:48:23 | overall ? ETA ? | best -
[b2=25 b1={23}] stage   8.4% (234142990336/2801532240664) | 104.3M/s | stage ETA 6:50:07 | overall ? ETA ? | best -
[b2=25 b1={23}] stage   8.4% (234353434624/2801532240664) | 104.4M/s | stage ETA 6:49:47 | overall ? ETA ? | best -
[b2=25 b1={23}] stage   8.4% (234564218880/2801532240664) | 104.5M/s | stage ETA 6:49:27 | overall ? ETA ? | best -
[b2=25 b1={23}] stage   8.4% (234773504000/2801532240664) | 104.5M/s | stage ETA 6:49:25 | overall ? ETA ? | best -
[b2=25 b1={23}] stage   8.4% (234983399424/2801532240664) | 104.5M/s | stage ETA 6:49:19 | overall ? ETA ? | best -
[b2=25 b1={23}] stage   8.4% (235192344576/2801532240664) | 104.3M/s | stage ETA 6:49:57 | overall ? ETA ? | best -
[b2=25 b1={23}] stage   8.4% (235402129408/2801532240664) | 104.4M/s | stage ETA 6:49:51 | overall ? ETA ? | best -
[b2=25 b1={23}] stage   8.4% (235611705344/2801532240664) | 104.4M/s | stage ETA 6:49:31 | overall ? ETA ? | best -
[b2=25 b1={23}] stage   8.4% (235821961216/2801532240664) | 104.5M/s | stage ETA 6:49:03 | overall ? ETA ? | best -
[b2=25 b1={23}] stage   8.4% (236031725568/2801532240664) | 104.6M/s | stage ETA 6:48:42 | overall ? ETA ? | best -
[b2=25 b1={23}] stage   8.4% (236241051648/2801532240664) | 104.5M/s | stage ETA 6:49:18 | overall ? ETA ? | best -
[b2=25 b1={23}] stage   8.4% (236450246656/2801532240664) | 104.5M/s | stage ETA 6:49:16 | overall ? ETA ? | best -
[b2=25 b1={23}] stage   8.4% (236660236288/2801532240664) | 104.3M/s | stage ETA 6:49:42 | overall ? ETA ? | best -
[b2=25 b1={23}] stage   8.5% (236868444160/2801532240664) | 103.9M/s | stage ETA 6:51:13 | overall ? ETA ? | best -
[b2=25 b1={23}] stage   8.5% (237078347776/2801532240664) | 104.2M/s | stage ETA 6:50:10 | overall ? ETA ? | best -
[b2=25 b1={23}] stage   8.5% (237288427520/2801532240664) | 104.3M/s | stage ETA 6:49:36 | overall ? ETA ? | best -
[b2=25 b1={23}] stage   8.5% (237498961920/2801532240664) | 104.5M/s | stage ETA 6:49:05 | overall ? ETA ? | best -
[b2=25 b1={23}] stage   8.5% (237709258752/2801532240664) | 104.6M/s | stage ETA 6:48:33 | overall ? ETA ? | best -
[b2=25 b1={23}] stage   8.5% (237919232000/2801532240664) | 104.5M/s | stage ETA 6:48:42 | overall ? ETA ? | best -
[b2=25 b1={23}] stage   8.5% (238128959488/2801532240664) | 104.6M/s | stage ETA 6:48:24 | overall ? ETA ? | best -
[b2=25 b1={23}] stage   8.5% (238337675264/2801532240664) | 104.4M/s | stage ETA 6:49:05 | overall ? ETA ? | best -
[b2=25 b1={23}] stage   8.5% (238547181568/2801532240664) | 104.3M/s | stage ETA 6:49:27 | overall ? ETA ? | best -
[b2=25 b1={23}] stage   8.5% (238756614144/2801532240664) | 104.4M/s | stage ETA 6:49:18 | overall ? ETA ? | best -
[b2=25 b1={23}] stage   8.5% (238966837248/2801532240664) | 104.4M/s | stage ETA 6:49:10 | overall ? ETA ? | best -
[b2=25 b1={23}] stage   8.5% (239177777152/2801532240664) | 104.6M/s | stage ETA 6:48:22 | overall ? ETA ? | best -
[b2=25 b1={23}] stage   8.5% (239387463680/2801532240664) | 104.4M/s | stage ETA 6:48:52 | overall ? ETA ? | best -
[b2=25 b1={23}] stage   8.6% (239596539904/2801532240664) | 104.4M/s | stage ETA 6:49:02 | overall ? ETA ? | best -
[b2=25 b1={23}] stage   8.6% (239807102976/2801532240664) | 104.5M/s | stage ETA 6:48:25 | overall ? ETA ? | best -
[b2=25 b1={23}] stage   8.6% (240016371712/2801532240664) | 104.5M/s | stage ETA 6:48:34 | overall ? ETA ? | best -
[b2=25 b1={23}] stage   8.6% (240226172928/2801532240664) | 104.5M/s | stage ETA 6:48:29 | overall ? ETA ? | best -
[b2=25 b1={23}] stage   8.6% (240434487296/2801532240664) | 104.2M/s | stage ETA 6:49:29 | overall ? ETA ? | best -
[b2=25 b1={23}] stage   8.6% (240643129344/2801532240664) | 104.2M/s | stage ETA 6:49:40 | overall ? ETA ? | best -
[b2=25 b1={23}] stage   8.6% (240852242432/2801532240664) | 104.1M/s | stage ETA 6:49:56 | overall ? ETA ? | best -
[b2=25 b1={23}] stage   8.6% (241062367232/2801532240664) | 104.3M/s | stage ETA 6:49:19 | overall ? ETA ? | best -
[b2=25 b1={23}] stage   8.6% (241271574528/2801532240664) | 104.4M/s | stage ETA 6:48:50 | overall ? ETA ? | best -
[b2=25 b1={23}] stage   8.6% (241481629696/2801532240664) | 104.4M/s | stage ETA 6:48:33 | overall ? ETA ? | best -
[b2=25 b1={23}] stage   8.6% (241689518080/2801532240664) | 104.0M/s | stage ETA 6:50:24 | overall ? ETA ? | best -
[b2=25 b1={23}] stage   8.6% (241897771008/2801532240664) | 103.8M/s | stage ETA 6:51:00 | overall ? ETA ? | best -
[b2=25 b1={23}] stage   8.6% (242106392576/2801532240664) | 103.9M/s | stage ETA 6:50:42 | overall ? ETA ? | best -
[b2=25 b1={23}] stage   8.6% (242314600448/2801532240664) | 103.9M/s | stage ETA 6:50:37 | overall ? ETA ? | best -
[b2=25 b1={23}] stage   8.7% (242522980352/2801532240664) | 103.8M/s | stage ETA 6:50:50 | overall ? ETA ? | best -
[b2=25 b1={23}] stage   8.7% (242732523520/2801532240664) | 104.1M/s | stage ETA 6:49:37 | overall ? ETA ? | best -
[b2=25 b1={23}] stage   8.7% (242941161472/2801532240664) | 104.2M/s | stage ETA 6:49:12 | overall ? ETA ? | best -
[b2=25 b1={23}] stage   8.7% (243149090816/2801532240664) | 104.0M/s | stage ETA 6:49:49 | overall ? ETA ? | best -
[b2=25 b1={23}] stage   8.7% (243358879744/2801532240664) | 104.3M/s | stage ETA 6:48:49 | overall ? ETA ? | best -
[b2=25 b1={23}] stage   8.7% (243568697344/2801532240664) | 104.4M/s | stage ETA 6:48:11 | overall ? ETA ? | best -
[b2=25 b1={23}] stage   8.7% (243778265088/2801532240664) | 104.4M/s | stage ETA 6:48:19 | overall ? ETA ? | best -
[b2=25 b1={23}] stage   8.7% (243988115456/2801532240664) | 104.5M/s | stage ETA 6:48:02 | overall ? ETA ? | best -
[b2=25 b1={23}] stage   8.7% (244197175296/2801532240664) | 104.3M/s | stage ETA 6:48:30 | overall ? ETA ? | best -
[b2=25 b1={23}] stage   8.7% (244403539968/2801532240664) | 103.7M/s | stage ETA 6:50:50 | overall ? ETA ? | best -
[b2=25 b1={23}] stage   8.7% (244608503808/2801532240664) | 102.9M/s | stage ETA 6:54:19 | overall ? ETA ? | best -
[b2=25 b1={23}] stage   8.7% (244818132992/2801532240664) | 103.6M/s | stage ETA 6:51:25 | overall ? ETA ? | best -
[b2=25 b1={23}] stage   8.7% (245026951168/2801532240664) | 103.9M/s | stage ETA 6:50:09 | overall ? ETA ? | best -
[b2=25 b1={23}] stage   8.8% (245235560448/2801532240664) | 104.0M/s | stage ETA 6:49:39 | overall ? ETA ? | best -
[b2=25 b1={23}] stage   8.8% (245445185536/2801532240664) | 104.1M/s | stage ETA 6:49:03 | overall ? ETA ? | best -
[b2=25 b1={23}] stage   8.8% (245654953984/2801532240664) | 104.3M/s | stage ETA 6:48:19 | overall ? ETA ? | best -
[b2=25 b1={23}] stage   8.8% (245864161280/2801532240664) | 104.3M/s | stage ETA 6:48:27 | overall ? ETA ? | best -
[b2=25 b1={23}] stage   8.8% (246073020416/2801532240664) | 104.3M/s | stage ETA 6:48:32 | overall ? ETA ? | best -
[b2=25 b1={23}] stage   8.8% (246281572352/2801532240664) | 104.2M/s | stage ETA 6:48:32 | overall ? ETA ? | best -
[b2=25 b1={23}] stage   8.8% (246491389952/2801532240664) | 104.2M/s | stage ETA 6:48:43 | overall ? ETA ? | best -
[b2=25 b1={23}] stage   8.8% (246700363776/2801532240664) | 104.1M/s | stage ETA 6:48:55 | overall ? ETA ? | best -
[b2=25 b1={23}] stage   8.8% (246910300160/2801532240664) | 104.3M/s | stage ETA 6:48:14 | overall ? ETA ? | best -
[b2=25 b1={23}] stage   8.8% (247120093184/2801532240664) | 104.5M/s | stage ETA 6:47:24 | overall ? ETA ? | best -
[b2=25 b1={23}] stage   8.8% (247328665600/2801532240664) | 104.3M/s | stage ETA 6:48:12 | overall ? ETA ? | best -
[b2=25 b1={23}] stage   8.8% (247538683904/2801532240664) | 104.4M/s | stage ETA 6:47:36 | overall ? ETA ? | best -
[b2=25 b1={23}] stage   8.8% (247748300800/2801532240664) | 104.5M/s | stage ETA 6:47:26 | overall ? ETA ? | best -
[b2=25 b1={23}] stage   8.9% (247956615168/2801532240664) | 104.1M/s | stage ETA 6:48:58 | overall ? ETA ? | best -
[b2=25 b1={23}] stage   8.9% (248165261312/2801532240664) | 104.1M/s | stage ETA 6:48:51 | overall ? ETA ? | best -
[b2=25 b1={23}] stage   8.9% (248374120448/2801532240664) | 104.2M/s | stage ETA 6:48:28 | overall ? ETA ? | best -
[b2=25 b1={23}] stage   8.9% (248583045120/2801532240664) | 104.3M/s | stage ETA 6:48:01 | overall ? ETA ? | best -
[b2=25 b1={23}] stage   8.9% (248792961024/2801532240664) | 104.4M/s | stage ETA 6:47:22 | overall ? ETA ? | best -
[b2=25 b1={23}] stage   8.9% (249002442752/2801532240664) | 104.6M/s | stage ETA 6:46:52 | overall ? ETA ? | best -
[b2=25 b1={23}] stage   8.9% (249211715584/2801532240664) | 104.3M/s | stage ETA 6:47:45 | overall ? ETA ? | best -
[b2=25 b1={23}] stage   8.9% (249417195520/2801532240664) | 103.4M/s | stage ETA 6:51:16 | overall ? ETA ? | best -
[b2=25 b1={23}] stage   8.9% (249627025408/2801532240664) | 104.1M/s | stage ETA 6:48:31 | overall ? ETA ? | best -
[b2=25 b1={23}] stage   8.9% (249835741184/2801532240664) | 104.1M/s | stage ETA 6:48:41 | overall ? ETA ? | best -
[b2=25 b1={23}] stage   8.9% (250045341696/2801532240664) | 104.2M/s | stage ETA 6:48:16 | overall ? ETA ? | best -
[b2=25 b1={23}] stage   8.9% (250254761984/2801532240664) | 104.2M/s | stage ETA 6:47:58 | overall ? ETA ? | best -
[b2=25 b1={23}] stage   8.9% (250464907264/2801532240664) | 104.5M/s | stage ETA 6:46:51 | overall ? ETA ? | best -
[b2=25 b1={23}] stage   8.9% (250675519488/2801532240664) | 104.6M/s | stage ETA 6:46:26 | overall ? ETA ? | best -
[b2=25 b1={23}] stage   9.0% (250884456448/2801532240664) | 104.3M/s | stage ETA 6:47:32 | overall ? ETA ? | best -
[b2=25 b1={23}] stage   9.0% (251093864448/2801532240664) | 104.3M/s | stage ETA 6:47:28 | overall ? ETA ? | best -
[b2=25 b1={23}] stage   9.0% (251302981632/2801532240664) | 104.2M/s | stage ETA 6:48:05 | overall ? ETA ? | best -
[b2=25 b1={23}] stage   9.0% (251513274368/2801532240664) | 104.5M/s | stage ETA 6:46:42 | overall ? ETA ? | best -
[b2=25 b1={23}] stage   9.0% (251723792384/2801532240664) | 104.7M/s | stage ETA 6:45:50 | overall ? ETA ? | best -
[b2=25 b1={23}] stage   9.0% (251932540928/2801532240664) | 104.4M/s | stage ETA 6:46:56 | overall ? ETA ? | best -
[b2=25 b1={23}] stage   9.0% (252143214592/2801532240664) | 104.5M/s | stage ETA 6:46:26 | overall ? ETA ? | best -
[b2=25 b1={23}] stage   9.0% (252353413120/2801532240664) | 104.7M/s | stage ETA 6:45:56 | overall ? ETA ? | best -
[b2=25 b1={23}] stage   9.0% (252563648512/2801532240664) | 104.6M/s | stage ETA 6:46:08 | overall ? ETA ? | best -
[b2=25 b1={23}] stage   9.0% (252773298176/2801532240664) | 104.6M/s | stage ETA 6:46:00 | overall ? ETA ? | best -
[b2=25 b1={23}] stage   9.0% (252981776384/2801532240664) | 104.4M/s | stage ETA 6:46:47 | overall ? ETA ? | best -
[b2=25 b1={23}] stage   9.0% (253191512064/2801532240664) | 104.4M/s | stage ETA 6:46:53 | overall ? ETA ? | best -
[b2=25 b1={23}] stage   9.0% (253401001984/2801532240664) | 104.5M/s | stage ETA 6:46:15 | overall ? ETA ? | best -
[b2=25 b1={23}] stage   9.1% (253612347392/2801532240664) | 104.8M/s | stage ETA 6:45:04 | overall ? ETA ? | best -
[b2=25 b1={23}] stage   9.1% (253822148608/2801532240664) | 104.6M/s | stage ETA 6:46:04 | overall ? ETA ? | best -
[b2=25 b1={23}] stage   9.1% (254031470592/2801532240664) | 104.5M/s | stage ETA 6:46:14 | overall ? ETA ? | best -
[b2=25 b1={23}] stage   9.1% (254242504704/2801532240664) | 104.5M/s | stage ETA 6:46:07 | overall ? ETA ? | best -
[b2=25 b1={23}] stage   9.1% (254452563968/2801532240664) | 104.7M/s | stage ETA 6:45:28 | overall ? ETA ? | best -
[b2=25 b1={23}] stage   9.1% (254661840896/2801532240664) | 104.7M/s | stage ETA 6:45:36 | overall ? ETA ? | best -
[b2=25 b1={23}] stage   9.1% (254870867968/2801532240664) | 104.3M/s | stage ETA 6:46:45 | overall ? ETA ? | best -
[b2=25 b1={23}] stage   9.1% (255080591360/2801532240664) | 104.4M/s | stage ETA 6:46:33 | overall ? ETA ? | best -
[b2=25 b1={23}] stage   9.1% (255289921536/2801532240664) | 104.3M/s | stage ETA 6:46:57 | overall ? ETA ? | best -
[b2=25 b1={23}] stage   9.1% (255500492800/2801532240664) | 104.5M/s | stage ETA 6:46:09 | overall ? ETA ? | best -
[b2=25 b1={23}] stage   9.1% (255710310400/2801532240664) | 104.6M/s | stage ETA 6:45:48 | overall ? ETA ? | best -
[b2=25 b1={23}] stage   9.1% (255919407104/2801532240664) | 104.5M/s | stage ETA 6:45:51 | overall ? ETA ? | best -
[b2=25 b1={23}] stage   9.1% (256129847296/2801532240664) | 104.7M/s | stage ETA 6:45:22 | overall ? ETA ? | best -
[b2=25 b1={23}] stage   9.1% (256339566592/2801532240664) | 104.5M/s | stage ETA 6:46:00 | overall ? ETA ? | best -
[b2=25 b1={23}] stage   9.2% (256550125568/2801532240664) | 104.6M/s | stage ETA 6:45:30 | overall ? ETA ? | best -
[b2=25 b1={23}] stage   9.2% (256759156736/2801532240664) | 104.4M/s | stage ETA 6:46:08 | overall ? ETA ? | best -
[b2=25 b1={23}] stage   9.2% (256968617984/2801532240664) | 104.5M/s | stage ETA 6:45:45 | overall ? ETA ? | best -
[b2=25 b1={23}] stage   9.2% (257178542080/2801532240664) | 104.7M/s | stage ETA 6:45:07 | overall ? ETA ? | best -
[b2=25 b1={23}] stage   9.2% (257387376640/2801532240664) | 104.5M/s | stage ETA 6:45:49 | overall ? ETA ? | best -
[b2=25 b1={23}] stage   9.2% (257597415424/2801532240664) | 104.6M/s | stage ETA 6:45:30 | overall ? ETA ? | best -
[b2=25 b1={23}] stage   9.2% (257807585280/2801532240664) | 104.5M/s | stage ETA 6:45:40 | overall ? ETA ? | best -
[b2=25 b1={23}] stage   9.2% (258018746368/2801532240664) | 104.6M/s | stage ETA 6:45:11 | overall ? ETA ? | best -
[b2=25 b1={23}] stage   9.2% (258228539392/2801532240664) | 104.6M/s | stage ETA 6:45:05 | overall ? ETA ? | best -
[b2=25 b1={23}] stage   9.2% (258438078464/2801532240664) | 104.5M/s | stage ETA 6:45:36 | overall ? ETA ? | best -
[b2=25 b1={23}] stage   9.2% (258647040000/2801532240664) | 104.5M/s | stage ETA 6:45:43 | overall ? ETA ? | best -
[b2=25 b1={23}] stage   9.2% (258857762816/2801532240664) | 104.5M/s | stage ETA 6:45:29 | overall ? ETA ? | best -
[b2=25 b1={23}] stage   9.2% (259067916288/2801532240664) | 104.6M/s | stage ETA 6:45:15 | overall ? ETA ? | best -
[b2=25 b1={23}] stage   9.3% (259278327808/2801532240664) | 104.6M/s | stage ETA 6:45:14 | overall ? ETA ? | best -
[b2=25 b1={23}] stage   9.3% (259476664320/2801532240664) | 101.6M/s | stage ETA 6:56:56 | overall ? ETA ? | best -
[b2=25 b1={23}] stage   9.3% (259687362560/2801532240664) | 103.2M/s | stage ETA 6:50:36 | overall ? ETA ? | best -
[b2=25 b1={23}] stage   9.3% (259897360384/2801532240664) | 103.8M/s | stage ETA 6:48:09 | overall ? ETA ? | best -
[b2=25 b1={23}] stage   9.3% (260102344704/2801532240664) | 103.0M/s | stage ETA 6:51:20 | overall ? ETA ? | best -
[b2=25 b1={23}] stage   9.3% (260311040000/2801532240664) | 103.6M/s | stage ETA 6:48:57 | overall ? ETA ? | best -
[b2=25 b1={23}] stage   9.3% (260520255488/2801532240664) | 103.8M/s | stage ETA 6:47:54 | overall ? ETA ? | best -
[b2=25 b1={23}] stage   9.3% (260729372672/2801532240664) | 104.0M/s | stage ETA 6:47:02 | overall ? ETA ? | best -
[b2=25 b1={23}] stage   9.3% (260939689984/2801532240664) | 104.3M/s | stage ETA 6:45:51 | overall ? ETA ? | best -
[b2=25 b1={23}] stage   9.3% (261148467200/2801532240664) | 104.2M/s | stage ETA 6:46:11 | overall ? ETA ? | best -
[b2=25 b1={23}] stage   9.3% (261359300608/2801532240664) | 104.5M/s | stage ETA 6:44:59 | overall ? ETA ? | best -
[b2=25 b1={23}] stage   9.3% (261568659456/2801532240664) | 104.5M/s | stage ETA 6:45:04 | overall ? ETA ? | best -
[b2=25 b1={23}] stage   9.3% (261778882560/2801532240664) | 104.6M/s | stage ETA 6:44:50 | overall ? ETA ? | best -
[b2=25 b1={23}] stage   9.4% (261988216832/2801532240664) | 104.5M/s | stage ETA 6:45:06 | overall ? ETA ? | best -
[b2=25 b1={23}] stage   9.4% (262198243328/2801532240664) | 104.5M/s | stage ETA 6:44:54 | overall ? ETA ? | best -
[b2=25 b1={23}] stage   9.4% (262406946816/2801532240664) | 104.2M/s | stage ETA 6:45:57 | overall ? ETA ? | best -
[b2=25 b1={23}] stage   9.4% (262616899584/2801532240664) | 104.3M/s | stage ETA 6:45:45 | overall ? ETA ? | best -
[b2=25 b1={23}] stage   9.4% (262827102208/2801532240664) | 104.5M/s | stage ETA 6:45:03 | overall ? ETA ? | best -
[b2=25 b1={23}] stage   9.4% (263036547072/2801532240664) | 104.5M/s | stage ETA 6:44:57 | overall ? ETA ? | best -
[b2=25 b1={23}] stage   9.4% (263246282752/2801532240664) | 104.6M/s | stage ETA 6:44:36 | overall ? ETA ? | best -
[b2=25 b1={23}] stage   9.4% (263449726976/2801532240664) | 103.0M/s | stage ETA 6:50:36 | overall ? ETA ? | best -
[b2=25 b1={23}] stage   9.4% (263658315776/2801532240664) | 103.5M/s | stage ETA 6:48:37 | overall ? ETA ? | best -
[b2=25 b1={23}] stage   9.4% (263868907520/2801532240664) | 104.1M/s | stage ETA 6:46:18 | overall ? ETA ? | best -
[b2=25 b1={23}] stage   9.4% (264077643776/2801532240664) | 104.2M/s | stage ETA 6:46:02 | overall ? ETA ? | best -
[b2=25 b1={23}] stage   9.4% (264287727616/2801532240664) | 104.2M/s | stage ETA 6:45:46 | overall ? ETA ? | best -
[b2=25 b1={23}] stage   9.4% (264497278976/2801532240664) | 104.4M/s | stage ETA 6:44:58 | overall ? ETA ? | best -
[b2=25 b1={23}] stage   9.4% (264706306048/2801532240664) | 104.3M/s | stage ETA 6:45:33 | overall ? ETA ? | best -
[b2=25 b1={23}] stage   9.5% (264916451328/2801532240664) | 104.4M/s | stage ETA 6:44:56 | overall ? ETA ? | best -
[b2=25 b1={23}] stage   9.5% (265126354944/2801532240664) | 104.4M/s | stage ETA 6:44:59 | overall ? ETA ? | best -
[b2=25 b1={23}] stage   9.5% (265335341056/2801532240664) | 104.4M/s | stage ETA 6:44:50 | overall ? ETA ? | best -
[b2=25 b1={23}] stage   9.5% (265544019968/2801532240664) | 104.2M/s | stage ETA 6:45:45 | overall ? ETA ? | best -
[b2=25 b1={23}] stage   9.5% (265753980928/2801532240664) | 104.3M/s | stage ETA 6:45:15 | overall ? ETA ? | best -
[b2=25 b1={23}] stage   9.5% (265962921984/2801532240664) | 104.3M/s | stage ETA 6:45:21 | overall ? ETA ? | best -
[b2=25 b1={23}] stage   9.5% (266173300736/2801532240664) | 104.5M/s | stage ETA 6:44:32 | overall ? ETA ? | best -
[b2=25 b1={23}] stage   9.5% (266383761408/2801532240664) | 104.6M/s | stage ETA 6:43:59 | overall ? ETA ? | best -
[b2=25 b1={23}] stage   9.5% (266593894400/2801532240664) | 104.7M/s | stage ETA 6:43:27 | overall ? ETA ? | best -
[b2=25 b1={23}] stage   9.5% (266804453376/2801532240664) | 104.9M/s | stage ETA 6:42:46 | overall ? ETA ? | best -
[b2=25 b1={23}] stage   9.5% (267014348800/2801532240664) | 104.8M/s | stage ETA 6:43:00 | overall ? ETA ? | best -
[b2=25 b1={23}] stage   9.5% (267224547328/2801532240664) | 104.8M/s | stage ETA 6:43:11 | overall ? ETA ? | best -
[b2=25 b1={23}] stage   9.5% (267434967040/2801532240664) | 104.7M/s | stage ETA 6:43:23 | overall ? ETA ? | best -
[b2=25 b1={23}] stage   9.6% (267643908096/2801532240664) | 104.3M/s | stage ETA 6:44:48 | overall ? ETA ? | best -
[b2=25 b1={23}] stage   9.6% (267853828096/2801532240664) | 104.4M/s | stage ETA 6:44:26 | overall ? ETA ? | best -
[b2=25 b1={23}] stage   9.6% (268059684864/2801532240664) | 103.4M/s | stage ETA 6:48:23 | overall ? ETA ? | best -
[b2=25 b1={23}] stage   9.6% (268269555712/2801532240664) | 103.8M/s | stage ETA 6:46:52 | overall ? ETA ? | best -
[b2=25 b1={23}] stage   9.6% (268479672320/2801532240664) | 104.2M/s | stage ETA 6:45:07 | overall ? ETA ? | best -
[b2=25 b1={23}] stage   9.6% (268689887232/2801532240664) | 104.6M/s | stage ETA 6:43:37 | overall ? ETA ? | best -
[b2=25 b1={23}] stage   9.6% (268900016128/2801532240664) | 104.5M/s | stage ETA 6:43:54 | overall ? ETA ? | best -
[b2=25 b1={23}] stage   9.6% (269110120448/2801532240664) | 104.5M/s | stage ETA 6:43:48 | overall ? ETA ? | best -
[b2=25 b1={23}] stage   9.6% (269319581696/2801532240664) | 104.4M/s | stage ETA 6:44:15 | overall ? ETA ? | best -
[b2=25 b1={23}] stage   9.6% (269529845760/2801532240664) | 104.5M/s | stage ETA 6:43:53 | overall ? ETA ? | best -
[b2=25 b1={23}] stage   9.6% (269739294720/2801532240664) | 104.4M/s | stage ETA 6:44:09 | overall ? ETA ? | best -
[b2=25 b1={23}] stage   9.6% (269948637184/2801532240664) | 104.4M/s | stage ETA 6:44:12 | overall ? ETA ? | best -
[b2=25 b1={23}] stage   9.6% (270158925824/2801532240664) | 104.6M/s | stage ETA 6:43:31 | overall ? ETA ? | best -
[b2=25 b1={23}] stage   9.7% (270368501760/2801532240664) | 104.6M/s | stage ETA 6:43:27 | overall ? ETA ? | best -
[b2=25 b1={23}] stage   9.7% (270578536448/2801532240664) | 104.6M/s | stage ETA 6:43:23 | overall ? ETA ? | best -
[b2=25 b1={23}] stage   9.7% (270788603904/2801532240664) | 104.5M/s | stage ETA 6:43:29 | overall ? ETA ? | best -
[b2=25 b1={23}] stage   9.7% (270998102016/2801532240664) | 104.6M/s | stage ETA 6:43:20 | overall ? ETA ? | best -
[b2=25 b1={23}] stage   9.7% (271207182336/2801532240664) | 104.5M/s | stage ETA 6:43:27 | overall ? ETA ? | best -
[b2=25 b1={23}] stage   9.7% (271416619008/2801532240664) | 104.4M/s | stage ETA 6:44:05 | overall ? ETA ? | best -
[b2=25 b1={23}] stage   9.7% (271626006528/2801532240664) | 104.4M/s | stage ETA 6:43:41 | overall ? ETA ? | best -
[b2=25 b1={23}] stage   9.7% (271835779072/2801532240664) | 104.4M/s | stage ETA 6:43:51 | overall ? ETA ? | best -
[b2=25 b1={23}] stage   9.7% (272046092288/2801532240664) | 104.5M/s | stage ETA 6:43:23 | overall ? ETA ? | best -
[b2=25 b1={23}] stage   9.7% (272256303104/2801532240664) | 104.5M/s | stage ETA 6:43:19 | overall ? ETA ? | best -
[b2=25 b1={23}] stage   9.7% (272466403328/2801532240664) | 104.6M/s | stage ETA 6:43:09 | overall ? ETA ? | best -
[b2=25 b1={23}] stage   9.7% (272676589568/2801532240664) | 104.6M/s | stage ETA 6:42:45 | overall ? ETA ? | best -
[b2=25 b1={23}] stage   9.7% (272886341632/2801532240664) | 104.5M/s | stage ETA 6:43:09 | overall ? ETA ? | best -
[b2=25 b1={23}] stage   9.7% (273096421376/2801532240664) | 104.7M/s | stage ETA 6:42:21 | overall ? ETA ? | best -
[b2=25 b1={23}] stage   9.8% (273307107328/2801532240664) | 104.8M/s | stage ETA 6:42:10 | overall ? ETA ? | best -
[b2=25 b1={23}] stage   9.8% (273517174784/2801532240664) | 104.7M/s | stage ETA 6:42:17 | overall ? ETA ? | best -
[b2=25 b1={23}] stage   9.8% (273726382080/2801532240664) | 104.6M/s | stage ETA 6:42:40 | overall ? ETA ? | best -
[b2=25 b1={23}] stage   9.8% (273936539648/2801532240664) | 104.6M/s | stage ETA 6:42:43 | overall ? ETA ? | best -
[b2=25 b1={23}] stage   9.8% (274145611776/2801532240664) | 104.4M/s | stage ETA 6:43:26 | overall ? ETA ? | best -
[b2=25 b1={23}] stage   9.8% (274354577408/2801532240664) | 104.2M/s | stage ETA 6:44:09 | overall ? ETA ? | best -
[b2=25 b1={23}] stage   9.8% (274562736128/2801532240664) | 104.1M/s | stage ETA 6:44:31 | overall ? ETA ? | best -
[b2=25 b1={23}] stage   9.8% (274771095552/2801532240664) | 103.9M/s | stage ETA 6:45:08 | overall ? ETA ? | best -
[b2=25 b1={23}] stage   9.8% (274978914304/2801532240664) | 103.7M/s | stage ETA 6:46:11 | overall ? ETA ? | best -
[b2=25 b1={23}] stage   9.8% (275186663424/2801532240664) | 103.7M/s | stage ETA 6:46:10 | overall ? ETA ? | best -
[b2=25 b1={23}] stage   9.8% (275396075520/2801532240664) | 103.9M/s | stage ETA 6:45:15 | overall ? ETA ? | best -
[b2=25 b1={23}] stage   9.8% (275604779008/2801532240664) | 104.0M/s | stage ETA 6:44:37 | overall ? ETA ? | best -
[b2=25 b1={23}] stage   9.8% (275814420480/2801532240664) | 104.3M/s | stage ETA 6:43:45 | overall ? ETA ? | best -
[b2=25 b1={23}] stage   9.9% (276024000512/2801532240664) | 104.3M/s | stage ETA 6:43:31 | overall ? ETA ? | best -
[b2=25 b1={23}] stage   9.9% (276234588160/2801532240664) | 104.5M/s | stage ETA 6:42:36 | overall ? ETA ? | best -
[b2=25 b1={23}] stage   9.9% (276444327936/2801532240664) | 104.5M/s | stage ETA 6:42:36 | overall ? ETA ? | best -
[b2=25 b1={23}] stage   9.9% (276654907392/2801532240664) | 104.6M/s | stage ETA 6:42:07 | overall ? ETA ? | best -
[b2=25 b1={23}] stage   9.9% (276865691648/2801532240664) | 104.6M/s | stage ETA 6:42:08 | overall ? ETA ? | best -
[b2=25 b1={23}] stage   9.9% (277074255872/2801532240664) | 104.3M/s | stage ETA 6:43:28 | overall ? ETA ? | best -
[b2=25 b1={23}] stage   9.9% (277283708928/2801532240664) | 104.3M/s | stage ETA 6:43:31 | overall ? ETA ? | best -
[b2=25 b1={23}] stage   9.9% (277493071872/2801532240664) | 104.2M/s | stage ETA 6:43:33 | overall ? ETA ? | best -
[b2=25 b1={23}] stage   9.9% (277702901760/2801532240664) | 104.4M/s | stage ETA 6:42:43 | overall ? ETA ? | best -
[b2=25 b1={23}] stage   9.9% (277913812992/2801532240664) | 104.6M/s | stage ETA 6:42:17 | overall ? ETA ? | best -
[b2=25 b1={23}] stage   9.9% (278124834816/2801532240664) | 104.6M/s | stage ETA 6:41:58 | overall ? ETA ? | best -
[b2=25 b1={23}] stage   9.9% (278334435328/2801532240664) | 104.7M/s | stage ETA 6:41:44 | overall ? ETA ? | best -
[b2=25 b1={23}] stage   9.9% (278544052224/2801532240664) | 104.6M/s | stage ETA 6:41:56 | overall ? ETA ? | best -
[b2=25 b1={23}] stage  10.0% (278753918976/2801532240664) | 104.7M/s | stage ETA 6:41:24 | overall ? ETA ? | best -
[b2=25 b1={23}] stage  10.0% (278963392512/2801532240664) | 104.7M/s | stage ETA 6:41:43 | overall ? ETA ? | best -
[b2=25 b1={23}] stage  10.0% (279173607424/2801532240664) | 104.6M/s | stage ETA 6:41:57 | overall ? ETA ? | best -
[b2=25 b1={23}] stage  10.0% (279383617536/2801532240664) | 104.7M/s | stage ETA 6:41:39 | overall ? ETA ? | best -
[b2=25 b1={23}] stage  10.0% (279593926656/2801532240664) | 104.5M/s | stage ETA 6:42:04 | overall ? ETA ? | best -
[b2=25 b1={23}] stage  10.0% (279804702720/2801532240664) | 104.6M/s | stage ETA 6:41:44 | overall ? ETA ? | best -
[b2=25 b1={23}] stage  10.0% (280014807040/2801532240664) | 104.7M/s | stage ETA 6:41:21 | overall ? ETA ? | best -
[b2=25 b1={23}] stage  10.0% (280225669120/2801532240664) | 104.8M/s | stage ETA 6:40:54 | overall ? ETA ? | best -
[b2=25 b1={23}] stage  10.0% (280436375552/2801532240664) | 104.8M/s | stage ETA 6:40:56 | overall ? ETA ? | best -
[b2=25 b1={23}] stage  10.0% (280646369280/2801532240664) | 104.6M/s | stage ETA 6:41:39 | overall ? ETA ? | best -
[b2=25 b1={23}] stage  10.0% (280854953984/2801532240664) | 104.3M/s | stage ETA 6:42:38 | overall ? ETA ? | best -
[b2=25 b1={23}] stage  10.0% (281065951232/2801532240664) | 104.5M/s | stage ETA 6:41:50 | overall ? ETA ? | best -
[b2=25 b1={23}] stage  10.0% (281276530688/2801532240664) | 104.7M/s | stage ETA 6:41:20 | overall ? ETA ? | best -
[b2=25 b1={23}] stage  10.0% (281486086144/2801532240664) | 104.6M/s | stage ETA 6:41:37 | overall ? ETA ? | best -
[b2=25 b1={23}] stage  10.1% (281695924224/2801532240664) | 104.5M/s | stage ETA 6:41:56 | overall ? ETA ? | best -
[b2=25 b1={23}] stage  10.1% (281905041408/2801532240664) | 104.3M/s | stage ETA 6:42:28 | overall ? ETA ? | best -
[b2=25 b1={23}] stage  10.1% (282115166208/2801532240664) | 104.6M/s | stage ETA 6:41:36 | overall ? ETA ? | best -
[b2=25 b1={23}] stage  10.1% (282325684224/2801532240664) | 104.4M/s | stage ETA 6:41:59 | overall ? ETA ? | best -
[b2=25 b1={23}] stage  10.1% (282535538688/2801532240664) | 104.4M/s | stage ETA 6:42:17 | overall ? ETA ? | best -
[b2=25 b1={23}] stage  10.1% (282744909824/2801532240664) | 104.2M/s | stage ETA 6:42:45 | overall ? ETA ? | best -
[b2=25 b1={23}] stage  10.1% (282954817536/2801532240664) | 104.3M/s | stage ETA 6:42:32 | overall ? ETA ? | best -
[b2=25 b1={23}] stage  10.1% (283164835840/2801532240664) | 104.5M/s | stage ETA 6:41:39 | overall ? ETA ? | best -
[b2=25 b1={23}] stage  10.1% (283374866432/2801532240664) | 104.4M/s | stage ETA 6:41:59 | overall ? ETA ? | best -
[b2=25 b1={23}] stage  10.1% (283583496192/2801532240664) | 104.3M/s | stage ETA 6:42:17 | overall ? ETA ? | best -
[b2=25 b1={23}] stage  10.1% (283793653760/2801532240664) | 104.5M/s | stage ETA 6:41:37 | overall ? ETA ? | best -
[b2=25 b1={23}] stage  10.1% (284004085760/2801532240664) | 104.7M/s | stage ETA 6:40:40 | overall ? ETA ? | best -
[b2=25 b1={23}] stage  10.1% (284213006336/2801532240664) | 104.5M/s | stage ETA 6:41:37 | overall ? ETA ? | best -
[b2=25 b1={23}] stage  10.2% (284423172096/2801532240664) | 104.4M/s | stage ETA 6:41:55 | overall ? ETA ? | best -
[b2=25 b1={23}] stage  10.2% (284631580672/2801532240664) | 104.3M/s | stage ETA 6:42:15 | overall ? ETA ? | best -
[b2=25 b1={23}] stage  10.2% (284842127360/2801532240664) | 104.5M/s | stage ETA 6:41:15 | overall ? ETA ? | best -
[b2=25 b1={23}] stage  10.2% (285052420096/2801532240664) | 104.6M/s | stage ETA 6:41:03 | overall ? ETA ? | best -
[b2=25 b1={23}] stage  10.2% (285262381056/2801532240664) | 104.6M/s | stage ETA 6:41:05 | overall ? ETA ? | best -
[b2=25 b1={23}] stage  10.2% (285472346112/2801532240664) | 104.6M/s | stage ETA 6:40:59 | overall ? ETA ? | best -
[b2=25 b1={23}] stage  10.2% (285682454528/2801532240664) | 104.6M/s | stage ETA 6:40:54 | overall ? ETA ? | best -
[b2=25 b1={23}] stage  10.2% (285892612096/2801532240664) | 104.6M/s | stage ETA 6:40:58 | overall ? ETA ? | best -
[b2=25 b1={23}] stage  10.2% (286103003136/2801532240664) | 104.5M/s | stage ETA 6:41:03 | overall ? ETA ? | best -
[b2=25 b1={23}] stage  10.2% (286313512960/2801532240664) | 104.7M/s | stage ETA 6:40:30 | overall ? ETA ? | best -
[b2=25 b1={23}] stage  10.2% (286523293696/2801532240664) | 104.7M/s | stage ETA 6:40:19 | overall ? ETA ? | best -
[b2=25 b1={23}] stage  10.2% (286732439552/2801532240664) | 104.6M/s | stage ETA 6:40:48 | overall ? ETA ? | best -
[b2=25 b1={23}] stage  10.2% (286942773248/2801532240664) | 104.6M/s | stage ETA 6:40:49 | overall ? ETA ? | best -
[b2=25 b1={23}] stage  10.2% (287152513024/2801532240664) | 104.6M/s | stage ETA 6:40:45 | overall ? ETA ? | best -
[b2=25 b1={23}] stage  10.3% (287362326528/2801532240664) | 104.4M/s | stage ETA 6:41:12 | overall ? ETA ? | best -
[b2=25 b1={23}] stage  10.3% (287571521536/2801532240664) | 104.3M/s | stage ETA 6:41:33 | overall ? ETA ? | best -
[b2=25 b1={23}] stage  10.3% (287781580800/2801532240664) | 104.4M/s | stage ETA 6:41:12 | overall ? ETA ? | best -
[b2=25 b1={23}] stage  10.3% (287991541760/2801532240664) | 104.5M/s | stage ETA 6:40:57 | overall ? ETA ? | best -
[b2=25 b1={23}] stage  10.3% (288200572928/2801532240664) | 104.5M/s | stage ETA 6:41:01 | overall ? ETA ? | best -
[b2=25 b1={23}] stage  10.3% (288411926528/2801532240664) | 104.6M/s | stage ETA 6:40:24 | overall ? ETA ? | best -
[b2=25 b1={23}] stage  10.3% (288622145536/2801532240664) | 104.6M/s | stage ETA 6:40:24 | overall ? ETA ? | best -
[b2=25 b1={23}] stage  10.3% (288830824448/2801532240664) | 104.3M/s | stage ETA 6:41:35 | overall ? ETA ? | best -
[b2=25 b1={23}] stage  10.3% (289040130048/2801532240664) | 104.3M/s | stage ETA 6:41:28 | overall ? ETA ? | best -
[b2=25 b1={23}] stage  10.3% (289248296960/2801532240664) | 104.0M/s | stage ETA 6:42:29 | overall ? ETA ? | best -
[b2=25 b1={23}] stage  10.3% (289456779264/2801532240664) | 104.0M/s | stage ETA 6:42:24 | overall ? ETA ? | best -
[b2=25 b1={23}] stage  10.3% (289666584576/2801532240664) | 104.4M/s | stage ETA 6:40:57 | overall ? ETA ? | best -
[b2=25 b1={23}] stage  10.3% (289876869120/2801532240664) | 104.5M/s | stage ETA 6:40:36 | overall ? ETA ? | best -
[b2=25 b1={23}] stage  10.4% (290087174144/2801532240664) | 104.6M/s | stage ETA 6:40:01 | overall ? ETA ? | best -
[b2=25 b1={23}] stage  10.4% (290297163776/2801532240664) | 104.6M/s | stage ETA 6:40:09 | overall ? ETA ? | best -
[b2=25 b1={23}] stage  10.4% (290506301440/2801532240664) | 104.4M/s | stage ETA 6:40:59 | overall ? ETA ? | best -
[b2=25 b1={23}] stage  10.4% (290716266496/2801532240664) | 104.3M/s | stage ETA 6:41:13 | overall ? ETA ? | best -
[b2=25 b1={23}] stage  10.4% (290926157824/2801532240664) | 104.4M/s | stage ETA 6:40:47 | overall ? ETA ? | best -
[b2=25 b1={23}] stage  10.4% (291135799296/2801532240664) | 104.5M/s | stage ETA 6:40:27 | overall ? ETA ? | best -
[b2=25 b1={23}] stage  10.4% (291345715200/2801532240664) | 104.5M/s | stage ETA 6:40:26 | overall ? ETA ? | best -
[b2=25 b1={23}] stage  10.4% (291555872768/2801532240664) | 104.5M/s | stage ETA 6:40:25 | overall ? ETA ? | best -
[b2=25 b1={23}] stage  10.4% (291764838400/2801532240664) | 104.3M/s | stage ETA 6:40:51 | overall ? ETA ? | best -
[b2=25 b1={23}] stage  10.4% (291974647808/2801532240664) | 104.5M/s | stage ETA 6:40:07 | overall ? ETA ? | best -
[b2=25 b1={23}] stage  10.4% (292185141248/2801532240664) | 104.6M/s | stage ETA 6:39:42 | overall ? ETA ? | best -
[b2=25 b1={23}] stage  10.4% (292395028480/2801532240664) | 104.4M/s | stage ETA 6:40:32 | overall ? ETA ? | best -
[b2=25 b1={23}] stage  10.4% (292605435904/2801532240664) | 104.4M/s | stage ETA 6:40:26 | overall ? ETA ? | best -
[b2=25 b1={23}] stage  10.5% (292814950400/2801532240664) | 104.5M/s | stage ETA 6:40:10 | overall ? ETA ? | best -
[b2=25 b1={23}] stage  10.5% (293025107968/2801532240664) | 104.4M/s | stage ETA 6:40:27 | overall ? ETA ? | best -
[b2=25 b1={23}] stage  10.5% (293234012160/2801532240664) | 104.3M/s | stage ETA 6:40:38 | overall ? ETA ? | best -
[b2=25 b1={23}] stage  10.5% (293443846144/2801532240664) | 104.4M/s | stage ETA 6:40:33 | overall ? ETA ? | best -
[b2=25 b1={23}] stage  10.5% (293653979136/2801532240664) | 104.5M/s | stage ETA 6:40:03 | overall ? ETA ? | best -
[b2=25 b1={23}] stage  10.5% (293863149568/2801532240664) | 104.4M/s | stage ETA 6:40:10 | overall ? ETA ? | best -
[b2=25 b1={23}] stage  10.5% (294072684544/2801532240664) | 104.4M/s | stage ETA 6:40:07 | overall ? ETA ? | best -
[b2=25 b1={23}] stage  10.5% (294281043968/2801532240664) | 104.2M/s | stage ETA 6:41:10 | overall ? ETA ? | best -
[b2=25 b1={23}] stage  10.5% (294490787840/2801532240664) | 104.3M/s | stage ETA 6:40:48 | overall ? ETA ? | best -
[b2=25 b1={23}] stage  10.5% (294700244992/2801532240664) | 104.4M/s | stage ETA 6:40:20 | overall ? ETA ? | best -
[b2=25 b1={23}] stage  10.5% (294909546496/2801532240664) | 104.2M/s | stage ETA 6:40:45 | overall ? ETA ? | best -
[b2=25 b1={23}] stage  10.5% (295118929920/2801532240664) | 104.3M/s | stage ETA 6:40:28 | overall ? ETA ? | best -
[b2=25 b1={23}] stage  10.5% (295328952320/2801532240664) | 104.4M/s | stage ETA 6:40:12 | overall ? ETA ? | best -
[b2=25 b1={23}] stage  10.5% (295538049024/2801532240664) | 104.2M/s | stage ETA 6:40:54 | overall ? ETA ? | best -
[b2=25 b1={23}] stage  10.6% (295746502656/2801532240664) | 104.2M/s | stage ETA 6:40:49 | overall ? ETA ? | best -
[b2=25 b1={23}] stage  10.6% (295956738048/2801532240664) | 104.4M/s | stage ETA 6:39:53 | overall ? ETA ? | best -
[b2=25 b1={23}] stage  10.6% (296166797312/2801532240664) | 104.5M/s | stage ETA 6:39:44 | overall ? ETA ? | best -
[b2=25 b1={23}] stage  10.6% (296376049664/2801532240664) | 104.3M/s | stage ETA 6:40:12 | overall ? ETA ? | best -
[b2=25 b1={23}] stage  10.6% (296586104832/2801532240664) | 104.4M/s | stage ETA 6:40:03 | overall ? ETA ? | best -
[b2=25 b1={23}] stage  10.6% (296795156480/2801532240664) | 104.4M/s | stage ETA 6:39:59 | overall ? ETA ? | best -
[b2=25 b1={23}] stage  10.6% (297003286528/2801532240664) | 104.2M/s | stage ETA 6:40:44 | overall ? ETA ? | best -
[b2=25 b1={23}] stage  10.6% (297212407808/2801532240664) | 104.2M/s | stage ETA 6:40:40 | overall ? ETA ? | best -
[b2=25 b1={23}] stage  10.6% (297421557760/2801532240664) | 104.3M/s | stage ETA 6:40:11 | overall ? ETA ? | best -
[b2=25 b1={23}] stage  10.6% (297629982720/2801532240664) | 104.2M/s | stage ETA 6:40:39 | overall ? ETA ? | best -
[b2=25 b1={23}] stage  10.6% (297840095232/2801532240664) | 104.3M/s | stage ETA 6:39:56 | overall ? ETA ? | best -
[b2=25 b1={23}] stage  10.6% (298049941504/2801532240664) | 104.3M/s | stage ETA 6:39:53 | overall ? ETA ? | best -
[b2=25 b1={23}] stage  10.6% (298259374080/2801532240664) | 104.5M/s | stage ETA 6:39:17 | overall ? ETA ? | best -
[b2=25 b1={23}] stage  10.7% (298468782080/2801532240664) | 104.5M/s | stage ETA 6:39:17 | overall ? ETA ? | best -
[b2=25 b1={23}] stage  10.7% (298679148544/2801532240664) | 104.5M/s | stage ETA 6:39:12 | overall ? ETA ? | best -
[b2=25 b1={23}] stage  10.7% (298888798208/2801532240664) | 104.5M/s | stage ETA 6:39:01 | overall ? ETA ? | best -
[b2=25 b1={23}] stage  10.7% (299098673152/2801532240664) | 104.6M/s | stage ETA 6:38:35 | overall ? ETA ? | best -
[b2=25 b1={23}] stage  10.7% (299308810240/2801532240664) | 104.6M/s | stage ETA 6:38:50 | overall ? ETA ? | best -
[b2=25 b1={23}] stage  10.7% (299518255104/2801532240664) | 104.5M/s | stage ETA 6:39:09 | overall ? ETA ? | best -
[b2=25 b1={23}] stage  10.7% (299727413248/2801532240664) | 104.5M/s | stage ETA 6:39:10 | overall ? ETA ? | best -
[b2=25 b1={23}] stage  10.7% (299936993280/2801532240664) | 104.5M/s | stage ETA 6:39:01 | overall ? ETA ? | best -
[b2=25 b1={23}] stage  10.7% (300145004544/2801532240664) | 104.2M/s | stage ETA 6:40:13 | overall ? ETA ? | best -
[b2=25 b1={23}] stage  10.7% (300354469888/2801532240664) | 104.3M/s | stage ETA 6:39:40 | overall ? ETA ? | best -
[b2=25 b1={23}] stage  10.7% (300564512768/2801532240664) | 104.2M/s | stage ETA 6:39:51 | overall ? ETA ? | best -
[b2=25 b1={23}] stage  10.7% (300774375424/2801532240664) | 104.4M/s | stage ETA 6:39:11 | overall ? ETA ? | best -
[b2=25 b1={23}] stage  10.7% (300983173120/2801532240664) | 104.3M/s | stage ETA 6:39:43 | overall ? ETA ? | best -
[b2=25 b1={23}] stage  10.8% (301192114176/2801532240664) | 104.2M/s | stage ETA 6:39:56 | overall ? ETA ? | best -
[b2=25 b1={23}] stage  10.8% (301402570752/2801532240664) | 104.4M/s | stage ETA 6:39:02 | overall ? ETA ? | best -
[b2=25 b1={23}] stage  10.8% (301612228608/2801532240664) | 104.3M/s | stage ETA 6:39:21 | overall ? ETA ? | best -
[b2=25 b1={23}] stage  10.8% (301821075456/2801532240664) | 104.3M/s | stage ETA 6:39:30 | overall ? ETA ? | best -
[b2=25 b1={23}] stage  10.8% (302030069760/2801532240664) | 104.3M/s | stage ETA 6:39:17 | overall ? ETA ? | best -
[b2=25 b1={23}] stage  10.8% (302238978048/2801532240664) | 104.3M/s | stage ETA 6:39:12 | overall ? ETA ? | best -
[b2=25 b1={23}] stage  10.8% (302448185344/2801532240664) | 104.4M/s | stage ETA 6:39:07 | overall ? ETA ? | best -
[b2=25 b1={23}] stage  10.8% (302657630208/2801532240664) | 104.3M/s | stage ETA 6:39:25 | overall ? ETA ? | best -
[b2=25 b1={23}] stage  10.8% (302866395136/2801532240664) | 104.2M/s | stage ETA 6:39:45 | overall ? ETA ? | best -
[b2=25 b1={23}] stage  10.8% (303075188736/2801532240664) | 104.1M/s | stage ETA 6:40:07 | overall ? ETA ? | best -
[b2=25 b1={23}] stage  10.8% (303284727808/2801532240664) | 104.3M/s | stage ETA 6:39:01 | overall ? ETA ? | best -
[b2=25 b1={23}] stage  10.8% (303494086656/2801532240664) | 104.4M/s | stage ETA 6:38:47 | overall ? ETA ? | best -
[b2=25 b1={23}] stage  10.8% (303703244800/2801532240664) | 104.4M/s | stage ETA 6:38:36 | overall ? ETA ? | best -
[b2=25 b1={23}] stage  10.8% (303913201664/2801532240664) | 104.4M/s | stage ETA 6:38:32 | overall ? ETA ? | best -
[b2=25 b1={23}] stage  10.9% (304122241024/2801532240664) | 104.5M/s | stage ETA 6:38:23 | overall ? ETA ? | best -
[b2=25 b1={23}] stage  10.9% (304331276288/2801532240664) | 104.4M/s | stage ETA 6:38:48 | overall ? ETA ? | best -
[b2=25 b1={23}] stage  10.9% (304540483584/2801532240664) | 104.5M/s | stage ETA 6:38:19 | overall ? ETA ? | best -
[b2=25 b1={23}] stage  10.9% (304750313472/2801532240664) | 104.4M/s | stage ETA 6:38:37 | overall ? ETA ? | best -
[b2=25 b1={23}] stage  10.9% (304959791104/2801532240664) | 104.4M/s | stage ETA 6:38:29 | overall ? ETA ? | best -
[b2=25 b1={23}] stage  10.9% (305168654336/2801532240664) | 104.3M/s | stage ETA 6:39:04 | overall ? ETA ? | best -
[b2=25 b1={23}] stage  10.9% (305377452032/2801532240664) | 104.1M/s | stage ETA 6:39:39 | overall ? ETA ? | best -
[b2=25 b1={23}] stage  10.9% (305587220480/2801532240664) | 104.3M/s | stage ETA 6:38:56 | overall ? ETA ? | best -
[b2=25 b1={23}] stage  10.9% (305796313088/2801532240664) | 104.2M/s | stage ETA 6:39:05 | overall ? ETA ? | best -
[b2=25 b1={23}] stage  10.9% (306004738048/2801532240664) | 104.1M/s | stage ETA 6:39:27 | overall ? ETA ? | best -
[b2=25 b1={23}] stage  10.9% (306212855808/2801532240664) | 104.1M/s | stage ETA 6:39:34 | overall ? ETA ? | best -
[b2=25 b1={23}] stage  10.9% (306422820864/2801532240664) | 104.3M/s | stage ETA 6:38:49 | overall ? ETA ? | best -
[b2=25 b1={23}] stage  10.9% (306631610368/2801532240664) | 104.2M/s | stage ETA 6:38:59 | overall ? ETA ? | best -
[b2=25 b1={23}] stage  11.0% (306840530944/2801532240664) | 104.3M/s | stage ETA 6:38:47 | overall ? ETA ? | best -
[b2=25 b1={23}] stage  11.0% (307049295872/2801532240664) | 104.2M/s | stage ETA 6:38:48 | overall ? ETA ? | best -
[b2=25 b1={23}] stage  11.0% (307257106432/2801532240664) | 104.1M/s | stage ETA 6:39:29 | overall ? ETA ? | best -
[b2=25 b1={23}] stage  11.0% (307465809920/2801532240664) | 104.1M/s | stage ETA 6:39:25 | overall ? ETA ? | best -
[b2=25 b1={23}] stage  11.0% (307675029504/2801532240664) | 104.2M/s | stage ETA 6:39:00 | overall ? ETA ? | best -
[b2=25 b1={23}] stage  11.0% (307884036096/2801532240664) | 104.2M/s | stage ETA 6:38:41 | overall ? ETA ? | best -
[b2=25 b1={23}] stage  11.0% (308093812736/2801532240664) | 104.4M/s | stage ETA 6:38:14 | overall ? ETA ? | best -
[b2=25 b1={23}] stage  11.0% (308302385152/2801532240664) | 104.3M/s | stage ETA 6:38:32 | overall ? ETA ? | best -
[b2=25 b1={23}] stage  11.0% (308512239616/2801532240664) | 104.4M/s | stage ETA 6:38:10 | overall ? ETA ? | best -
[b2=25 b1={23}] stage  11.0% (308722491392/2801532240664) | 104.4M/s | stage ETA 6:37:55 | overall ? ETA ? | best -
[b2=25 b1={23}] stage  11.0% (308932603904/2801532240664) | 104.6M/s | stage ETA 6:37:10 | overall ? ETA ? | best -
[b2=25 b1={23}] stage  11.0% (309141860352/2801532240664) | 104.5M/s | stage ETA 6:37:40 | overall ? ETA ? | best -
[b2=25 b1={23}] stage  11.0% (309349453824/2801532240664) | 104.0M/s | stage ETA 6:39:16 | overall ? ETA ? | best -
[b2=25 b1={23}] stage  11.0% (309557796864/2801532240664) | 104.1M/s | stage ETA 6:39:00 | overall ? ETA ? | best -
[b2=25 b1={23}] stage  11.1% (309766438912/2801532240664) | 104.2M/s | stage ETA 6:38:41 | overall ? ETA ? | best -
[b2=25 b1={23}] stage  11.1% (309976698880/2801532240664) | 104.4M/s | stage ETA 6:37:52 | overall ? ETA ? | best -
[b2=25 b1={23}] stage  11.1% (310186844160/2801532240664) | 104.5M/s | stage ETA 6:37:11 | overall ? ETA ? | best -
[b2=25 b1={23}] stage  11.1% (310396534784/2801532240664) | 104.6M/s | stage ETA 6:36:45 | overall ? ETA ? | best -
[b2=25 b1={23}] stage  11.1% (310606622720/2801532240664) | 104.7M/s | stage ETA 6:36:37 | overall ? ETA ? | best -
[b2=25 b1={23}] stage  11.1% (310816583680/2801532240664) | 104.7M/s | stage ETA 6:36:25 | overall ? ETA ? | best -
[b2=25 b1={23}] stage  11.1% (311026192384/2801532240664) | 104.6M/s | stage ETA 6:36:39 | overall ? ETA ? | best -
[b2=25 b1={23}] stage  11.1% (311237214208/2801532240664) | 104.8M/s | stage ETA 6:36:00 | overall ? ETA ? | best -
[b2=25 b1={23}] stage  11.1% (311447281664/2801532240664) | 104.8M/s | stage ETA 6:36:06 | overall ? ETA ? | best -
[b2=25 b1={23}] stage  11.1% (311657013248/2801532240664) | 104.5M/s | stage ETA 6:36:56 | overall ? ETA ? | best -
[b2=25 b1={23}] stage  11.1% (311867490304/2801532240664) | 104.7M/s | stage ETA 6:36:15 | overall ? ETA ? | best -
[b2=25 b1={23}] stage  11.1% (312077393920/2801532240664) | 104.4M/s | stage ETA 6:37:21 | overall ? ETA ? | best -
[b2=25 b1={23}] stage  11.1% (312287154176/2801532240664) | 104.4M/s | stage ETA 6:37:26 | overall ? ETA ? | best -
[b2=25 b1={23}] stage  11.2% (312496914432/2801532240664) | 104.5M/s | stage ETA 6:37:09 | overall ? ETA ? | best -
[b2=25 b1={23}] stage  11.2% (312707948544/2801532240664) | 104.7M/s | stage ETA 6:36:08 | overall ? ETA ? | best -
[b2=25 b1={23}] stage  11.2% (312918667264/2801532240664) | 104.7M/s | stage ETA 6:36:00 | overall ? ETA ? | best -
[b2=25 b1={23}] stage  11.2% (313128726528/2801532240664) | 104.6M/s | stage ETA 6:36:33 | overall ? ETA ? | best -
[b2=25 b1={23}] stage  11.2% (313338662912/2801532240664) | 104.5M/s | stage ETA 6:36:47 | overall ? ETA ? | best -
[b2=25 b1={23}] stage  11.2% (313549156352/2801532240664) | 104.5M/s | stage ETA 6:36:50 | overall ? ETA ? | best -
[b2=25 b1={23}] stage  11.2% (313759027200/2801532240664) | 104.5M/s | stage ETA 6:36:56 | overall ? ETA ? | best -
[b2=25 b1={23}] stage  11.2% (313969377280/2801532240664) | 104.3M/s | stage ETA 6:37:19 | overall ? ETA ? | best -
[b2=25 b1={23}] stage  11.2% (314178273280/2801532240664) | 104.3M/s | stage ETA 6:37:33 | overall ? ETA ? | best -
[b2=25 b1={23}] stage  11.2% (314386939904/2801532240664) | 104.1M/s | stage ETA 6:38:01 | overall ? ETA ? | best -
[b2=25 b1={23}] stage  11.2% (314595012608/2801532240664) | 103.9M/s | stage ETA 6:38:53 | overall ? ETA ? | best -
[b2=25 b1={23}] stage  11.2% (314804957184/2801532240664) | 104.2M/s | stage ETA 6:37:48 | overall ? ETA ? | best -
[b2=25 b1={23}] stage  11.2% (315015282688/2801532240664) | 104.4M/s | stage ETA 6:36:51 | overall ? ETA ? | best -
[b2=25 b1={23}] stage  11.3% (315226009600/2801532240664) | 104.7M/s | stage ETA 6:35:53 | overall ? ETA ? | best -
[b2=25 b1={23}] stage  11.3% (315436294144/2801532240664) | 104.7M/s | stage ETA 6:35:39 | overall ? ETA ? | best -
[b2=25 b1={23}] stage  11.3% (315644841984/2801532240664) | 104.5M/s | stage ETA 6:36:23 | overall ? ETA ? | best -
[b2=25 b1={23}] stage  11.3% (315853963264/2801532240664) | 104.5M/s | stage ETA 6:36:26 | overall ? ETA ? | best -
[b2=25 b1={23}] stage  11.3% (316063514624/2801532240664) | 104.7M/s | stage ETA 6:35:45 | overall ? ETA ? | best -
[b2=25 b1={23}] stage  11.3% (316272304128/2801532240664) | 104.3M/s | stage ETA 6:36:59 | overall ? ETA ? | best -
[b2=25 b1={23}] stage  11.3% (316482039808/2801532240664) | 104.6M/s | stage ETA 6:36:08 | overall ? ETA ? | best -
[b2=25 b1={23}] stage  11.3% (316691738624/2801532240664) | 104.6M/s | stage ETA 6:35:49 | overall ? ETA ? | best -
[b2=25 b1={23}] stage  11.3% (316901679104/2801532240664) | 104.6M/s | stage ETA 6:35:51 | overall ? ETA ? | best -
[b2=25 b1={23}] stage  11.3% (317112483840/2801532240664) | 104.6M/s | stage ETA 6:35:40 | overall ? ETA ? | best -
[b2=25 b1={23}] stage  11.3% (317322199040/2801532240664) | 104.5M/s | stage ETA 6:36:13 | overall ? ETA ? | best -
[b2=25 b1={23}] stage  11.3% (317532594176/2801532240664) | 104.7M/s | stage ETA 6:35:34 | overall ? ETA ? | best -
[b2=25 b1={23}] stage  11.3% (317743042560/2801532240664) | 104.7M/s | stage ETA 6:35:25 | overall ? ETA ? | best -
[b2=25 b1={23}] stage  11.3% (317952651264/2801532240664) | 104.6M/s | stage ETA 6:35:42 | overall ? ETA ? | best -
[b2=25 b1={23}] stage  11.4% (318159904768/2801532240664) | 104.1M/s | stage ETA 6:37:45 | overall ? ETA ? | best -
[b2=25 b1={23}] stage  11.4% (318368018432/2801532240664) | 104.0M/s | stage ETA 6:37:53 | overall ? ETA ? | best -
[b2=25 b1={23}] stage  11.4% (318576816128/2801532240664) | 104.1M/s | stage ETA 6:37:36 | overall ? ETA ? | best -
[b2=25 b1={23}] stage  11.4% (318785236992/2801532240664) | 104.0M/s | stage ETA 6:37:59 | overall ? ETA ? | best -
[b2=25 b1={23}] stage  11.4% (318994309120/2801532240664) | 104.2M/s | stage ETA 6:37:13 | overall ? ETA ? | best -
[b2=25 b1={23}] stage  11.4% (319203102720/2801532240664) | 104.2M/s | stage ETA 6:37:03 | overall ? ETA ? | best -
[b2=25 b1={23}] stage  11.4% (319412629504/2801532240664) | 104.2M/s | stage ETA 6:36:55 | overall ? ETA ? | best -
[b2=25 b1={23}] stage  11.4% (319623163904/2801532240664) | 104.3M/s | stage ETA 6:36:40 | overall ? ETA ? | best -
[b2=25 b1={23}] stage  11.4% (319831109632/2801532240664) | 104.0M/s | stage ETA 6:37:42 | overall ? ETA ? | best -
[b2=25 b1={23}] stage  11.4% (320039505920/2801532240664) | 104.0M/s | stage ETA 6:37:34 | overall ? ETA ? | best -
[b2=25 b1={23}] stage  11.4% (320249405440/2801532240664) | 104.3M/s | stage ETA 6:36:35 | overall ? ETA ? | best -
[b2=25 b1={23}] stage  11.4% (320458661888/2801532240664) | 104.3M/s | stage ETA 6:36:24 | overall ? ETA ? | best -
[b2=25 b1={23}] stage  11.4% (320668872704/2801532240664) | 104.5M/s | stage ETA 6:35:49 | overall ? ETA ? | best -
[b2=25 b1={23}] stage  11.5% (320878329856/2801532240664) | 104.4M/s | stage ETA 6:36:02 | overall ? ETA ? | best -
[b2=25 b1={23}] stage  11.5% (321086562304/2801532240664) | 104.1M/s | stage ETA 6:37:13 | overall ? ETA ? | best -
[b2=25 b1={23}] stage  11.5% (321295245312/2801532240664) | 104.0M/s | stage ETA 6:37:38 | overall ? ETA ? | best -
[b2=25 b1={23}] stage  11.5% (321503690752/2801532240664) | 103.9M/s | stage ETA 6:37:42 | overall ? ETA ? | best -
[b2=25 b1={23}] stage  11.5% (321713098752/2801532240664) | 104.2M/s | stage ETA 6:36:31 | overall ? ETA ? | best -
[b2=25 b1={23}] stage  11.5% (321922428928/2801532240664) | 104.1M/s | stage ETA 6:37:00 | overall ? ETA ? | best -
[b2=25 b1={23}] stage  11.5% (322132287488/2801532240664) | 104.3M/s | stage ETA 6:36:14 | overall ? ETA ? | best -
[b2=25 b1={23}] stage  11.5% (322341941248/2801532240664) | 104.3M/s | stage ETA 6:36:04 | overall ? ETA ? | best -
[b2=25 b1={23}] stage  11.5% (322551238656/2801532240664) | 104.3M/s | stage ETA 6:36:12 | overall ? ETA ? | best -
[b2=25 b1={23}] stage  11.5% (322760196096/2801532240664) | 104.2M/s | stage ETA 6:36:22 | overall ? ETA ? | best -
[b2=25 b1={23}] stage  11.5% (322968850432/2801532240664) | 104.2M/s | stage ETA 6:36:17 | overall ? ETA ? | best -
[b2=25 b1={23}] stage  11.5% (323178663936/2801532240664) | 104.3M/s | stage ETA 6:35:58 | overall ? ETA ? | best -
[b2=25 b1={23}] stage  11.5% (323388776448/2801532240664) | 104.4M/s | stage ETA 6:35:42 | overall ? ETA ? | best -
[b2=25 b1={23}] stage  11.6% (323598327808/2801532240664) | 104.5M/s | stage ETA 6:35:20 | overall ? ETA ? | best -
[b2=25 b1={23}] stage  11.6% (323806457856/2801532240664) | 104.1M/s | stage ETA 6:36:30 | overall ? ETA ? | best -
[b2=25 b1={23}] stage  11.6% (324016021504/2801532240664) | 104.3M/s | stage ETA 6:35:45 | overall ? ETA ? | best -
[b2=25 b1={23}] stage  11.6% (324226027520/2801532240664) | 104.5M/s | stage ETA 6:34:55 | overall ? ETA ? | best -
[b2=25 b1={23}] stage  11.6% (324435832832/2801532240664) | 104.6M/s | stage ETA 6:34:44 | overall ? ETA ? | best -
[b2=25 b1={23}] stage  11.6% (324645834752/2801532240664) | 104.6M/s | stage ETA 6:34:28 | overall ? ETA ? | best -
[b2=25 b1={23}] stage  11.6% (324854956032/2801532240664) | 104.5M/s | stage ETA 6:35:10 | overall ? ETA ? | best -
[b2=25 b1={23}] stage  11.6% (325064851456/2801532240664) | 104.6M/s | stage ETA 6:34:28 | overall ? ETA ? | best -
[b2=25 b1={23}] stage  11.6% (325274152960/2801532240664) | 104.6M/s | stage ETA 6:34:27 | overall ? ETA ? | best -
[b2=25 b1={23}] stage  11.6% (325484204032/2801532240664) | 104.6M/s | stage ETA 6:34:40 | overall ? ETA ? | best -
[b2=25 b1={23}] stage  11.6% (325692919808/2801532240664) | 104.4M/s | stage ETA 6:35:11 | overall ? ETA ? | best -
[b2=25 b1={23}] stage  11.6% (325903278080/2801532240664) | 104.7M/s | stage ETA 6:34:09 | overall ? ETA ? | best -
[b2=25 b1={23}] stage  11.6% (326112718848/2801532240664) | 104.6M/s | stage ETA 6:34:34 | overall ? ETA ? | best -
[b2=25 b1={23}] stage  11.6% (326321446912/2801532240664) | 104.4M/s | stage ETA 6:35:06 | overall ? ETA ? | best -
[b2=25 b1={23}] stage  11.7% (326532014080/2801532240664) | 104.6M/s | stage ETA 6:34:30 | overall ? ETA ? | best -
[b2=25 b1={23}] stage  11.7% (326742003712/2801532240664) | 104.6M/s | stage ETA 6:34:10 | overall ? ETA ? | best -
[b2=25 b1={23}] stage  11.7% (326950641664/2801532240664) | 104.4M/s | stage ETA 6:34:54 | overall ? ETA ? | best -
[b2=25 b1={23}] stage  11.7% (327160811520/2801532240664) | 104.4M/s | stage ETA 6:34:55 | overall ? ETA ? | best -
[b2=25 b1={23}] stage  11.7% (327369707520/2801532240664) | 104.4M/s | stage ETA 6:35:05 | overall ? ETA ? | best -
[b2=25 b1={23}] stage  11.7% (327578365952/2801532240664) | 104.2M/s | stage ETA 6:35:35 | overall ? ETA ? | best -
[b2=25 b1={23}] stage  11.7% (327787552768/2801532240664) | 104.2M/s | stage ETA 6:35:43 | overall ? ETA ? | best -
[b2=25 b1={23}] stage  11.7% (327996608512/2801532240664) | 104.2M/s | stage ETA 6:35:49 | overall ? ETA ? | best -
[b2=25 b1={23}] stage  11.7% (328205340672/2801532240664) | 104.0M/s | stage ETA 6:36:22 | overall ? ETA ? | best -
[b2=25 b1={23}] stage  11.7% (328416083968/2801532240664) | 104.4M/s | stage ETA 6:34:59 | overall ? ETA ? | best -
[b2=25 b1={23}] stage  11.7% (328626425856/2801532240664) | 104.5M/s | stage ETA 6:34:17 | overall ? ETA ? | best -
[b2=25 b1={23}] stage  11.7% (328837140480/2801532240664) | 104.5M/s | stage ETA 6:34:16 | overall ? ETA ? | best -
[b2=25 b1={23}] stage  11.7% (329047138304/2801532240664) | 104.5M/s | stage ETA 6:34:24 | overall ? ETA ? | best -
[b2=25 b1={23}] stage  11.8% (329253785600/2801532240664) | 103.8M/s | stage ETA 6:36:52 | overall ? ETA ? | best -
[b2=25 b1={23}] stage  11.8% (329461977088/2801532240664) | 103.9M/s | stage ETA 6:36:28 | overall ? ETA ? | best -
[b2=25 b1={23}] stage  11.8% (329670168576/2801532240664) | 103.8M/s | stage ETA 6:36:51 | overall ? ETA ? | best -
[b2=25 b1={23}] stage  11.8% (329879289856/2801532240664) | 104.0M/s | stage ETA 6:35:55 | overall ? ETA ? | best -
[b2=25 b1={23}] stage  11.8% (330089238528/2801532240664) | 104.3M/s | stage ETA 6:34:51 | overall ? ETA ? | best -
[b2=25 b1={23}] stage  11.8% (330299043840/2801532240664) | 104.3M/s | stage ETA 6:34:42 | overall ? ETA ? | best -
[b2=25 b1={23}] stage  11.8% (330507669504/2801532240664) | 104.0M/s | stage ETA 6:35:53 | overall ? ETA ? | best -
[b2=25 b1={23}] stage  11.8% (330716815360/2801532240664) | 104.1M/s | stage ETA 6:35:35 | overall ? ETA ? | best -
[b2=25 b1={23}] stage  11.8% (330926641152/2801532240664) | 104.2M/s | stage ETA 6:35:15 | overall ? ETA ? | best -
[b2=25 b1={23}] stage  11.8% (331135520768/2801532240664) | 104.3M/s | stage ETA 6:34:50 | overall ? ETA ? | best -
[b2=25 b1={23}] stage  11.8% (331345420288/2801532240664) | 104.3M/s | stage ETA 6:34:38 | overall ? ETA ? | best -
[b2=25 b1={23}] stage  11.8% (331554549760/2801532240664) | 104.3M/s | stage ETA 6:34:35 | overall ? ETA ? | best -
[b2=25 b1={23}] stage  11.8% (331763920896/2801532240664) | 104.2M/s | stage ETA 6:34:51 | overall ? ETA ? | best -
[b2=25 b1={23}] stage  11.8% (331973152768/2801532240664) | 104.2M/s | stage ETA 6:34:49 | overall ? ETA ? | best -
[b2=25 b1={23}] stage  11.9% (332182327296/2801532240664) | 104.2M/s | stage ETA 6:35:08 | overall ? ETA ? | best -
[b2=25 b1={23}] stage  11.9% (332391129088/2801532240664) | 104.2M/s | stage ETA 6:34:52 | overall ? ETA ? | best -
[b2=25 b1={23}] stage  11.9% (332599181312/2801532240664) | 103.8M/s | stage ETA 6:36:17 | overall ? ETA ? | best -
[b2=25 b1={23}] stage  11.9% (332808310784/2801532240664) | 104.0M/s | stage ETA 6:35:27 | overall ? ETA ? | best -
[b2=25 b1={23}] stage  11.9% (333016276992/2801532240664) | 103.9M/s | stage ETA 6:36:04 | overall ? ETA ? | best -
[b2=25 b1={23}] stage  11.9% (333225824256/2801532240664) | 104.1M/s | stage ETA 6:35:07 | overall ? ETA ? | best -
[b2=25 b1={23}] stage  11.9% (333434314752/2801532240664) | 104.1M/s | stage ETA 6:35:19 | overall ? ETA ? | best -
[b2=25 b1={23}] stage  11.9% (333644824576/2801532240664) | 104.3M/s | stage ETA 6:34:15 | overall ? ETA ? | best -
[b2=25 b1={23}] stage  11.9% (333853696000/2801532240664) | 104.1M/s | stage ETA 6:35:01 | overall ? ETA ? | best -
[b2=25 b1={23}] stage  11.9% (334061563904/2801532240664) | 103.9M/s | stage ETA 6:35:42 | overall ? ETA ? | best -
[b2=25 b1={23}] stage  11.9% (334269083648/2801532240664) | 103.8M/s | stage ETA 6:36:18 | overall ? ETA ? | best -
[b2=25 b1={23}] stage  11.9% (334476754944/2801532240664) | 103.6M/s | stage ETA 6:36:45 | overall ? ETA ? | best -
[b2=25 b1={23}] stage  11.9% (334684962816/2801532240664) | 103.6M/s | stage ETA 6:36:52 | overall ? ETA ? | best -
[b2=25 b1={23}] stage  12.0% (334893465600/2801532240664) | 103.7M/s | stage ETA 6:36:21 | overall ? ETA ? | best -
[b2=25 b1={23}] stage  12.0% (335102472192/2801532240664) | 103.8M/s | stage ETA 6:35:58 | overall ? ETA ? | best -
[b2=25 b1={23}] stage  12.0% (335311953920/2801532240664) | 103.9M/s | stage ETA 6:35:37 | overall ? ETA ? | best -
[b2=25 b1={23}] stage  12.0% (335520751616/2801532240664) | 104.1M/s | stage ETA 6:34:51 | overall ? ETA ? | best -
[b2=25 b1={23}] stage  12.0% (335729872896/2801532240664) | 104.1M/s | stage ETA 6:34:37 | overall ? ETA ? | best -
[b2=25 b1={23}] stage  12.0% (335939768320/2801532240664) | 104.2M/s | stage ETA 6:34:22 | overall ? ETA ? | best -
[b2=25 b1={23}] stage  12.0% (336149495808/2801532240664) | 104.5M/s | stage ETA 6:33:21 | overall ? ETA ? | best -
[b2=25 b1={23}] stage  12.0% (336357904384/2801532240664) | 104.2M/s | stage ETA 6:34:13 | overall ? ETA ? | best -
[b2=25 b1={23}] stage  12.0% (336566706176/2801532240664) | 104.1M/s | stage ETA 6:34:38 | overall ? ETA ? | best -
[b2=25 b1={23}] stage  12.0% (336775831552/2801532240664) | 104.3M/s | stage ETA 6:33:59 | overall ? ETA ? | best -
[b2=25 b1={23}] stage  12.0% (336977489920/2801532240664) | 102.4M/s | stage ETA 6:40:58 | overall ? ETA ? | best -
[b2=25 b1={23}] stage  12.0% (337185853440/2801532240664) | 103.0M/s | stage ETA 6:38:44 | overall ? ETA ? | best -
[b2=25 b1={23}] stage  12.0% (337392939008/2801532240664) | 103.1M/s | stage ETA 6:38:16 | overall ? ETA ? | best -
[b2=25 b1={23}] stage  12.1% (337601052672/2801532240664) | 103.5M/s | stage ETA 6:36:51 | overall ? ETA ? | best -
[b2=25 b1={23}] stage  12.1% (337808777216/2801532240664) | 103.4M/s | stage ETA 6:36:56 | overall ? ETA ? | best -
[b2=25 b1={23}] stage  12.1% (338015703040/2801532240664) | 103.3M/s | stage ETA 6:37:35 | overall ? ETA ? | best -
[b2=25 b1={23}] stage  12.1% (338223927296/2801532240664) | 103.4M/s | stage ETA 6:37:01 | overall ? ETA ? | best -
[b2=25 b1={23}] stage  12.1% (338429579264/2801532240664) | 102.9M/s | stage ETA 6:38:50 | overall ? ETA ? | best -
[b2=25 b1={23}] stage  12.1% (338636333056/2801532240664) | 103.0M/s | stage ETA 6:38:25 | overall ? ETA ? | best -
[b2=25 b1={23}] stage  12.1% (338844438528/2801532240664) | 103.4M/s | stage ETA 6:36:53 | overall ? ETA ? | best -
[b2=25 b1={23}] stage  12.1% (339052957696/2801532240664) | 103.6M/s | stage ETA 6:36:15 | overall ? ETA ? | best -
[b2=25 b1={23}] stage  12.1% (339242332160/2801532240664) | 99.1M/s | stage ETA 6:54:15 | overall ? ETA ? | best -
[b2=25 b1={23}] stage  12.1% (339440222208/2801532240664) | 98.9M/s | stage ETA 6:54:45 | overall ? ETA ? | best -
[b2=25 b1={23}] stage  12.1% (339647041536/2801532240664) | 101.0M/s | stage ETA 6:46:18 | overall ? ETA ? | best -
[b2=25 b1={23}] stage  12.1% (339853606912/2801532240664) | 102.0M/s | stage ETA 6:42:19 | overall ? ETA ? | best -
[b2=25 b1={23}] stage  12.1% (340062507008/2801532240664) | 103.0M/s | stage ETA 6:38:17 | overall ? ETA ? | best -
[b2=25 b1={23}] stage  12.1% (340269699072/2801532240664) | 103.2M/s | stage ETA 6:37:35 | overall ? ETA ? | best -
[b2=25 b1={23}] stage  12.2% (340477997056/2801532240664) | 103.4M/s | stage ETA 6:36:42 | overall ? ETA ? | best -
[b2=25 b1={23}] stage  12.2% (340686282752/2801532240664) | 103.7M/s | stage ETA 6:35:30 | overall ? ETA ? | best -
[b2=25 b1={23}] stage  12.2% (340893986816/2801532240664) | 103.7M/s | stage ETA 6:35:22 | overall ? ETA ? | best -
[b2=25 b1={23}] stage  12.2% (341102940160/2801532240664) | 103.9M/s | stage ETA 6:34:48 | overall ? ETA ? | best -
[b2=25 b1={23}] stage  12.2% (341307416576/2801532240664) | 103.0M/s | stage ETA 6:37:57 | overall ? ETA ? | best -
[b2=25 b1={23}] stage  12.2% (341509132288/2801532240664) | 101.9M/s | stage ETA 6:42:21 | overall ? ETA ? | best -
[b2=25 b1={23}] stage  12.2% (341714980864/2801532240664) | 102.4M/s | stage ETA 6:40:18 | overall ? ETA ? | best -
[b2=25 b1={23}] stage  12.2% (341922861056/2801532240664) | 102.9M/s | stage ETA 6:38:28 | overall ? ETA ? | best -
[b2=25 b1={23}] stage  12.2% (342131347456/2801532240664) | 103.2M/s | stage ETA 6:37:15 | overall ? ETA ? | best -
[b2=25 b1={23}] stage  12.2% (342339919872/2801532240664) | 103.5M/s | stage ETA 6:36:07 | overall ? ETA ? | best -
[b2=25 b1={23}] stage  12.2% (342546178048/2801532240664) | 103.2M/s | stage ETA 6:36:57 | overall ? ETA ? | best -
[b2=25 b1={23}] stage  12.2% (342754570240/2801532240664) | 103.6M/s | stage ETA 6:35:22 | overall ? ETA ? | best -
[b2=25 b1={23}] stage  12.2% (342962810880/2801532240664) | 103.7M/s | stage ETA 6:34:59 | overall ? ETA ? | best -
[b2=25 b1={23}] stage  12.2% (343171104768/2801532240664) | 103.9M/s | stage ETA 6:34:31 | overall ? ETA ? | best -
[b2=25 b1={23}] stage  12.3% (343379628032/2801532240664) | 104.0M/s | stage ETA 6:33:45 | overall ? ETA ? | best -
[b2=25 b1={23}] stage  12.3% (343588294656/2801532240664) | 104.1M/s | stage ETA 6:33:37 | overall ? ETA ? | best -
[b2=25 b1={23}] stage  12.3% (343797747712/2801532240664) | 104.1M/s | stage ETA 6:33:18 | overall ? ETA ? | best -
[b2=25 b1={23}] stage  12.3% (344006967296/2801532240664) | 104.2M/s | stage ETA 6:33:06 | overall ? ETA ? | best -
[b2=25 b1={23}] stage  12.3% (344214659072/2801532240664) | 103.9M/s | stage ETA 6:34:15 | overall ? ETA ? | best -
[b2=25 b1={23}] stage  12.3% (344422408192/2801532240664) | 103.7M/s | stage ETA 6:35:00 | overall ? ETA ? | best -
[b2=25 b1={23}] stage  12.3% (344630857728/2801532240664) | 103.6M/s | stage ETA 6:35:12 | overall ? ETA ? | best -
[b2=25 b1={23}] stage  12.3% (344838631424/2801532240664) | 103.5M/s | stage ETA 6:35:33 | overall ? ETA ? | best -
[b2=25 b1={23}] stage  12.3% (345047486464/2801532240664) | 103.7M/s | stage ETA 6:34:56 | overall ? ETA ? | best -
[b2=25 b1={23}] stage  12.3% (345250598912/2801532240664) | 102.6M/s | stage ETA 6:39:00 | overall ? ETA ? | best -
[b2=25 b1={23}] stage  12.3% (345458323456/2801532240664) | 103.1M/s | stage ETA 6:37:11 | overall ? ETA ? | best -
[b2=25 b1={23}] stage  12.3% (345666048000/2801532240664) | 103.3M/s | stage ETA 6:36:02 | overall ? ETA ? | best -
[b2=25 b1={23}] stage  12.3% (345873432576/2801532240664) | 103.2M/s | stage ETA 6:36:29 | overall ? ETA ? | best -
[b2=25 b1={23}] stage  12.4% (346082586624/2801532240664) | 103.6M/s | stage ETA 6:35:01 | overall ? ETA ? | best -
[b2=25 b1={23}] stage  12.4% (346292133888/2801532240664) | 103.8M/s | stage ETA 6:34:22 | overall ? ETA ? | best -
[b2=25 b1={23}] stage  12.4% (346501255168/2801532240664) | 104.0M/s | stage ETA 6:33:32 | overall ? ETA ? | best -
[b2=25 b1={23}] stage  12.4% (346709340160/2801532240664) | 104.0M/s | stage ETA 6:33:29 | overall ? ETA ? | best -
[b2=25 b1={23}] stage  12.4% (346917216256/2801532240664) | 103.7M/s | stage ETA 6:34:24 | overall ? ETA ? | best -
[b2=25 b1={23}] stage  12.4% (347125612544/2801532240664) | 103.7M/s | stage ETA 6:34:22 | overall ? ETA ? | best -
[b2=25 b1={23}] stage  12.4% (347334840320/2801532240664) | 103.9M/s | stage ETA 6:33:31 | overall ? ETA ? | best -
[b2=25 b1={23}] stage  12.4% (347543351296/2801532240664) | 103.8M/s | stage ETA 6:34:12 | overall ? ETA ? | best -
[b2=25 b1={23}] stage  12.4% (347751456768/2801532240664) | 103.9M/s | stage ETA 6:33:39 | overall ? ETA ? | best -
[b2=25 b1={23}] stage  12.4% (347960766464/2801532240664) | 104.0M/s | stage ETA 6:33:09 | overall ? ETA ? | best -
[b2=25 b1={23}] stage  12.4% (348168327168/2801532240664) | 103.9M/s | stage ETA 6:33:36 | overall ? ETA ? | best -
[b2=25 b1={23}] stage  12.4% (348376653824/2801532240664) | 104.0M/s | stage ETA 6:33:14 | overall ? ETA ? | best -
[b2=25 b1={23}] stage  12.4% (348585426944/2801532240664) | 103.9M/s | stage ETA 6:33:24 | overall ? ETA ? | best -
[b2=25 b1={23}] stage  12.5% (348793401344/2801532240664) | 103.6M/s | stage ETA 6:34:26 | overall ? ETA ? | best -
[b2=25 b1={23}] stage  12.5% (349003685888/2801532240664) | 104.0M/s | stage ETA 6:32:53 | overall ? ETA ? | best -
[b2=25 b1={23}] stage  12.5% (349210546176/2801532240664) | 103.7M/s | stage ETA 6:34:09 | overall ? ETA ? | best -
[b2=25 b1={23}] stage  12.5% (349419130880/2801532240664) | 103.8M/s | stage ETA 6:33:44 | overall ? ETA ? | best -
[b2=25 b1={23}] stage  12.5% (349627150336/2801532240664) | 103.7M/s | stage ETA 6:34:02 | overall ? ETA ? | best -
[b2=25 b1={23}] stage  12.5% (349835378688/2801532240664) | 103.7M/s | stage ETA 6:34:01 | overall ? ETA ? | best -
[b2=25 b1={23}] stage  12.5% (350043181056/2801532240664) | 103.5M/s | stage ETA 6:34:36 | overall ? ETA ? | best -
[b2=25 b1={23}] stage  12.5% (350251540480/2801532240664) | 103.8M/s | stage ETA 6:33:24 | overall ? ETA ? | best -
[b2=25 b1={23}] stage  12.5% (350459740160/2801532240664) | 103.7M/s | stage ETA 6:33:50 | overall ? ETA ? | best -
[b2=25 b1={23}] stage  12.5% (350668775424/2801532240664) | 103.7M/s | stage ETA 6:33:46 | overall ? ETA ? | best -
[b2=25 b1={23}] stage  12.5% (350876438528/2801532240664) | 103.8M/s | stage ETA 6:33:35 | overall ? ETA ? | best -
[b2=25 b1={23}] stage  12.5% (351084687360/2801532240664) | 103.7M/s | stage ETA 6:33:51 | overall ? ETA ? | best -
[b2=25 b1={23}] stage  12.5% (351292170240/2801532240664) | 103.5M/s | stage ETA 6:34:28 | overall ? ETA ? | best -
[b2=25 b1={23}] stage  12.5% (351500394496/2801532240664) | 103.6M/s | stage ETA 6:34:15 | overall ? ETA ? | best -
[b2=25 b1={23}] stage  12.6% (351708168192/2801532240664) | 103.6M/s | stage ETA 6:34:05 | overall ? ETA ? | best -
[b2=25 b1={23}] stage  12.6% (351916408832/2801532240664) | 103.5M/s | stage ETA 6:34:19 | overall ? ETA ? | best -
[b2=25 b1={23}] stage  12.6% (352124522496/2801532240664) | 103.8M/s | stage ETA 6:33:28 | overall ? ETA ? | best -
[b2=25 b1={23}] stage  12.6% (352332345344/2801532240664) | 103.6M/s | stage ETA 6:34:07 | overall ? ETA ? | best -
[b2=25 b1={23}] stage  12.6% (352542101504/2801532240664) | 103.9M/s | stage ETA 6:32:47 | overall ? ETA ? | best -
[b2=25 b1={23}] stage  12.6% (352750768128/2801532240664) | 103.9M/s | stage ETA 6:32:56 | overall ? ETA ? | best -
[b2=25 b1={23}] stage  12.6% (352953303040/2801532240664) | 102.4M/s | stage ETA 6:38:42 | overall ? ETA ? | best -
[b2=25 b1={23}] stage  12.6% (353157332992/2801532240664) | 101.7M/s | stage ETA 6:41:04 | overall ? ETA ? | best -
[b2=25 b1={23}] stage  12.6% (353364819968/2801532240664) | 102.6M/s | stage ETA 6:37:49 | overall ? ETA ? | best -
[b2=25 b1={23}] stage  12.6% (353572175872/2801532240664) | 102.9M/s | stage ETA 6:36:38 | overall ? ETA ? | best -
[b2=25 b1={23}] stage  12.6% (353776267264/2801532240664) | 102.2M/s | stage ETA 6:39:10 | overall ? ETA ? | best -
[b2=25 b1={23}] stage  12.6% (353982898176/2801532240664) | 102.5M/s | stage ETA 6:37:58 | overall ? ETA ? | best -
[b2=25 b1={23}] stage  12.6% (354190680064/2801532240664) | 103.1M/s | stage ETA 6:35:31 | overall ? ETA ? | best -
[b2=25 b1={23}] stage  12.7% (354399031296/2801532240664) | 103.4M/s | stage ETA 6:34:28 | overall ? ETA ? | best -
[b2=25 b1={23}] stage  12.7% (354606637056/2801532240664) | 103.6M/s | stage ETA 6:33:47 | overall ? ETA ? | best -
[b2=25 b1={23}] stage  12.7% (354815414272/2801532240664) | 103.9M/s | stage ETA 6:32:35 | overall ? ETA ? | best -
[b2=25 b1={23}] stage  12.7% (355019448320/2801532240664) | 102.9M/s | stage ETA 6:36:15 | overall ? ETA ? | best -
[b2=25 b1={23}] stage  12.7% (355227406336/2801532240664) | 103.4M/s | stage ETA 6:34:20 | overall ? ETA ? | best -
[b2=25 b1={23}] stage  12.7% (355435094016/2801532240664) | 103.5M/s | stage ETA 6:33:45 | overall ? ETA ? | best -
[b2=25 b1={23}] stage  12.7% (355643465728/2801532240664) | 103.6M/s | stage ETA 6:33:28 | overall ? ETA ? | best -
[b2=25 b1={23}] stage  12.7% (355851763712/2801532240664) | 103.6M/s | stage ETA 6:33:25 | overall ? ETA ? | best -
[b2=25 b1={23}] stage  12.7% (356059996160/2801532240664) | 103.6M/s | stage ETA 6:33:29 | overall ? ETA ? | best -
[b2=25 b1={23}] stage  12.7% (356268634112/2801532240664) | 103.8M/s | stage ETA 6:32:42 | overall ? ETA ? | best -
[b2=25 b1={23}] stage  12.7% (356477194240/2801532240664) | 103.9M/s | stage ETA 6:32:20 | overall ? ETA ? | best -
[b2=25 b1={23}] stage  12.7% (356685156352/2801532240664) | 103.6M/s | stage ETA 6:33:12 | overall ? ETA ? | best -
[b2=25 b1={23}] stage  12.7% (356893257728/2801532240664) | 103.6M/s | stage ETA 6:33:07 | overall ? ETA ? | best -
[b2=25 b1={23}] stage  12.7% (357101281280/2801532240664) | 103.6M/s | stage ETA 6:33:19 | overall ? ETA ? | best -
[b2=25 b1={23}] stage  12.8% (357308936192/2801532240664) | 103.5M/s | stage ETA 6:33:41 | overall ? ETA ? | best -
[b2=25 b1={23}] stage  12.8% (357516541952/2801532240664) | 103.4M/s | stage ETA 6:33:46 | overall ? ETA ? | best -
[b2=25 b1={23}] stage  12.8% (357725470720/2801532240664) | 103.7M/s | stage ETA 6:32:35 | overall ? ETA ? | best -
[b2=25 b1={23}] stage  12.8% (357933924352/2801532240664) | 103.7M/s | stage ETA 6:32:34 | overall ? ETA ? | best -
[b2=25 b1={23}] stage  12.8% (358141718528/2801532240664) | 103.6M/s | stage ETA 6:33:07 | overall ? ETA ? | best -
[b2=25 b1={23}] stage  12.8% (358350028800/2801532240664) | 103.6M/s | stage ETA 6:32:58 | overall ? ETA ? | best -
[b2=25 b1={23}] stage  12.8% (358557380608/2801532240664) | 103.5M/s | stage ETA 6:33:17 | overall ? ETA ? | best -
[b2=25 b1={23}] stage  12.8% (358765625344/2801532240664) | 103.6M/s | stage ETA 6:33:07 | overall ? ETA ? | best -
[b2=25 b1={23}] stage  12.8% (358972747776/2801532240664) | 103.3M/s | stage ETA 6:34:04 | overall ? ETA ? | best -
[b2=25 b1={23}] stage  12.8% (359179767808/2801532240664) | 103.3M/s | stage ETA 6:34:10 | overall ? ETA ? | best -
[b2=25 b1={23}] stage  12.8% (359388110848/2801532240664) | 103.5M/s | stage ETA 6:33:08 | overall ? ETA ? | best -
[b2=25 b1={23}] stage  12.8% (359591886848/2801532240664) | 102.6M/s | stage ETA 6:36:41 | overall ? ETA ? | best -
[b2=25 b1={23}] stage  12.8% (359800889344/2801532240664) | 103.3M/s | stage ETA 6:33:47 | overall ? ETA ? | best -
[b2=25 b1={23}] stage  12.9% (360009277440/2801532240664) | 103.7M/s | stage ETA 6:32:24 | overall ? ETA ? | best -
[b2=25 b1={23}] stage  12.9% (360218210304/2801532240664) | 103.9M/s | stage ETA 6:31:40 | overall ? ETA ? | best -
[b2=25 b1={23}] stage  12.9% (360426663936/2801532240664) | 103.8M/s | stage ETA 6:31:55 | overall ? ETA ? | best -
[b2=25 b1={23}] stage  12.9% (360635748352/2801532240664) | 104.0M/s | stage ETA 6:31:15 | overall ? ETA ? | best -
[b2=25 b1={23}] stage  12.9% (360843763712/2801532240664) | 103.7M/s | stage ETA 6:32:11 | overall ? ETA ? | best -
[b2=25 b1={23}] stage  12.9% (361051996160/2801532240664) | 103.8M/s | stage ETA 6:31:40 | overall ? ETA ? | best -
[b2=25 b1={23}] stage  12.9% (361260691456/2801532240664) | 103.8M/s | stage ETA 6:31:39 | overall ? ETA ? | best -
[b2=25 b1={23}] stage  12.9% (361469550592/2801532240664) | 103.9M/s | stage ETA 6:31:31 | overall ? ETA ? | best -
[b2=25 b1={23}] stage  12.9% (361677254656/2801532240664) | 103.7M/s | stage ETA 6:31:57 | overall ? ETA ? | best -
[b2=25 b1={23}] stage  12.9% (361886437376/2801532240664) | 104.0M/s | stage ETA 6:30:58 | overall ? ETA ? | best -
[b2=25 b1={23}] stage  12.9% (362095194112/2801532240664) | 103.9M/s | stage ETA 6:31:12 | overall ? ETA ? | best -
[b2=25 b1={23}] stage  12.9% (362303418368/2801532240664) | 103.8M/s | stage ETA 6:31:48 | overall ? ETA ? | best -
[b2=25 b1={23}] stage  12.9% (362511499264/2801532240664) | 103.7M/s | stage ETA 6:31:55 | overall ? ETA ? | best -
[b2=25 b1={23}] stage  12.9% (362721624064/2801532240664) | 104.0M/s | stage ETA 6:30:56 | overall ? ETA ? | best -
[b2=25 b1={23}] stage  13.0% (362931920896/2801532240664) | 104.1M/s | stage ETA 6:30:27 | overall ? ETA ? | best -
[b2=25 b1={23}] stage  13.0% (363140083712/2801532240664) | 103.9M/s | stage ETA 6:31:17 | overall ? ETA ? | best -
[b2=25 b1={23}] stage  13.0% (363349286912/2801532240664) | 103.9M/s | stage ETA 6:31:11 | overall ? ETA ? | best -
[b2=25 b1={23}] stage  13.0% (363556818944/2801532240664) | 103.6M/s | stage ETA 6:32:20 | overall ? ETA ? | best -
[b2=25 b1={23}] stage  13.0% (363764150272/2801532240664) | 103.3M/s | stage ETA 6:33:10 | overall ? ETA ? | best -
[b2=25 b1={23}] stage  13.0% (363971764224/2801532240664) | 103.3M/s | stage ETA 6:33:16 | overall ? ETA ? | best -
[b2=25 b1={23}] stage  13.0% (364179673088/2801532240664) | 103.6M/s | stage ETA 6:32:16 | overall ? ETA ? | best -
[b2=25 b1={23}] stage  13.0% (364387921920/2801532240664) | 103.7M/s | stage ETA 6:31:43 | overall ? ETA ? | best -
[b2=25 b1={23}] stage  13.0% (364596400128/2801532240664) | 103.8M/s | stage ETA 6:31:17 | overall ? ETA ? | best -
[b2=25 b1={23}] stage  13.0% (364806184960/2801532240664) | 104.1M/s | stage ETA 6:30:17 | overall ? ETA ? | best -
[b2=25 b1={23}] stage  13.0% (365014351872/2801532240664) | 104.1M/s | stage ETA 6:30:16 | overall ? ETA ? | best -
[b2=25 b1={23}] stage  13.0% (365222068224/2801532240664) | 103.9M/s | stage ETA 6:30:51 | overall ? ETA ? | best -
[b2=25 b1={23}] stage  13.0% (365430059008/2801532240664) | 103.7M/s | stage ETA 6:31:39 | overall ? ETA ? | best -
[b2=25 b1={23}] stage  13.1% (365639471104/2801532240664) | 103.8M/s | stage ETA 6:31:08 | overall ? ETA ? | best -
[b2=25 b1={23}] stage  13.1% (365849001984/2801532240664) | 104.1M/s | stage ETA 6:30:00 | overall ? ETA ? | best -
[b2=25 b1={23}] stage  13.1% (366057136128/2801532240664) | 103.9M/s | stage ETA 6:30:31 | overall ? ETA ? | best -
[b2=25 b1={23}] stage  13.1% (366265561088/2801532240664) | 103.9M/s | stage ETA 6:30:30 | overall ? ETA ? | best -
[b2=25 b1={23}] stage  13.1% (366474612736/2801532240664) | 104.0M/s | stage ETA 6:30:07 | overall ? ETA ? | best -
[b2=25 b1={23}] stage  13.1% (366682931200/2801532240664) | 104.0M/s | stage ETA 6:30:15 | overall ? ETA ? | best -
[b2=25 b1={23}] stage  13.1% (366892630016/2801532240664) | 104.2M/s | stage ETA 6:29:34 | overall ? ETA ? | best -
[b2=25 b1={23}] stage  13.1% (367101739008/2801532240664) | 104.1M/s | stage ETA 6:29:51 | overall ? ETA ? | best -
[b2=25 b1={23}] stage  13.1% (367310700544/2801532240664) | 104.1M/s | stage ETA 6:29:51 | overall ? ETA ? | best -
[b2=25 b1={23}] stage  13.1% (367517282304/2801532240664) | 103.5M/s | stage ETA 6:31:46 | overall ? ETA ? | best -
[b2=25 b1={23}] stage  13.1% (367725944832/2801532240664) | 103.7M/s | stage ETA 6:31:14 | overall ? ETA ? | best -
[b2=25 b1={23}] stage  13.1% (367933116416/2801532240664) | 103.5M/s | stage ETA 6:31:48 | overall ? ETA ? | best -
[b2=25 b1={23}] stage  13.1% (368142213120/2801532240664) | 103.9M/s | stage ETA 6:30:12 | overall ? ETA ? | best -
[b2=25 b1={23}] stage  13.1% (368351408128/2801532240664) | 104.1M/s | stage ETA 6:29:33 | overall ? ETA ? | best -
[b2=25 b1={23}] stage  13.2% (368560963584/2801532240664) | 104.2M/s | stage ETA 6:29:05 | overall ? ETA ? | best -
[b2=25 b1={23}] stage  13.2% (368770420736/2801532240664) | 104.2M/s | stage ETA 6:29:12 | overall ? ETA ? | best -
[b2=25 b1={23}] stage  13.2% (368977739776/2801532240664) | 103.9M/s | stage ETA 6:30:20 | overall ? ETA ? | best -
[b2=25 b1={23}] stage  13.2% (369185189888/2801532240664) | 103.8M/s | stage ETA 6:30:35 | overall ? ETA ? | best -
[b2=25 b1={23}] stage  13.2% (369392746496/2801532240664) | 103.7M/s | stage ETA 6:30:54 | overall ? ETA ? | best -
[b2=25 b1={23}] stage  13.2% (369600208896/2801532240664) | 103.6M/s | stage ETA 6:31:10 | overall ? ETA ? | best -
[b2=25 b1={23}] stage  13.2% (369808007168/2801532240664) | 103.6M/s | stage ETA 6:31:09 | overall ? ETA ? | best -
[b2=25 b1={23}] stage  13.2% (370015428608/2801532240664) | 103.4M/s | stage ETA 6:31:55 | overall ? ETA ? | best -
[b2=25 b1={23}] stage  13.2% (370223951872/2801532240664) | 103.7M/s | stage ETA 6:30:40 | overall ? ETA ? | best -
[b2=25 b1={23}] stage  13.2% (370432344064/2801532240664) | 103.7M/s | stage ETA 6:30:45 | overall ? ETA ? | best -
[b2=25 b1={23}] stage  13.2% (370638692352/2801532240664) | 103.3M/s | stage ETA 6:32:13 | overall ? ETA ? | best -
[b2=25 b1={23}] stage  13.2% (370846699520/2801532240664) | 103.4M/s | stage ETA 6:31:37 | overall ? ETA ? | best -
[b2=25 b1={23}] stage  13.2% (371055419392/2801532240664) | 103.6M/s | stage ETA 6:31:03 | overall ? ETA ? | best -
[b2=25 b1={23}] stage  13.3% (371264090112/2801532240664) | 103.6M/s | stage ETA 6:30:52 | overall ? ETA ? | best -
[b2=25 b1={23}] stage  13.3% (371471237120/2801532240664) | 103.5M/s | stage ETA 6:31:10 | overall ? ETA ? | best -
[b2=25 b1={23}] stage  13.3% (371680030720/2801532240664) | 103.6M/s | stage ETA 6:30:49 | overall ? ETA ? | best -
[b2=25 b1={23}] stage  13.3% (371889082368/2801532240664) | 103.7M/s | stage ETA 6:30:19 | overall ? ETA ? | best -
[b2=25 b1={23}] stage  13.3% (372097503232/2801532240664) | 103.9M/s | stage ETA 6:29:49 | overall ? ETA ? | best -
[b2=25 b1={23}] stage  13.3% (372307390464/2801532240664) | 104.0M/s | stage ETA 6:29:25 | overall ? ETA ? | best -
[b2=25 b1={23}] stage  13.3% (372514103296/2801532240664) | 103.6M/s | stage ETA 6:30:40 | overall ? ETA ? | best -
[b2=25 b1={23}] stage  13.3% (372718833664/2801532240664) | 102.9M/s | stage ETA 6:33:28 | overall ? ETA ? | best -
[b2=25 b1={23}] stage  13.3% (372921737216/2801532240664) | 101.9M/s | stage ETA 6:37:10 | overall ? ETA ? | best -
[b2=25 b1={23}] stage  13.3% (373130764288/2801532240664) | 102.8M/s | stage ETA 6:33:35 | overall ? ETA ? | best -
[b2=25 b1={23}] stage  13.3% (373337604096/2801532240664) | 103.0M/s | stage ETA 6:32:52 | overall ? ETA ? | best -
[b2=25 b1={23}] stage  13.3% (373544591360/2801532240664) | 103.2M/s | stage ETA 6:32:12 | overall ? ETA ? | best -
[b2=25 b1={23}] stage  13.3% (373753069568/2801532240664) | 103.4M/s | stage ETA 6:31:08 | overall ? ETA ? | best -
[b2=25 b1={23}] stage  13.3% (373960699904/2801532240664) | 103.6M/s | stage ETA 6:30:33 | overall ? ETA ? | best -
[b2=25 b1={23}] stage  13.4% (374168895488/2801532240664) | 103.6M/s | stage ETA 6:30:21 | overall ? ETA ? | best -
[b2=25 b1={23}] stage  13.4% (374376112128/2801532240664) | 103.5M/s | stage ETA 6:30:48 | overall ? ETA ? | best -
[b2=25 b1={23}] stage  13.4% (374583726080/2801532240664) | 103.7M/s | stage ETA 6:30:14 | overall ? ETA ? | best -
[b2=25 b1={23}] stage  13.4% (374791307264/2801532240664) | 103.6M/s | stage ETA 6:30:23 | overall ? ETA ? | best -
[b2=25 b1={23}] stage  13.4% (375000293376/2801532240664) | 103.9M/s | stage ETA 6:29:16 | overall ? ETA ? | best -
[b2=25 b1={23}] stage  13.4% (375208460288/2801532240664) | 103.7M/s | stage ETA 6:30:01 | overall ? ETA ? | best -
[b2=25 b1={23}] stage  13.4% (375416410112/2801532240664) | 103.6M/s | stage ETA 6:30:28 | overall ? ETA ? | best -
[b2=25 b1={23}] stage  13.4% (375625326592/2801532240664) | 103.8M/s | stage ETA 6:29:24 | overall ? ETA ? | best -
[b2=25 b1={23}] stage  13.4% (375833710592/2801532240664) | 103.7M/s | stage ETA 6:29:59 | overall ? ETA ? | best -
[b2=25 b1={23}] stage  13.4% (376041873408/2801532240664) | 103.6M/s | stage ETA 6:30:14 | overall ? ETA ? | best -
[b2=25 b1={23}] stage  13.4% (376228556800/2801532240664) | 97.7M/s | stage ETA 6:53:32 | overall ? ETA ? | best -
[b2=25 b1={23}] stage  13.4% (376425930752/2801532240664) | 97.9M/s | stage ETA 6:52:49 | overall ? ETA ? | best -
[b2=25 b1={23}] stage  13.4% (376633847808/2801532240664) | 100.8M/s | stage ETA 6:40:45 | overall ? ETA ? | best -
[b2=25 b1={23}] stage  13.5% (376842256384/2801532240664) | 102.4M/s | stage ETA 6:34:46 | overall ? ETA ? | best -
[b2=25 b1={23}] stage  13.5% (377050607616/2801532240664) | 103.0M/s | stage ETA 6:32:13 | overall ? ETA ? | best -
[b2=25 b1={23}] stage  13.5% (377257951232/2801532240664) | 103.2M/s | stage ETA 6:31:34 | overall ? ETA ? | best -
[b2=25 b1={23}] stage  13.5% (377465651200/2801532240664) | 103.4M/s | stage ETA 6:30:37 | overall ? ETA ? | best -
[b2=25 b1={23}] stage  13.5% (377673809920/2801532240664) | 103.6M/s | stage ETA 6:29:59 | overall ? ETA ? | best -
[b2=25 b1={23}] stage  13.5% (377881329664/2801532240664) | 103.7M/s | stage ETA 6:29:42 | overall ? ETA ? | best -
[b2=25 b1={23}] stage  13.5% (378089349120/2801532240664) | 103.7M/s | stage ETA 6:29:36 | overall ? ETA ? | best -
[b2=25 b1={23}] stage  13.5% (378298167296/2801532240664) | 103.9M/s | stage ETA 6:28:42 | overall ? ETA ? | best -
[b2=25 b1={23}] stage  13.5% (378506788864/2801532240664) | 103.8M/s | stage ETA 6:28:53 | overall ? ETA ? | best -
[b2=25 b1={23}] stage  13.5% (378714951680/2801532240664) | 103.6M/s | stage ETA 6:29:38 | overall ? ETA ? | best -
[b2=25 b1={23}] stage  13.5% (378922631168/2801532240664) | 103.7M/s | stage ETA 6:29:23 | overall ? ETA ? | best -
[b2=25 b1={23}] stage  13.5% (379130630144/2801532240664) | 103.7M/s | stage ETA 6:29:26 | overall ? ETA ? | best -
[b2=25 b1={23}] stage  13.5% (379339513856/2801532240664) | 103.8M/s | stage ETA 6:28:54 | overall ? ETA ? | best -
[b2=25 b1={23}] stage  13.5% (379547500544/2801532240664) | 103.7M/s | stage ETA 6:29:21 | overall ? ETA ? | best -
[b2=25 b1={23}] stage  13.6% (379756654592/2801532240664) | 103.9M/s | stage ETA 6:28:38 | overall ? ETA ? | best -
[b2=25 b1={23}] stage  13.6% (379964866560/2801532240664) | 103.8M/s | stage ETA 6:28:49 | overall ? ETA ? | best -
[b2=25 b1={23}] stage  13.6% (380173713408/2801532240664) | 103.8M/s | stage ETA 6:28:36 | overall ? ETA ? | best -
[b2=25 b1={23}] stage  13.6% (380381147136/2801532240664) | 103.6M/s | stage ETA 6:29:25 | overall ? ETA ? | best -
[b2=25 b1={23}] stage  13.6% (380589072384/2801532240664) | 103.7M/s | stage ETA 6:29:01 | overall ? ETA ? | best -
[b2=25 b1={23}] stage  13.6% (380797083648/2801532240664) | 103.7M/s | stage ETA 6:29:04 | overall ? ETA ? | best -
[b2=25 b1={23}] stage  13.6% (381006364672/2801532240664) | 104.0M/s | stage ETA 6:27:45 | overall ? ETA ? | best -
[b2=25 b1={23}] stage  13.6% (381214380032/2801532240664) | 103.8M/s | stage ETA 6:28:26 | overall ? ETA ? | best -
[b2=25 b1={23}] stage  13.6% (381423648768/2801532240664) | 104.0M/s | stage ETA 6:28:00 | overall ? ETA ? | best -
[b2=25 b1={23}] stage  13.6% (381632163840/2801532240664) | 103.9M/s | stage ETA 6:28:01 | overall ? ETA ? | best -
[b2=25 b1={23}] stage  13.6% (381832241152/2801532240664) | 101.8M/s | stage ETA 6:36:16 | overall ? ETA ? | best -
[b2=25 b1={23}] stage  13.6% (382036115456/2801532240664) | 101.6M/s | stage ETA 6:36:58 | overall ? ETA ? | best -
[b2=25 b1={23}] stage  13.6% (382244900864/2801532240664) | 102.8M/s | stage ETA 6:32:24 | overall ? ETA ? | best -
[b2=25 b1={23}] stage  13.7% (382453202944/2801532240664) | 103.3M/s | stage ETA 6:30:28 | overall ? ETA ? | best -
[b2=25 b1={23}] stage  13.7% (382661328896/2801532240664) | 103.6M/s | stage ETA 6:29:05 | overall ? ETA ? | best -
[b2=25 b1={23}] stage  13.7% (382869053440/2801532240664) | 103.5M/s | stage ETA 6:29:25 | overall ? ETA ? | best -
[b2=25 b1={23}] stage  13.7% (383075835904/2801532240664) | 103.4M/s | stage ETA 6:30:00 | overall ? ETA ? | best -
[b2=25 b1={23}] stage  13.7% (383280599040/2801532240664) | 102.6M/s | stage ETA 6:32:47 | overall ? ETA ? | best -
[b2=25 b1={23}] stage  13.7% (383483895808/2801532240664) | 102.1M/s | stage ETA 6:34:38 | overall ? ETA ? | best -
[b2=25 b1={23}] stage  13.7% (383692771328/2801532240664) | 103.0M/s | stage ETA 6:31:09 | overall ? ETA ? | best -
[b2=25 b1={23}] stage  13.7% (383900778496/2801532240664) | 103.4M/s | stage ETA 6:29:45 | overall ? ETA ? | best -
[b2=25 b1={23}] stage  13.7% (384108376064/2801532240664) | 103.3M/s | stage ETA 6:29:54 | overall ? ETA ? | best -
[b2=25 b1={23}] stage  13.7% (384315936768/2801532240664) | 103.5M/s | stage ETA 6:29:25 | overall ? ETA ? | best -
[b2=25 b1={23}] stage  13.7% (384524357632/2801532240664) | 103.6M/s | stage ETA 6:28:53 | overall ? ETA ? | best -
[b2=25 b1={23}] stage  13.7% (384730808320/2801532240664) | 103.2M/s | stage ETA 6:30:16 | overall ? ETA ? | best -
[b2=25 b1={23}] stage  13.7% (384938901504/2801532240664) | 103.4M/s | stage ETA 6:29:38 | overall ? ETA ? | best -
[b2=25 b1={23}] stage  13.7% (385146433536/2801532240664) | 103.5M/s | stage ETA 6:29:01 | overall ? ETA ? | best -
[b2=25 b1={23}] stage  13.8% (385354752000/2801532240664) | 103.7M/s | stage ETA 6:28:14 | overall ? ETA ? | best -
[b2=25 b1={23}] stage  13.8% (385558695936/2801532240664) | 102.4M/s | stage ETA 6:33:06 | overall ? ETA ? | best -
[b2=25 b1={23}] stage  13.8% (385766903808/2801532240664) | 103.1M/s | stage ETA 6:30:28 | overall ? ETA ? | best -
[b2=25 b1={23}] stage  13.8% (385975046144/2801532240664) | 103.3M/s | stage ETA 6:29:39 | overall ? ETA ? | best -
[b2=25 b1={23}] stage  13.8% (386182500352/2801532240664) | 103.4M/s | stage ETA 6:29:29 | overall ? ETA ? | best -
[b2=25 b1={23}] stage  13.8% (386390679552/2801532240664) | 103.5M/s | stage ETA 6:28:54 | overall ? ETA ? | best -
[b2=25 b1={23}] stage  13.8% (386598166528/2801532240664) | 103.5M/s | stage ETA 6:28:58 | overall ? ETA ? | best -
[b2=25 b1={23}] stage  13.8% (386806112256/2801532240664) | 103.7M/s | stage ETA 6:28:11 | overall ? ETA ? | best -
[b2=25 b1={23}] stage  13.8% (387014602752/2801532240664) | 103.5M/s | stage ETA 6:28:41 | overall ? ETA ? | best -
[b2=25 b1={23}] stage  13.8% (387217997824/2801532240664) | 102.3M/s | stage ETA 6:33:17 | overall ? ETA ? | best -
[b2=25 b1={23}] stage  13.8% (387426267136/2801532240664) | 103.0M/s | stage ETA 6:30:27 | overall ? ETA ? | best -
[b2=25 b1={23}] stage  13.8% (387634024448/2801532240664) | 103.4M/s | stage ETA 6:29:16 | overall ? ETA ? | best -
[b2=25 b1={23}] stage  13.8% (387840348160/2801532240664) | 103.1M/s | stage ETA 6:30:10 | overall ? ETA ? | best -
[b2=25 b1={23}] stage  13.9% (388045389824/2801532240664) | 102.7M/s | stage ETA 6:31:47 | overall ? ETA ? | best -
[b2=25 b1={23}] stage  13.9% (388253630464/2801532240664) | 103.3M/s | stage ETA 6:29:12 | overall ? ETA ? | best -
[b2=25 b1={23}] stage  13.9% (388461064192/2801532240664) | 103.4M/s | stage ETA 6:29:04 | overall ? ETA ? | best -
[b2=25 b1={23}] stage  13.9% (388670611456/2801532240664) | 103.9M/s | stage ETA 6:27:12 | overall ? ETA ? | best -
[b2=25 b1={23}] stage  13.9% (388878815232/2801532240664) | 103.8M/s | stage ETA 6:27:27 | overall ? ETA ? | best -
[b2=25 b1={23}] stage  13.9% (389086584832/2801532240664) | 103.7M/s | stage ETA 6:27:35 | overall ? ETA ? | best -
[b2=25 b1={23}] stage  13.9% (389289922560/2801532240664) | 102.6M/s | stage ETA 6:31:44 | overall ? ETA ? | best -
[b2=25 b1={23}] stage  13.9% (389497249792/2801532240664) | 103.1M/s | stage ETA 6:29:57 | overall ? ETA ? | best -
[b2=25 b1={23}] stage  13.9% (389706215424/2801532240664) | 103.5M/s | stage ETA 6:28:24 | overall ? ETA ? | best -
[b2=25 b1={23}] stage  13.9% (389913460736/2801532240664) | 103.5M/s | stage ETA 6:28:12 | overall ? ETA ? | best -
[b2=25 b1={23}] stage  13.9% (390120341504/2801532240664) | 103.3M/s | stage ETA 6:29:02 | overall ? ETA ? | best -
[b2=25 b1={23}] stage  13.9% (390324277248/2801532240664) | 102.4M/s | stage ETA 6:32:31 | overall ? ETA ? | best -
[b2=25 b1={23}] stage  13.9% (390532714496/2801532240664) | 103.1M/s | stage ETA 6:29:54 | overall ? ETA ? | best -
[b2=25 b1={23}] stage  13.9% (390741094400/2801532240664) | 103.4M/s | stage ETA 6:28:43 | overall ? ETA ? | best -
[b2=25 b1={23}] stage  14.0% (390948438016/2801532240664) | 103.5M/s | stage ETA 6:28:16 | overall ? ETA ? | best -
[b2=25 b1={23}] stage  14.0% (391156166656/2801532240664) | 103.6M/s | stage ETA 6:27:42 | overall ? ETA ? | best -
[b2=25 b1={23}] stage  14.0% (391363559424/2801532240664) | 103.6M/s | stage ETA 6:27:42 | overall ? ETA ? | best -
[b2=25 b1={23}] stage  14.0% (391569588224/2801532240664) | 103.1M/s | stage ETA 6:29:45 | overall ? ETA ? | best -
[b2=25 b1={23}] stage  14.0% (391777271808/2801532240664) | 103.2M/s | stage ETA 6:29:14 | overall ? ETA ? | best -
[b2=25 b1={23}] stage  14.0% (391981568000/2801532240664) | 102.6M/s | stage ETA 6:31:35 | overall ? ETA ? | best -
[b2=25 b1={23}] stage  14.0% (392188047360/2801532240664) | 102.9M/s | stage ETA 6:30:18 | overall ? ETA ? | best -
[b2=25 b1={23}] stage  14.0% (392396611584/2801532240664) | 103.4M/s | stage ETA 6:28:25 | overall ? ETA ? | best -
[b2=25 b1={23}] stage  14.0% (392605749248/2801532240664) | 103.8M/s | stage ETA 6:26:53 | overall ? ETA ? | best -
[b2=25 b1={23}] stage  14.0% (392813637632/2801532240664) | 103.8M/s | stage ETA 6:26:54 | overall ? ETA ? | best -
[b2=25 b1={23}] stage  14.0% (393021820928/2801532240664) | 103.7M/s | stage ETA 6:27:13 | overall ? ETA ? | best -
[b2=25 b1={23}] stage  14.0% (393229422592/2801532240664) | 103.6M/s | stage ETA 6:27:36 | overall ? ETA ? | best -
[b2=25 b1={23}] stage  14.0% (393436377088/2801532240664) | 103.5M/s | stage ETA 6:27:45 | overall ? ETA ? | best -
[b2=25 b1={23}] stage  14.1% (393643638784/2801532240664) | 103.3M/s | stage ETA 6:28:27 | overall ? ETA ? | best -
[b2=25 b1={23}] stage  14.1% (393851228160/2801532240664) | 103.4M/s | stage ETA 6:28:09 | overall ? ETA ? | best -
[b2=25 b1={23}] stage  14.1% (394059313152/2801532240664) | 103.5M/s | stage ETA 6:27:51 | overall ? ETA ? | best -
[b2=25 b1={23}] stage  14.1% (394267041792/2801532240664) | 103.4M/s | stage ETA 6:28:01 | overall ? ETA ? | best -
[b2=25 b1={23}] stage  14.1% (394473914368/2801532240664) | 103.3M/s | stage ETA 6:28:23 | overall ? ETA ? | best -
[b2=25 b1={23}] stage  14.1% (394681966592/2801532240664) | 103.4M/s | stage ETA 6:27:53 | overall ? ETA ? | best -
[b2=25 b1={23}] stage  14.1% (394889711616/2801532240664) | 103.3M/s | stage ETA 6:28:06 | overall ? ETA ? | best -
[b2=25 b1={23}] stage  14.1% (395097694208/2801532240664) | 103.4M/s | stage ETA 6:28:02 | overall ? ETA ? | best -
[b2=25 b1={23}] stage  14.1% (395306131456/2801532240664) | 103.5M/s | stage ETA 6:27:19 | overall ? ETA ? | best -
[b2=25 b1={23}] stage  14.1% (395514294272/2801532240664) | 103.6M/s | stage ETA 6:27:10 | overall ? ETA ? | best -
[b2=25 b1={23}] stage  14.1% (395720458240/2801532240664) | 103.2M/s | stage ETA 6:28:21 | overall ? ETA ? | best -
[b2=25 b1={23}] stage  14.1% (395927814144/2801532240664) | 103.3M/s | stage ETA 6:28:08 | overall ? ETA ? | best -
[b2=25 b1={23}] stage  14.1% (396135641088/2801532240664) | 103.5M/s | stage ETA 6:27:29 | overall ? ETA ? | best -
[b2=25 b1={23}] stage  14.1% (396343410688/2801532240664) | 103.4M/s | stage ETA 6:27:43 | overall ? ETA ? | best -
[b2=25 b1={23}] stage  14.2% (396550115328/2801532240664) | 103.3M/s | stage ETA 6:28:10 | overall ? ETA ? | best -
[b2=25 b1={23}] stage  14.2% (396757942272/2801532240664) | 103.2M/s | stage ETA 6:28:14 | overall ? ETA ? | best -
[b2=25 b1={23}] stage  14.2% (396966088704/2801532240664) | 103.3M/s | stage ETA 6:27:46 | overall ? ETA ? | best -
[b2=25 b1={23}] stage  14.2% (397173694464/2801532240664) | 103.3M/s | stage ETA 6:27:53 | overall ? ETA ? | best -
[b2=25 b1={23}] stage  14.2% (397381033984/2801532240664) | 103.4M/s | stage ETA 6:27:36 | overall ? ETA ? | best -
[b2=25 b1={23}] stage  14.2% (397588561920/2801532240664) | 103.5M/s | stage ETA 6:27:14 | overall ? ETA ? | best -
[b2=25 b1={23}] stage  14.2% (397796003840/2801532240664) | 103.6M/s | stage ETA 6:26:48 | overall ? ETA ? | best -
[b2=25 b1={23}] stage  14.2% (398002995200/2801532240664) | 103.5M/s | stage ETA 6:27:11 | overall ? ETA ? | best -
[b2=25 b1={23}] stage  14.2% (398210097152/2801532240664) | 103.3M/s | stage ETA 6:27:52 | overall ? ETA ? | best -
[b2=25 b1={23}] stage  14.2% (398416715776/2801532240664) | 103.2M/s | stage ETA 6:28:09 | overall ? ETA ? | best -
[b2=25 b1={23}] stage  14.2% (398624653312/2801532240664) | 103.4M/s | stage ETA 6:27:17 | overall ? ETA ? | best -
[b2=25 b1={23}] stage  14.2% (398832291840/2801532240664) | 103.5M/s | stage ETA 6:27:01 | overall ? ETA ? | best -
[b2=25 b1={23}] stage  14.2% (399040032768/2801532240664) | 103.6M/s | stage ETA 6:26:39 | overall ? ETA ? | best -
[b2=25 b1={23}] stage  14.3% (399246733312/2801532240664) | 103.2M/s | stage ETA 6:27:46 | overall ? ETA ? | best -
[b2=25 b1={23}] stage  14.3% (399453663232/2801532240664) | 103.2M/s | stage ETA 6:28:00 | overall ? ETA ? | best -
[b2=25 b1={23}] stage  14.3% (399661174784/2801532240664) | 103.3M/s | stage ETA 6:27:33 | overall ? ETA ? | best -
[b2=25 b1={23}] stage  14.3% (399868452864/2801532240664) | 103.3M/s | stage ETA 6:27:38 | overall ? ETA ? | best -
[b2=25 b1={23}] stage  14.3% (400075296768/2801532240664) | 103.2M/s | stage ETA 6:27:50 | overall ? ETA ? | best -
[b2=25 b1={23}] stage  14.3% (400281899008/2801532240664) | 103.2M/s | stage ETA 6:27:49 | overall ? ETA ? | best -
[b2=25 b1={23}] stage  14.3% (400490242048/2801532240664) | 103.5M/s | stage ETA 6:26:40 | overall ? ETA ? | best -
[b2=25 b1={23}] stage  14.3% (400698470400/2801532240664) | 103.6M/s | stage ETA 6:26:24 | overall ? ETA ? | best -
[b2=25 b1={23}] stage  14.3% (400905293824/2801532240664) | 103.2M/s | stage ETA 6:27:44 | overall ? ETA ? | best -
[b2=25 b1={23}] stage  14.3% (401112207360/2801532240664) | 103.1M/s | stage ETA 6:27:52 | overall ? ETA ? | best -
[b2=25 b1={23}] stage  14.3% (401321099264/2801532240664) | 103.5M/s | stage ETA 6:26:22 | overall ? ETA ? | best -
[b2=25 b1={23}] stage  14.3% (401529720832/2801532240664) | 103.6M/s | stage ETA 6:25:55 | overall ? ETA ? | best -
[b2=25 b1={23}] stage  14.3% (401731563520/2801532240664) | 102.0M/s | stage ETA 6:32:18 | overall ? ETA ? | best -
[b2=25 b1={23}] stage  14.3% (401933975552/2801532240664) | 101.5M/s | stage ETA 6:34:09 | overall ? ETA ? | best -
[b2=25 b1={23}] stage  14.4% (402142486528/2801532240664) | 102.6M/s | stage ETA 6:29:45 | overall ? ETA ? | best -
[b2=25 b1={23}] stage  14.4% (402351697920/2801532240664) | 103.3M/s | stage ETA 6:27:00 | overall ? ETA ? | best -
[b2=25 b1={23}] stage  14.4% (402559684608/2801532240664) | 103.5M/s | stage ETA 6:26:18 | overall ? ETA ? | best -
[b2=25 b1={23}] stage  14.4% (402768175104/2801532240664) | 103.7M/s | stage ETA 6:25:39 | overall ? ETA ? | best -
[b2=25 b1={23}] stage  14.4% (402978267136/2801532240664) | 104.1M/s | stage ETA 6:23:55 | overall ? ETA ? | best -
[b2=25 b1={23}] stage  14.4% (403185369088/2801532240664) | 103.7M/s | stage ETA 6:25:22 | overall ? ETA ? | best -
[b2=25 b1={23}] stage  14.4% (403394043904/2801532240664) | 103.8M/s | stage ETA 6:25:02 | overall ? ETA ? | best -
[b2=25 b1={23}] stage  14.4% (403602276352/2801532240664) | 103.7M/s | stage ETA 6:25:16 | overall ? ETA ? | best -
[b2=25 b1={23}] stage  14.4% (403810594816/2801532240664) | 103.6M/s | stage ETA 6:25:45 | overall ? ETA ? | best -
[b2=25 b1={23}] stage  14.4% (404018601984/2801532240664) | 103.6M/s | stage ETA 6:25:50 | overall ? ETA ? | best -
[b2=25 b1={23}] stage  14.4% (404227346432/2801532240664) | 103.7M/s | stage ETA 6:25:16 | overall ? ETA ? | best -
[b2=25 b1={23}] stage  14.4% (404435677184/2801532240664) | 103.8M/s | stage ETA 6:25:01 | overall ? ETA ? | best -
[b2=25 b1={23}] stage  14.4% (404642996224/2801532240664) | 103.6M/s | stage ETA 6:25:35 | overall ? ETA ? | best -
[b2=25 b1={23}] stage  14.5% (404850860032/2801532240664) | 103.6M/s | stage ETA 6:25:42 | overall ? ETA ? | best -
[b2=25 b1={23}] stage  14.5% (405059407872/2801532240664) | 103.7M/s | stage ETA 6:25:11 | overall ? ETA ? | best -
[b2=25 b1={23}] stage  14.5% (405263818752/2801532240664) | 102.7M/s | stage ETA 6:28:54 | overall ? ETA ? | best -
[b2=25 b1={23}] stage  14.5% (405471666176/2801532240664) | 103.2M/s | stage ETA 6:26:49 | overall ? ETA ? | best -
[b2=25 b1={23}] stage  14.5% (405680119808/2801532240664) | 103.6M/s | stage ETA 6:25:35 | overall ? ETA ? | best -
[b2=25 b1={23}] stage  14.5% (405888266240/2801532240664) | 103.7M/s | stage ETA 6:24:59 | overall ? ETA ? | best -
[b2=25 b1={23}] stage  14.5% (406096220160/2801532240664) | 103.8M/s | stage ETA 6:24:38 | overall ? ETA ? | best -
[b2=25 b1={23}] stage  14.5% (406304190464/2801532240664) | 103.8M/s | stage ETA 6:24:42 | overall ? ETA ? | best -
[b2=25 b1={23}] stage  14.5% (406513577984/2801532240664) | 103.9M/s | stage ETA 6:24:15 | overall ? ETA ? | best -
[b2=25 b1={23}] stage  14.5% (406720806912/2801532240664) | 103.6M/s | stage ETA 6:25:14 | overall ? ETA ? | best -
[b2=25 b1={23}] stage  14.5% (406927077376/2801532240664) | 103.2M/s | stage ETA 6:26:34 | overall ? ETA ? | best -
[b2=25 b1={23}] stage  14.5% (407134384128/2801532240664) | 103.4M/s | stage ETA 6:25:47 | overall ? ETA ? | best -
[b2=25 b1={23}] stage  14.5% (407341146112/2801532240664) | 103.4M/s | stage ETA 6:26:05 | overall ? ETA ? | best -
[b2=25 b1={23}] stage  14.5% (407547846656/2801532240664) | 103.3M/s | stage ETA 6:26:19 | overall ? ETA ? | best -
[b2=25 b1={23}] stage  14.6% (407756349440/2801532240664) | 103.5M/s | stage ETA 6:25:26 | overall ? ETA ? | best -
[b2=25 b1={23}] stage  14.6% (407963344896/2801532240664) | 103.4M/s | stage ETA 6:25:40 | overall ? ETA ? | best -
[b2=25 b1={23}] stage  14.6% (408170745856/2801532240664) | 103.4M/s | stage ETA 6:25:39 | overall ? ETA ? | best -
[b2=25 b1={23}] stage  14.6% (408378482688/2801532240664) | 103.5M/s | stage ETA 6:25:16 | overall ? ETA ? | best -
[b2=25 b1={23}] stage  14.6% (408585568256/2801532240664) | 103.5M/s | stage ETA 6:25:28 | overall ? ETA ? | best -
[b2=25 b1={23}] stage  14.6% (408791896064/2801532240664) | 103.3M/s | stage ETA 6:26:08 | overall ? ETA ? | best -
[b2=25 b1={23}] stage  14.6% (408998268928/2801532240664) | 103.2M/s | stage ETA 6:26:25 | overall ? ETA ? | best -
[b2=25 b1={23}] stage  14.6% (409204969472/2801532240664) | 103.2M/s | stage ETA 6:26:12 | overall ? ETA ? | best -
[b2=25 b1={23}] stage  14.6% (409412947968/2801532240664) | 103.4M/s | stage ETA 6:25:31 | overall ? ETA ? | best -
[b2=25 b1={23}] stage  14.6% (409622196224/2801532240664) | 103.7M/s | stage ETA 6:24:16 | overall ? ETA ? | best -
[b2=25 b1={23}] stage  14.6% (409831514112/2801532240664) | 103.9M/s | stage ETA 6:23:32 | overall ? ETA ? | best -
[b2=25 b1={23}] stage  14.6% (410038702080/2801532240664) | 103.6M/s | stage ETA 6:24:40 | overall ? ETA ? | best -
[b2=25 b1={23}] stage  14.6% (410246930432/2801532240664) | 103.8M/s | stage ETA 6:24:03 | overall ? ETA ? | best -
[b2=25 b1={23}] stage  14.7% (410456252416/2801532240664) | 103.9M/s | stage ETA 6:23:29 | overall ? ETA ? | best -
[b2=25 b1={23}] stage  14.7% (410665041920/2801532240664) | 103.8M/s | stage ETA 6:23:42 | overall ? ETA ? | best -
[b2=25 b1={23}] stage  14.7% (410872782848/2801532240664) | 103.7M/s | stage ETA 6:24:11 | overall ? ETA ? | best -
[b2=25 b1={23}] stage  14.7% (411080052736/2801532240664) | 103.3M/s | stage ETA 6:25:32 | overall ? ETA ? | best -
[b2=25 b1={23}] stage  14.7% (411287990272/2801532240664) | 103.6M/s | stage ETA 6:24:22 | overall ? ETA ? | best -
[b2=25 b1={23}] stage  14.7% (411496153088/2801532240664) | 103.6M/s | stage ETA 6:24:25 | overall ? ETA ? | best -
[b2=25 b1={23}] stage  14.7% (411704954880/2801532240664) | 103.8M/s | stage ETA 6:23:45 | overall ? ETA ? | best -
[b2=25 b1={23}] stage  14.7% (411913027584/2801532240664) | 103.8M/s | stage ETA 6:23:51 | overall ? ETA ? | best -
[b2=25 b1={23}] stage  14.7% (412122890240/2801532240664) | 103.9M/s | stage ETA 6:23:07 | overall ? ETA ? | best -
[b2=25 b1={23}] stage  14.7% (412332068864/2801532240664) | 104.1M/s | stage ETA 6:22:37 | overall ? ETA ? | best -
[b2=25 b1={23}] stage  14.7% (412540702720/2801532240664) | 104.0M/s | stage ETA 6:22:49 | overall ? ETA ? | best -
[b2=25 b1={23}] stage  14.7% (412748972032/2801532240664) | 103.8M/s | stage ETA 6:23:30 | overall ? ETA ? | best -
[b2=25 b1={23}] stage  14.7% (412956499968/2801532240664) | 103.6M/s | stage ETA 6:24:23 | overall ? ETA ? | best -
[b2=25 b1={23}] stage  14.7% (413164687360/2801532240664) | 103.6M/s | stage ETA 6:24:20 | overall ? ETA ? | best -
[b2=25 b1={23}] stage  14.8% (413371977728/2801532240664) | 103.5M/s | stage ETA 6:24:22 | overall ? ETA ? | best -
[b2=25 b1={23}] stage  14.8% (413579309056/2801532240664) | 103.4M/s | stage ETA 6:24:44 | overall ? ETA ? | best -
[b2=25 b1={23}] stage  14.8% (413785931776/2801532240664) | 103.4M/s | stage ETA 6:25:00 | overall ? ETA ? | best -
[b2=25 b1={23}] stage  14.8% (413993611264/2801532240664) | 103.5M/s | stage ETA 6:24:31 | overall ? ETA ? | best -
[b2=25 b1={23}] stage  14.8% (414201630720/2801532240664) | 103.6M/s | stage ETA 6:24:02 | overall ? ETA ? | best -
[b2=25 b1={23}] stage  14.8% (414408597504/2801532240664) | 103.5M/s | stage ETA 6:24:34 | overall ? ETA ? | best -
[b2=25 b1={23}] stage  14.8% (414615851008/2801532240664) | 103.4M/s | stage ETA 6:24:51 | overall ? ETA ? | best -
[b2=25 b1={23}] stage  14.8% (414824140800/2801532240664) | 103.4M/s | stage ETA 6:24:46 | overall ? ETA ? | best -
[b2=25 b1={23}] stage  14.8% (415030263808/2801532240664) | 103.2M/s | stage ETA 6:25:34 | overall ? ETA ? | best -
[b2=25 b1={23}] stage  14.8% (415238840320/2801532240664) | 103.4M/s | stage ETA 6:24:37 | overall ? ETA ? | best -
[b2=25 b1={23}] stage  14.8% (415447412736/2801532240664) | 103.6M/s | stage ETA 6:23:53 | overall ? ETA ? | best -
[b2=25 b1={23}] stage  14.8% (415656181760/2801532240664) | 103.7M/s | stage ETA 6:23:29 | overall ? ETA ? | best -
[b2=25 b1={23}] stage  14.8% (415863902208/2801532240664) | 103.6M/s | stage ETA 6:23:50 | overall ? ETA ? | best -
[b2=25 b1={23}] stage  14.9% (416072708096/2801532240664) | 103.7M/s | stage ETA 6:23:15 | overall ? ETA ? | best -
[b2=25 b1={23}] stage  14.9% (416280408064/2801532240664) | 103.8M/s | stage ETA 6:23:02 | overall ? ETA ? | best -
[b2=25 b1={23}] stage  14.9% (416488210432/2801532240664) | 103.7M/s | stage ETA 6:23:19 | overall ? ETA ? | best -
[b2=25 b1={23}] stage  14.9% (416696762368/2801532240664) | 103.8M/s | stage ETA 6:22:51 | overall ? ETA ? | best -
[b2=25 b1={23}] stage  14.9% (416904687616/2801532240664) | 103.7M/s | stage ETA 6:23:22 | overall ? ETA ? | best -
[b2=25 b1={23}] stage  14.9% (417112981504/2801532240664) | 103.7M/s | stage ETA 6:23:04 | overall ? ETA ? | best -
[b2=25 b1={23}] stage  14.9% (417322594304/2801532240664) | 104.1M/s | stage ETA 6:21:48 | overall ? ETA ? | best -
[b2=25 b1={23}] stage  14.9% (417529376768/2801532240664) | 103.7M/s | stage ETA 6:23:17 | overall ? ETA ? | best -
[b2=25 b1={23}] stage  14.9% (417737973760/2801532240664) | 103.8M/s | stage ETA 6:22:51 | overall ? ETA ? | best -
[b2=25 b1={23}] stage  14.9% (417946214400/2801532240664) | 103.7M/s | stage ETA 6:22:57 | overall ? ETA ? | best -
[b2=25 b1={23}] stage  14.9% (418149793792/2801532240664) | 102.6M/s | stage ETA 6:27:08 | overall ? ETA ? | best -
[b2=25 b1={23}] stage  14.9% (418356289536/2801532240664) | 102.7M/s | stage ETA 6:26:51 | overall ? ETA ? | best -
[b2=25 b1={23}] stage  14.9% (418564714496/2801532240664) | 103.2M/s | stage ETA 6:25:01 | overall ? ETA ? | best -
[b2=25 b1={23}] stage  14.9% (418772865024/2801532240664) | 103.5M/s | stage ETA 6:23:47 | overall ? ETA ? | best -
[b2=25 b1={23}] stage  15.0% (418980503552/2801532240664) | 103.6M/s | stage ETA 6:23:15 | overall ? ETA ? | best -
[b2=25 b1={23}] stage  15.0% (419188174848/2801532240664) | 103.6M/s | stage ETA 6:23:20 | overall ? ETA ? | best -
[b2=25 b1={23}] stage  15.0% (419396173824/2801532240664) | 103.7M/s | stage ETA 6:23:00 | overall ? ETA ? | best -
[b2=25 b1={23}] stage  15.0% (419568631808/2801532240664) | 94.6M/s | stage ETA 6:59:40 | overall ? ETA ? | best -
[b2=25 b1={23}] stage  15.0% (419714109440/2801532240664) | 83.5M/s | stage ETA 7:55:20 | overall ? ETA ? | best -
[b2=25 b1={23}] stage  15.0% (419903705088/2801532240664) | 89.0M/s | stage ETA 7:26:05 | overall ? ETA ? | best -
[b2=25 b1={23}] stage  15.0% (420110979072/2801532240664) | 96.0M/s | stage ETA 6:53:18 | overall ? ETA ? | best -
[b2=25 b1={23}] stage  15.0% (420313780224/2801532240664) | 98.7M/s | stage ETA 6:42:08 | overall ? ETA ? | best -
[b2=25 b1={23}] stage  15.0% (420520140800/2801532240664) | 100.9M/s | stage ETA 6:33:12 | overall ? ETA ? | best -
[b2=25 b1={23}] stage  15.0% (420727443456/2801532240664) | 102.2M/s | stage ETA 6:28:25 | overall ? ETA ? | best -
[b2=25 b1={23}] stage  15.0% (420933730304/2801532240664) | 102.5M/s | stage ETA 6:27:11 | overall ? ETA ? | best -
[b2=25 b1={23}] stage  15.0% (421128888320/2801532240664) | 99.9M/s | stage ETA 6:37:06 | overall ? ETA ? | best -
[b2=25 b1={23}] stage  15.0% (421320433664/2801532240664) | 97.8M/s | stage ETA 6:45:38 | overall ? ETA ? | best -
[b2=25 b1={23}] stage  15.0% (421521768448/2801532240664) | 99.1M/s | stage ETA 6:40:15 | overall ? ETA ? | best -
[b2=25 b1={23}] stage  15.1% (421728034816/2801532240664) | 100.9M/s | stage ETA 6:32:57 | overall ? ETA ? | best -
[b2=25 b1={23}] stage  15.1% (421932384256/2801532240664) | 101.4M/s | stage ETA 6:31:01 | overall ? ETA ? | best -
[b2=25 b1={23}] stage  15.1% (422137896960/2801532240664) | 102.0M/s | stage ETA 6:28:46 | overall ? ETA ? | best -
[b2=25 b1={23}] stage  15.1% (422338519040/2801532240664) | 101.0M/s | stage ETA 6:32:35 | overall ? ETA ? | best -
[b2=25 b1={23}] stage  15.1% (422540754944/2801532240664) | 100.9M/s | stage ETA 6:32:55 | overall ? ETA ? | best -
[b2=25 b1={23}] stage  15.1% (422737981440/2801532240664) | 99.6M/s | stage ETA 6:38:05 | overall ? ETA ? | best -
[b2=25 b1={23}] stage  15.1% (422937804800/2801532240664) | 99.6M/s | stage ETA 6:37:59 | overall ? ETA ? | best -
[b2=25 b1={23}] stage  15.1% (423137587200/2801532240664) | 99.6M/s | stage ETA 6:37:53 | overall ? ETA ? | best -
[b2=25 b1={23}] stage  15.1% (423334858752/2801532240664) | 99.1M/s | stage ETA 6:40:10 | overall ? ETA ? | best -
[b2=25 b1={23}] stage  15.1% (423522717696/2801532240664) | 96.3M/s | stage ETA 6:51:24 | overall ? ETA ? | best -
[b2=25 b1={23}] stage  15.1% (423712800768/2801532240664) | 95.6M/s | stage ETA 6:54:20 | overall ? ETA ? | best -
[b2=25 b1={23}] stage  15.1% (423910850560/2801532240664) | 97.2M/s | stage ETA 6:47:35 | overall ? ETA ? | best -
[b2=25 b1={23}] stage  15.1% (424114696192/2801532240664) | 99.5M/s | stage ETA 6:38:10 | overall ? ETA ? | best -
[b2=25 b1={23}] stage  15.1% (424319172608/2801532240664) | 100.7M/s | stage ETA 6:33:27 | overall ? ETA ? | best -
[b2=25 b1={23}] stage  15.2% (424524394496/2801532240664) | 101.5M/s | stage ETA 6:30:14 | overall ? ETA ? | best -
[b2=25 b1={23}] stage  15.2% (424727691264/2801532240664) | 101.3M/s | stage ETA 6:30:58 | overall ? ETA ? | best -
[b2=25 b1={23}] stage  15.2% (424933490688/2801532240664) | 102.0M/s | stage ETA 6:28:27 | overall ? ETA ? | best -
[b2=25 b1={23}] stage  15.2% (425137774592/2801532240664) | 102.0M/s | stage ETA 6:28:10 | overall ? ETA ? | best -
[b2=25 b1={23}] stage  15.2% (425343803392/2801532240664) | 102.4M/s | stage ETA 6:26:46 | overall ? ETA ? | best -
[b2=25 b1={23}] stage  15.2% (425536540672/2801532240664) | 99.3M/s | stage ETA 6:38:58 | overall ? ETA ? | best -
[b2=25 b1={23}] stage  15.2% (425735913472/2801532240664) | 99.4M/s | stage ETA 6:38:09 | overall ? ETA ? | best -
[b2=25 b1={23}] stage  15.2% (425937260544/2801532240664) | 99.9M/s | stage ETA 6:36:11 | overall ? ETA ? | best -
[b2=25 b1={23}] stage  15.2% (426135752704/2801532240664) | 99.4M/s | stage ETA 6:38:08 | overall ? ETA ? | best -
[b2=25 b1={23}] stage  15.2% (426341838848/2801532240664) | 101.2M/s | stage ETA 6:31:16 | overall ? ETA ? | best -
[b2=25 b1={23}] stage  15.2% (426547318784/2801532240664) | 101.8M/s | stage ETA 6:28:45 | overall ? ETA ? | best -
[b2=25 b1={23}] stage  15.2% (426751803392/2801532240664) | 101.8M/s | stage ETA 6:28:54 | overall ? ETA ? | best -
[b2=25 b1={23}] stage  15.2% (426953150464/2801532240664) | 101.1M/s | stage ETA 6:31:31 | overall ? ETA ? | best -
[b2=25 b1={23}] stage  15.2% (427155578880/2801532240664) | 101.1M/s | stage ETA 6:31:23 | overall ? ETA ? | best -
[b2=25 b1={23}] stage  15.3% (427350212608/2801532240664) | 99.2M/s | stage ETA 6:38:54 | overall ? ETA ? | best -
[b2=25 b1={23}] stage  15.3% (427548069888/2801532240664) | 98.9M/s | stage ETA 6:40:12 | overall ? ETA ? | best -
[b2=25 b1={23}] stage  15.3% (427743608832/2801532240664) | 98.2M/s | stage ETA 6:42:43 | overall ? ETA ? | best -
[b2=25 b1={23}] stage  15.3% (427943522304/2801532240664) | 98.9M/s | stage ETA 6:39:51 | overall ? ETA ? | best -
[b2=25 b1={23}] stage  15.3% (428145106944/2801532240664) | 99.9M/s | stage ETA 6:36:06 | overall ? ETA ? | best -
[b2=25 b1={23}] stage  15.3% (428335558656/2801532240664) | 97.4M/s | stage ETA 6:45:59 | overall ? ETA ? | best -
[b2=25 b1={23}] stage  15.3% (428536942592/2801532240664) | 98.9M/s | stage ETA 6:39:49 | overall ? ETA ? | best -
[b2=25 b1={23}] stage  15.3% (428743163904/2801532240664) | 100.9M/s | stage ETA 6:32:07 | overall ? ETA ? | best -
[b2=25 b1={23}] stage  15.3% (428949508096/2801532240664) | 101.9M/s | stage ETA 6:28:13 | overall ? ETA ? | best -
[b2=25 b1={23}] stage  15.3% (429155348480/2801532240664) | 102.2M/s | stage ETA 6:26:42 | overall ? ETA ? | best -
[b2=25 b1={23}] stage  15.3% (429361057792/2801532240664) | 102.5M/s | stage ETA 6:25:34 | overall ? ETA ? | best -
[b2=25 b1={23}] stage  15.3% (429566963712/2801532240664) | 102.7M/s | stage ETA 6:25:00 | overall ? ETA ? | best -
[b2=25 b1={23}] stage  15.3% (429771816960/2801532240664) | 102.5M/s | stage ETA 6:25:33 | overall ? ETA ? | best -
[b2=25 b1={23}] stage  15.3% (429978308608/2801532240664) | 102.8M/s | stage ETA 6:24:22 | overall ? ETA ? | best -
[b2=25 b1={23}] stage  15.4% (430185398272/2801532240664) | 103.1M/s | stage ETA 6:23:28 | overall ? ETA ? | best -
[b2=25 b1={23}] stage  15.4% (430392541184/2801532240664) | 103.1M/s | stage ETA 6:23:16 | overall ? ETA ? | best -
[b2=25 b1={23}] stage  15.4% (430598324224/2801532240664) | 102.9M/s | stage ETA 6:23:54 | overall ? ETA ? | best -
[b2=25 b1={23}] stage  15.4% (430804365312/2801532240664) | 102.8M/s | stage ETA 6:24:11 | overall ? ETA ? | best -
[b2=25 b1={23}] stage  15.4% (431010996224/2801532240664) | 103.0M/s | stage ETA 6:23:42 | overall ? ETA ? | best -
[b2=25 b1={23}] stage  15.4% (431217020928/2801532240664) | 103.0M/s | stage ETA 6:23:42 | overall ? ETA ? | best -
[b2=25 b1={23}] stage  15.4% (431422824448/2801532240664) | 102.9M/s | stage ETA 6:24:04 | overall ? ETA ? | best -
[b2=25 b1={23}] stage  15.4% (431629389824/2801532240664) | 102.9M/s | stage ETA 6:23:49 | overall ? ETA ? | best -
[b2=25 b1={23}] stage  15.4% (431835447296/2801532240664) | 102.9M/s | stage ETA 6:23:43 | overall ? ETA ? | best -
[b2=25 b1={23}] stage  15.4% (432041611264/2801532240664) | 103.0M/s | stage ETA 6:23:35 | overall ? ETA ? | best -
[b2=25 b1={23}] stage  15.4% (432248107008/2801532240664) | 102.9M/s | stage ETA 6:23:45 | overall ? ETA ? | best -
[b2=25 b1={23}] stage  15.4% (432454606848/2801532240664) | 103.0M/s | stage ETA 6:23:27 | overall ? ETA ? | best -
[b2=25 b1={23}] stage  15.4% (432661020672/2801532240664) | 103.0M/s | stage ETA 6:23:28 | overall ? ETA ? | best -
[b2=25 b1={23}] stage  15.5% (432868024320/2801532240664) | 103.1M/s | stage ETA 6:23:01 | overall ? ETA ? | best -
[b2=25 b1={23}] stage  15.5% (433074110464/2801532240664) | 102.9M/s | stage ETA 6:23:41 | overall ? ETA ? | best -
[b2=25 b1={23}] stage  15.5% (433280135168/2801532240664) | 102.8M/s | stage ETA 6:23:53 | overall ? ETA ? | best -
[b2=25 b1={23}] stage  15.5% (433487003648/2801532240664) | 103.0M/s | stage ETA 6:23:14 | overall ? ETA ? | best -
[b2=25 b1={23}] stage  15.5% (433694236672/2801532240664) | 103.2M/s | stage ETA 6:22:30 | overall ? ETA ? | best -
[b2=25 b1={23}] stage  15.5% (433900089344/2801532240664) | 103.0M/s | stage ETA 6:22:57 | overall ? ETA ? | best -
[b2=25 b1={23}] stage  15.5% (434107518976/2801532240664) | 103.2M/s | stage ETA 6:22:18 | overall ? ETA ? | best -
[b2=25 b1={23}] stage  15.5% (434312241152/2801532240664) | 102.7M/s | stage ETA 6:24:07 | overall ? ETA ? | best -
[b2=25 b1={23}] stage  15.5% (434519191552/2801532240664) | 103.0M/s | stage ETA 6:23:11 | overall ? ETA ? | best -
[b2=25 b1={23}] stage  15.5% (434727374848/2801532240664) | 103.3M/s | stage ETA 6:21:53 | overall ? ETA ? | best -
[b2=25 b1={23}] stage  15.5% (434934460416/2801532240664) | 103.3M/s | stage ETA 6:21:53 | overall ? ETA ? | best -
[b2=25 b1={23}] stage  15.5% (435141709824/2801532240664) | 103.4M/s | stage ETA 6:21:28 | overall ? ETA ? | best -
[b2=25 b1={23}] stage  15.5% (435349012480/2801532240664) | 103.3M/s | stage ETA 6:21:49 | overall ? ETA ? | best -
[b2=25 b1={23}] stage  15.5% (435555368960/2801532240664) | 103.2M/s | stage ETA 6:22:09 | overall ? ETA ? | best -
[b2=25 b1={23}] stage  15.6% (435762114560/2801532240664) | 103.0M/s | stage ETA 6:22:43 | overall ? ETA ? | best -
[b2=25 b1={23}] stage  15.6% (435968720896/2801532240664) | 103.1M/s | stage ETA 6:22:29 | overall ? ETA ? | best -
[b2=25 b1={23}] stage  15.6% (436174569472/2801532240664) | 102.9M/s | stage ETA 6:23:15 | overall ? ETA ? | best -
[b2=25 b1={23}] stage  15.6% (436375674880/2801532240664) | 101.5M/s | stage ETA 6:28:12 | overall ? ETA ? | best -
[b2=25 b1={23}] stage  15.6% (436580790272/2801532240664) | 101.9M/s | stage ETA 6:26:43 | overall ? ETA ? | best -
[b2=25 b1={23}] stage  15.6% (436777840640/2801532240664) | 100.2M/s | stage ETA 6:33:19 | overall ? ETA ? | best -
[b2=25 b1={23}] stage  15.6% (436973543424/2801532240664) | 98.9M/s | stage ETA 6:38:27 | overall ? ETA ? | best -
[b2=25 b1={23}] stage  15.6% (437175480320/2801532240664) | 99.8M/s | stage ETA 6:34:53 | overall ? ETA ? | best -
[b2=25 b1={23}] stage  15.6% (437380231168/2801532240664) | 100.9M/s | stage ETA 6:30:23 | overall ? ETA ? | best -
[b2=25 b1={23}] stage  15.6% (437587091456/2801532240664) | 102.0M/s | stage ETA 6:26:10 | overall ? ETA ? | best -
[b2=25 b1={23}] stage  15.6% (437791145984/2801532240664) | 101.8M/s | stage ETA 6:26:57 | overall ? ETA ? | best -
[b2=25 b1={23}] stage  15.6% (437998325760/2801532240664) | 102.5M/s | stage ETA 6:24:18 | overall ? ETA ? | best -
[b2=25 b1={23}] stage  15.6% (438204915712/2801532240664) | 102.8M/s | stage ETA 6:23:13 | overall ? ETA ? | best -
[b2=25 b1={23}] stage  15.6% (438411608064/2801532240664) | 102.9M/s | stage ETA 6:22:37 | overall ? ETA ? | best -
[b2=25 b1={23}] stage  15.7% (438618054656/2801532240664) | 102.9M/s | stage ETA 6:22:35 | overall ? ETA ? | best -
[b2=25 b1={23}] stage  15.7% (438825177088/2801532240664) | 103.1M/s | stage ETA 6:21:58 | overall ? ETA ? | best -
[b2=25 b1={23}] stage  15.7% (439031767040/2801532240664) | 103.0M/s | stage ETA 6:22:12 | overall ? ETA ? | best -
[b2=25 b1={23}] stage  15.7% (439238193152/2801532240664) | 103.1M/s | stage ETA 6:22:03 | overall ? ETA ? | best -
[b2=25 b1={23}] stage  15.7% (439444381696/2801532240664) | 102.9M/s | stage ETA 6:22:25 | overall ? ETA ? | best -
[b2=25 b1={23}] stage  15.7% (439649239040/2801532240664) | 102.5M/s | stage ETA 6:23:56 | overall ? ETA ? | best -
[b2=25 b1={23}] stage  15.7% (439853289472/2801532240664) | 102.1M/s | stage ETA 6:25:29 | overall ? ETA ? | best -
[b2=25 b1={23}] stage  15.7% (440052768768/2801532240664) | 100.7M/s | stage ETA 6:30:44 | overall ? ETA ? | best -
[b2=25 b1={23}] stage  15.7% (440253779968/2801532240664) | 100.4M/s | stage ETA 6:31:49 | overall ? ETA ? | best -
[b2=25 b1={23}] stage  15.7% (440456339456/2801532240664) | 100.7M/s | stage ETA 6:30:54 | overall ? ETA ? | best -
[b2=25 b1={23}] stage  15.7% (440662605824/2801532240664) | 101.8M/s | stage ETA 6:26:39 | overall ? ETA ? | best -
[b2=25 b1={23}] stage  15.7% (440867143680/2801532240664) | 101.9M/s | stage ETA 6:26:02 | overall ? ETA ? | best -
[b2=25 b1={23}] stage  15.7% (441072885760/2801532240664) | 102.3M/s | stage ETA 6:24:43 | overall ? ETA ? | best -
[b2=25 b1={23}] stage  15.8% (441278758912/2801532240664) | 102.5M/s | stage ETA 6:23:42 | overall ? ETA ? | best -
[b2=25 b1={23}] stage  15.8% (441485950976/2801532240664) | 102.9M/s | stage ETA 6:22:09 | overall ? ETA ? | best -
[b2=25 b1={23}] stage  15.8% (441692315648/2801532240664) | 102.9M/s | stage ETA 6:22:07 | overall ? ETA ? | best -
[b2=25 b1={23}] stage  15.8% (441899372544/2801532240664) | 103.1M/s | stage ETA 6:21:17 | overall ? ETA ? | best -
[b2=25 b1={23}] stage  15.8% (442107564032/2801532240664) | 103.4M/s | stage ETA 6:20:11 | overall ? ETA ? | best -
[b2=25 b1={23}] stage  15.8% (442314543104/2801532240664) | 103.3M/s | stage ETA 6:20:41 | overall ? ETA ? | best -
[b2=25 b1={23}] stage  15.8% (442522136576/2801532240664) | 103.4M/s | stage ETA 6:20:09 | overall ? ETA ? | best -
[b2=25 b1={23}] stage  15.8% (442729316352/2801532240664) | 103.4M/s | stage ETA 6:20:07 | overall ? ETA ? | best -
[b2=25 b1={23}] stage  15.8% (442937401344/2801532240664) | 103.6M/s | stage ETA 6:19:34 | overall ? ETA ? | best -
[b2=25 b1={23}] stage  15.8% (443144085504/2801532240664) | 103.3M/s | stage ETA 6:20:32 | overall ? ETA ? | best -
[b2=25 b1={23}] stage  15.8% (443350069248/2801532240664) | 102.8M/s | stage ETA 6:22:12 | overall ? ETA ? | best -
[b2=25 b1={23}] stage  15.8% (443556020224/2801532240664) | 102.7M/s | stage ETA 6:22:32 | overall ? ETA ? | best -
[b2=25 b1={23}] stage  15.8% (443760758784/2801532240664) | 102.4M/s | stage ETA 6:23:51 | overall ? ETA ? | best -
[b2=25 b1={23}] stage  15.8% (443966693376/2801532240664) | 102.6M/s | stage ETA 6:22:51 | overall ? ETA ? | best -
[b2=25 b1={23}] stage  15.9% (444169273344/2801532240664) | 101.8M/s | stage ETA 6:25:50 | overall ? ETA ? | best -
[b2=25 b1={23}] stage  15.9% (444376489984/2801532240664) | 102.5M/s | stage ETA 6:23:05 | overall ? ETA ? | best -
[b2=25 b1={23}] stage  15.9% (444583456768/2801532240664) | 102.8M/s | stage ETA 6:21:58 | overall ? ETA ? | best -
[b2=25 b1={23}] stage  15.9% (444789039104/2801532240664) | 102.6M/s | stage ETA 6:22:41 | overall ? ETA ? | best -
[b2=25 b1={23}] stage  15.9% (444995506176/2801532240664) | 102.8M/s | stage ETA 6:22:05 | overall ? ETA ? | best -
[b2=25 b1={23}] stage  15.9% (445202530304/2801532240664) | 103.0M/s | stage ETA 6:21:26 | overall ? ETA ? | best -
[b2=25 b1={23}] stage  15.9% (445409161216/2801532240664) | 102.9M/s | stage ETA 6:21:35 | overall ? ETA ? | best -
[b2=25 b1={23}] stage  15.9% (445612630016/2801532240664) | 102.2M/s | stage ETA 6:24:13 | overall ? ETA ? | best -
[b2=25 b1={23}] stage  15.9% (445810163712/2801532240664) | 100.2M/s | stage ETA 6:31:44 | overall ? ETA ? | best -
[b2=25 b1={23}] stage  15.9% (446008401920/2801532240664) | 99.6M/s | stage ETA 6:34:18 | overall ? ETA ? | best -
[b2=25 b1={23}] stage  15.9% (446214742016/2801532240664) | 101.2M/s | stage ETA 6:27:44 | overall ? ETA ? | best -
[b2=25 b1={23}] stage  15.9% (446420553728/2801532240664) | 101.9M/s | stage ETA 6:25:08 | overall ? ETA ? | best -
[b2=25 b1={23}] stage  15.9% (446626246656/2801532240664) | 102.3M/s | stage ETA 6:23:50 | overall ? ETA ? | best -
[b2=25 b1={23}] stage  15.9% (446832345088/2801532240664) | 102.5M/s | stage ETA 6:22:44 | overall ? ETA ? | best -
[b2=25 b1={23}] stage  16.0% (447037804544/2801532240664) | 102.6M/s | stage ETA 6:22:36 | overall ? ETA ? | best -
[b2=25 b1={23}] stage  16.0% (447243567104/2801532240664) | 102.5M/s | stage ETA 6:22:56 | overall ? ETA ? | best -
[b2=25 b1={23}] stage  16.0% (447446429696/2801532240664) | 101.9M/s | stage ETA 6:24:56 | overall ? ETA ? | best -
[b2=25 b1={23}] stage  16.0% (447654092800/2801532240664) | 102.7M/s | stage ETA 6:21:49 | overall ? ETA ? | best -
[b2=25 b1={23}] stage  16.0% (447861080064/2801532240664) | 103.0M/s | stage ETA 6:20:49 | overall ? ETA ? | best -
[b2=25 b1={23}] stage  16.0% (448067608576/2801532240664) | 103.0M/s | stage ETA 6:20:47 | overall ? ETA ? | best -
[b2=25 b1={23}] stage  16.0% (448274145280/2801532240664) | 102.9M/s | stage ETA 6:21:01 | overall ? ETA ? | best -
[b2=25 b1={23}] stage  16.0% (448480542720/2801532240664) | 102.9M/s | stage ETA 6:20:59 | overall ? ETA ? | best -
[b2=25 b1={23}] stage  16.0% (448685748224/2801532240664) | 102.8M/s | stage ETA 6:21:36 | overall ? ETA ? | best -
[b2=25 b1={23}] stage  16.0% (448892575744/2801532240664) | 103.0M/s | stage ETA 6:20:37 | overall ? ETA ? | best -
[b2=25 b1={23}] stage  16.0% (449096933376/2801532240664) | 102.5M/s | stage ETA 6:22:35 | overall ? ETA ? | best -
[b2=25 b1={23}] stage  16.0% (449301897216/2801532240664) | 102.4M/s | stage ETA 6:22:51 | overall ? ETA ? | best -
[b2=25 b1={23}] stage  16.0% (449508065280/2801532240664) | 102.7M/s | stage ETA 6:21:42 | overall ? ETA ? | best -
[b2=25 b1={23}] stage  16.1% (449714323456/2801532240664) | 102.8M/s | stage ETA 6:21:17 | overall ? ETA ? | best -
[b2=25 b1={23}] stage  16.1% (449920876544/2801532240664) | 102.9M/s | stage ETA 6:20:53 | overall ? ETA ? | best -
[b2=25 b1={23}] stage  16.1% (450126950400/2801532240664) | 102.7M/s | stage ETA 6:21:25 | overall ? ETA ? | best -
[b2=25 b1={23}] stage  16.1% (450331885568/2801532240664) | 102.6M/s | stage ETA 6:22:04 | overall ? ETA ? | best -
[b2=25 b1={23}] stage  16.1% (450536071168/2801532240664) | 102.2M/s | stage ETA 6:23:23 | overall ? ETA ? | best -
[b2=25 b1={23}] stage  16.1% (450741022720/2801532240664) | 102.2M/s | stage ETA 6:23:25 | overall ? ETA ? | best -
[b2=25 b1={23}] stage  16.1% (450946326528/2801532240664) | 102.4M/s | stage ETA 6:22:41 | overall ? ETA ? | best -
[b2=25 b1={23}] stage  16.1% (451153362944/2801532240664) | 102.7M/s | stage ETA 6:21:16 | overall ? ETA ? | best -
[b2=25 b1={23}] stage  16.1% (451360677888/2801532240664) | 103.0M/s | stage ETA 6:20:15 | overall ? ETA ? | best -
[b2=25 b1={23}] stage  16.1% (451566751744/2801532240664) | 102.9M/s | stage ETA 6:20:38 | overall ? ETA ? | best -
[b2=25 b1={23}] stage  16.1% (451772850176/2801532240664) | 102.8M/s | stage ETA 6:21:07 | overall ? ETA ? | best -
[b2=25 b1={23}] stage  16.1% (451977871360/2801532240664) | 102.6M/s | stage ETA 6:21:48 | overall ? ETA ? | best -
[b2=25 b1={23}] stage  16.1% (452183371776/2801532240664) | 102.6M/s | stage ETA 6:21:45 | overall ? ETA ? | best -
[b2=25 b1={23}] stage  16.1% (452388995072/2801532240664) | 102.6M/s | stage ETA 6:21:44 | overall ? ETA ? | best -
[b2=25 b1={23}] stage  16.2% (452594388992/2801532240664) | 102.6M/s | stage ETA 6:21:44 | overall ? ETA ? | best -
[b2=25 b1={23}] stage  16.2% (452799148032/2801532240664) | 102.4M/s | stage ETA 6:22:18 | overall ? ETA ? | best -
[b2=25 b1={23}] stage  16.2% (453005176832/2801532240664) | 102.7M/s | stage ETA 6:21:17 | overall ? ETA ? | best -
[b2=25 b1={23}] stage  16.2% (453211754496/2801532240664) | 102.8M/s | stage ETA 6:20:47 | overall ? ETA ? | best -
[b2=25 b1={23}] stage  16.2% (453417316352/2801532240664) | 102.7M/s | stage ETA 6:21:05 | overall ? ETA ? | best -
[b2=25 b1={23}] stage  16.2% (453622538240/2801532240664) | 102.6M/s | stage ETA 6:21:28 | overall ? ETA ? | best -
[b2=25 b1={23}] stage  16.2% (453829648384/2801532240664) | 103.0M/s | stage ETA 6:19:53 | overall ? ETA ? | best -
[b2=25 b1={23}] stage  16.2% (454035927040/2801532240664) | 103.0M/s | stage ETA 6:19:52 | overall ? ETA ? | best -
[b2=25 b1={23}] stage  16.2% (454241460224/2801532240664) | 102.8M/s | stage ETA 6:20:35 | overall ? ETA ? | best -
[b2=25 b1={23}] stage  16.2% (454448521216/2801532240664) | 103.0M/s | stage ETA 6:19:51 | overall ? ETA ? | best -
[b2=25 b1={23}] stage  16.2% (454654582784/2801532240664) | 102.8M/s | stage ETA 6:20:33 | overall ? ETA ? | best -
[b2=25 b1={23}] stage  16.2% (454860169216/2801532240664) | 102.7M/s | stage ETA 6:20:59 | overall ? ETA ? | best -
[b2=25 b1={23}] stage  16.2% (455066365952/2801532240664) | 102.7M/s | stage ETA 6:20:36 | overall ? ETA ? | best -
[b2=25 b1={23}] stage  16.3% (455273299968/2801532240664) | 103.0M/s | stage ETA 6:19:43 | overall ? ETA ? | best -
[b2=25 b1={23}] stage  16.3% (455479771136/2801532240664) | 103.0M/s | stage ETA 6:19:46 | overall ? ETA ? | best -
[b2=25 b1={23}] stage  16.3% (455685660672/2801532240664) | 102.9M/s | stage ETA 6:19:51 | overall ? ETA ? | best -
[b2=25 b1={23}] stage  16.3% (455891095552/2801532240664) | 102.7M/s | stage ETA 6:20:32 | overall ? ETA ? | best -
[b2=25 b1={23}] stage  16.3% (456095940608/2801532240664) | 102.4M/s | stage ETA 6:21:48 | overall ? ETA ? | best -
[b2=25 b1={23}] stage  16.3% (456300990464/2801532240664) | 102.4M/s | stage ETA 6:21:40 | overall ? ETA ? | best -
[b2=25 b1={23}] stage  16.3% (456507559936/2801532240664) | 102.7M/s | stage ETA 6:20:24 | overall ? ETA ? | best -
[b2=25 b1={23}] stage  16.3% (456713490432/2801532240664) | 102.7M/s | stage ETA 6:20:23 | overall ? ETA ? | best -
[b2=25 b1={23}] stage  16.3% (456919519232/2801532240664) | 102.8M/s | stage ETA 6:20:04 | overall ? ETA ? | best -
[b2=25 b1={23}] stage  16.3% (457124298752/2801532240664) | 102.5M/s | stage ETA 6:21:18 | overall ? ETA ? | best -
[b2=25 b1={23}] stage  16.3% (457328861184/2801532240664) | 102.4M/s | stage ETA 6:21:42 | overall ? ETA ? | best -
[b2=25 b1={23}] stage  16.3% (457533734912/2801532240664) | 102.3M/s | stage ETA 6:21:52 | overall ? ETA ? | best -
[b2=25 b1={23}] stage  16.3% (457740058624/2801532240664) | 102.7M/s | stage ETA 6:20:24 | overall ? ETA ? | best -
[b2=25 b1={23}] stage  16.3% (457946460160/2801532240664) | 102.9M/s | stage ETA 6:19:41 | overall ? ETA ? | best -
[b2=25 b1={23}] stage  16.4% (458152607744/2801532240664) | 103.0M/s | stage ETA 6:19:22 | overall ? ETA ? | best -
[b2=25 b1={23}] stage  16.4% (458357268480/2801532240664) | 102.6M/s | stage ETA 6:20:36 | overall ? ETA ? | best -
[b2=25 b1={23}] stage  16.4% (458563883008/2801532240664) | 102.8M/s | stage ETA 6:19:45 | overall ? ETA ? | best -
[b2=25 b1={23}] stage  16.4% (458770833408/2801532240664) | 103.0M/s | stage ETA 6:18:55 | overall ? ETA ? | best -
[b2=25 b1={23}] stage  16.4% (458973077504/2801532240664) | 102.0M/s | stage ETA 6:22:38 | overall ? ETA ? | best -
[b2=25 b1={23}] stage  16.4% (459174711296/2801532240664) | 101.4M/s | stage ETA 6:25:07 | overall ? ETA ? | best -
[b2=25 b1={23}] stage  16.4% (459357364224/2801532240664) | 96.2M/s | stage ETA 6:45:47 | overall ? ETA ? | best -
[b2=25 b1={23}] stage  16.4% (459556806656/2801532240664) | 97.9M/s | stage ETA 6:38:32 | overall ? ETA ? | best -
[b2=25 b1={23}] stage  16.4% (459749072896/2801532240664) | 96.9M/s | stage ETA 6:42:42 | overall ? ETA ? | best -
[b2=25 b1={23}] stage  16.4% (459943354368/2801532240664) | 96.9M/s | stage ETA 6:42:43 | overall ? ETA ? | best -
[b2=25 b1={23}] stage  16.4% (460138856448/2801532240664) | 97.2M/s | stage ETA 6:41:20 | overall ? ETA ? | best -
[b2=25 b1={23}] stage  16.4% (460336504832/2801532240664) | 98.0M/s | stage ETA 6:38:18 | overall ? ETA ? | best -
[b2=25 b1={23}] stage  16.4% (460538093568/2801532240664) | 99.3M/s | stage ETA 6:32:59 | overall ? ETA ? | best -
[b2=25 b1={23}] stage  16.4% (460735647744/2801532240664) | 99.0M/s | stage ETA 6:34:10 | overall ? ETA ? | best -
[b2=25 b1={23}] stage  16.5% (460933505024/2801532240664) | 98.8M/s | stage ETA 6:34:39 | overall ? ETA ? | best -
[b2=25 b1={23}] stage  16.5% (461133414400/2801532240664) | 99.3M/s | stage ETA 6:32:40 | overall ? ETA ? | best -
[b2=25 b1={23}] stage  16.5% (461336338432/2801532240664) | 100.3M/s | stage ETA 6:28:41 | overall ? ETA ? | best -
[b2=25 b1={23}] stage  16.5% (461535412224/2801532240664) | 99.9M/s | stage ETA 6:30:34 | overall ? ETA ? | best -
[b2=25 b1={23}] stage  16.5% (461735641088/2801532240664) | 99.9M/s | stage ETA 6:30:30 | overall ? ETA ? | best -
[b2=25 b1={23}] stage  16.5% (461939720192/2801532240664) | 100.9M/s | stage ETA 6:26:29 | overall ? ETA ? | best -
[b2=25 b1={23}] stage  16.5% (462144135168/2801532240664) | 101.4M/s | stage ETA 6:24:22 | overall ? ETA ? | best -
[b2=25 b1={23}] stage  16.5% (462347681792/2801532240664) | 101.5M/s | stage ETA 6:24:03 | overall ? ETA ? | best -
[b2=25 b1={23}] stage  16.5% (462551752704/2801532240664) | 101.7M/s | stage ETA 6:23:16 | overall ? ETA ? | best -
[b2=25 b1={23}] stage  16.5% (462756196352/2801532240664) | 101.8M/s | stage ETA 6:22:45 | overall ? ETA ? | best -
[b2=25 b1={23}] stage  16.5% (462961471488/2801532240664) | 102.1M/s | stage ETA 6:21:42 | overall ? ETA ? | best -
[b2=25 b1={23}] stage  16.5% (463165878272/2801532240664) | 102.0M/s | stage ETA 6:21:57 | overall ? ETA ? | best -
[b2=25 b1={23}] stage  16.5% (463370215424/2801532240664) | 102.1M/s | stage ETA 6:21:47 | overall ? ETA ? | best -
[b2=25 b1={23}] stage  16.5% (463574740992/2801532240664) | 102.1M/s | stage ETA 6:21:46 | overall ? ETA ? | best -
[b2=25 b1={23}] stage  16.6% (463779004416/2801532240664) | 102.0M/s | stage ETA 6:22:05 | overall ? ETA ? | best -
[b2=25 b1={23}] stage  16.6% (463981797376/2801532240664) | 101.6M/s | stage ETA 6:23:34 | overall ? ETA ? | best -
[b2=25 b1={23}] stage  16.6% (464185745408/2801532240664) | 101.7M/s | stage ETA 6:23:09 | overall ? ETA ? | best -
[b2=25 b1={23}] stage  16.6% (464390025216/2801532240664) | 101.7M/s | stage ETA 6:22:50 | overall ? ETA ? | best -
[b2=25 b1={23}] stage  16.6% (464581537792/2801532240664) | 98.6M/s | stage ETA 6:35:02 | overall ? ETA ? | best -
[b2=25 b1={23}] stage  16.6% (464770117632/2801532240664) | 96.3M/s | stage ETA 6:44:24 | overall ? ETA ? | best -
[b2=25 b1={23}] stage  16.6% (464970579968/2801532240664) | 98.1M/s | stage ETA 6:36:56 | overall ? ETA ? | best -
[b2=25 b1={23}] stage  16.6% (465175601152/2801532240664) | 100.2M/s | stage ETA 6:28:29 | overall ? ETA ? | best -
[b2=25 b1={23}] stage  16.6% (465380515840/2801532240664) | 101.2M/s | stage ETA 6:24:34 | overall ? ETA ? | best -
[b2=25 b1={23}] stage  16.6% (465585971200/2801532240664) | 101.9M/s | stage ETA 6:22:04 | overall ? ETA ? | best -
[b2=25 b1={23}] stage  16.6% (465790865408/2801532240664) | 102.1M/s | stage ETA 6:21:10 | overall ? ETA ? | best -
[b2=25 b1={23}] stage  16.6% (465996038144/2801532240664) | 102.2M/s | stage ETA 6:20:44 | overall ? ETA ? | best -
[b2=25 b1={23}] stage  16.6% (466201915392/2801532240664) | 102.5M/s | stage ETA 6:19:54 | overall ? ETA ? | best -
[b2=25 b1={23}] stage  16.6% (466407923712/2801532240664) | 102.6M/s | stage ETA 6:19:22 | overall ? ETA ? | best -
[b2=25 b1={23}] stage  16.7% (466613870592/2801532240664) | 102.7M/s | stage ETA 6:18:44 | overall ? ETA ? | best -
[b2=25 b1={23}] stage  16.7% (466820632576/2801532240664) | 102.9M/s | stage ETA 6:18:06 | overall ? ETA ? | best -
[b2=25 b1={23}] stage  16.7% (467026804736/2801532240664) | 102.8M/s | stage ETA 6:18:22 | overall ? ETA ? | best -
[b2=25 b1={23}] stage  16.7% (467221590016/2801532240664) | 99.9M/s | stage ETA 6:29:37 | overall ? ETA ? | best -
[b2=25 b1={23}] stage  16.7% (467419250688/2801532240664) | 99.2M/s | stage ETA 6:32:04 | overall ? ETA ? | best -
[b2=25 b1={23}] stage  16.7% (467620769792/2801532240664) | 99.7M/s | stage ETA 6:30:03 | overall ? ETA ? | best -
[b2=25 b1={23}] stage  16.7% (467821465600/2801532240664) | 99.9M/s | stage ETA 6:29:18 | overall ? ETA ? | best -
[b2=25 b1={23}] stage  16.7% (468018122752/2801532240664) | 99.0M/s | stage ETA 6:32:48 | overall ? ETA ? | best -
[b2=25 b1={23}] stage  16.7% (468215451648/2801532240664) | 98.7M/s | stage ETA 6:33:58 | overall ? ETA ? | best -
[b2=25 b1={23}] stage  16.7% (468412559360/2801532240664) | 98.5M/s | stage ETA 6:34:38 | overall ? ETA ? | best -
[b2=25 b1={23}] stage  16.7% (468616749056/2801532240664) | 100.2M/s | stage ETA 6:28:04 | overall ? ETA ? | best -
[b2=25 b1={23}] stage  16.7% (468816314368/2801532240664) | 99.8M/s | stage ETA 6:29:31 | overall ? ETA ? | best -
[b2=25 b1={23}] stage  16.7% (469019705344/2801532240664) | 100.6M/s | stage ETA 6:26:35 | overall ? ETA ? | best -
[b2=25 b1={23}] stage  16.7% (469224796160/2801532240664) | 101.4M/s | stage ETA 6:23:21 | overall ? ETA ? | best -
[b2=25 b1={23}] stage  16.8% (469427806208/2801532240664) | 101.3M/s | stage ETA 6:23:44 | overall ? ETA ? | best -
[b2=25 b1={23}] stage  16.8% (469631819776/2801532240664) | 101.4M/s | stage ETA 6:23:21 | overall ? ETA ? | best -
[b2=25 b1={23}] stage  16.8% (469833625600/2801532240664) | 100.9M/s | stage ETA 6:25:15 | overall ? ETA ? | best -
[b2=25 b1={23}] stage  16.8% (470032756736/2801532240664) | 100.1M/s | stage ETA 6:28:03 | overall ? ETA ? | best -
[b2=25 b1={23}] stage  16.8% (470232403968/2801532240664) | 99.9M/s | stage ETA 6:28:52 | overall ? ETA ? | best -
[b2=25 b1={23}] stage  16.8% (470438518784/2801532240664) | 101.3M/s | stage ETA 6:23:38 | overall ? ETA ? | best -
[b2=25 b1={23}] stage  16.8% (470644838400/2801532240664) | 102.0M/s | stage ETA 6:20:41 | overall ? ETA ? | best -
[b2=25 b1={23}] stage  16.8% (470851153920/2801532240664) | 102.5M/s | stage ETA 6:18:56 | overall ? ETA ? | best -
[b2=25 b1={23}] stage  16.8% (471055122432/2801532240664) | 102.1M/s | stage ETA 6:20:17 | overall ? ETA ? | best -
[b2=25 b1={23}] stage  16.8% (471254089728/2801532240664) | 100.6M/s | stage ETA 6:25:59 | overall ? ETA ? | best -
[b2=25 b1={23}] stage  16.8% (471455891456/2801532240664) | 100.7M/s | stage ETA 6:25:30 | overall ? ETA ? | best -
[b2=25 b1={23}] stage  16.8% (471659270144/2801532240664) | 101.2M/s | stage ETA 6:23:51 | overall ? ETA ? | best -
[b2=25 b1={23}] stage  16.8% (471864446976/2801532240664) | 101.7M/s | stage ETA 6:21:42 | overall ? ETA ? | best -
[b2=25 b1={23}] stage  16.9% (472062029824/2801532240664) | 100.1M/s | stage ETA 6:27:40 | overall ? ETA ? | best -
[b2=25 b1={23}] stage  16.9% (472264613888/2801532240664) | 100.6M/s | stage ETA 6:25:44 | overall ? ETA ? | best -
[b2=25 b1={23}] stage  16.9% (472469209088/2801532240664) | 101.3M/s | stage ETA 6:23:19 | overall ? ETA ? | best -
[b2=25 b1={23}] stage  16.9% (472670683136/2801532240664) | 100.9M/s | stage ETA 6:24:33 | overall ? ETA ? | best -
[b2=25 b1={23}] stage  16.9% (472875094016/2801532240664) | 101.4M/s | stage ETA 6:22:37 | overall ? ETA ? | best -
[b2=25 b1={23}] stage  16.9% (473080860672/2801532240664) | 101.9M/s | stage ETA 6:20:49 | overall ? ETA ? | best -
[b2=25 b1={23}] stage  16.9% (473281404928/2801532240664) | 100.9M/s | stage ETA 6:24:27 | overall ? ETA ? | best -
[b2=25 b1={23}] stage  16.9% (473479983104/2801532240664) | 100.0M/s | stage ETA 6:28:07 | overall ? ETA ? | best -
[b2=25 b1={23}] stage  16.9% (473678196736/2801532240664) | 99.4M/s | stage ETA 6:30:15 | overall ? ETA ? | best -
[b2=25 b1={23}] stage  16.9% (473880338432/2801532240664) | 100.2M/s | stage ETA 6:27:18 | overall ? ETA ? | best -
[b2=25 b1={23}] stage  16.9% (474082942976/2801532240664) | 100.4M/s | stage ETA 6:26:12 | overall ? ETA ? | best -
[b2=25 b1={23}] stage  16.9% (474290446336/2801532240664) | 101.9M/s | stage ETA 6:20:37 | overall ? ETA ? | best -
[b2=25 b1={23}] stage  16.9% (474492030976/2801532240664) | 101.3M/s | stage ETA 6:22:56 | overall ? ETA ? | best -
[b2=25 b1={23}] stage  16.9% (474694197248/2801532240664) | 100.9M/s | stage ETA 6:24:11 | overall ? ETA ? | best -
[b2=25 b1={23}] stage  17.0% (474899673088/2801532240664) | 101.7M/s | stage ETA 6:21:07 | overall ? ETA ? | best -
[b2=25 b1={23}] stage  17.0% (475103973376/2801532240664) | 101.9M/s | stage ETA 6:20:39 | overall ? ETA ? | best -
[b2=25 b1={23}] stage  17.0% (475308216320/2801532240664) | 101.9M/s | stage ETA 6:20:37 | overall ? ETA ? | best -
[b2=25 b1={23}] stage  17.0% (475513409536/2801532240664) | 102.1M/s | stage ETA 6:19:42 | overall ? ETA ? | best -
[b2=25 b1={23}] stage  17.0% (475718070272/2801532240664) | 102.1M/s | stage ETA 6:19:35 | overall ? ETA ? | best -
[b2=25 b1={23}] stage  17.0% (475917639680/2801532240664) | 100.8M/s | stage ETA 6:24:25 | overall ? ETA ? | best -
[b2=25 b1={23}] stage  17.0% (476123381760/2801532240664) | 101.7M/s | stage ETA 6:20:54 | overall ? ETA ? | best -
[b2=25 b1={23}] stage  17.0% (476324487168/2801532240664) | 101.0M/s | stage ETA 6:23:36 | overall ? ETA ? | best -
[b2=25 b1={23}] stage  17.0% (476524220416/2801532240664) | 100.4M/s | stage ETA 6:26:07 | overall ? ETA ? | best -
[b2=25 b1={23}] stage  17.0% (476720615424/2801532240664) | 99.2M/s | stage ETA 6:30:27 | overall ? ETA ? | best -
[b2=25 b1={23}] stage  17.0% (476924829696/2801532240664) | 100.6M/s | stage ETA 6:25:02 | overall ? ETA ? | best -
[b2=25 b1={23}] stage  17.0% (477129621504/2801532240664) | 101.4M/s | stage ETA 6:22:11 | overall ? ETA ? | best -
[b2=25 b1={23}] stage  17.0% (477332598784/2801532240664) | 101.3M/s | stage ETA 6:22:12 | overall ? ETA ? | best -
[b2=25 b1={23}] stage  17.0% (477531693056/2801532240664) | 100.3M/s | stage ETA 6:26:12 | overall ? ETA ? | best -
[b2=25 b1={23}] stage  17.1% (477729419264/2801532240664) | 99.6M/s | stage ETA 6:28:59 | overall ? ETA ? | best -
[b2=25 b1={23}] stage  17.1% (477928964096/2801532240664) | 99.6M/s | stage ETA 6:28:38 | overall ? ETA ? | best -
[b2=25 b1={23}] stage  17.1% (478131302400/2801532240664) | 100.2M/s | stage ETA 6:26:26 | overall ? ETA ? | best -
[b2=25 b1={23}] stage  17.1% (478335123456/2801532240664) | 100.9M/s | stage ETA 6:23:36 | overall ? ETA ? | best -
[b2=25 b1={23}] stage  17.1% (478536966144/2801532240664) | 100.7M/s | stage ETA 6:24:17 | overall ? ETA ? | best -
[b2=25 b1={23}] stage  17.1% (478735900672/2801532240664) | 100.0M/s | stage ETA 6:27:12 | overall ? ETA ? | best -
[b2=25 b1={23}] stage  17.1% (478936768512/2801532240664) | 100.1M/s | stage ETA 6:26:39 | overall ? ETA ? | best -
[b2=25 b1={23}] stage  17.1% (479136718848/2801532240664) | 99.9M/s | stage ETA 6:27:37 | overall ? ETA ? | best -
[b2=25 b1={23}] stage  17.1% (479319203840/2801532240664) | 95.5M/s | stage ETA 6:45:24 | overall ? ETA ? | best -
[b2=25 b1={23}] stage  17.1% (479522447360/2801532240664) | 98.4M/s | stage ETA 6:33:18 | overall ? ETA ? | best -
[b2=25 b1={23}] stage  17.1% (479723528192/2801532240664) | 99.3M/s | stage ETA 6:29:32 | overall ? ETA ? | best -
[b2=25 b1={23}] stage  17.1% (479904714752/2801532240664) | 94.8M/s | stage ETA 6:48:21 | overall ? ETA ? | best -
[b2=25 b1={23}] stage  17.1% (480095498240/2801532240664) | 95.1M/s | stage ETA 6:46:59 | overall ? ETA ? | best -
[b2=25 b1={23}] stage  17.1% (480298905600/2801532240664) | 98.3M/s | stage ETA 6:33:27 | overall ? ETA ? | best -
[b2=25 b1={23}] stage  17.2% (480503689216/2801532240664) | 100.2M/s | stage ETA 6:25:54 | overall ? ETA ? | best -
[b2=25 b1={23}] stage  17.2% (480708579328/2801532240664) | 101.2M/s | stage ETA 6:22:03 | overall ? ETA ? | best -
[b2=25 b1={23}] stage  17.2% (480913166336/2801532240664) | 101.7M/s | stage ETA 6:20:13 | overall ? ETA ? | best -
[b2=25 b1={23}] stage  17.2% (481118154752/2801532240664) | 102.0M/s | stage ETA 6:19:14 | overall ? ETA ? | best -
[b2=25 b1={23}] stage  17.2% (481320660992/2801532240664) | 101.5M/s | stage ETA 6:20:56 | overall ? ETA ? | best -
[b2=25 b1={23}] stage  17.2% (481516638208/2801532240664) | 99.7M/s | stage ETA 6:27:56 | overall ? ETA ? | best -
[b2=25 b1={23}] stage  17.2% (481702674432/2801532240664) | 96.3M/s | stage ETA 6:41:34 | overall ? ETA ? | best -
[b2=25 b1={23}] stage  17.2% (481898405888/2801532240664) | 97.0M/s | stage ETA 6:38:41 | overall ? ETA ? | best -
[b2=25 b1={23}] stage  17.2% (482100932608/2801532240664) | 99.0M/s | stage ETA 6:30:23 | overall ? ETA ? | best -
[b2=25 b1={23}] stage  17.2% (482303848448/2801532240664) | 100.1M/s | stage ETA 6:26:08 | overall ? ETA ? | best -
[b2=25 b1={23}] stage  17.2% (482508304384/2801532240664) | 101.0M/s | stage ETA 6:22:43 | overall ? ETA ? | best -
[b2=25 b1={23}] stage  17.2% (482711908352/2801532240664) | 101.2M/s | stage ETA 6:21:56 | overall ? ETA ? | best -
[b2=25 b1={23}] stage  17.2% (482914516992/2801532240664) | 101.2M/s | stage ETA 6:21:46 | overall ? ETA ? | best -
[b2=25 b1={23}] stage  17.2% (483117170688/2801532240664) | 101.2M/s | stage ETA 6:21:51 | overall ? ETA ? | best -
[b2=25 b1={23}] stage  17.3% (483317714944/2801532240664) | 100.7M/s | stage ETA 6:23:34 | overall ? ETA ? | best -
[b2=25 b1={23}] stage  17.3% (483521146880/2801532240664) | 101.1M/s | stage ETA 6:22:14 | overall ? ETA ? | best -
[b2=25 b1={23}] stage  17.3% (483716173824/2801532240664) | 99.2M/s | stage ETA 6:29:30 | overall ? ETA ? | best -
[b2=25 b1={23}] stage  17.3% (483913392128/2801532240664) | 98.8M/s | stage ETA 6:31:06 | overall ? ETA ? | best -
[b2=25 b1={23}] stage  17.3% (484113502208/2801532240664) | 99.2M/s | stage ETA 6:29:11 | overall ? ETA ? | best -
[b2=25 b1={23}] stage  17.3% (484313534464/2801532240664) | 99.6M/s | stage ETA 6:27:56 | overall ? ETA ? | best -
[b2=25 b1={23}] stage  17.3% (484508360704/2801532240664) | 98.4M/s | stage ETA 6:32:35 | overall ? ETA ? | best -
[b2=25 b1={23}] stage  17.3% (484697243648/2801532240664) | 96.2M/s | stage ETA 6:41:16 | overall ? ETA ? | best -
[b2=25 b1={23}] stage  17.3% (484891615232/2801532240664) | 96.6M/s | stage ETA 6:39:45 | overall ? ETA ? | best -
[b2=25 b1={23}] stage  17.3% (485091274752/2801532240664) | 98.1M/s | stage ETA 6:33:32 | overall ? ETA ? | best -
[b2=25 b1={23}] stage  17.3% (485293101056/2801532240664) | 99.4M/s | stage ETA 6:28:11 | overall ? ETA ? | best -
[b2=25 b1={23}] stage  17.3% (485490442240/2801532240664) | 98.9M/s | stage ETA 6:30:13 | overall ? ETA ? | best -
[b2=25 b1={23}] stage  17.3% (485693874176/2801532240664) | 100.2M/s | stage ETA 6:25:06 | overall ? ETA ? | best -
[b2=25 b1={23}] stage  17.3% (485900316672/2801532240664) | 101.6M/s | stage ETA 6:19:56 | overall ? ETA ? | best -
[b2=25 b1={23}] stage  17.4% (486106406912/2801532240664) | 102.2M/s | stage ETA 6:17:26 | overall ? ETA ? | best -
[b2=25 b1={23}] stage  17.4% (486308925440/2801532240664) | 101.7M/s | stage ETA 6:19:29 | overall ? ETA ? | best -
[b2=25 b1={23}] stage  17.4% (486500708352/2801532240664) | 98.6M/s | stage ETA 6:31:21 | overall ? ETA ? | best -
[b2=25 b1={23}] stage  17.4% (486703849472/2801532240664) | 100.0M/s | stage ETA 6:25:53 | overall ? ETA ? | best -
[b2=25 b1={23}] stage  17.4% (486909546496/2801532240664) | 101.3M/s | stage ETA 6:20:52 | overall ? ETA ? | best -
[b2=25 b1={23}] stage  17.4% (487115345920/2801532240664) | 101.9M/s | stage ETA 6:18:37 | overall ? ETA ? | best -
[b2=25 b1={23}] stage  17.4% (487317684224/2801532240664) | 101.5M/s | stage ETA 6:20:01 | overall ? ETA ? | best -
[b2=25 b1={23}] stage  17.4% (487514652672/2801532240664) | 99.8M/s | stage ETA 6:26:20 | overall ? ETA ? | best -
[b2=25 b1={23}] stage  17.4% (487718166528/2801532240664) | 100.6M/s | stage ETA 6:23:14 | overall ? ETA ? | best -
[b2=25 b1={23}] stage  17.4% (487921119232/2801532240664) | 100.9M/s | stage ETA 6:22:05 | overall ? ETA ? | best -
[b2=25 b1={23}] stage  17.4% (488124846080/2801532240664) | 101.3M/s | stage ETA 6:20:42 | overall ? ETA ? | best -
[b2=25 b1={23}] stage  17.4% (488326127616/2801532240664) | 100.8M/s | stage ETA 6:22:18 | overall ? ETA ? | best -
[b2=25 b1={23}] stage  17.4% (488530374656/2801532240664) | 101.4M/s | stage ETA 6:20:06 | overall ? ETA ? | best -
[b2=25 b1={23}] stage  17.4% (488735137792/2801532240664) | 101.8M/s | stage ETA 6:18:48 | overall ? ETA ? | best -
[b2=25 b1={23}] stage  17.5% (488930701312/2801532240664) | 99.6M/s | stage ETA 6:26:48 | overall ? ETA ? | best -
[b2=25 b1={23}] stage  17.5% (489132900352/2801532240664) | 100.3M/s | stage ETA 6:24:11 | overall ? ETA ? | best -
[b2=25 b1={23}] stage  17.5% (489337257984/2801532240664) | 100.9M/s | stage ETA 6:21:46 | overall ? ETA ? | best -
[b2=25 b1={23}] stage  17.5% (489531797504/2801532240664) | 99.0M/s | stage ETA 6:29:12 | overall ? ETA ? | best -
[b2=25 b1={23}] stage  17.5% (489731043328/2801532240664) | 99.3M/s | stage ETA 6:28:09 | overall ? ETA ? | best -
[b2=25 b1={23}] stage  17.5% (489933156352/2801532240664) | 100.0M/s | stage ETA 6:25:08 | overall ? ETA ? | best -
[b2=25 b1={23}] stage  17.5% (490136768512/2801532240664) | 100.8M/s | stage ETA 6:22:15 | overall ? ETA ? | best -
[b2=25 b1={23}] stage  17.5% (490340925440/2801532240664) | 101.2M/s | stage ETA 6:20:27 | overall ? ETA ? | best -
[b2=25 b1={23}] stage  17.5% (490544979968/2801532240664) | 101.5M/s | stage ETA 6:19:25 | overall ? ETA ? | best -
[b2=25 b1={23}] stage  17.5% (490740473856/2801532240664) | 99.4M/s | stage ETA 6:27:38 | overall ? ETA ? | best -
[b2=25 b1={23}] stage  17.5% (490946904064/2801532240664) | 101.2M/s | stage ETA 6:20:41 | overall ? ETA ? | best -
[b2=25 b1={23}] stage  17.5% (491147763712/2801532240664) | 100.7M/s | stage ETA 6:22:29 | overall ? ETA ? | best -
[b2=25 b1={23}] stage  17.5% (491346354176/2801532240664) | 99.9M/s | stage ETA 6:25:20 | overall ? ETA ? | best -
[b2=25 b1={23}] stage  17.5% (491542859776/2801532240664) | 98.9M/s | stage ETA 6:29:16 | overall ? ETA ? | best -
[b2=25 b1={23}] stage  17.6% (491738669056/2801532240664) | 98.3M/s | stage ETA 6:31:42 | overall ? ETA ? | best -
[b2=25 b1={23}] stage  17.6% (491940188160/2801532240664) | 99.3M/s | stage ETA 6:27:27 | overall ? ETA ? | best -
[b2=25 b1={23}] stage  17.6% (492141043712/2801532240664) | 99.7M/s | stage ETA 6:26:08 | overall ? ETA ? | best -
