A171740 GPU search: n=36, device=Apple M4 Max, build threads=14, limit=2103169471200639331664853243678355381701914394624
stage b2=24 vs b1={22}: values [2029520581602966642312774964747922070981914394624, 2103169471200639331664853243678355381701914394624) (GPU MITM)
  resuming partner b1=22 at +52378680446331 of 55220000000001 yh (exact)
  MITM b1=22: s=12 t=6 j=6 je=8 Q=113379904 table=191102976 yh=55220000000001
  table built in 1.6s (14 threads)
[b2=24 b1=22 GPU] stage  94.9% (52378948881787/55220000000001) | 2299.6M/s | ETA 0:20:35 | best -
[b2=24 b1=22 GPU] stage  94.9% (52381901671803/55220000000001) | 1513.2M/s | ETA 0:31:15 | best -
[b2=24 b1=22 GPU] stage  94.9% (52382975413627/55220000000001) | 672.3M/s | ETA 1:10:19 | best -
[b2=24 b1=22 GPU] stage  94.9% (52384049155451/55220000000001) | 728.3M/s | ETA 1:04:54 | best -
[b2=24 b1=22 GPU] stage  94.9% (52384854461819/55220000000001) | 509.5M/s | ETA 1:32:44 | best -
[b2=24 b1=22 GPU] stage  94.9% (52385928203643/55220000000001) | 690.9M/s | ETA 1:08:22 | best -
[b2=24 b1=22 GPU] stage  94.9% (52386733510011/55220000000001) | 494.1M/s | ETA 1:35:34 | best -
[b2=24 b1=22 GPU] stage  94.9% (52387807251835/55220000000001) | 749.3M/s | ETA 1:02:59 | best -
[b2=24 b1=22 GPU] stage  94.9% (52392102219131/55220000000001) | 2649.8M/s | ETA 0:17:47 | best -
[b2=24 b1=22 GPU] stage  94.9% (52395591880059/55220000000001) | 1927.1M/s | ETA 0:24:25 | best -
[b2=24 b1=22 GPU] stage  94.9% (52396665621883/55220000000001) | 827.5M/s | ETA 0:56:51 | best -
[b2=24 b1=22 GPU] stage  94.9% (52397470928251/55220000000001) | 606.8M/s | ETA 1:17:31 | best -
[b2=24 b1=22 GPU] stage  94.9% (52398544670075/55220000000001) | 685.0M/s | ETA 1:08:39 | best -
[b2=24 b1=22 GPU] stage  94.9% (52399349976443/55220000000001) | 516.7M/s | ETA 1:30:58 | best -
[b2=24 b1=22 GPU] stage  94.9% (52400423718267/55220000000001) | 695.0M/s | ETA 1:07:36 | best -
[b2=24 b1=22 GPU] stage  94.9% (52401229024635/55220000000001) | 494.2M/s | ETA 1:35:03 | best -
[b2=24 b1=22 GPU] stage  94.9% (52403376508283/55220000000001) | 2347.9M/s | ETA 0:19:59 | best -
[b2=24 b1=22 GPU] stage  94.9% (52408745217403/55220000000001) | 1966.6M/s | ETA 0:23:49 | best -
[b2=24 b1=22 GPU] stage  94.9% (52409550523771/55220000000001) | 945.1M/s | ETA 0:49:33 | best -
[b2=24 b1=22 GPU] stage  94.9% (52410624265595/55220000000001) | 785.4M/s | ETA 0:59:37 | best -
[b2=24 b1=22 GPU] stage  94.9% (52411429571963/55220000000001) | 524.1M/s | ETA 1:29:18 | best -
[b2=24 b1=22 GPU] stage  94.9% (52412503313787/55220000000001) | 677.8M/s | ETA 1:09:02 | best -
[b2=24 b1=22 GPU] stage  94.9% (52413308620155/55220000000001) | 490.6M/s | ETA 1:35:20 | best -
[b2=24 b1=22 GPU] stage  94.9% (52414382361979/55220000000001) | 664.2M/s | ETA 1:10:23 | best -
[b2=24 b1=22 GPU] stage  94.9% (52415187668347/55220000000001) | 482.0M/s | ETA 1:36:59 | best -
[b2=24 b1=22 GPU] stage  94.9% (52420556377467/55220000000001) | 2641.7M/s | ETA 0:17:39 | best -
[b2=24 b1=22 GPU] stage  94.9% (52422972296571/55220000000001) | 1511.1M/s | ETA 0:30:51 | best -
[b2=24 b1=22 GPU] stage  94.9% (52424046038395/55220000000001) | 736.3M/s | ETA 1:03:17 | best -
[b2=24 b1=22 GPU] stage  94.9% (52425119780219/55220000000001) | 595.4M/s | ETA 1:18:13 | best -
[b2=24 b1=22 GPU] stage  94.9% (52425925086587/55220000000001) | 464.2M/s | ETA 1:40:18 | best -
[b2=24 b1=22 GPU] stage  94.9% (52426998828411/55220000000001) | 692.7M/s | ETA 1:07:11 | best -
[b2=24 b1=22 GPU] stage  94.9% (52427804134779/55220000000001) | 484.8M/s | ETA 1:35:59 | best -
[b2=24 b1=22 GPU] stage  94.9% (52428877876603/55220000000001) | 677.8M/s | ETA 1:08:37 | best -
[b2=24 b1=22 GPU] stage  95.0% (52432904408443/55220000000001) | 2641.5M/s | ETA 0:17:35 | best -
[b2=24 b1=22 GPU] stage  95.0% (52436125633915/55220000000001) | 1528.4M/s | ETA 0:30:21 | best -
[b2=24 b1=22 GPU] stage  95.0% (52437199375739/55220000000001) | 936.4M/s | ETA 0:49:31 | best -
[b2=24 b1=22 GPU] stage  95.0% (52438004682107/55220000000001) | 560.2M/s | ETA 1:22:46 | best -
[b2=24 b1=22 GPU] stage  95.0% (52439078423931/55220000000001) | 694.0M/s | ETA 1:06:47 | best -
[b2=24 b1=22 GPU] stage  95.0% (52439883730299/55220000000001) | 501.4M/s | ETA 1:32:24 | best -
[b2=24 b1=22 GPU] stage  95.0% (52440957472123/55220000000001) | 598.3M/s | ETA 1:17:25 | best -
[b2=24 b1=22 GPU] stage  95.0% (52442031213947/55220000000001) | 619.6M/s | ETA 1:14:43 | best -
[b2=24 b1=22 GPU] stage  95.0% (52444715568507/55220000000001) | 2571.1M/s | ETA 0:17:59 | best -
[b2=24 b1=22 GPU] stage  95.0% (52449815842171/55220000000001) | 1979.8M/s | ETA 0:23:19 | best -
[b2=24 b1=22 GPU] stage  95.0% (52450621148539/55220000000001) | 1005.8M/s | ETA 0:45:53 | best -
[b2=24 b1=22 GPU] stage  95.0% (52451694890363/55220000000001) | 613.4M/s | ETA 1:15:12 | best -
[b2=24 b1=22 GPU] stage  95.0% (52452500196731/55220000000001) | 527.0M/s | ETA 1:27:31 | best -
[b2=24 b1=22 GPU] stage  95.0% (52453573938555/55220000000001) | 688.6M/s | ETA 1:06:57 | best -
[b2=24 b1=22 GPU] stage  95.0% (52454379244923/55220000000001) | 491.5M/s | ETA 1:33:46 | best -
[b2=24 b1=22 GPU] stage  95.0% (52455452986747/55220000000001) | 665.9M/s | ETA 1:09:11 | best -
[b2=24 b1=22 GPU] stage  95.0% (52456258293115/55220000000001) | 491.1M/s | ETA 1:33:47 | best -
[b2=24 b1=22 GPU] stage  95.0% (52461627002235/55220000000001) | 2611.3M/s | ETA 0:17:36 | best -
[b2=24 b1=22 GPU] stage  95.0% (52463774485883/55220000000001) | 1185.6M/s | ETA 0:38:44 | best -
[b2=24 b1=22 GPU] stage  95.0% (52464579792251/55220000000001) | 655.2M/s | ETA 1:10:05 | best -
[b2=24 b1=22 GPU] stage  95.0% (52465653534075/55220000000001) | 709.6M/s | ETA 1:04:41 | best -
[b2=24 b1=22 GPU] stage  95.0% (52466458840443/55220000000001) | 510.5M/s | ETA 1:29:53 | best -
[b2=24 b1=22 GPU] stage  95.0% (52467532582267/55220000000001) | 563.3M/s | ETA 1:21:26 | best -
[b2=24 b1=22 GPU] stage  95.0% (52468337888635/55220000000001) | 446.0M/s | ETA 1:42:49 | best -
[b2=24 b1=22 GPU] stage  95.0% (52469411630459/55220000000001) | 698.9M/s | ETA 1:05:35 | best -
[b2=24 b1=22 GPU] stage  95.0% (52473975033211/55220000000001) | 2651.4M/s | ETA 0:17:15 | best -
[b2=24 b1=22 GPU] stage  95.0% (52477196258683/55220000000001) | 1571.2M/s | ETA 0:29:05 | best -
[b2=24 b1=22 GPU] stage  95.0% (52478270000507/55220000000001) | 754.2M/s | ETA 1:00:35 | best -
[b2=24 b1=22 GPU] stage  95.0% (52479075306875/55220000000001) | 574.6M/s | ETA 1:19:30 | best -
[b2=24 b1=22 GPU] stage  95.0% (52480149048699/55220000000001) | 696.6M/s | ETA 1:05:33 | best -
[b2=24 b1=22 GPU] stage  95.0% (52480954355067/55220000000001) | 492.6M/s | ETA 1:32:40 | best -
[b2=24 b1=22 GPU] stage  95.0% (52482028096891/55220000000001) | 683.7M/s | ETA 1:06:44 | best -
[b2=24 b1=22 GPU] stage  95.0% (52482833403259/55220000000001) | 498.1M/s | ETA 1:31:34 | best -
[b2=24 b1=22 GPU] stage  95.0% (52484712451451/55220000000001) | 2180.4M/s | ETA 0:20:54 | best -
[b2=24 b1=22 GPU] stage  95.1% (52490081160571/55220000000001) | 2642.0M/s | ETA 0:17:13 | best -
[b2=24 b1=22 GPU] stage  95.1% (52491154902395/55220000000001) | 915.3M/s | ETA 0:49:41 | best -
[b2=24 b1=22 GPU] stage  95.1% (52492228644219/55220000000001) | 781.6M/s | ETA 0:58:09 | best -
[b2=24 b1=22 GPU] stage  95.1% (52493033950587/55220000000001) | 531.8M/s | ETA 1:25:27 | best -
[b2=24 b1=22 GPU] stage  95.1% (52494107692411/55220000000001) | 578.3M/s | ETA 1:18:33 | best -
[b2=24 b1=22 GPU] stage  95.1% (52494912998779/55220000000001) | 454.9M/s | ETA 1:39:51 | best -
[b2=24 b1=22 GPU] stage  95.1% (52495986740603/55220000000001) | 672.3M/s | ETA 1:07:31 | best -
[b2=24 b1=22 GPU] stage  95.1% (52497060482427/55220000000001) | 1149.4M/s | ETA 0:39:29 | best -
[b2=24 b1=22 GPU] stage  95.1% (52502429191547/55220000000001) | 2636.1M/s | ETA 0:17:10 | best -
[b2=24 b1=22 GPU] stage  95.1% (52504576675195/55220000000001) | 1513.4M/s | ETA 0:29:54 | best -
[b2=24 b1=22 GPU] stage  95.1% (52505650417019/55220000000001) | 740.0M/s | ETA 1:01:08 | best -
[b2=24 b1=22 GPU] stage  95.1% (52506724158843/55220000000001) | 633.9M/s | ETA 1:11:20 | best -
[b2=24 b1=22 GPU] stage  95.1% (52507529465211/55220000000001) | 472.1M/s | ETA 1:35:45 | best -
[b2=24 b1=22 GPU] stage  95.1% (52508603207035/55220000000001) | 663.2M/s | ETA 1:08:08 | best -
[b2=24 b1=22 GPU] stage  95.1% (52509408513403/55220000000001) | 484.7M/s | ETA 1:33:12 | best -
[b2=24 b1=22 GPU] stage  95.1% (52510482255227/55220000000001) | 563.4M/s | ETA 1:20:08 | best -
[b2=24 b1=22 GPU] stage  95.1% (52514777222523/55220000000001) | 2636.7M/s | ETA 0:17:05 | best -
[b2=24 b1=22 GPU] stage  95.1% (52520145931643/55220000000001) | 2643.8M/s | ETA 0:17:01 | best -
[b2=24 b1=22 GPU] stage  95.1% (52525514640763/55220000000001) | 2648.3M/s | ETA 0:16:57 | best -
[b2=24 b1=22 GPU] stage  95.1% (52530883349883/55220000000001) | 2512.9M/s | ETA 0:17:50 | best -
[b2=24 b1=22 GPU] stage  95.1% (52535983623547/55220000000001) | 2458.4M/s | ETA 0:18:11 | best -
[b2=24 b1=22 GPU] stage  95.1% (52540815461755/55220000000001) | 2438.2M/s | ETA 0:18:18 | best -
[b2=24 b1=22 GPU] stage  95.2% (52545647299963/55220000000001) | 2430.5M/s | ETA 0:18:20 | best -
[b2=24 b1=22 GPU] stage  95.2% (52550479138171/55220000000001) | 2416.4M/s | ETA 0:18:24 | best -
[b2=24 b1=22 GPU] stage  95.2% (52555310976379/55220000000001) | 2325.6M/s | ETA 0:19:05 | best -
[b2=24 b1=22 GPU] stage  95.2% (52560142814587/55220000000001) | 2265.7M/s | ETA 0:19:33 | best -
[b2=24 b1=22 GPU] stage  95.2% (52564974652795/55220000000001) | 2366.5M/s | ETA 0:18:41 | best -
[b2=24 b1=22 GPU] stage  95.2% (52569806491003/55220000000001) | 2307.8M/s | ETA 0:19:08 | best -
[b2=24 b1=22 GPU] stage  95.2% (52574369893755/55220000000001) | 2173.2M/s | ETA 0:20:17 | best -
[b2=24 b1=22 GPU] stage  95.2% (52578933296507/55220000000001) | 2276.0M/s | ETA 0:19:20 | best -
[b2=24 b1=22 GPU] stage  95.2% (52583496699259/55220000000001) | 2225.0M/s | ETA 0:19:44 | best -
[b2=24 b1=22 GPU] stage  95.2% (52588060102011/55220000000001) | 2137.4M/s | ETA 0:20:31 | best -
[b2=24 b1=22 GPU] stage  95.2% (52592623504763/55220000000001) | 2226.1M/s | ETA 0:19:40 | best -
[b2=24 b1=22 GPU] stage  95.2% (52596918472059/55220000000001) | 2138.2M/s | ETA 0:20:26 | best -
[b2=24 b1=22 GPU] stage  95.3% (52600676568443/55220000000001) | 1837.4M/s | ETA 0:23:45 | best -
[b2=24 b1=22 GPU] stage  95.3% (52604703100283/55220000000001) | 2183.8M/s | ETA 0:19:57 | best -
[b2=24 b1=22 GPU] stage  95.3% (52608729632123/55220000000001) | 2167.2M/s | ETA 0:20:04 | best -
[b2=24 b1=22 GPU] stage  95.3% (52613024599419/55220000000001) | 2038.2M/s | ETA 0:21:19 | best -
[b2=24 b1=22 GPU] stage  95.3% (52617588002171/55220000000001) | 2129.2M/s | ETA 0:20:22 | best -
[b2=24 b1=22 GPU] stage  95.3% (52622151404923/55220000000001) | 2225.1M/s | ETA 0:19:27 | best -
[b2=24 b1=22 GPU] stage  95.3% (52626714807675/55220000000001) | 2191.6M/s | ETA 0:19:43 | best -
[b2=24 b1=22 GPU] stage  95.3% (52631278210427/55220000000001) | 2115.5M/s | ETA 0:20:23 | best -
[b2=24 b1=22 GPU] stage  95.3% (52635841613179/55220000000001) | 2181.2M/s | ETA 0:19:44 | best -
[b2=24 b1=22 GPU] stage  95.3% (52639868145019/55220000000001) | 2124.9M/s | ETA 0:20:14 | best -
[b2=24 b1=22 GPU] stage  95.3% (52643894676859/55220000000001) | 2046.8M/s | ETA 0:20:58 | best -
[b2=24 b1=22 GPU] stage  95.3% (52647921208699/55220000000001) | 2178.8M/s | ETA 0:19:40 | best -
[b2=24 b1=22 GPU] stage  95.3% (52651947740539/55220000000001) | 2090.4M/s | ETA 0:20:28 | best -
[b2=24 b1=22 GPU] stage  95.4% (52656242707835/55220000000001) | 2000.6M/s | ETA 0:21:21 | best -
[b2=24 b1=22 GPU] stage  95.4% (52660269239675/55220000000001) | 2014.2M/s | ETA 0:21:10 | best -
[b2=24 b1=22 GPU] stage  95.4% (52664295771515/55220000000001) | 2171.0M/s | ETA 0:19:37 | best -
[b2=24 b1=22 GPU] stage  95.4% (52668322303355/55220000000001) | 2078.6M/s | ETA 0:20:27 | best -
[b2=24 b1=22 GPU] stage  95.4% (52672617270651/55220000000001) | 2182.8M/s | ETA 0:19:27 | best -
[b2=24 b1=22 GPU] stage  95.4% (52674496318843/55220000000001) | 1224.2M/s | ETA 0:34:39 | best -
[b2=24 b1=22 GPU] stage  95.4% (52675570060667/55220000000001) | 989.1M/s | ETA 0:42:52 | best -
[b2=24 b1=22 GPU] stage  95.4% (52676375367035/55220000000001) | 612.5M/s | ETA 1:09:12 | best -
[b2=24 b1=22 GPU] stage  95.4% (52677449108859/55220000000001) | 622.3M/s | ETA 1:08:05 | best -
[b2=24 b1=22 GPU] stage  95.4% (52678522850683/55220000000001) | 550.5M/s | ETA 1:16:56 | best -
[b2=24 b1=22 GPU] stage  95.4% (52679328157051/55220000000001) | 507.9M/s | ETA 1:23:22 | best -
[b2=24 b1=22 GPU] stage  95.4% (52680401898875/55220000000001) | 530.1M/s | ETA 1:19:50 | best -
[b2=24 b1=22 GPU] stage  95.4% (52683086253435/55220000000001) | 2275.5M/s | ETA 0:18:34 | best -
[b2=24 b1=22 GPU] stage  95.4% (52687381220731/55220000000001) | 1861.7M/s | ETA 0:22:40 | best -
[b2=24 b1=22 GPU] stage  95.4% (52688186527099/55220000000001) | 978.7M/s | ETA 0:43:07 | best -
[b2=24 b1=22 GPU] stage  95.4% (52688991833467/55220000000001) | 585.5M/s | ETA 1:12:02 | best -
[b2=24 b1=22 GPU] stage  95.4% (52690065575291/55220000000001) | 639.9M/s | ETA 1:05:53 | best -
[b2=24 b1=22 GPU] stage  95.4% (52691139317115/55220000000001) | 520.6M/s | ETA 1:20:57 | best -
[b2=24 b1=22 GPU] stage  95.4% (52691944623483/55220000000001) | 851.2M/s | ETA 0:49:30 | best -
[b2=24 b1=22 GPU] stage  95.4% (52693018365307/55220000000001) | 574.8M/s | ETA 1:13:16 | best -
[b2=24 b1=22 GPU] stage  95.4% (52693823671675/55220000000001) | 837.7M/s | ETA 0:50:15 | best -
[b2=24 b1=22 GPU] stage  95.4% (52697850203515/55220000000001) | 2312.7M/s | ETA 0:18:10 | best -
[b2=24 b1=22 GPU] stage  95.4% (52701608299899/55220000000001) | 1406.5M/s | ETA 0:29:50 | best -
[b2=24 b1=22 GPU] stage  95.4% (52702682041723/55220000000001) | 878.7M/s | ETA 0:47:44 | best -
[b2=24 b1=22 GPU] stage  95.4% (52703487348091/55220000000001) | 562.9M/s | ETA 1:14:30 | best -
[b2=24 b1=22 GPU] stage  95.4% (52704561089915/55220000000001) | 744.3M/s | ETA 0:56:19 | best -
[b2=24 b1=22 GPU] stage  95.4% (52705366396283/55220000000001) | 502.2M/s | ETA 1:23:27 | best -
[b2=24 b1=22 GPU] stage  95.4% (52706440138107/55220000000001) | 560.3M/s | ETA 1:14:46 | best -
[b2=24 b1=22 GPU] stage  95.4% (52707245444475/55220000000001) | 460.6M/s | ETA 1:30:55 | best -
[b2=24 b1=22 GPU] stage  95.5% (52709124492667/55220000000001) | 2199.2M/s | ETA 0:19:01 | best -
[b2=24 b1=22 GPU] stage  95.5% (52713687895419/55220000000001) | 2256.4M/s | ETA 0:18:30 | best -
[b2=24 b1=22 GPU] stage  95.5% (52715298508155/55220000000001) | 1065.1M/s | ETA 0:39:11 | best -
[b2=24 b1=22 GPU] stage  95.5% (52716103814523/55220000000001) | 701.7M/s | ETA 0:59:28 | best -
[b2=24 b1=22 GPU] stage  95.5% (52717177556347/55220000000001) | 571.8M/s | ETA 1:12:57 | best -
[b2=24 b1=22 GPU] stage  95.5% (52717982862715/55220000000001) | 456.1M/s | ETA 1:31:26 | best -
[b2=24 b1=22 GPU] stage  95.5% (52719056604539/55220000000001) | 638.2M/s | ETA 1:05:18 | best -
[b2=24 b1=22 GPU] stage  95.5% (52719861910907/55220000000001) | 486.8M/s | ETA 1:25:35 | best -
[b2=24 b1=22 GPU] stage  95.5% (52720935652731/55220000000001) | 710.8M/s | ETA 0:58:35 | best -
[b2=24 b1=22 GPU] stage  95.5% (52724425313659/55220000000001) | 2335.7M/s | ETA 0:17:48 | best -
[b2=24 b1=22 GPU] stage  95.5% (52728720280955/55220000000001) | 1735.4M/s | ETA 0:23:55 | best -
[b2=24 b1=22 GPU] stage  95.5% (52729794022779/55220000000001) | 800.5M/s | ETA 0:51:50 | best -
[b2=24 b1=22 GPU] stage  95.5% (52730599329147/55220000000001) | 939.4M/s | ETA 0:44:09 | best -
[b2=24 b1=22 GPU] stage  95.5% (52731673070971/55220000000001) | 598.0M/s | ETA 1:09:21 | best -
[b2=24 b1=22 GPU] stage  95.5% (52732478377339/55220000000001) | 607.6M/s | ETA 1:08:14 | best -
[b2=24 b1=22 GPU] stage  95.5% (52733552119163/55220000000001) | 523.0M/s | ETA 1:19:14 | best -
[b2=24 b1=22 GPU] stage  95.5% (52734357425531/55220000000001) | 434.8M/s | ETA 1:35:16 | best -
[b2=24 b1=22 GPU] stage  95.5% (52736504909179/55220000000001) | 2327.0M/s | ETA 0:17:47 | best -
[b2=24 b1=22 GPU] stage  95.5% (52741873618299/55220000000001) | 1978.4M/s | ETA 0:20:52 | best -
[b2=24 b1=22 GPU] stage  95.5% (52742678924667/55220000000001) | 1049.4M/s | ETA 0:39:20 | best -
[b2=24 b1=22 GPU] stage  95.5% (52743752666491/55220000000001) | 649.4M/s | ETA 1:03:33 | best -
[b2=24 b1=22 GPU] stage  95.5% (52744557972859/55220000000001) | 467.4M/s | ETA 1:28:15 | best -
[b2=24 b1=22 GPU] stage  95.5% (52745631714683/55220000000001) | 643.9M/s | ETA 1:04:02 | best -
[b2=24 b1=22 GPU] stage  95.5% (52746437021051/55220000000001) | 494.3M/s | ETA 1:23:24 | best -
[b2=24 b1=22 GPU] stage  95.5% (52747510762875/55220000000001) | 697.3M/s | ETA 0:59:05 | best -
[b2=24 b1=22 GPU] stage  95.5% (52748316069243/55220000000001) | 486.9M/s | ETA 1:24:36 | best -
[b2=24 b1=22 GPU] stage  95.5% (52753684778363/55220000000001) | 2588.5M/s | ETA 0:15:52 | best -
[b2=24 b1=22 GPU] stage  95.5% (52756100697467/55220000000001) | 1463.5M/s | ETA 0:28:03 | best -
[b2=24 b1=22 GPU] stage  95.5% (52757174439291/55220000000001) | 1063.8M/s | ETA 0:38:35 | best -
[b2=24 b1=22 GPU] stage  95.5% (52758248181115/55220000000001) | 616.4M/s | ETA 1:06:33 | best -
[b2=24 b1=22 GPU] stage  95.5% (52759053487483/55220000000001) | 658.2M/s | ETA 1:02:18 | best -
[b2=24 b1=22 GPU] stage  95.5% (52760127229307/55220000000001) | 544.8M/s | ETA 1:15:15 | best -
[b2=24 b1=22 GPU] stage  95.5% (52760932535675/55220000000001) | 447.7M/s | ETA 1:31:33 | best -
[b2=24 b1=22 GPU] stage  95.5% (52762006277499/55220000000001) | 634.1M/s | ETA 1:04:36 | best -
[b2=24 b1=22 GPU] stage  95.6% (52765764373883/55220000000001) | 2619.1M/s | ETA 0:15:37 | best -
[b2=24 b1=22 GPU] stage  95.6% (52769254034811/55220000000001) | 1658.7M/s | ETA 0:24:37 | best -
[b2=24 b1=22 GPU] stage  95.6% (52770327776635/55220000000001) | 800.2M/s | ETA 0:51:01 | best -
[b2=24 b1=22 GPU] stage  95.6% (52771133083003/55220000000001) | 544.8M/s | ETA 1:14:54 | best -
[b2=24 b1=22 GPU] stage  95.6% (52772206824827/55220000000001) | 673.3M/s | ETA 1:00:35 | best -
[b2=24 b1=22 GPU] stage  95.6% (52773012131195/55220000000001) | 506.9M/s | ETA 1:20:27 | best -
[b2=24 b1=22 GPU] stage  95.6% (52774085873019/55220000000001) | 686.8M/s | ETA 0:59:21 | best -
[b2=24 b1=22 GPU] stage  95.6% (52774891179387/55220000000001) | 489.6M/s | ETA 1:23:14 | best -
[b2=24 b1=22 GPU] stage  95.6% (52777038663035/55220000000001) | 2347.4M/s | ETA 0:17:20 | best -
[b2=24 b1=22 GPU] stage  95.6% (52782138936699/55220000000001) | 2429.0M/s | ETA 0:16:43 | best -
[b2=24 b1=22 GPU] stage  95.6% (52783749549435/55220000000001) | 1335.2M/s | ETA 0:30:24 | best -
[b2=24 b1=22 GPU] stage  95.6% (52784823291259/55220000000001) | 679.7M/s | ETA 0:59:42 | best -
[b2=24 b1=22 GPU] stage  95.6% (52785628597627/55220000000001) | 903.8M/s | ETA 0:44:53 | best -
[b2=24 b1=22 GPU] stage  95.6% (52786702339451/55220000000001) | 598.6M/s | ETA 1:07:44 | best -
[b2=24 b1=22 GPU] stage  95.6% (52787507645819/55220000000001) | 473.7M/s | ETA 1:25:35 | best -
[b2=24 b1=22 GPU] stage  95.6% (52788581387643/55220000000001) | 660.9M/s | ETA 1:01:18 | best -
[b2=24 b1=22 GPU] stage  95.6% (52789386694011/55220000000001) | 502.0M/s | ETA 1:20:41 | best -
[b2=24 b1=22 GPU] stage  95.6% (52794755403131/55220000000001) | 2636.7M/s | ETA 0:15:19 | best -
[b2=24 b1=22 GPU] stage  95.6% (52796902886779/55220000000001) | 1195.8M/s | ETA 0:33:46 | best -
[b2=24 b1=22 GPU] stage  95.6% (52797708193147/55220000000001) | 676.3M/s | ETA 0:59:41 | best -
[b2=24 b1=22 GPU] stage  95.6% (52798781934971/55220000000001) | 704.5M/s | ETA 0:57:16 | best -
[b2=24 b1=22 GPU] stage  95.6% (52799587241339/55220000000001) | 509.4M/s | ETA 1:19:11 | best -
[b2=24 b1=22 GPU] stage  95.6% (52800660983163/55220000000001) | 688.8M/s | ETA 0:58:32 | best -
[b2=24 b1=22 GPU] stage  95.6% (52801466289531/55220000000001) | 489.0M/s | ETA 1:22:25 | best -
[b2=24 b1=22 GPU] stage  95.6% (52802540031355/55220000000001) | 698.8M/s | ETA 0:57:39 | best -
[b2=24 b1=22 GPU] stage  95.6% (52806566563195/55220000000001) | 2631.5M/s | ETA 0:15:17 | best -
[b2=24 b1=22 GPU] stage  95.6% (52810324659579/55220000000001) | 1931.9M/s | ETA 0:20:47 | best -
[b2=24 b1=22 GPU] stage  95.6% (52811398401403/55220000000001) | 817.6M/s | ETA 0:49:05 | best -
[b2=24 b1=22 GPU] stage  95.6% (52812203707771/55220000000001) | 949.9M/s | ETA 0:42:14 | best -
[b2=24 b1=22 GPU] stage  95.6% (52813277449595/55220000000001) | 615.3M/s | ETA 1:05:11 | best -
[b2=24 b1=22 GPU] stage  95.6% (52814082755963/55220000000001) | 490.4M/s | ETA 1:21:46 | best -
[b2=24 b1=22 GPU] stage  95.6% (52815156497787/55220000000001) | 658.2M/s | ETA 1:00:53 | best -
[b2=24 b1=22 GPU] stage  95.6% (52815961804155/55220000000001) | 480.3M/s | ETA 1:23:25 | best -
[b2=24 b1=22 GPU] stage  95.7% (52818109287803/55220000000001) | 2334.2M/s | ETA 0:17:08 | best -
[b2=24 b1=22 GPU] stage  95.7% (52823477996923/55220000000001) | 2656.6M/s | ETA 0:15:02 | best -
[b2=24 b1=22 GPU] stage  95.7% (52828846706043/55220000000001) | 2640.8M/s | ETA 0:15:05 | best -
[b2=24 b1=22 GPU] stage  95.7% (52834215415163/55220000000001) | 2639.9M/s | ETA 0:15:03 | best -
[b2=24 b1=22 GPU] stage  95.7% (52839584124283/55220000000001) | 2655.2M/s | ETA 0:14:56 | best -
[b2=24 b1=22 GPU] stage  95.7% (52844952833403/55220000000001) | 2642.1M/s | ETA 0:14:58 | best -
[b2=24 b1=22 GPU] stage  95.7% (52850321542523/55220000000001) | 2644.7M/s | ETA 0:14:55 | best -
[b2=24 b1=22 GPU] stage  95.7% (52855690251643/55220000000001) | 2655.2M/s | ETA 0:14:50 | best -
[b2=24 b1=22 GPU] stage  95.7% (52861058960763/55220000000001) | 2647.2M/s | ETA 0:14:51 | best -
[b2=24 b1=22 GPU] stage  95.7% (52866427669883/55220000000001) | 2646.9M/s | ETA 0:14:49 | best -
[b2=24 b1=22 GPU] stage  95.7% (52871796379003/55220000000001) | 2588.6M/s | ETA 0:15:07 | best -
[b2=24 b1=22 GPU] stage  95.8% (52876896652667/55220000000001) | 2523.4M/s | ETA 0:15:28 | best -
[b2=24 b1=22 GPU] stage  95.8% (52881996926331/55220000000001) | 2479.6M/s | ETA 0:15:42 | best -
[b2=24 b1=22 GPU] stage  95.8% (52887097199995/55220000000001) | 2492.7M/s | ETA 0:15:35 | best -
[b2=24 b1=22 GPU] stage  95.8% (52892197473659/55220000000001) | 2506.2M/s | ETA 0:15:28 | best -
[b2=24 b1=22 GPU] stage  95.8% (52897297747323/55220000000001) | 2461.2M/s | ETA 0:15:43 | best -
[b2=24 b1=22 GPU] stage  95.8% (52902398020987/55220000000001) | 2547.8M/s | ETA 0:15:09 | best -
[b2=24 b1=22 GPU] stage  95.8% (52907498294651/55220000000001) | 2515.4M/s | ETA 0:15:19 | best -
[b2=24 b1=22 GPU] stage  95.8% (52912598568315/55220000000001) | 2412.4M/s | ETA 0:15:56 | best -
[b2=24 b1=22 GPU] stage  95.8% (52917698841979/55220000000001) | 2497.8M/s | ETA 0:15:21 | best -
[b2=24 b1=22 GPU] stage  95.8% (52922799115643/55220000000001) | 2554.7M/s | ETA 0:14:59 | best -
[b2=24 b1=22 GPU] stage  95.8% (52927899389307/55220000000001) | 2392.5M/s | ETA 0:15:58 | best -
[b2=24 b1=22 GPU] stage  95.9% (52932999662971/55220000000001) | 2445.5M/s | ETA 0:15:35 | best -
[b2=24 b1=22 GPU] stage  95.9% (52938099936635/55220000000001) | 2546.8M/s | ETA 0:14:55 | best -
[b2=24 b1=22 GPU] stage  95.9% (52942931774843/55220000000001) | 2371.5M/s | ETA 0:16:00 | best -
[b2=24 b1=22 GPU] stage  95.9% (52948032048507/55220000000001) | 2418.8M/s | ETA 0:15:39 | best -
[b2=24 b1=22 GPU] stage  95.9% (52953132322171/55220000000001) | 2591.0M/s | ETA 0:14:34 | best -
[b2=24 b1=22 GPU] stage  95.9% (52957964160379/55220000000001) | 2388.0M/s | ETA 0:15:47 | best -
[b2=24 b1=22 GPU] stage  95.9% (52963064434043/55220000000001) | 2399.5M/s | ETA 0:15:40 | best -
[b2=24 b1=22 GPU] stage  95.9% (52966554094971/55220000000001) | 1363.4M/s | ETA 0:27:32 | best -
[b2=24 b1=22 GPU] stage  95.9% (52967627836795/55220000000001) | 1071.9M/s | ETA 0:35:01 | best -
[b2=24 b1=22 GPU] stage  95.9% (52968701578619/55220000000001) | 617.8M/s | ETA 1:00:43 | best -
[b2=24 b1=22 GPU] stage  95.9% (52969506884987/55220000000001) | 882.9M/s | ETA 0:42:28 | best -
[b2=24 b1=22 GPU] stage  95.9% (52970580626811/55220000000001) | 587.1M/s | ETA 1:03:51 | best -
[b2=24 b1=22 GPU] stage  95.9% (52971385933179/55220000000001) | 510.4M/s | ETA 1:13:25 | best -
[b2=24 b1=22 GPU] stage  95.9% (52972459675003/55220000000001) | 666.4M/s | ETA 0:56:12 | best -
[b2=24 b1=22 GPU] stage  95.9% (52976217771387/55220000000001) | 2622.7M/s | ETA 0:14:15 | best -
[b2=24 b1=22 GPU] stage  95.9% (52980244303227/55220000000001) | 1950.8M/s | ETA 0:19:08 | best -
[b2=24 b1=22 GPU] stage  95.9% (52981318045051/55220000000001) | 897.6M/s | ETA 0:41:34 | best -
[b2=24 b1=22 GPU] stage  95.9% (52982123351419/55220000000001) | 983.7M/s | ETA 0:37:55 | best -
[b2=24 b1=22 GPU] stage  95.9% (52983197093243/55220000000001) | 637.1M/s | ETA 0:58:31 | best -
[b2=24 b1=22 GPU] stage  96.0% (52984002399611/55220000000001) | 886.8M/s | ETA 0:42:01 | best -
[b2=24 b1=22 GPU] stage  96.0% (52985076141435/55220000000001) | 590.3M/s | ETA 1:03:05 | best -
[b2=24 b1=22 GPU] stage  96.0% (52985881447803/55220000000001) | 875.3M/s | ETA 0:42:32 | best -
[b2=24 b1=22 GPU] stage  96.0% (52987492060539/55220000000001) | 1953.9M/s | ETA 0:19:02 | best -
[b2=24 b1=22 GPU] stage  96.0% (52992860769659/55220000000001) | 2640.7M/s | ETA 0:14:03 | best -
[b2=24 b1=22 GPU] stage  96.0% (52994202946939/55220000000001) | 1371.5M/s | ETA 0:27:02 | best -
[b2=24 b1=22 GPU] stage  96.0% (52995276688763/55220000000001) | 684.1M/s | ETA 0:54:11 | best -
[b2=24 b1=22 GPU] stage  96.0% (52996081995131/55220000000001) | 910.1M/s | ETA 0:40:43 | best -
[b2=24 b1=22 GPU] stage  96.0% (52997155736955/55220000000001) | 581.5M/s | ETA 1:03:42 | best -
[b2=24 b1=22 GPU] stage  96.0% (52997961043323/55220000000001) | 529.1M/s | ETA 1:09:59 | best -
[b2=24 b1=22 GPU] stage  96.0% (52999034785147/55220000000001) | 661.5M/s | ETA 0:55:57 | best -
[b2=24 b1=22 GPU] stage  96.0% (52999840091515/55220000000001) | 523.9M/s | ETA 1:10:37 | best -
[b2=24 b1=22 GPU] stage  96.0% (53005208800635/55220000000001) | 2663.4M/s | ETA 0:13:51 | best -
[b2=24 b1=22 GPU] stage  96.0% (53007624719739/55220000000001) | 1503.1M/s | ETA 0:24:31 | best -
[b2=24 b1=22 GPU] stage  96.0% (53008698461563/55220000000001) | 1150.1M/s | ETA 0:32:02 | best -
[b2=24 b1=22 GPU] stage  96.0% (53009772203387/55220000000001) | 674.5M/s | ETA 0:54:37 | best -
[b2=24 b1=22 GPU] stage  96.0% (53010577509755/55220000000001) | 904.1M/s | ETA 0:40:43 | best -
[b2=24 b1=22 GPU] stage  96.0% (53011651251579/55220000000001) | 588.3M/s | ETA 1:02:33 | best -
[b2=24 b1=22 GPU] stage  96.0% (53012456557947/55220000000001) | 880.0M/s | ETA 0:41:48 | best -
[b2=24 b1=22 GPU] stage  96.0% (53013530299771/55220000000001) | 591.5M/s | ETA 1:02:10 | best -
[b2=24 b1=22 GPU] stage  96.0% (53016751525243/55220000000001) | 2622.4M/s | ETA 0:14:00 | best -
[b2=24 b1=22 GPU] stage  96.0% (53020778057083/55220000000001) | 1939.1M/s | ETA 0:18:54 | best -
[b2=24 b1=22 GPU] stage  96.0% (53021851798907/55220000000001) | 830.0M/s | ETA 0:44:08 | best -
[b2=24 b1=22 GPU] stage  96.0% (53022657105275/55220000000001) | 961.2M/s | ETA 0:38:06 | best -
[b2=24 b1=22 GPU] stage  96.0% (53023730847099/55220000000001) | 603.1M/s | ETA 1:00:41 | best -
[b2=24 b1=22 GPU] stage  96.0% (53024536153467/55220000000001) | 522.5M/s | ETA 1:10:01 | best -
[b2=24 b1=22 GPU] stage  96.0% (53025609895291/55220000000001) | 546.5M/s | ETA 1:06:55 | best -
[b2=24 b1=22 GPU] stage  96.0% (53026415201659/55220000000001) | 487.0M/s | ETA 1:15:04 | best -
[b2=24 b1=22 GPU] stage  96.0% (53028562685307/55220000000001) | 2337.9M/s | ETA 0:15:37 | best -
[b2=24 b1=22 GPU] stage  96.0% (53033662958971/55220000000001) | 2497.2M/s | ETA 0:14:35 | best -
[b2=24 b1=22 GPU] stage  96.0% (53035273571707/55220000000001) | 1171.4M/s | ETA 0:31:05 | best -
[b2=24 b1=22 GPU] stage  96.0% (53036347313531/55220000000001) | 688.3M/s | ETA 0:52:52 | best -
[b2=24 b1=22 GPU] stage  96.0% (53037152619899/55220000000001) | 902.1M/s | ETA 0:40:19 | best -
[b2=24 b1=22 GPU] stage  96.0% (53038226361723/55220000000001) | 577.7M/s | ETA 1:02:56 | best -
[b2=24 b1=22 GPU] stage  96.1% (53039031668091/55220000000001) | 868.8M/s | ETA 0:41:50 | best -
[b2=24 b1=22 GPU] stage  96.1% (53040105409915/55220000000001) | 583.1M/s | ETA 1:02:18 | best -
[b2=24 b1=22 GPU] stage  96.1% (53040910716283/55220000000001) | 521.9M/s | ETA 1:09:35 | best -
[b2=24 b1=22 GPU] stage  96.1% (53046010989947/55220000000001) | 2642.1M/s | ETA 0:13:42 | best -
[b2=24 b1=22 GPU] stage  96.1% (53048158473595/55220000000001) | 1482.4M/s | ETA 0:24:25 | best -
[b2=24 b1=22 GPU] stage  96.1% (53049232215419/55220000000001) | 1087.7M/s | ETA 0:33:15 | best -
[b2=24 b1=22 GPU] stage  96.1% (53050305957243/55220000000001) | 628.5M/s | ETA 0:57:32 | best -
[b2=24 b1=22 GPU] stage  96.1% (53051111263611/55220000000001) | 548.9M/s | ETA 1:05:51 | best -
[b2=24 b1=22 GPU] stage  96.1% (53052185005435/55220000000001) | 533.7M/s | ETA 1:07:41 | best -
[b2=24 b1=22 GPU] stage  96.1% (53052990311803/55220000000001) | 463.7M/s | ETA 1:17:53 | best -
[b2=24 b1=22 GPU] stage  96.1% (53054064053627/55220000000001) | 671.6M/s | ETA 0:53:44 | best -
[b2=24 b1=22 GPU] stage  96.1% (53057822150011/55220000000001) | 2627.9M/s | ETA 0:13:42 | best -
[b2=24 b1=22 GPU] stage  96.1% (53061848681851/55220000000001) | 1944.0M/s | ETA 0:18:30 | best -
[b2=24 b1=22 GPU] stage  96.1% (53062653988219/55220000000001) | 924.2M/s | ETA 0:38:54 | best -
[b2=24 b1=22 GPU] stage  96.1% (53063727730043/55220000000001) | 964.8M/s | ETA 0:37:14 | best -
[b2=24 b1=22 GPU] stage  96.1% (53064801471867/55220000000001) | 586.1M/s | ETA 1:01:17 | best -
[b2=24 b1=22 GPU] stage  96.1% (53065606778235/55220000000001) | 872.9M/s | ETA 0:41:08 | best -
[b2=24 b1=22 GPU] stage  96.1% (53066680520059/55220000000001) | 597.4M/s | ETA 1:00:04 | best -
[b2=24 b1=22 GPU] stage  96.1% (53067485826427/55220000000001) | 522.9M/s | ETA 1:08:36 | best -
[b2=24 b1=22 GPU] stage  96.1% (53069096439163/55220000000001) | 1923.4M/s | ETA 0:18:38 | best -
[b2=24 b1=22 GPU] stage  96.1% (53074465148283/55220000000001) | 2590.7M/s | ETA 0:13:48 | best -
[b2=24 b1=22 GPU] stage  96.1% (53075807325563/55220000000001) | 1349.1M/s | ETA 0:26:29 | best -
[b2=24 b1=22 GPU] stage  96.1% (53076881067387/55220000000001) | 706.5M/s | ETA 0:50:33 | best -
[b2=24 b1=22 GPU] stage  96.1% (53077686373755/55220000000001) | 563.5M/s | ETA 1:03:21 | best -
[b2=24 b1=22 GPU] stage  96.1% (53078760115579/55220000000001) | 509.9M/s | ETA 1:09:58 | best -
[b2=24 b1=22 GPU] stage  96.1% (53079565421947/55220000000001) | 475.1M/s | ETA 1:15:05 | best -
[b2=24 b1=22 GPU] stage  96.1% (53080639163771/55220000000001) | 665.6M/s | ETA 0:53:33 | best -
[b2=24 b1=22 GPU] stage  96.1% (53081444470139/55220000000001) | 493.9M/s | ETA 1:12:10 | best -
[b2=24 b1=22 GPU] stage  96.1% (53086813179259/55220000000001) | 2655.1M/s | ETA 0:13:23 | best -
[b2=24 b1=22 GPU] stage  96.1% (53089229098363/55220000000001) | 1487.6M/s | ETA 0:23:52 | best -
[b2=24 b1=22 GPU] stage  96.1% (53090302840187/55220000000001) | 1128.2M/s | ETA 0:31:27 | best -
[b2=24 b1=22 GPU] stage  96.1% (53091376582011/55220000000001) | 644.8M/s | ETA 0:55:01 | best -
[b2=24 b1=22 GPU] stage  96.1% (53092181888379/55220000000001) | 892.6M/s | ETA 0:39:43 | best -
[b2=24 b1=22 GPU] stage  96.1% (53093255630203/55220000000001) | 589.9M/s | ETA 1:00:05 | best -
[b2=24 b1=22 GPU] stage  96.2% (53094060936571/55220000000001) | 538.5M/s | ETA 1:05:48 | best -
[b2=24 b1=22 GPU] stage  96.2% (53095134678395/55220000000001) | 507.5M/s | ETA 1:09:46 | best -
[b2=24 b1=22 GPU] stage  96.2% (53098624339323/55220000000001) | 2632.3M/s | ETA 0:13:25 | best -
[b2=24 b1=22 GPU] stage  96.2% (53102382435707/55220000000001) | 1908.5M/s | ETA 0:18:29 | best -
[b2=24 b1=22 GPU] stage  96.2% (53103456177531/55220000000001) | 835.8M/s | ETA 0:42:12 | best -
[b2=24 b1=22 GPU] stage  96.2% (53104261483899/55220000000001) | 618.3M/s | ETA 0:57:02 | best -
[b2=24 b1=22 GPU] stage  96.2% (53105335225723/55220000000001) | 526.1M/s | ETA 1:06:59 | best -
[b2=24 b1=22 GPU] stage  96.2% (53106140532091/55220000000001) | 510.1M/s | ETA 1:09:03 | best -
[b2=24 b1=22 GPU] stage  96.2% (53107214273915/55220000000001) | 551.2M/s | ETA 1:03:53 | best -
[b2=24 b1=22 GPU] stage  96.2% (53108019580283/55220000000001) | 440.5M/s | ETA 1:19:54 | best -
[b2=24 b1=22 GPU] stage  96.2% (53110167063931/55220000000001) | 2341.2M/s | ETA 0:15:01 | best -
[b2=24 b1=22 GPU] stage  96.2% (53115535773051/55220000000001) | 2650.9M/s | ETA 0:13:13 | best -
[b2=24 b1=22 GPU] stage  96.2% (53120904482171/55220000000001) | 2643.6M/s | ETA 0:13:14 | best -
[b2=24 b1=22 GPU] stage  96.2% (53126273191291/55220000000001) | 2648.6M/s | ETA 0:13:10 | best -
[b2=24 b1=22 GPU] stage  96.2% (53131641900411/55220000000001) | 2659.5M/s | ETA 0:13:05 | best -
[b2=24 b1=22 GPU] stage  96.2% (53137010609531/55220000000001) | 2646.3M/s | ETA 0:13:07 | best -
[b2=24 b1=22 GPU] stage  96.2% (53142379318651/55220000000001) | 2623.9M/s | ETA 0:13:11 | best -
[b2=24 b1=22 GPU] stage  96.2% (53147748027771/55220000000001) | 2640.1M/s | ETA 0:13:04 | best -
[b2=24 b1=22 GPU] stage  96.3% (53153116736891/55220000000001) | 2639.6M/s | ETA 0:13:03 | best -
[b2=24 b1=22 GPU] stage  96.3% (53158485446011/55220000000001) | 2645.6M/s | ETA 0:12:59 | best -
[b2=24 b1=22 GPU] stage  96.3% (53163854155131/55220000000001) | 2637.7M/s | ETA 0:12:59 | best -
[b2=24 b1=22 GPU] stage  96.3% (53169222864251/55220000000001) | 2624.3M/s | ETA 0:13:01 | best -
[b2=24 b1=22 GPU] stage  96.3% (53174591573371/55220000000001) | 2638.9M/s | ETA 0:12:55 | best -
[b2=24 b1=22 GPU] stage  96.3% (53179960282491/55220000000001) | 2650.8M/s | ETA 0:12:49 | best -
[b2=24 b1=22 GPU] stage  96.3% (53185328991611/55220000000001) | 2645.2M/s | ETA 0:12:49 | best -
[b2=24 b1=22 GPU] stage  96.3% (53190697700731/55220000000001) | 2647.3M/s | ETA 0:12:46 | best -
[b2=24 b1=22 GPU] stage  96.3% (53196066409851/55220000000001) | 2639.0M/s | ETA 0:12:46 | best -
[b2=24 b1=22 GPU] stage  96.3% (53201435118971/55220000000001) | 2651.3M/s | ETA 0:12:41 | best -
[b2=24 b1=22 GPU] stage  96.4% (53206803828091/55220000000001) | 2655.2M/s | ETA 0:12:38 | best -
[b2=24 b1=22 GPU] stage  96.4% (53212172537211/55220000000001) | 2643.4M/s | ETA 0:12:39 | best -
[b2=24 b1=22 GPU] stage  96.4% (53217541246331/55220000000001) | 2649.0M/s | ETA 0:12:35 | best -
[b2=24 b1=22 GPU] stage  96.4% (53222909955451/55220000000001) | 2650.9M/s | ETA 0:12:33 | best -
[b2=24 b1=22 GPU] stage  96.4% (53228278664571/55220000000001) | 2649.2M/s | ETA 0:12:31 | best -
[b2=24 b1=22 GPU] stage  96.4% (53233647373691/55220000000001) | 2647.5M/s | ETA 0:12:30 | best -
[b2=24 b1=22 GPU] stage  96.4% (53239016082811/55220000000001) | 2659.9M/s | ETA 0:12:24 | best -
[b2=24 b1=22 GPU] stage  96.4% (53244384791931/55220000000001) | 2645.5M/s | ETA 0:12:26 | best -
[b2=24 b1=22 GPU] stage  96.4% (53249753501051/55220000000001) | 2646.6M/s | ETA 0:12:24 | best -
[b2=24 b1=22 GPU] stage  96.4% (53255122210171/55220000000001) | 2657.8M/s | ETA 0:12:19 | best -
[b2=24 b1=22 GPU] stage  96.5% (53260490919291/55220000000001) | 2638.4M/s | ETA 0:12:22 | best -
[b2=24 b1=22 GPU] stage  96.5% (53265859628411/55220000000001) | 2646.1M/s | ETA 0:12:18 | best -
[b2=24 b1=22 GPU] stage  96.5% (53271228337531/55220000000001) | 2588.3M/s | ETA 0:12:32 | best -
[b2=24 b1=22 GPU] stage  96.5% (53272838950267/55220000000001) | 1135.7M/s | ETA 0:28:34 | best -
[b2=24 b1=22 GPU] stage  96.5% (53273644256635/55220000000001) | 707.7M/s | ETA 0:45:50 | best -
[b2=24 b1=22 GPU] stage  96.5% (53274717998459/55220000000001) | 585.8M/s | ETA 0:55:20 | best -
[b2=24 b1=22 GPU] stage  96.5% (53275523304827/55220000000001) | 474.9M/s | ETA 1:08:14 | best -
[b2=24 b1=22 GPU] stage  96.5% (53276597046651/55220000000001) | 668.3M/s | ETA 0:48:28 | best -
[b2=24 b1=22 GPU] stage  96.5% (53277402353019/55220000000001) | 498.8M/s | ETA 1:04:54 | best -
[b2=24 b1=22 GPU] stage  96.5% (53278476094843/55220000000001) | 631.6M/s | ETA 0:51:13 | best -
[b2=24 b1=22 GPU] stage  96.5% (53282502626683/55220000000001) | 2642.1M/s | ETA 0:12:13 | best -
[b2=24 b1=22 GPU] stage  96.5% (53286260723067/55220000000001) | 1930.8M/s | ETA 0:16:41 | best -
[b2=24 b1=22 GPU] stage  96.5% (53287334464891/55220000000001) | 842.3M/s | ETA 0:38:14 | best -
[b2=24 b1=22 GPU] stage  96.5% (53288139771259/55220000000001) | 723.4M/s | ETA 0:44:30 | best -
[b2=24 b1=22 GPU] stage  96.5% (53289213513083/55220000000001) | 532.7M/s | ETA 1:00:24 | best -
[b2=24 b1=22 GPU] stage  96.5% (53290018819451/55220000000001) | 520.5M/s | ETA 1:01:47 | best -
[b2=24 b1=22 GPU] stage  96.5% (53291092561275/55220000000001) | 529.4M/s | ETA 1:00:43 | best -
[b2=24 b1=22 GPU] stage  96.5% (53291897867643/55220000000001) | 442.7M/s | ETA 1:12:35 | best -
[b2=24 b1=22 GPU] stage  96.5% (53294045351291/55220000000001) | 2342.4M/s | ETA 0:13:42 | best -
[b2=24 b1=22 GPU] stage  96.5% (53299414060411/55220000000001) | 1987.7M/s | ETA 0:16:06 | best -
[b2=24 b1=22 GPU] stage  96.5% (53300219366779/55220000000001) | 1000.0M/s | ETA 0:31:59 | best -
[b2=24 b1=22 GPU] stage  96.5% (53301293108603/55220000000001) | 635.0M/s | ETA 0:50:21 | best -
[b2=24 b1=22 GPU] stage  96.5% (53302098414971/55220000000001) | 489.6M/s | ETA 1:05:17 | best -
[b2=24 b1=22 GPU] stage  96.5% (53303172156795/55220000000001) | 660.7M/s | ETA 0:48:21 | best -
[b2=24 b1=22 GPU] stage  96.5% (53303977463163/55220000000001) | 489.0M/s | ETA 1:05:17 | best -
[b2=24 b1=22 GPU] stage  96.5% (53305051204987/55220000000001) | 743.2M/s | ETA 0:42:56 | best -
[b2=24 b1=22 GPU] stage  96.5% (53305856511355/55220000000001) | 495.1M/s | ETA 1:04:26 | best -
[b2=24 b1=22 GPU] stage  96.5% (53311225220475/55220000000001) | 2638.5M/s | ETA 0:12:03 | best -
[b2=24 b1=22 GPU] stage  96.5% (53313641139579/55220000000001) | 1495.4M/s | ETA 0:21:14 | best -
[b2=24 b1=22 GPU] stage  96.5% (53314714881403/55220000000001) | 890.8M/s | ETA 0:35:38 | best -
[b2=24 b1=22 GPU] stage  96.6% (53315788623227/55220000000001) | 596.3M/s | ETA 0:53:13 | best -
[b2=24 b1=22 GPU] stage  96.6% (53316593929595/55220000000001) | 539.7M/s | ETA 0:58:46 | best -
[b2=24 b1=22 GPU] stage  96.6% (53317667671419/55220000000001) | 526.9M/s | ETA 1:00:10 | best -
[b2=24 b1=22 GPU] stage  96.6% (53318472977787/55220000000001) | 450.3M/s | ETA 1:10:23 | best -
[b2=24 b1=22 GPU] stage  96.6% (53319546719611/55220000000001) | 646.7M/s | ETA 0:48:58 | best -
[b2=24 b1=22 GPU] stage  96.6% (53323573251451/55220000000001) | 2644.9M/s | ETA 0:11:57 | best -
[b2=24 b1=22 GPU] stage  96.6% (53326794476923/55220000000001) | 1583.1M/s | ETA 0:19:55 | best -
[b2=24 b1=22 GPU] stage  96.6% (53327868218747/55220000000001) | 762.3M/s | ETA 0:41:22 | best -
[b2=24 b1=22 GPU] stage  96.6% (53328673525115/55220000000001) | 525.2M/s | ETA 1:00:01 | best -
[b2=24 b1=22 GPU] stage  96.6% (53329747266939/55220000000001) | 659.3M/s | ETA 0:47:46 | best -
[b2=24 b1=22 GPU] stage  96.6% (53330552573307/55220000000001) | 491.4M/s | ETA 1:04:05 | best -
[b2=24 b1=22 GPU] stage  96.6% (53331626315131/55220000000001) | 717.7M/s | ETA 0:43:51 | best -
[b2=24 b1=22 GPU] stage  96.6% (53332431621499/55220000000001) | 491.7M/s | ETA 1:03:59 | best -
[b2=24 b1=22 GPU] stage  96.6% (53334579105147/55220000000001) | 2335.2M/s | ETA 0:13:27 | best -
[b2=24 b1=22 GPU] stage  96.6% (53339947814267/55220000000001) | 2639.6M/s | ETA 0:11:52 | best -
[b2=24 b1=22 GPU] stage  96.6% (53341289991547/55220000000001) | 1360.3M/s | ETA 0:23:01 | best -
[b2=24 b1=22 GPU] stage  96.6% (53342363733371/55220000000001) | 694.2M/s | ETA 0:45:04 | best -
[b2=24 b1=22 GPU] stage  96.6% (53343169039739/55220000000001) | 588.3M/s | ETA 0:53:10 | best -
[b2=24 b1=22 GPU] stage  96.6% (53344242781563/55220000000001) | 554.9M/s | ETA 0:56:20 | best -
[b2=24 b1=22 GPU] stage  96.6% (53345048087931/55220000000001) | 454.5M/s | ETA 1:08:45 | best -
[b2=24 b1=22 GPU] stage  96.6% (53346121829755/55220000000001) | 651.6M/s | ETA 0:47:55 | best -
[b2=24 b1=22 GPU] stage  96.6% (53346927136123/55220000000001) | 486.6M/s | ETA 1:04:09 | best -
[b2=24 b1=22 GPU] stage  96.6% (53352295845243/55220000000001) | 2641.2M/s | ETA 0:11:47 | best -
[b2=24 b1=22 GPU] stage  96.6% (53354443328891/55220000000001) | 1201.7M/s | ETA 0:25:52 | best -
[b2=24 b1=22 GPU] stage  96.6% (53355248635259/55220000000001) | 673.5M/s | ETA 0:46:08 | best -
[b2=24 b1=22 GPU] stage  96.6% (53356322377083/55220000000001) | 699.2M/s | ETA 0:44:25 | best -
[b2=24 b1=22 GPU] stage  96.6% (53357127683451/55220000000001) | 517.5M/s | ETA 1:00:00 | best -
[b2=24 b1=22 GPU] stage  96.6% (53358201425275/55220000000001) | 722.9M/s | ETA 0:42:55 | best -
[b2=24 b1=22 GPU] stage  96.6% (53359006731643/55220000000001) | 494.0M/s | ETA 1:02:47 | best -
[b2=24 b1=22 GPU] stage  96.6% (53360080473467/55220000000001) | 595.8M/s | ETA 0:52:01 | best -
[b2=24 b1=22 GPU] stage  96.6% (53364375440763/55220000000001) | 2635.5M/s | ETA 0:11:44 | best -
[b2=24 b1=22 GPU] stage  96.6% (53367865101691/55220000000001) | 1925.2M/s | ETA 0:16:02 | best -
[b2=24 b1=22 GPU] stage  96.6% (53368938843515/55220000000001) | 827.8M/s | ETA 0:37:16 | best -
[b2=24 b1=22 GPU] stage  96.6% (53369744149883/55220000000001) | 714.8M/s | ETA 0:43:08 | best -
[b2=24 b1=22 GPU] stage  96.7% (53370817891707/55220000000001) | 570.3M/s | ETA 0:54:02 | best -
[b2=24 b1=22 GPU] stage  96.7% (53371623198075/55220000000001) | 454.9M/s | ETA 1:07:43 | best -
[b2=24 b1=22 GPU] stage  96.7% (53372696939899/55220000000001) | 649.4M/s | ETA 0:47:24 | best -
[b2=24 b1=22 GPU] stage  96.7% (53373502246267/55220000000001) | 487.5M/s | ETA 1:03:07 | best -
[b2=24 b1=22 GPU] stage  96.7% (53375649729915/55220000000001) | 2337.3M/s | ETA 0:13:09 | best -
[b2=24 b1=22 GPU] stage  96.7% (53381018439035/55220000000001) | 1983.6M/s | ETA 0:15:27 | best -
[b2=24 b1=22 GPU] stage  96.7% (53381823745403/55220000000001) | 940.2M/s | ETA 0:32:35 | best -
[b2=24 b1=22 GPU] stage  96.7% (53382897487227/55220000000001) | 763.3M/s | ETA 0:40:06 | best -
[b2=24 b1=22 GPU] stage  96.7% (53383702793595/55220000000001) | 540.2M/s | ETA 0:56:39 | best -
[b2=24 b1=22 GPU] stage  96.7% (53384776535419/55220000000001) | 684.1M/s | ETA 0:44:42 | best -
[b2=24 b1=22 GPU] stage  96.7% (53385581841787/55220000000001) | 487.6M/s | ETA 1:02:42 | best -
[b2=24 b1=22 GPU] stage  96.7% (53386655583611/55220000000001) | 711.1M/s | ETA 0:42:58 | best -
[b2=24 b1=22 GPU] stage  96.7% (53387460889979/55220000000001) | 500.5M/s | ETA 1:01:01 | best -
[b2=24 b1=22 GPU] stage  96.7% (53392829599099/55220000000001) | 2641.4M/s | ETA 0:11:31 | best -
[b2=24 b1=22 GPU] stage  96.7% (53395245518203/55220000000001) | 1487.7M/s | ETA 0:20:26 | best -
[b2=24 b1=22 GPU] stage  96.7% (53396319260027/55220000000001) | 881.4M/s | ETA 0:34:29 | best -
[b2=24 b1=22 GPU] stage  96.7% (53397393001851/55220000000001) | 618.5M/s | ETA 0:49:06 | best -
[b2=24 b1=22 GPU] stage  96.7% (53398198308219/55220000000001) | 484.0M/s | ETA 1:02:43 | best -
[b2=24 b1=22 GPU] stage  96.7% (53399272050043/55220000000001) | 658.5M/s | ETA 0:46:04 | best -
[b2=24 b1=22 GPU] stage  96.7% (53400077356411/55220000000001) | 506.0M/s | ETA 0:59:56 | best -
[b2=24 b1=22 GPU] stage  96.7% (53401151098235/55220000000001) | 686.2M/s | ETA 0:44:10 | best -
[b2=24 b1=22 GPU] stage  96.7% (53404909194619/55220000000001) | 2622.5M/s | ETA 0:11:32 | best -
[b2=24 b1=22 GPU] stage  96.7% (53408398855547/55220000000001) | 1528.4M/s | ETA 0:19:45 | best -
[b2=24 b1=22 GPU] stage  96.7% (53409472597371/55220000000001) | 914.5M/s | ETA 0:32:59 | best -
[b2=24 b1=22 GPU] stage  96.7% (53410277903739/55220000000001) | 588.5M/s | ETA 0:51:15 | best -
[b2=24 b1=22 GPU] stage  96.7% (53411351645563/55220000000001) | 709.4M/s | ETA 0:42:29 | best -
[b2=24 b1=22 GPU] stage  96.7% (53412156951931/55220000000001) | 494.0M/s | ETA 1:00:59 | best -
[b2=24 b1=22 GPU] stage  96.7% (53413230693755/55220000000001) | 714.0M/s | ETA 0:42:10 | best -
[b2=24 b1=22 GPU] stage  96.7% (53414036000123/55220000000001) | 497.7M/s | ETA 1:00:28 | best -
[b2=24 b1=22 GPU] stage  96.7% (53416183483771/55220000000001) | 2388.0M/s | ETA 0:12:35 | best -
[b2=24 b1=22 GPU] stage  96.7% (53421552192891/55220000000001) | 2647.8M/s | ETA 0:11:19 | best -
[b2=24 b1=22 GPU] stage  96.8% (53426920902011/55220000000001) | 2665.3M/s | ETA 0:11:12 | best -
[b2=24 b1=22 GPU] stage  96.8% (53432289611131/55220000000001) | 2642.9M/s | ETA 0:11:16 | best -
[b2=24 b1=22 GPU] stage  96.8% (53437658320251/55220000000001) | 2647.3M/s | ETA 0:11:13 | best -
[b2=24 b1=22 GPU] stage  96.8% (53443027029371/55220000000001) | 2658.5M/s | ETA 0:11:08 | best -
[b2=24 b1=22 GPU] stage  96.8% (53448395738491/55220000000001) | 2642.9M/s | ETA 0:11:10 | best -
[b2=24 b1=22 GPU] stage  96.8% (53453764447611/55220000000001) | 2651.4M/s | ETA 0:11:06 | best -
[b2=24 b1=22 GPU] stage  96.8% (53459133156731/55220000000001) | 2657.2M/s | ETA 0:11:02 | best -
[b2=24 b1=22 GPU] stage  96.8% (53464501865851/55220000000001) | 2641.7M/s | ETA 0:11:04 | best -
[b2=24 b1=22 GPU] stage  96.8% (53469870574971/55220000000001) | 2645.2M/s | ETA 0:11:01 | best -
[b2=24 b1=22 GPU] stage  96.8% (53475239284091/55220000000001) | 2659.8M/s | ETA 0:10:55 | best -
[b2=24 b1=22 GPU] stage  96.9% (53480607993211/55220000000001) | 2645.0M/s | ETA 0:10:57 | best -
[b2=24 b1=22 GPU] stage  96.9% (53485976702331/55220000000001) | 2645.1M/s | ETA 0:10:55 | best -
[b2=24 b1=22 GPU] stage  96.9% (53491345411451/55220000000001) | 2661.2M/s | ETA 0:10:49 | best -
[b2=24 b1=22 GPU] stage  96.9% (53496714120571/55220000000001) | 2641.6M/s | ETA 0:10:52 | best -
[b2=24 b1=22 GPU] stage  96.9% (53502082829691/55220000000001) | 2637.4M/s | ETA 0:10:51 | best -
[b2=24 b1=22 GPU] stage  96.9% (53507451538811/55220000000001) | 2659.7M/s | ETA 0:10:43 | best -
[b2=24 b1=22 GPU] stage  96.9% (53512820247931/55220000000001) | 2640.7M/s | ETA 0:10:46 | best -
[b2=24 b1=22 GPU] stage  96.9% (53518188957051/55220000000001) | 2641.6M/s | ETA 0:10:44 | best -
[b2=24 b1=22 GPU] stage  96.9% (53523557666171/55220000000001) | 2656.9M/s | ETA 0:10:38 | best -
[b2=24 b1=22 GPU] stage  96.9% (53528926375291/55220000000001) | 2638.9M/s | ETA 0:10:40 | best -
[b2=24 b1=22 GPU] stage  96.9% (53534295084411/55220000000001) | 2633.2M/s | ETA 0:10:40 | best -
[b2=24 b1=22 GPU] stage  97.0% (53539663793531/55220000000001) | 2595.2M/s | ETA 0:10:47 | best -
[b2=24 b1=22 GPU] stage  97.0% (53545032502651/55220000000001) | 2641.6M/s | ETA 0:10:34 | best -
[b2=24 b1=22 GPU] stage  97.0% (53550401211771/55220000000001) | 2640.0M/s | ETA 0:10:32 | best -
[b2=24 b1=22 GPU] stage  97.0% (53555769920891/55220000000001) | 2651.3M/s | ETA 0:10:27 | best -
[b2=24 b1=22 GPU] stage  97.0% (53561138630011/55220000000001) | 2648.8M/s | ETA 0:10:26 | best -
[b2=24 b1=22 GPU] stage  97.0% (53565165161851/55220000000001) | 1484.9M/s | ETA 0:18:34 | best -
[b2=24 b1=22 GPU] stage  97.0% (53566238903675/55220000000001) | 1105.5M/s | ETA 0:24:55 | best -
[b2=24 b1=22 GPU] stage  97.0% (53567312645499/55220000000001) | 670.7M/s | ETA 0:41:04 | best -
[b2=24 b1=22 GPU] stage  97.0% (53568117951867/55220000000001) | 893.2M/s | ETA 0:30:49 | best -
[b2=24 b1=22 GPU] stage  97.0% (53569191693691/55220000000001) | 584.4M/s | ETA 0:47:04 | best -
[b2=24 b1=22 GPU] stage  97.0% (53569997000059/55220000000001) | 875.9M/s | ETA 0:31:23 | best -
[b2=24 b1=22 GPU] stage  97.0% (53571070741883/55220000000001) | 570.2M/s | ETA 0:48:11 | best -
[b2=24 b1=22 GPU] stage  97.0% (53574291967355/55220000000001) | 2619.6M/s | ETA 0:10:28 | best -
[b2=24 b1=22 GPU] stage  97.0% (53578318499195/55220000000001) | 1927.7M/s | ETA 0:14:11 | best -
[b2=24 b1=22 GPU] stage  97.0% (53579392241019/55220000000001) | 819.1M/s | ETA 0:33:22 | best -
[b2=24 b1=22 GPU] stage  97.0% (53580197547387/55220000000001) | 956.2M/s | ETA 0:28:34 | best -
[b2=24 b1=22 GPU] stage  97.0% (53581271289211/55220000000001) | 601.4M/s | ETA 0:45:24 | best -
[b2=24 b1=22 GPU] stage  97.0% (53582076595579/55220000000001) | 464.5M/s | ETA 0:58:46 | best -
[b2=24 b1=22 GPU] stage  97.0% (53583150337403/55220000000001) | 655.5M/s | ETA 0:41:37 | best -
[b2=24 b1=22 GPU] stage  97.0% (53583955643771/55220000000001) | 500.6M/s | ETA 0:54:27 | best -
[b2=24 b1=22 GPU] stage  97.0% (53586103127419/55220000000001) | 2348.2M/s | ETA 0:11:35 | best -
[b2=24 b1=22 GPU] stage  97.1% (53591471836539/55220000000001) | 2647.1M/s | ETA 0:10:15 | best -
[b2=24 b1=22 GPU] stage  97.1% (53592814013819/55220000000001) | 1398.2M/s | ETA 0:19:23 | best -
[b2=24 b1=22 GPU] stage  97.1% (53593887755643/55220000000001) | 701.1M/s | ETA 0:38:39 | best -
[b2=24 b1=22 GPU] stage  97.1% (53594693062011/55220000000001) | 912.9M/s | ETA 0:29:40 | best -
[b2=24 b1=22 GPU] stage  97.1% (53595766803835/55220000000001) | 580.7M/s | ETA 0:46:36 | best -
[b2=24 b1=22 GPU] stage  97.1% (53596572110203/55220000000001) | 872.0M/s | ETA 0:31:01 | best -
[b2=24 b1=22 GPU] stage  97.1% (53597645852027/55220000000001) | 576.2M/s | ETA 0:46:55 | best -
[b2=24 b1=22 GPU] stage  97.1% (53598451158395/55220000000001) | 512.7M/s | ETA 0:52:42 | best -
[b2=24 b1=22 GPU] stage  97.1% (53603819867515/55220000000001) | 2650.8M/s | ETA 0:10:09 | best -
[b2=24 b1=22 GPU] stage  97.1% (53605967351163/55220000000001) | 1201.4M/s | ETA 0:22:23 | best -
[b2=24 b1=22 GPU] stage  97.1% (53606772657531/55220000000001) | 1084.5M/s | ETA 0:24:47 | best -
[b2=24 b1=22 GPU] stage  97.1% (53607846399355/55220000000001) | 626.2M/s | ETA 0:42:54 | best -
[b2=24 b1=22 GPU] stage  97.1% (53608651705723/55220000000001) | 532.2M/s | ETA 0:50:27 | best -
[b2=24 b1=22 GPU] stage  97.1% (53609725447547/55220000000001) | 675.8M/s | ETA 0:39:42 | best -
[b2=24 b1=22 GPU] stage  97.1% (53610530753915/55220000000001) | 506.2M/s | ETA 0:52:59 | best -
[b2=24 b1=22 GPU] stage  97.1% (53611604495739/55220000000001) | 703.0M/s | ETA 0:38:07 | best -
[b2=24 b1=22 GPU] stage  97.1% (53615362592123/55220000000001) | 2637.9M/s | ETA 0:10:08 | best -
[b2=24 b1=22 GPU] stage  97.1% (53619389123963/55220000000001) | 1939.6M/s | ETA 0:13:45 | best -
[b2=24 b1=22 GPU] stage  97.1% (53620462865787/55220000000001) | 867.2M/s | ETA 0:30:44 | best -
[b2=24 b1=22 GPU] stage  97.1% (53621268172155/55220000000001) | 969.0M/s | ETA 0:27:29 | best -
[b2=24 b1=22 GPU] stage  97.1% (53622341913979/55220000000001) | 607.9M/s | ETA 0:43:48 | best -
[b2=24 b1=22 GPU] stage  97.1% (53623147220347/55220000000001) | 882.5M/s | ETA 0:30:09 | best -
[b2=24 b1=22 GPU] stage  97.1% (53624220962171/55220000000001) | 581.4M/s | ETA 0:45:44 | best -
[b2=24 b1=22 GPU] stage  97.1% (53625026268539/55220000000001) | 522.8M/s | ETA 0:50:51 | best -
[b2=24 b1=22 GPU] stage  97.1% (53626905316731/55220000000001) | 2164.9M/s | ETA 0:12:15 | best -
[b2=24 b1=22 GPU] stage  97.1% (53632274025851/55220000000001) | 2640.5M/s | ETA 0:10:01 | best -
[b2=24 b1=22 GPU] stage  97.1% (53633347767675/55220000000001) | 1350.2M/s | ETA 0:19:35 | best -
[b2=24 b1=22 GPU] stage  97.1% (53634421509499/55220000000001) | 696.4M/s | ETA 0:37:56 | best -
[b2=24 b1=22 GPU] stage  97.1% (53635226815867/55220000000001) | 563.7M/s | ETA 0:46:51 | best -
[b2=24 b1=22 GPU] stage  97.1% (53636300557691/55220000000001) | 592.0M/s | ETA 0:44:35 | best -
[b2=24 b1=22 GPU] stage  97.1% (53637105864059/55220000000001) | 481.7M/s | ETA 0:54:46 | best -
[b2=24 b1=22 GPU] stage  97.1% (53638179605883/55220000000001) | 681.9M/s | ETA 0:38:39 | best -
[b2=24 b1=22 GPU] stage  97.1% (53638984912251/55220000000001) | 487.3M/s | ETA 0:54:04 | best -
[b2=24 b1=22 GPU] stage  97.1% (53644353621371/55220000000001) | 2641.1M/s | ETA 0:09:56 | best -
[b2=24 b1=22 GPU] stage  97.2% (53646769540475/55220000000001) | 1492.3M/s | ETA 0:17:34 | best -
[b2=24 b1=22 GPU] stage  97.2% (53647843282299/55220000000001) | 1095.5M/s | ETA 0:23:55 | best -
[b2=24 b1=22 GPU] stage  97.2% (53648917024123/55220000000001) | 642.4M/s | ETA 0:40:45 | best -
[b2=24 b1=22 GPU] stage  97.2% (53649722330491/55220000000001) | 891.7M/s | ETA 0:29:20 | best -
[b2=24 b1=22 GPU] stage  97.2% (53650796072315/55220000000001) | 585.1M/s | ETA 0:44:42 | best -
[b2=24 b1=22 GPU] stage  97.2% (53651601378683/55220000000001) | 513.5M/s | ETA 0:50:54 | best -
[b2=24 b1=22 GPU] stage  97.2% (53652675120507/55220000000001) | 534.7M/s | ETA 0:48:51 | best -
[b2=24 b1=22 GPU] stage  97.2% (53656433216891/55220000000001) | 2621.1M/s | ETA 0:09:56 | best -
[b2=24 b1=22 GPU] stage  97.2% (53659922877819/55220000000001) | 1927.4M/s | ETA 0:13:29 | best -
[b2=24 b1=22 GPU] stage  97.2% (53660996619643/55220000000001) | 825.6M/s | ETA 0:31:28 | best -
[b2=24 b1=22 GPU] stage  97.2% (53661801926011/55220000000001) | 604.0M/s | ETA 0:42:59 | best -
[b2=24 b1=22 GPU] stage  97.2% (53662875667835/55220000000001) | 591.8M/s | ETA 0:43:50 | best -
[b2=24 b1=22 GPU] stage  97.2% (53663680974203/55220000000001) | 504.3M/s | ETA 0:51:26 | best -
[b2=24 b1=22 GPU] stage  97.2% (53664754716027/55220000000001) | 690.2M/s | ETA 0:37:33 | best -
[b2=24 b1=22 GPU] stage  97.2% (53665560022395/55220000000001) | 472.7M/s | ETA 0:54:48 | best -
[b2=24 b1=22 GPU] stage  97.2% (53667707506043/55220000000001) | 2337.3M/s | ETA 0:11:04 | best -
[b2=24 b1=22 GPU] stage  97.2% (53673076215163/55220000000001) | 2644.6M/s | ETA 0:09:44 | best -
[b2=24 b1=22 GPU] stage  97.2% (53674418392443/55220000000001) | 1394.2M/s | ETA 0:18:28 | best -
[b2=24 b1=22 GPU] stage  97.2% (53675492134267/55220000000001) | 696.8M/s | ETA 0:36:56 | best -
[b2=24 b1=22 GPU] stage  97.2% (53676297440635/55220000000001) | 912.3M/s | ETA 0:28:12 | best -
[b2=24 b1=22 GPU] stage  97.2% (53677371182459/55220000000001) | 595.9M/s | ETA 0:43:08 | best -
[b2=24 b1=22 GPU] stage  97.2% (53678176488827/55220000000001) | 531.5M/s | ETA 0:48:21 | best -
[b2=24 b1=22 GPU] stage  97.2% (53679250230651/55220000000001) | 486.6M/s | ETA 0:52:46 | best -
[b2=24 b1=22 GPU] stage  97.2% (53680055537019/55220000000001) | 473.9M/s | ETA 0:54:09 | best -
[b2=24 b1=22 GPU] stage  97.2% (53685424246139/55220000000001) | 2642.7M/s | ETA 0:09:40 | best -
[b2=24 b1=22 GPU] stage  97.2% (53687303294331/55220000000001) | 1488.0M/s | ETA 0:17:10 | best -
[b2=24 b1=22 GPU] stage  97.2% (53688377036155/55220000000001) | 739.5M/s | ETA 0:34:31 | best -
[b2=24 b1=22 GPU] stage  97.2% (53689450777979/55220000000001) | 558.5M/s | ETA 0:45:40 | best -
[b2=24 b1=22 GPU] stage  97.2% (53690256084347/55220000000001) | 513.8M/s | ETA 0:49:37 | best -
[b2=24 b1=22 GPU] stage  97.2% (53691329826171/55220000000001) | 677.6M/s | ETA 0:37:36 | best -
[b2=24 b1=22 GPU] stage  97.2% (53692135132539/55220000000001) | 481.9M/s | ETA 0:52:50 | best -
[b2=24 b1=22 GPU] stage  97.2% (53693208874363/55220000000001) | 668.4M/s | ETA 0:38:04 | best -
[b2=24 b1=22 GPU] stage  97.2% (53696966970747/55220000000001) | 2622.4M/s | ETA 0:09:40 | best -
[b2=24 b1=22 GPU] stage  97.2% (53700993502587/55220000000001) | 1930.4M/s | ETA 0:13:06 | best -
[b2=24 b1=22 GPU] stage  97.3% (53702067244411/55220000000001) | 816.6M/s | ETA 0:30:58 | best -
[b2=24 b1=22 GPU] stage  97.3% (53702872550779/55220000000001) | 951.9M/s | ETA 0:26:33 | best -
[b2=24 b1=22 GPU] stage  97.3% (53703946292603/55220000000001) | 598.1M/s | ETA 0:42:14 | best -
[b2=24 b1=22 GPU] stage  97.3% (53704751598971/55220000000001) | 513.4M/s | ETA 0:49:11 | best -
[b2=24 b1=22 GPU] stage  97.3% (53705825340795/55220000000001) | 516.7M/s | ETA 0:48:50 | best -
[b2=24 b1=22 GPU] stage  97.3% (53706630647163/55220000000001) | 503.4M/s | ETA 0:50:06 | best -
[b2=24 b1=22 GPU] stage  97.3% (53708509695355/55220000000001) | 2101.6M/s | ETA 0:11:59 | best -
[b2=24 b1=22 GPU] stage  97.3% (53713341533563/55220000000001) | 2343.7M/s | ETA 0:10:42 | best -
[b2=24 b1=22 GPU] stage  97.3% (53718173371771/55220000000001) | 2528.6M/s | ETA 0:09:53 | best -
[b2=24 b1=22 GPU] stage  97.3% (53723005209979/55220000000001) | 2399.8M/s | ETA 0:10:23 | best -
[b2=24 b1=22 GPU] stage  97.3% (53727837048187/55220000000001) | 2400.5M/s | ETA 0:10:21 | best -
[b2=24 b1=22 GPU] stage  97.3% (53732668886395/55220000000001) | 2557.8M/s | ETA 0:09:41 | best -
[b2=24 b1=22 GPU] stage  97.3% (53737500724603/55220000000001) | 2557.2M/s | ETA 0:09:39 | best -
[b2=24 b1=22 GPU] stage  97.3% (53742332562811/55220000000001) | 2373.3M/s | ETA 0:10:22 | best -
[b2=24 b1=22 GPU] stage  97.3% (53747432836475/55220000000001) | 2509.3M/s | ETA 0:09:46 | best -
[b2=24 b1=22 GPU] stage  97.3% (53752264674683/55220000000001) | 2552.2M/s | ETA 0:09:35 | best -
[b2=24 b1=22 GPU] stage  97.4% (53757364948347/55220000000001) | 2460.4M/s | ETA 0:09:54 | best -
[b2=24 b1=22 GPU] stage  97.4% (53762465222011/55220000000001) | 2488.7M/s | ETA 0:09:45 | best -
[b2=24 b1=22 GPU] stage  97.4% (53767565495675/55220000000001) | 2603.0M/s | ETA 0:09:17 | best -
[b2=24 b1=22 GPU] stage  97.4% (53772665769339/55220000000001) | 2476.8M/s | ETA 0:09:44 | best -
[b2=24 b1=22 GPU] stage  97.4% (53777766043003/55220000000001) | 2493.9M/s | ETA 0:09:38 | best -
[b2=24 b1=22 GPU] stage  97.4% (53782866316667/55220000000001) | 2598.8M/s | ETA 0:09:13 | best -
[b2=24 b1=22 GPU] stage  97.4% (53787966590331/55220000000001) | 2482.5M/s | ETA 0:09:36 | best -
[b2=24 b1=22 GPU] stage  97.4% (53793066863995/55220000000001) | 2498.7M/s | ETA 0:09:31 | best -
[b2=24 b1=22 GPU] stage  97.4% (53798167137659/55220000000001) | 2577.5M/s | ETA 0:09:11 | best -
[b2=24 b1=22 GPU] stage  97.4% (53803267411323/55220000000001) | 2501.5M/s | ETA 0:09:26 | best -
[b2=24 b1=22 GPU] stage  97.4% (53808367684987/55220000000001) | 2508.2M/s | ETA 0:09:22 | best -
[b2=24 b1=22 GPU] stage  97.5% (53813467958651/55220000000001) | 2590.9M/s | ETA 0:09:02 | best -
[b2=24 b1=22 GPU] stage  97.5% (53818568232315/55220000000001) | 2503.9M/s | ETA 0:09:19 | best -
[b2=24 b1=22 GPU] stage  97.5% (53823668505979/55220000000001) | 2472.0M/s | ETA 0:09:24 | best -
[b2=24 b1=22 GPU] stage  97.5% (53828768779643/55220000000001) | 2563.3M/s | ETA 0:09:02 | best -
[b2=24 b1=22 GPU] stage  97.5% (53833869053307/55220000000001) | 2483.3M/s | ETA 0:09:18 | best -
[b2=24 b1=22 GPU] stage  97.5% (53838969326971/55220000000001) | 2514.7M/s | ETA 0:09:09 | best -
[b2=24 b1=22 GPU] stage  97.5% (53844338036091/55220000000001) | 2581.4M/s | ETA 0:08:52 | best -
[b2=24 b1=22 GPU] stage  97.5% (53849438309755/55220000000001) | 2526.6M/s | ETA 0:09:02 | best -
[b2=24 b1=22 GPU] stage  97.5% (53854538583419/55220000000001) | 2518.5M/s | ETA 0:09:02 | best -
[b2=24 b1=22 GPU] stage  97.5% (53859907292539/55220000000001) | 2554.2M/s | ETA 0:08:52 | best -
[b2=24 b1=22 GPU] stage  97.5% (53865007566203/55220000000001) | 2550.9M/s | ETA 0:08:51 | best -
[b2=24 b1=22 GPU] stage  97.6% (53870107839867/55220000000001) | 2517.1M/s | ETA 0:08:56 | best -
[b2=24 b1=22 GPU] stage  97.6% (53871450017147/55220000000001) | 1148.8M/s | ETA 0:19:33 | best -
[b2=24 b1=22 GPU] stage  97.6% (53872255323515/55220000000001) | 738.7M/s | ETA 0:30:24 | best -
[b2=24 b1=22 GPU] stage  97.6% (53873329065339/55220000000001) | 557.4M/s | ETA 0:40:15 | best -
[b2=24 b1=22 GPU] stage  97.6% (53874134371707/55220000000001) | 513.9M/s | ETA 0:43:38 | best -
[b2=24 b1=22 GPU] stage  97.6% (53875208113531/55220000000001) | 523.6M/s | ETA 0:42:48 | best -
[b2=24 b1=22 GPU] stage  97.6% (53876013419899/55220000000001) | 433.6M/s | ETA 0:51:39 | best -
[b2=24 b1=22 GPU] stage  97.6% (53877087161723/55220000000001) | 641.7M/s | ETA 0:34:52 | best -
[b2=24 b1=22 GPU] stage  97.6% (53880845258107/55220000000001) | 2312.5M/s | ETA 0:09:39 | best -
[b2=24 b1=22 GPU] stage  97.6% (53884334919035/55220000000001) | 1524.4M/s | ETA 0:14:36 | best -
[b2=24 b1=22 GPU] stage  97.6% (53885408660859/55220000000001) | 798.9M/s | ETA 0:27:50 | best -
[b2=24 b1=22 GPU] stage  97.6% (53886213967227/55220000000001) | 538.3M/s | ETA 0:41:17 | best -
[b2=24 b1=22 GPU] stage  97.6% (53887287709051/55220000000001) | 686.9M/s | ETA 0:32:20 | best -
[b2=24 b1=22 GPU] stage  97.6% (53888093015419/55220000000001) | 486.8M/s | ETA 0:45:36 | best -
[b2=24 b1=22 GPU] stage  97.6% (53889166757243/55220000000001) | 666.0M/s | ETA 0:33:18 | best -
[b2=24 b1=22 GPU] stage  97.6% (53889972063611/55220000000001) | 479.1M/s | ETA 0:46:16 | best -
[b2=24 b1=22 GPU] stage  97.6% (53891851111803/55220000000001) | 2087.5M/s | ETA 0:10:36 | best -
[b2=24 b1=22 GPU] stage  97.6% (53896682950011/55220000000001) | 2391.3M/s | ETA 0:09:13 | best -
[b2=24 b1=22 GPU] stage  97.6% (53898293562747/55220000000001) | 1324.0M/s | ETA 0:16:38 | best -
[b2=24 b1=22 GPU] stage  97.6% (53899367304571/55220000000001) | 851.6M/s | ETA 0:25:50 | best -
[b2=24 b1=22 GPU] stage  97.6% (53900172610939/55220000000001) | 544.2M/s | ETA 0:40:25 | best -
[b2=24 b1=22 GPU] stage  97.6% (53901246352763/55220000000001) | 603.7M/s | ETA 0:36:24 | best -
[b2=24 b1=22 GPU] stage  97.6% (53902320094587/55220000000001) | 540.4M/s | ETA 0:40:38 | best -
[b2=24 b1=22 GPU] stage  97.6% (53903125400955/55220000000001) | 853.5M/s | ETA 0:25:42 | best -
[b2=24 b1=22 GPU] stage  97.6% (53904199142779/55220000000001) | 564.0M/s | ETA 0:38:52 | best -
[b2=24 b1=22 GPU] stage  97.6% (53907151932795/55220000000001) | 2397.2M/s | ETA 0:09:07 | best -
[b2=24 b1=22 GPU] stage  97.6% (53911446900091/55220000000001) | 1888.6M/s | ETA 0:11:32 | best -
[b2=24 b1=22 GPU] stage  97.6% (53912520641915/55220000000001) | 837.6M/s | ETA 0:26:00 | best -
[b2=24 b1=22 GPU] stage  97.6% (53913325948283/55220000000001) | 958.2M/s | ETA 0:22:43 | best -
[b2=24 b1=22 GPU] stage  97.6% (53914399690107/55220000000001) | 591.7M/s | ETA 0:36:46 | best -
[b2=24 b1=22 GPU] stage  97.6% (53915204996475/55220000000001) | 685.4M/s | ETA 0:31:43 | best -
[b2=24 b1=22 GPU] stage  97.6% (53916278738299/55220000000001) | 577.9M/s | ETA 0:37:35 | best -
[b2=24 b1=22 GPU] stage  97.6% (53917084044667/55220000000001) | 535.8M/s | ETA 0:40:31 | best -
[b2=24 b1=22 GPU] stage  97.6% (53918694657403/55220000000001) | 1907.2M/s | ETA 0:11:22 | best -
[b2=24 b1=22 GPU] stage  97.7% (53923526495611/55220000000001) | 2467.2M/s | ETA 0:08:45 | best -
[b2=24 b1=22 GPU] stage  97.7% (53925673979259/55220000000001) | 1474.0M/s | ETA 0:14:38 | best -
[b2=24 b1=22 GPU] stage  97.7% (53926479285627/55220000000001) | 779.3M/s | ETA 0:27:39 | best -
[b2=24 b1=22 GPU] stage  97.7% (53927284591995/55220000000001) | 602.6M/s | ETA 0:35:45 | best -
[b2=24 b1=22 GPU] stage  97.7% (53928358333819/55220000000001) | 566.3M/s | ETA 0:38:00 | best -
[b2=24 b1=22 GPU] stage  97.7% (53929163640187/55220000000001) | 463.3M/s | ETA 0:46:26 | best -
[b2=24 b1=22 GPU] stage  97.7% (53930237382011/55220000000001) | 647.9M/s | ETA 0:33:10 | best -
[b2=24 b1=22 GPU] stage  97.7% (53931042688379/55220000000001) | 475.2M/s | ETA 0:45:12 | best -
[b2=24 b1=22 GPU] stage  97.7% (53933190172027/55220000000001) | 2304.9M/s | ETA 0:09:18 | best -
[b2=24 b1=22 GPU] stage  97.7% (53937753574779/55220000000001) | 2361.4M/s | ETA 0:09:03 | best -
[b2=24 b1=22 GPU] stage  97.7% (53939095752059/55220000000001) | 1156.0M/s | ETA 0:18:28 | best -
[b2=24 b1=22 GPU] stage  97.7% (53939901058427/55220000000001) | 1077.2M/s | ETA 0:19:48 | best -
[b2=24 b1=22 GPU] stage  97.7% (53940974800251/55220000000001) | 613.5M/s | ETA 0:34:44 | best -
[b2=24 b1=22 GPU] stage  97.7% (53941780106619/55220000000001) | 868.7M/s | ETA 0:24:31 | best -
[b2=24 b1=22 GPU] stage  97.7% (53942853848443/55220000000001) | 584.1M/s | ETA 0:36:26 | best -
[b2=24 b1=22 GPU] stage  97.7% (53943659154811/55220000000001) | 560.3M/s | ETA 0:37:58 | best -
[b2=24 b1=22 GPU] stage  97.7% (53944732896635/55220000000001) | 537.6M/s | ETA 0:39:32 | best -
[b2=24 b1=22 GPU] stage  97.7% (53947954122107/55220000000001) | 2308.4M/s | ETA 0:09:11 | best -
[b2=24 b1=22 GPU] stage  97.7% (53952517524859/55220000000001) | 1766.1M/s | ETA 0:11:57 | best -
[b2=24 b1=22 GPU] stage  97.7% (53953322831227/55220000000001) | 846.1M/s | ETA 0:24:57 | best -
[b2=24 b1=22 GPU] stage  97.7% (53954396573051/55220000000001) | 713.1M/s | ETA 0:29:34 | best -
[b2=24 b1=22 GPU] stage  97.7% (53955470314875/55220000000001) | 557.2M/s | ETA 0:37:49 | best -
[b2=24 b1=22 GPU] stage  97.7% (53956275621243/55220000000001) | 861.5M/s | ETA 0:24:26 | best -
[b2=24 b1=22 GPU] stage  97.7% (53957349363067/55220000000001) | 580.7M/s | ETA 0:36:14 | best -
[b2=24 b1=22 GPU] stage  97.7% (53958154669435/55220000000001) | 855.4M/s | ETA 0:24:35 | best -
[b2=24 b1=22 GPU] stage  97.7% (53959496846715/55220000000001) | 1614.4M/s | ETA 0:13:00 | best -
[b2=24 b1=22 GPU] stage  97.7% (53964328684923/55220000000001) | 2341.7M/s | ETA 0:08:56 | best -
[b2=24 b1=22 GPU] stage  97.7% (53966207733115/55220000000001) | 1780.1M/s | ETA 0:11:44 | best -
[b2=24 b1=22 GPU] stage  97.7% (53967013039483/55220000000001) | 877.7M/s | ETA 0:23:47 | best -
[b2=24 b1=22 GPU] stage  97.7% (53967818345851/55220000000001) | 573.6M/s | ETA 0:36:22 | best -
[b2=24 b1=22 GPU] stage  97.7% (53968892087675/55220000000001) | 747.5M/s | ETA 0:27:53 | best -
[b2=24 b1=22 GPU] stage  97.7% (53969697394043/55220000000001) | 498.5M/s | ETA 0:41:47 | best -
[b2=24 b1=22 GPU] stage  97.7% (53970771135867/55220000000001) | 580.4M/s | ETA 0:35:52 | best -
[b2=24 b1=22 GPU] stage  97.7% (53971844877691/55220000000001) | 505.4M/s | ETA 0:41:09 | best -
[b2=24 b1=22 GPU] stage  97.7% (53974529232251/55220000000001) | 2367.8M/s | ETA 0:08:45 | best -
[b2=24 b1=22 GPU] stage  97.8% (53979092635003/55220000000001) | 2347.5M/s | ETA 0:08:48 | best -
[b2=24 b1=22 GPU] stage  97.8% (53980434812283/55220000000001) | 1005.6M/s | ETA 0:20:32 | best -
[b2=24 b1=22 GPU] stage  97.8% (53981508554107/55220000000001) | 666.8M/s | ETA 0:30:57 | best -
[b2=24 b1=22 GPU] stage  97.8% (53982313860475/55220000000001) | 471.3M/s | ETA 0:43:46 | best -
[b2=24 b1=22 GPU] stage  97.8% (53983387602299/55220000000001) | 654.2M/s | ETA 0:31:30 | best -
[b2=24 b1=22 GPU] stage  97.8% (53984192908667/55220000000001) | 498.2M/s | ETA 0:41:20 | best -
[b2=24 b1=22 GPU] stage  97.8% (53985266650491/55220000000001) | 682.2M/s | ETA 0:30:09 | best -
[b2=24 b1=22 GPU] stage  97.8% (53986071956859/55220000000001) | 485.6M/s | ETA 0:42:20 | best -
[b2=24 b1=22 GPU] stage  97.8% (53991440665979/55220000000001) | 2664.1M/s | ETA 0:07:41 | best -
[b2=24 b1=22 GPU] stage  97.8% (53993588149627/55220000000001) | 1187.1M/s | ETA 0:17:13 | best -
[b2=24 b1=22 GPU] stage  97.8% (53994393455995/55220000000001) | 684.4M/s | ETA 0:29:50 | best -
[b2=24 b1=22 GPU] stage  97.8% (53995467197819/55220000000001) | 752.6M/s | ETA 0:27:07 | best -
[b2=24 b1=22 GPU] stage  97.8% (53996272504187/55220000000001) | 504.8M/s | ETA 0:40:24 | best -
[b2=24 b1=22 GPU] stage  97.8% (53997346246011/55220000000001) | 700.7M/s | ETA 0:29:05 | best -
[b2=24 b1=22 GPU] stage  97.8% (53998419987835/55220000000001) | 555.7M/s | ETA 0:36:38 | best -
[b2=24 b1=22 GPU] stage  97.8% (53999225294203/55220000000001) | 871.5M/s | ETA 0:23:20 | best -
[b2=24 b1=22 GPU] stage  97.8% (54003520261499/55220000000001) | 2621.8M/s | ETA 0:07:43 | best -
[b2=24 b1=22 GPU] stage  97.8% (54007009922427/55220000000001) | 1673.5M/s | ETA 0:12:04 | best -
[b2=24 b1=22 GPU] stage  97.8% (54008083664251/55220000000001) | 825.6M/s | ETA 0:24:27 | best -
[b2=24 b1=22 GPU] stage  97.8% (54008888970619/55220000000001) | 528.5M/s | ETA 0:38:11 | best -
[b2=24 b1=22 GPU] stage  97.8% (54009962712443/55220000000001) | 672.4M/s | ETA 0:29:59 | best -
[b2=24 b1=22 GPU] stage  97.8% (54010768018811/55220000000001) | 505.0M/s | ETA 0:39:54 | best -
[b2=24 b1=22 GPU] stage  97.8% (54011841760635/55220000000001) | 692.7M/s | ETA 0:29:04 | best -
[b2=24 b1=22 GPU] stage  97.8% (54012647067003/55220000000001) | 486.3M/s | ETA 0:41:22 | best -
[b2=24 b1=22 GPU] stage  97.8% (54015062986107/55220000000001) | 2443.0M/s | ETA 0:08:13 | best -
[b2=24 b1=22 GPU] stage  97.8% (54020163259771/55220000000001) | 2640.8M/s | ETA 0:07:34 | best -
[b2=24 b1=22 GPU] stage  97.8% (54025263533435/55220000000001) | 2616.4M/s | ETA 0:07:36 | best -
[b2=24 b1=22 GPU] stage  97.8% (54030363807099/55220000000001) | 2613.1M/s | ETA 0:07:35 | best -
[b2=24 b1=22 GPU] stage  97.9% (54035464080763/55220000000001) | 2612.3M/s | ETA 0:07:33 | best -
[b2=24 b1=22 GPU] stage  97.9% (54040564354427/55220000000001) | 2610.9M/s | ETA 0:07:31 | best -
[b2=24 b1=22 GPU] stage  97.9% (54045664628091/55220000000001) | 2604.9M/s | ETA 0:07:30 | best -
[b2=24 b1=22 GPU] stage  97.9% (54050764901755/55220000000001) | 2616.0M/s | ETA 0:07:26 | best -
[b2=24 b1=22 GPU] stage  97.9% (54055865175419/55220000000001) | 2605.9M/s | ETA 0:07:26 | best -
[b2=24 b1=22 GPU] stage  97.9% (54060965449083/55220000000001) | 2625.0M/s | ETA 0:07:21 | best -
[b2=24 b1=22 GPU] stage  97.9% (54066065722747/55220000000001) | 2624.5M/s | ETA 0:07:19 | best -
[b2=24 b1=22 GPU] stage  97.9% (54071165996411/55220000000001) | 2595.0M/s | ETA 0:07:22 | best -
[b2=24 b1=22 GPU] stage  97.9% (54076266270075/55220000000001) | 2615.0M/s | ETA 0:07:17 | best -
[b2=24 b1=22 GPU] stage  97.9% (54081366543739/55220000000001) | 2586.8M/s | ETA 0:07:20 | best -
[b2=24 b1=22 GPU] stage  97.9% (54086466817403/55220000000001) | 2603.7M/s | ETA 0:07:15 | best -
[b2=24 b1=22 GPU] stage  98.0% (54091567091067/55220000000001) | 2608.9M/s | ETA 0:07:12 | best -
[b2=24 b1=22 GPU] stage  98.0% (54096667364731/55220000000001) | 2615.3M/s | ETA 0:07:09 | best -
[b2=24 b1=22 GPU] stage  98.0% (54101767638395/55220000000001) | 2617.2M/s | ETA 0:07:07 | best -
[b2=24 b1=22 GPU] stage  98.0% (54106867912059/55220000000001) | 2606.4M/s | ETA 0:07:07 | best -
[b2=24 b1=22 GPU] stage  98.0% (54111968185723/55220000000001) | 2613.1M/s | ETA 0:07:04 | best -
[b2=24 b1=22 GPU] stage  98.0% (54117068459387/55220000000001) | 2616.7M/s | ETA 0:07:01 | best -
[b2=24 b1=22 GPU] stage  98.0% (54122168733051/55220000000001) | 2614.1M/s | ETA 0:06:59 | best -
[b2=24 b1=22 GPU] stage  98.0% (54127269006715/55220000000001) | 2635.6M/s | ETA 0:06:54 | best -
[b2=24 b1=22 GPU] stage  98.0% (54132369280379/55220000000001) | 2633.4M/s | ETA 0:06:53 | best -
[b2=24 b1=22 GPU] stage  98.0% (54137469554043/55220000000001) | 2617.2M/s | ETA 0:06:53 | best -
[b2=24 b1=22 GPU] stage  98.0% (54142569827707/55220000000001) | 2607.8M/s | ETA 0:06:53 | best -
[b2=24 b1=22 GPU] stage  98.1% (54147670101371/55220000000001) | 2605.3M/s | ETA 0:06:51 | best -
[b2=24 b1=22 GPU] stage  98.1% (54152770375035/55220000000001) | 2613.2M/s | ETA 0:06:48 | best -
[b2=24 b1=22 GPU] stage  98.1% (54157870648699/55220000000001) | 2618.0M/s | ETA 0:06:45 | best -
[b2=24 b1=22 GPU] stage  98.1% (54162970922363/55220000000001) | 1923.4M/s | ETA 0:09:09 | best -
[b2=24 b1=22 GPU] stage  98.1% (54163776228731/55220000000001) | 906.5M/s | ETA 0:19:25 | best -
[b2=24 b1=22 GPU] stage  98.1% (54164849970555/55220000000001) | 834.2M/s | ETA 0:21:04 | best -
[b2=24 b1=22 GPU] stage  98.1% (54165655276923/55220000000001) | 543.0M/s | ETA 0:32:21 | best -
[b2=24 b1=22 GPU] stage  98.1% (54166729018747/55220000000001) | 895.5M/s | ETA 0:19:36 | best -
[b2=24 b1=22 GPU] stage  98.1% (54167802760571/55220000000001) | 603.3M/s | ETA 0:29:04 | best -
[b2=24 b1=22 GPU] stage  98.1% (54168608066939/55220000000001) | 882.4M/s | ETA 0:19:51 | best -
[b2=24 b1=22 GPU] stage  98.1% (54169950244219/55220000000001) | 1663.6M/s | ETA 0:10:31 | best -
[b2=24 b1=22 GPU] stage  98.1% (54174782082427/55220000000001) | 2405.4M/s | ETA 0:07:14 | best -
[b2=24 b1=22 GPU] stage  98.1% (54177198001531/55220000000001) | 1436.8M/s | ETA 0:12:05 | best -
[b2=24 b1=22 GPU] stage  98.1% (54178271743355/55220000000001) | 656.6M/s | ETA 0:26:26 | best -
[b2=24 b1=22 GPU] stage  98.1% (54179345485179/55220000000001) | 724.8M/s | ETA 0:23:55 | best -
[b2=24 b1=22 GPU] stage  98.1% (54180150791547/55220000000001) | 494.2M/s | ETA 0:35:03 | best -
[b2=24 b1=22 GPU] stage  98.1% (54181224533371/55220000000001) | 747.5M/s | ETA 0:23:09 | best -
[b2=24 b1=22 GPU] stage  98.1% (54182298275195/55220000000001) | 634.8M/s | ETA 0:27:14 | best -
[b2=24 b1=22 GPU] stage  98.1% (54183103581563/55220000000001) | 896.5M/s | ETA 0:19:16 | best -
[b2=24 b1=22 GPU] stage  98.1% (54187130113403/55220000000001) | 2432.8M/s | ETA 0:07:04 | best -
[b2=24 b1=22 GPU] stage  98.1% (54190351338875/55220000000001) | 1455.0M/s | ETA 0:11:47 | best -
[b2=24 b1=22 GPU] stage  98.1% (54191425080699/55220000000001) | 961.7M/s | ETA 0:17:49 | best -
[b2=24 b1=22 GPU] stage  98.1% (54192230387067/55220000000001) | 585.7M/s | ETA 0:29:14 | best -
[b2=24 b1=22 GPU] stage  98.1% (54193304128891/55220000000001) | 909.3M/s | ETA 0:18:49 | best -
[b2=24 b1=22 GPU] stage  98.1% (54194377870715/55220000000001) | 583.5M/s | ETA 0:29:17 | best -
[b2=24 b1=22 GPU] stage  98.1% (54195183177083/55220000000001) | 855.2M/s | ETA 0:19:58 | best -
[b2=24 b1=22 GPU] stage  98.1% (54196256918907/55220000000001) | 577.1M/s | ETA 0:29:33 | best -
[b2=24 b1=22 GPU] stage  98.2% (54199209708923/55220000000001) | 2566.4M/s | ETA 0:06:37 | best -
[b2=24 b1=22 GPU] stage  98.2% (54204041547131/55220000000001) | 1890.5M/s | ETA 0:08:57 | best -
[b2=24 b1=22 GPU] stage  98.2% (54204846853499/55220000000001) | 905.8M/s | ETA 0:18:40 | best -
[b2=24 b1=22 GPU] stage  98.2% (54205920595323/55220000000001) | 814.9M/s | ETA 0:20:44 | best -
[b2=24 b1=22 GPU] stage  98.2% (54206725901691/55220000000001) | 532.8M/s | ETA 0:31:41 | best -
[b2=24 b1=22 GPU] stage  98.2% (54207799643515/55220000000001) | 713.8M/s | ETA 0:23:38 | best -
[b2=24 b1=22 GPU] stage  98.2% (54208604949883/55220000000001) | 498.9M/s | ETA 0:33:47 | best -
[b2=24 b1=22 GPU] stage  98.2% (54209678691707/55220000000001) | 904.6M/s | ETA 0:18:36 | best -
[b2=24 b1=22 GPU] stage  98.2% (54210483998075/55220000000001) | 559.0M/s | ETA 0:30:06 | best -
[b2=24 b1=22 GPU] stage  98.2% (54215584271739/55220000000001) | 2587.4M/s | ETA 0:06:28 | best -
[b2=24 b1=22 GPU] stage  98.2% (54217731755387/55220000000001) | 1529.9M/s | ETA 0:10:55 | best -
[b2=24 b1=22 GPU] stage  98.2% (54218537061755/55220000000001) | 812.5M/s | ETA 0:20:32 | best -
[b2=24 b1=22 GPU] stage  98.2% (54219342368123/55220000000001) | 573.0M/s | ETA 0:29:06 | best -
[b2=24 b1=22 GPU] stage  98.2% (54220416109947/55220000000001) | 679.5M/s | ETA 0:24:30 | best -
[b2=24 b1=22 GPU] stage  98.2% (54221221416315/55220000000001) | 491.1M/s | ETA 0:33:53 | best -
[b2=24 b1=22 GPU] stage  98.2% (54222295158139/55220000000001) | 685.1M/s | ETA 0:24:16 | best -
[b2=24 b1=22 GPU] stage  98.2% (54223100464507/55220000000001) | 478.8M/s | ETA 0:34:42 | best -
[b2=24 b1=22 GPU] stage  98.2% (54225247948155/55220000000001) | 2349.5M/s | ETA 0:07:03 | best -
[b2=24 b1=22 GPU] stage  98.2% (54230348221819/55220000000001) | 2561.8M/s | ETA 0:06:26 | best -
[b2=24 b1=22 GPU] stage  98.2% (54231958834555/55220000000001) | 1318.3M/s | ETA 0:12:29 | best -
[b2=24 b1=22 GPU] stage  98.2% (54233032576379/55220000000001) | 660.1M/s | ETA 0:24:55 | best -
[b2=24 b1=22 GPU] stage  98.2% (54233837882747/55220000000001) | 891.4M/s | ETA 0:18:26 | best -
[b2=24 b1=22 GPU] stage  98.2% (54234911624571/55220000000001) | 576.6M/s | ETA 0:28:28 | best -
[b2=24 b1=22 GPU] stage  98.2% (54235716930939/55220000000001) | 517.5M/s | ETA 0:31:41 | best -
[b2=24 b1=22 GPU] stage  98.2% (54236790672763/55220000000001) | 606.5M/s | ETA 0:27:01 | best -
[b2=24 b1=22 GPU] stage  98.2% (54237595979131/55220000000001) | 479.0M/s | ETA 0:34:10 | best -
[b2=24 b1=22 GPU] stage  98.2% (54242696252795/55220000000001) | 2576.3M/s | ETA 0:06:19 | best -
[b2=24 b1=22 GPU] stage  98.2% (54244843736443/55220000000001) | 1458.7M/s | ETA 0:11:08 | best -
[b2=24 b1=22 GPU] stage  98.2% (54245917478267/55220000000001) | 720.0M/s | ETA 0:22:32 | best -
[b2=24 b1=22 GPU] stage  98.2% (54246991220091/55220000000001) | 681.8M/s | ETA 0:23:47 | best -
[b2=24 b1=22 GPU] stage  98.2% (54247796526459/55220000000001) | 516.8M/s | ETA 0:31:21 | best -
[b2=24 b1=22 GPU] stage  98.2% (54248870268283/55220000000001) | 701.7M/s | ETA 0:23:03 | best -
[b2=24 b1=22 GPU] stage  98.2% (54249675574651/55220000000001) | 496.1M/s | ETA 0:32:35 | best -
[b2=24 b1=22 GPU] stage  98.2% (54250749316475/55220000000001) | 712.6M/s | ETA 0:22:40 | best -
[b2=24 b1=22 GPU] stage  98.3% (54254775848315/55220000000001) | 2603.1M/s | ETA 0:06:10 | best -
[b2=24 b1=22 GPU] stage  98.3% (54258533944699/55220000000001) | 1884.5M/s | ETA 0:08:30 | best -
[b2=24 b1=22 GPU] stage  98.3% (54259607686523/55220000000001) | 821.3M/s | ETA 0:19:29 | best -
[b2=24 b1=22 GPU] stage  98.3% (54260412992891/55220000000001) | 951.9M/s | ETA 0:16:48 | best -
[b2=24 b1=22 GPU] stage  98.3% (54261486734715/55220000000001) | 596.2M/s | ETA 0:26:47 | best -
[b2=24 b1=22 GPU] stage  98.3% (54262292041083/55220000000001) | 516.7M/s | ETA 0:30:53 | best -
[b2=24 b1=22 GPU] stage  98.3% (54263365782907/55220000000001) | 575.7M/s | ETA 0:27:41 | best -
[b2=24 b1=22 GPU] stage  98.3% (54264171089275/55220000000001) | 510.0M/s | ETA 0:31:14 | best -
[b2=24 b1=22 GPU] stage  98.3% (54266318572923/55220000000001) | 2351.8M/s | ETA 0:06:45 | best -
[b2=24 b1=22 GPU] stage  98.3% (54271418846587/55220000000001) | 2588.3M/s | ETA 0:06:06 | best -
[b2=24 b1=22 GPU] stage  98.3% (54272492588411/55220000000001) | 986.5M/s | ETA 0:16:00 | best -
[b2=24 b1=22 GPU] stage  98.3% (54273566330235/55220000000001) | 714.7M/s | ETA 0:22:04 | best -
[b2=24 b1=22 GPU] stage  98.3% (54274371636603/55220000000001) | 541.1M/s | ETA 0:29:07 | best -
[b2=24 b1=22 GPU] stage  98.3% (54275445378427/55220000000001) | 707.3M/s | ETA 0:22:15 | best -
[b2=24 b1=22 GPU] stage  98.3% (54276250684795/55220000000001) | 488.0M/s | ETA 0:32:14 | best -
[b2=24 b1=22 GPU] stage  98.3% (54277324426619/55220000000001) | 708.8M/s | ETA 0:22:10 | best -
[b2=24 b1=22 GPU] stage  98.3% (54278129732987/55220000000001) | 512.1M/s | ETA 0:30:39 | best -
[b2=24 b1=22 GPU] stage  98.3% (54283230006651/55220000000001) | 2367.0M/s | ETA 0:06:35 | best -
[b2=24 b1=22 GPU] stage  98.3% (54285914361211/55220000000001) | 1353.1M/s | ETA 0:11:30 | best -
[b2=24 b1=22 GPU] stage  98.3% (54286988103035/55220000000001) | 1058.8M/s | ETA 0:14:41 | best -
[b2=24 b1=22 GPU] stage  98.3% (54288061844859/55220000000001) | 648.1M/s | ETA 0:23:57 | best -
[b2=24 b1=22 GPU] stage  98.3% (54288867151227/55220000000001) | 550.6M/s | ETA 0:28:11 | best -
[b2=24 b1=22 GPU] stage  98.3% (54289940893051/55220000000001) | 552.9M/s | ETA 0:28:02 | best -
[b2=24 b1=22 GPU] stage  98.3% (54290746199419/55220000000001) | 514.5M/s | ETA 0:30:06 | best -
[b2=24 b1=22 GPU] stage  98.3% (54291819941243/55220000000001) | 694.7M/s | ETA 0:22:16 | best -
[b2=24 b1=22 GPU] stage  98.3% (54295309602171/55220000000001) | 2357.6M/s | ETA 0:06:32 | best -
[b2=24 b1=22 GPU] stage  98.3% (54299067698555/55220000000001) | 1402.4M/s | ETA 0:10:56 | best -
[b2=24 b1=22 GPU] stage  98.3% (54300141440379/55220000000001) | 774.5M/s | ETA 0:19:47 | best -
[b2=24 b1=22 GPU] stage  98.3% (54300946746747/55220000000001) | 591.5M/s | ETA 0:25:53 | best -
[b2=24 b1=22 GPU] stage  98.3% (54302020488571/55220000000001) | 720.3M/s | ETA 0:21:14 | best -
[b2=24 b1=22 GPU] stage  98.3% (54302825794939/55220000000001) | 497.7M/s | ETA 0:30:42 | best -
[b2=24 b1=22 GPU] stage  98.3% (54303899536763/55220000000001) | 711.2M/s | ETA 0:21:28 | best -
[b2=24 b1=22 GPU] stage  98.3% (54304704843131/55220000000001) | 502.2M/s | ETA 0:30:22 | best -
[b2=24 b1=22 GPU] stage  98.3% (54306852326779/55220000000001) | 2253.4M/s | ETA 0:06:45 | best -
[b2=24 b1=22 GPU] stage  98.4% (54311684164987/55220000000001) | 2354.8M/s | ETA 0:06:25 | best -
[b2=24 b1=22 GPU] stage  98.4% (54316784438651/55220000000001) | 2574.3M/s | ETA 0:05:50 | best -
[b2=24 b1=22 GPU] stage  98.4% (54322153147771/55220000000001) | 2590.0M/s | ETA 0:05:46 | best -
[b2=24 b1=22 GPU] stage  98.4% (54327521856891/55220000000001) | 2561.2M/s | ETA 0:05:48 | best -
[b2=24 b1=22 GPU] stage  98.4% (54332353695099/55220000000001) | 2411.6M/s | ETA 0:06:08 | best -
[b2=24 b1=22 GPU] stage  98.4% (54337453968763/55220000000001) | 2442.9M/s | ETA 0:06:01 | best -
[b2=24 b1=22 GPU] stage  98.4% (54342554242427/55220000000001) | 2478.2M/s | ETA 0:05:54 | best -
[b2=24 b1=22 GPU] stage  98.4% (54347654516091/55220000000001) | 2499.6M/s | ETA 0:05:48 | best -
[b2=24 b1=22 GPU] stage  98.4% (54352754789755/55220000000001) | 2497.3M/s | ETA 0:05:47 | best -
[b2=24 b1=22 GPU] stage  98.4% (54357855063419/55220000000001) | 2507.5M/s | ETA 0:05:43 | best -
[b2=24 b1=22 GPU] stage  98.4% (54362955337083/55220000000001) | 2508.5M/s | ETA 0:05:41 | best -
[b2=24 b1=22 GPU] stage  98.5% (54368055610747/55220000000001) | 2518.0M/s | ETA 0:05:38 | best -
[b2=24 b1=22 GPU] stage  98.5% (54373155884411/55220000000001) | 2522.5M/s | ETA 0:05:35 | best -
[b2=24 b1=22 GPU] stage  98.5% (54378256158075/55220000000001) | 2524.8M/s | ETA 0:05:33 | best -
[b2=24 b1=22 GPU] stage  98.5% (54383356431739/55220000000001) | 2536.8M/s | ETA 0:05:29 | best -
[b2=24 b1=22 GPU] stage  98.5% (54388456705403/55220000000001) | 2559.0M/s | ETA 0:05:24 | best -
[b2=24 b1=22 GPU] stage  98.5% (54393556979067/55220000000001) | 2549.8M/s | ETA 0:05:24 | best -
[b2=24 b1=22 GPU] stage  98.5% (54398657252731/55220000000001) | 2557.5M/s | ETA 0:05:21 | best -
[b2=24 b1=22 GPU] stage  98.5% (54403757526395/55220000000001) | 2560.8M/s | ETA 0:05:18 | best -
[b2=24 b1=22 GPU] stage  98.5% (54409126235515/55220000000001) | 2564.3M/s | ETA 0:05:16 | best -
[b2=24 b1=22 GPU] stage  98.5% (54414494944635/55220000000001) | 2566.8M/s | ETA 0:05:13 | best -
[b2=24 b1=22 GPU] stage  98.6% (54419863653755/55220000000001) | 2573.6M/s | ETA 0:05:10 | best -
[b2=24 b1=22 GPU] stage  98.6% (54425232362875/55220000000001) | 2581.7M/s | ETA 0:05:07 | best -
[b2=24 b1=22 GPU] stage  98.6% (54430601071995/55220000000001) | 2582.5M/s | ETA 0:05:05 | best -
[b2=24 b1=22 GPU] stage  98.6% (54435969781115/55220000000001) | 2589.5M/s | ETA 0:05:02 | best -
[b2=24 b1=22 GPU] stage  98.6% (54441338490235/55220000000001) | 2592.1M/s | ETA 0:05:00 | best -
[b2=24 b1=22 GPU] stage  98.6% (54446707199355/55220000000001) | 2629.0M/s | ETA 0:04:54 | best -
[b2=24 b1=22 GPU] stage  98.6% (54451807473019/55220000000001) | 2620.0M/s | ETA 0:04:53 | best -
[b2=24 b1=22 GPU] stage  98.6% (54456907746683/55220000000001) | 2654.1M/s | ETA 0:04:47 | best -
[b2=24 b1=22 GPU] stage  98.6% (54462008020347/55220000000001) | 2616.2M/s | ETA 0:04:49 | best -
[b2=24 b1=22 GPU] stage  98.6% (54467108294011/55220000000001) | 2637.1M/s | ETA 0:04:45 | best -
[b2=24 b1=22 GPU] stage  98.6% (54469255777659/55220000000001) | 1539.3M/s | ETA 0:08:07 | best -
[b2=24 b1=22 GPU] stage  98.6% (54470329519483/55220000000001) | 664.1M/s | ETA 0:18:48 | best -
[b2=24 b1=22 GPU] stage  98.6% (54471403261307/55220000000001) | 743.8M/s | ETA 0:16:46 | best -
[b2=24 b1=22 GPU] stage  98.6% (54472208567675/55220000000001) | 519.3M/s | ETA 0:23:59 | best -
[b2=24 b1=22 GPU] stage  98.6% (54473282309499/55220000000001) | 661.7M/s | ETA 0:18:48 | best -
[b2=24 b1=22 GPU] stage  98.6% (54474356051323/55220000000001) | 641.5M/s | ETA 0:19:22 | best -
[b2=24 b1=22 GPU] stage  98.7% (54475161357691/55220000000001) | 690.1M/s | ETA 0:17:59 | best -
[b2=24 b1=22 GPU] stage  98.7% (54479456324987/55220000000001) | 2397.4M/s | ETA 0:05:08 | best -
[b2=24 b1=22 GPU] stage  98.7% (54482945985915/55220000000001) | 1456.4M/s | ETA 0:08:26 | best -
[b2=24 b1=22 GPU] stage  98.7% (54484019727739/55220000000001) | 766.5M/s | ETA 0:16:00 | best -
[b2=24 b1=22 GPU] stage  98.7% (54484825034107/55220000000001) | 596.3M/s | ETA 0:20:32 | best -
[b2=24 b1=22 GPU] stage  98.7% (54485898775931/55220000000001) | 606.2M/s | ETA 0:20:10 | best -
[b2=24 b1=22 GPU] stage  98.7% (54486704082299/55220000000001) | 472.4M/s | ETA 0:25:52 | best -
[b2=24 b1=22 GPU] stage  98.7% (54487777824123/55220000000001) | 676.7M/s | ETA 0:18:02 | best -
[b2=24 b1=22 GPU] stage  98.7% (54488583130491/55220000000001) | 490.6M/s | ETA 0:24:51 | best -
[b2=24 b1=22 GPU] stage  98.7% (54490730614139/55220000000001) | 2279.5M/s | ETA 0:05:19 | best -
[b2=24 b1=22 GPU] stage  98.7% (54495562452347/55220000000001) | 2389.2M/s | ETA 0:05:03 | best -
[b2=24 b1=22 GPU] stage  98.7% (54496636194171/55220000000001) | 1118.7M/s | ETA 0:10:46 | best -
[b2=24 b1=22 GPU] stage  98.7% (54497441500539/55220000000001) | 1067.2M/s | ETA 0:11:17 | best -
[b2=24 b1=22 GPU] stage  98.7% (54498515242363/55220000000001) | 633.9M/s | ETA 0:18:58 | best -
[b2=24 b1=22 GPU] stage  98.7% (54499320548731/55220000000001) | 631.2M/s | ETA 0:19:01 | best -
[b2=24 b1=22 GPU] stage  98.7% (54500394290555/55220000000001) | 567.8M/s | ETA 0:21:07 | best -
[b2=24 b1=22 GPU] stage  98.7% (54501199596923/55220000000001) | 535.4M/s | ETA 0:22:22 | best -
[b2=24 b1=22 GPU] stage  98.7% (54502273338747/55220000000001) | 575.5M/s | ETA 0:20:47 | best -
[b2=24 b1=22 GPU] stage  98.7% (54505762999675/55220000000001) | 2391.3M/s | ETA 0:04:58 | best -
[b2=24 b1=22 GPU] stage  98.7% (54510057966971/55220000000001) | 1755.4M/s | ETA 0:06:44 | best -
[b2=24 b1=22 GPU] stage  98.7% (54511131708795/55220000000001) | 861.0M/s | ETA 0:13:43 | best -
[b2=24 b1=22 GPU] stage  98.7% (54511937015163/55220000000001) | 752.2M/s | ETA 0:15:41 | best -
[b2=24 b1=22 GPU] stage  98.7% (54513010756987/55220000000001) | 556.2M/s | ETA 0:21:11 | best -
[b2=24 b1=22 GPU] stage  98.7% (54513816063355/55220000000001) | 872.8M/s | ETA 0:13:29 | best -
[b2=24 b1=22 GPU] stage  98.7% (54514889805179/55220000000001) | 595.9M/s | ETA 0:19:43 | best -
[b2=24 b1=22 GPU] stage  98.7% (54515695111547/55220000000001) | 884.6M/s | ETA 0:13:16 | best -
[b2=24 b1=22 GPU] stage  98.7% (54517574159739/55220000000001) | 2160.7M/s | ETA 0:05:25 | best -
[b2=24 b1=22 GPU] stage  98.7% (54522405997947/55220000000001) | 2355.2M/s | ETA 0:04:56 | best -
[b2=24 b1=22 GPU] stage  98.7% (54524016610683/55220000000001) | 1312.0M/s | ETA 0:08:50 | best -
[b2=24 b1=22 GPU] stage  98.7% (54525090352507/55220000000001) | 679.5M/s | ETA 0:17:02 | best -
[b2=24 b1=22 GPU] stage  98.7% (54525895658875/55220000000001) | 668.6M/s | ETA 0:17:18 | best -
[b2=24 b1=22 GPU] stage  98.7% (54526969400699/55220000000001) | 576.1M/s | ETA 0:20:02 | best -
[b2=24 b1=22 GPU] stage  98.7% (54527774707067/55220000000001) | 542.8M/s | ETA 0:21:15 | best -
[b2=24 b1=22 GPU] stage  98.7% (54528848448891/55220000000001) | 553.7M/s | ETA 0:20:48 | best -
[b2=24 b1=22 GPU] stage  98.7% (54529653755259/55220000000001) | 459.8M/s | ETA 0:25:01 | best -
[b2=24 b1=22 GPU] stage  98.8% (54534485593467/55220000000001) | 2369.2M/s | ETA 0:04:49 | best -
[b2=24 b1=22 GPU] stage  98.8% (54537438383483/55220000000001) | 1363.1M/s | ETA 0:08:20 | best -
[b2=24 b1=22 GPU] stage  98.8% (54538512125307/55220000000001) | 841.9M/s | ETA 0:13:29 | best -
[b2=24 b1=22 GPU] stage  98.8% (54539585867131/55220000000001) | 595.2M/s | ETA 0:19:03 | best -
[b2=24 b1=22 GPU] stage  98.8% (54540391173499/55220000000001) | 890.3M/s | ETA 0:12:43 | best -
[b2=24 b1=22 GPU] stage  98.8% (54541464915323/55220000000001) | 584.5M/s | ETA 0:19:20 | best -
[b2=24 b1=22 GPU] stage  98.8% (54542270221691/55220000000001) | 873.7M/s | ETA 0:12:55 | best -
[b2=24 b1=22 GPU] stage  98.8% (54543343963515/55220000000001) | 604.9M/s | ETA 0:18:38 | best -
[b2=24 b1=22 GPU] stage  98.8% (54546565188987/55220000000001) | 2422.4M/s | ETA 0:04:38 | best -
[b2=24 b1=22 GPU] stage  98.8% (54550591720827/55220000000001) | 1745.6M/s | ETA 0:06:23 | best -
[b2=24 b1=22 GPU] stage  98.8% (54551665462651/55220000000001) | 793.1M/s | ETA 0:14:02 | best -
[b2=24 b1=22 GPU] stage  98.8% (54552470769019/55220000000001) | 948.9M/s | ETA 0:11:43 | best -
[b2=24 b1=22 GPU] stage  98.8% (54553544510843/55220000000001) | 628.2M/s | ETA 0:17:40 | best -
[b2=24 b1=22 GPU] stage  98.8% (54554349817211/55220000000001) | 562.1M/s | ETA 0:19:44 | best -
[b2=24 b1=22 GPU] stage  98.8% (54555423559035/55220000000001) | 567.3M/s | ETA 0:19:31 | best -
[b2=24 b1=22 GPU] stage  98.8% (54556228865403/55220000000001) | 460.2M/s | ETA 0:24:02 | best -
[b2=24 b1=22 GPU] stage  98.8% (54558376349051/55220000000001) | 2296.6M/s | ETA 0:04:48 | best -
[b2=24 b1=22 GPU] stage  98.8% (54563208187259/55220000000001) | 2381.1M/s | ETA 0:04:35 | best -
[b2=24 b1=22 GPU] stage  98.8% (54565087235451/55220000000001) | 1069.8M/s | ETA 0:10:12 | best -
[b2=24 b1=22 GPU] stage  98.8% (54566160977275/55220000000001) | 637.0M/s | ETA 0:17:06 | best -
[b2=24 b1=22 GPU] stage  98.8% (54566966283643/55220000000001) | 902.1M/s | ETA 0:12:03 | best -
[b2=24 b1=22 GPU] stage  98.8% (54568040025467/55220000000001) | 620.9M/s | ETA 0:17:30 | best -
[b2=24 b1=22 GPU] stage  98.8% (54568845331835/55220000000001) | 886.9M/s | ETA 0:12:14 | best -
[b2=24 b1=22 GPU] stage  98.8% (54569919073659/55220000000001) | 596.3M/s | ETA 0:18:10 | best -
[b2=24 b1=22 GPU] stage  98.8% (54570724380027/55220000000001) | 640.7M/s | ETA 0:16:53 | best -
[b2=24 b1=22 GPU] stage  98.8% (54575287782779/55220000000001) | 2356.2M/s | ETA 0:04:33 | best -
[b2=24 b1=22 GPU] stage  98.8% (54577972137339/55220000000001) | 1347.8M/s | ETA 0:07:56 | best -
[b2=24 b1=22 GPU] stage  98.8% (54579045879163/55220000000001) | 1063.9M/s | ETA 0:10:02 | best -
[b2=24 b1=22 GPU] stage  98.8% (54580119620987/55220000000001) | 641.6M/s | ETA 0:16:37 | best -
[b2=24 b1=22 GPU] stage  98.8% (54580924927355/55220000000001) | 623.2M/s | ETA 0:17:05 | best -
[b2=24 b1=22 GPU] stage  98.8% (54581998669179/55220000000001) | 582.6M/s | ETA 0:18:15 | best -
[b2=24 b1=22 GPU] stage  98.8% (54582803975547/55220000000001) | 462.2M/s | ETA 0:22:58 | best -
[b2=24 b1=22 GPU] stage  98.8% (54583877717371/55220000000001) | 668.6M/s | ETA 0:15:51 | best -
[b2=24 b1=22 GPU] stage  98.9% (54587635813755/55220000000001) | 2380.3M/s | ETA 0:04:25 | best -
[b2=24 b1=22 GPU] stage  98.9% (54591662345595/55220000000001) | 1759.3M/s | ETA 0:05:57 | best -
[b2=24 b1=22 GPU] stage  98.9% (54592736087419/55220000000001) | 793.6M/s | ETA 0:13:10 | best -
[b2=24 b1=22 GPU] stage  98.9% (54593541393787/55220000000001) | 958.3M/s | ETA 0:10:53 | best -
[b2=24 b1=22 GPU] stage  98.9% (54594615135611/55220000000001) | 621.9M/s | ETA 0:16:45 | best -
[b2=24 b1=22 GPU] stage  98.9% (54595420441979/55220000000001) | 886.1M/s | ETA 0:11:44 | best -
[b2=24 b1=22 GPU] stage  98.9% (54596494183803/55220000000001) | 573.1M/s | ETA 0:18:07 | best -
[b2=24 b1=22 GPU] stage  98.9% (54597299490171/55220000000001) | 677.1M/s | ETA 0:15:19 | best -
[b2=24 b1=22 GPU] stage  98.9% (54599178538363/55220000000001) | 2143.7M/s | ETA 0:04:49 | best -
[b2=24 b1=22 GPU] stage  98.9% (54604010376571/55220000000001) | 2379.8M/s | ETA 0:04:18 | best -
[b2=24 b1=22 GPU] stage  98.9% (54605620989307/55220000000001) | 1311.4M/s | ETA 0:07:48 | best -
[b2=24 b1=22 GPU] stage  98.9% (54606694731131/55220000000001) | 678.7M/s | ETA 0:15:03 | best -
[b2=24 b1=22 GPU] stage  98.9% (54607500037499/55220000000001) | 714.0M/s | ETA 0:14:17 | best -
[b2=24 b1=22 GPU] stage  98.9% (54608573779323/55220000000001) | 599.2M/s | ETA 0:17:00 | best -
[b2=24 b1=22 GPU] stage  98.9% (54609379085691/55220000000001) | 469.1M/s | ETA 0:21:41 | best -
[b2=24 b1=22 GPU] stage  98.9% (54610452827515/55220000000001) | 678.9M/s | ETA 0:14:57 | best -
[b2=24 b1=22 GPU] stage  98.9% (54611258133883/55220000000001) | 492.4M/s | ETA 0:20:36 | best -
[b2=24 b1=22 GPU] stage  98.9% (54616089972091/55220000000001) | 2407.8M/s | ETA 0:04:10 | best -
[b2=24 b1=22 GPU] stage  98.9% (54620653374843/55220000000001) | 2449.7M/s | ETA 0:04:04 | best -
[b2=24 b1=22 GPU] stage  98.9% (54625485213051/55220000000001) | 2432.1M/s | ETA 0:04:04 | best -
[b2=24 b1=22 GPU] stage  98.9% (54630317051259/55220000000001) | 2472.6M/s | ETA 0:03:58 | best -
[b2=24 b1=22 GPU] stage  98.9% (54635148889467/55220000000001) | 2478.0M/s | ETA 0:03:56 | best -
[b2=24 b1=22 GPU] stage  98.9% (54639980727675/55220000000001) | 2485.9M/s | ETA 0:03:53 | best -
[b2=24 b1=22 GPU] stage  99.0% (54644812565883/55220000000001) | 2500.8M/s | ETA 0:03:49 | best -
[b2=24 b1=22 GPU] stage  99.0% (54649912839547/55220000000001) | 2492.6M/s | ETA 0:03:48 | best -
[b2=24 b1=22 GPU] stage  99.0% (54655013113211/55220000000001) | 2512.8M/s | ETA 0:03:44 | best -
[b2=24 b1=22 GPU] stage  99.0% (54660113386875/55220000000001) | 2523.6M/s | ETA 0:03:41 | best -
[b2=24 b1=22 GPU] stage  99.0% (54665213660539/55220000000001) | 2521.0M/s | ETA 0:03:40 | best -
[b2=24 b1=22 GPU] stage  99.0% (54670313934203/55220000000001) | 2529.1M/s | ETA 0:03:37 | best -
[b2=24 b1=22 GPU] stage  99.0% (54675414207867/55220000000001) | 2531.2M/s | ETA 0:03:35 | best -
[b2=24 b1=22 GPU] stage  99.0% (54680514481531/55220000000001) | 2553.9M/s | ETA 0:03:31 | best -
[b2=24 b1=22 GPU] stage  99.0% (54685614755195/55220000000001) | 2576.0M/s | ETA 0:03:27 | best -
[b2=24 b1=22 GPU] stage  99.0% (54690715028859/55220000000001) | 2559.1M/s | ETA 0:03:26 | best -
[b2=24 b1=22 GPU] stage  99.1% (54695815302523/55220000000001) | 2562.9M/s | ETA 0:03:24 | best -
[b2=24 b1=22 GPU] stage  99.1% (54700915576187/55220000000001) | 2569.0M/s | ETA 0:03:22 | best -
[b2=24 b1=22 GPU] stage  99.1% (54706015849851/55220000000001) | 2581.6M/s | ETA 0:03:19 | best -
[b2=24 b1=22 GPU] stage  99.1% (54711116123515/55220000000001) | 2572.6M/s | ETA 0:03:17 | best -
[b2=24 b1=22 GPU] stage  99.1% (54716216397179/55220000000001) | 2572.5M/s | ETA 0:03:15 | best -
[b2=24 b1=22 GPU] stage  99.1% (54721316670843/55220000000001) | 2596.7M/s | ETA 0:03:12 | best -
[b2=24 b1=22 GPU] stage  99.1% (54726416944507/55220000000001) | 2593.7M/s | ETA 0:03:10 | best -
[b2=24 b1=22 GPU] stage  99.1% (54731517218171/55220000000001) | 2580.8M/s | ETA 0:03:09 | best -
[b2=24 b1=22 GPU] stage  99.1% (54736617491835/55220000000001) | 2603.0M/s | ETA 0:03:05 | best -
[b2=24 b1=22 GPU] stage  99.1% (54741717765499/55220000000001) | 2607.1M/s | ETA 0:03:03 | best -
[b2=24 b1=22 GPU] stage  99.1% (54746818039163/55220000000001) | 2613.9M/s | ETA 0:03:01 | best -
[b2=24 b1=22 GPU] stage  99.2% (54751918312827/55220000000001) | 2607.1M/s | ETA 0:02:59 | best -
[b2=24 b1=22 GPU] stage  99.2% (54757018586491/55220000000001) | 2609.0M/s | ETA 0:02:57 | best -
[b2=24 b1=22 GPU] stage  99.2% (54762118860155/55220000000001) | 2621.2M/s | ETA 0:02:54 | best -
[b2=24 b1=22 GPU] stage  99.2% (54767219133819/55220000000001) | 2611.7M/s | ETA 0:02:53 | best -
[b2=24 b1=22 GPU] stage  99.2% (54772319407483/55220000000001) | 2624.6M/s | ETA 0:02:50 | best -
[b2=24 b1=22 GPU] stage  99.2% (54777419681147/55220000000001) | 2628.0M/s | ETA 0:02:48 | best -
[b2=24 b1=22 GPU] stage  99.2% (54782519954811/55220000000001) | 2637.8M/s | ETA 0:02:45 | best -
[b2=24 b1=22 GPU] stage  99.2% (54787620228475/55220000000001) | 2625.1M/s | ETA 0:02:44 | best -
[b2=24 b1=22 GPU] stage  99.2% (54792720502139/55220000000001) | 2643.0M/s | ETA 0:02:41 | best -
[b2=24 b1=22 GPU] stage  99.2% (54797820775803/55220000000001) | 2622.2M/s | ETA 0:02:41 | best -
[b2=24 b1=22 GPU] stage  99.2% (54802921049467/55220000000001) | 2635.1M/s | ETA 0:02:38 | best -
[b2=24 b1=22 GPU] stage  99.3% (54808021323131/55220000000001) | 2639.2M/s | ETA 0:02:36 | best -
[b2=24 b1=22 GPU] stage  99.3% (54813121596795/55220000000001) | 2648.0M/s | ETA 0:02:33 | best -
[b2=24 b1=22 GPU] stage  99.3% (54818221870459/55220000000001) | 2635.1M/s | ETA 0:02:32 | best -
[b2=24 b1=22 GPU] stage  99.3% (54823322144123/55220000000001) | 2648.9M/s | ETA 0:02:29 | best -
[b2=24 b1=22 GPU] stage  99.3% (54828422417787/55220000000001) | 2642.6M/s | ETA 0:02:28 | best -
[b2=24 b1=22 GPU] stage  99.3% (54833522691451/55220000000001) | 2635.6M/s | ETA 0:02:26 | best -
[b2=24 b1=22 GPU] stage  99.3% (54838622965115/55220000000001) | 2676.6M/s | ETA 0:02:22 | best -
[b2=24 b1=22 GPU] stage  99.3% (54843723238779/55220000000001) | 2638.0M/s | ETA 0:02:22 | best -
[b2=24 b1=22 GPU] stage  99.3% (54848823512443/55220000000001) | 2653.8M/s | ETA 0:02:19 | best -
[b2=24 b1=22 GPU] stage  99.3% (54853923786107/55220000000001) | 2655.2M/s | ETA 0:02:17 | best -
[b2=24 b1=22 GPU] stage  99.3% (54859024059771/55220000000001) | 2659.8M/s | ETA 0:02:15 | best -
[b2=24 b1=22 GPU] stage  99.4% (54864124333435/55220000000001) | 2653.8M/s | ETA 0:02:14 | best -
[b2=24 b1=22 GPU] stage  99.4% (54869224607099/55220000000001) | 2657.6M/s | ETA 0:02:11 | best -
[b2=24 b1=22 GPU] stage  99.4% (54874593316219/55220000000001) | 2643.3M/s | ETA 0:02:10 | best -
[b2=24 b1=22 GPU] stage  99.4% (54879693589883/55220000000001) | 2637.0M/s | ETA 0:02:09 | best -
[b2=24 b1=22 GPU] stage  99.4% (54885062299003/55220000000001) | 2659.2M/s | ETA 0:02:05 | best -
[b2=24 b1=22 GPU] stage  99.4% (54890162572667/55220000000001) | 2655.4M/s | ETA 0:02:04 | best -
[b2=24 b1=22 GPU] stage  99.4% (54895262846331/55220000000001) | 2644.1M/s | ETA 0:02:02 | best -
[b2=24 b1=22 GPU] stage  99.4% (54900363119995/55220000000001) | 2664.7M/s | ETA 0:01:59 | best -
[b2=24 b1=22 GPU] stage  99.4% (54905463393659/55220000000001) | 2662.3M/s | ETA 0:01:58 | best -
[b2=24 b1=22 GPU] stage  99.4% (54910563667323/55220000000001) | 2650.8M/s | ETA 0:01:56 | best -
[b2=24 b1=22 GPU] stage  99.4% (54915932376443/55220000000001) | 2652.3M/s | ETA 0:01:54 | best -
[b2=24 b1=22 GPU] stage  99.5% (54921032650107/55220000000001) | 2668.2M/s | ETA 0:01:52 | best -
[b2=24 b1=22 GPU] stage  99.5% (54926401359227/55220000000001) | 2649.9M/s | ETA 0:01:50 | best -
[b2=24 b1=22 GPU] stage  99.5% (54931501632891/55220000000001) | 2656.4M/s | ETA 0:01:48 | best -
[b2=24 b1=22 GPU] stage  99.5% (54936870342011/55220000000001) | 2665.6M/s | ETA 0:01:46 | best -
[b2=24 b1=22 GPU] stage  99.5% (54941970615675/55220000000001) | 2667.1M/s | ETA 0:01:44 | best -
[b2=24 b1=22 GPU] stage  99.5% (54947070889339/55220000000001) | 2661.3M/s | ETA 0:01:42 | best -
[b2=24 b1=22 GPU] stage  99.5% (54952439598459/55220000000001) | 2647.9M/s | ETA 0:01:41 | best -
[b2=24 b1=22 GPU] stage  99.5% (54957808307579/55220000000001) | 2647.1M/s | ETA 0:01:39 | best -
[b2=24 b1=22 GPU] stage  99.5% (54962908581243/55220000000001) | 2645.4M/s | ETA 0:01:37 | best -
[b2=24 b1=22 GPU] stage  99.5% (54968277290363/55220000000001) | 2649.5M/s | ETA 0:01:35 | best -
[b2=24 b1=22 GPU] stage  99.6% (54973645999483/55220000000001) | 2660.2M/s | ETA 0:01:32 | best -
[b2=24 b1=22 GPU] stage  99.6% (54979014708603/55220000000001) | 2650.3M/s | ETA 0:01:30 | best -
[b2=24 b1=22 GPU] stage  99.6% (54984114982267/55220000000001) | 2667.3M/s | ETA 0:01:28 | best -
[b2=24 b1=22 GPU] stage  99.6% (54989215255931/55220000000001) | 2673.7M/s | ETA 0:01:26 | best -
[b2=24 b1=22 GPU] stage  99.6% (54994583965051/55220000000001) | 2628.3M/s | ETA 0:01:25 | best -
[b2=24 b1=22 GPU] stage  99.6% (54999684238715/55220000000001) | 2661.6M/s | ETA 0:01:22 | best -
[b2=24 b1=22 GPU] stage  99.6% (55004784512379/55220000000001) | 2631.0M/s | ETA 0:01:21 | best -
[b2=24 b1=22 GPU] stage  99.6% (55009884786043/55220000000001) | 2637.8M/s | ETA 0:01:19 | best -
[b2=24 b1=22 GPU] stage  99.6% (55014985059707/55220000000001) | 2638.2M/s | ETA 0:01:17 | best -
[b2=24 b1=22 GPU] stage  99.6% (55020085333371/55220000000001) | 2667.1M/s | ETA 0:01:14 | best -
[b2=24 b1=22 GPU] stage  99.6% (55025185607035/55220000000001) | 2629.6M/s | ETA 0:01:14 | best -
[b2=24 b1=22 GPU] stage  99.7% (55030285880699/55220000000001) | 2645.1M/s | ETA 0:01:11 | best -
[b2=24 b1=22 GPU] stage  99.7% (55035386154363/55220000000001) | 2625.9M/s | ETA 0:01:10 | best -
[b2=24 b1=22 GPU] stage  99.7% (55040486428027/55220000000001) | 2651.4M/s | ETA 0:01:07 | best -
[b2=24 b1=22 GPU] stage  99.7% (55045855137147/55220000000001) | 2604.8M/s | ETA 0:01:06 | best -
[b2=24 b1=22 GPU] stage  99.7% (55050955410811/55220000000001) | 2604.5M/s | ETA 0:01:04 | best -
[b2=24 b1=22 GPU] stage  99.7% (55056055684475/55220000000001) | 2605.0M/s | ETA 0:01:02 | best -
[b2=24 b1=22 GPU] stage  99.7% (55061155958139/55220000000001) | 2624.8M/s | ETA 0:01:00 | best -
[b2=24 b1=22 GPU] stage  99.7% (55066256231803/55220000000001) | 2626.0M/s | ETA 0:00:58 | best -
[b2=24 b1=22 GPU] stage  99.7% (55071356505467/55220000000001) | 2608.0M/s | ETA 0:00:56 | best -
[b2=24 b1=22 GPU] stage  99.7% (55076456779131/55220000000001) | 2627.5M/s | ETA 0:00:54 | best -
[b2=24 b1=22 GPU] stage  99.7% (55081557052795/55220000000001) | 2645.5M/s | ETA 0:00:52 | best -
[b2=24 b1=22 GPU] stage  99.8% (55086657326459/55220000000001) | 2646.8M/s | ETA 0:00:50 | best -
[b2=24 b1=22 GPU] stage  99.8% (55091757600123/55220000000001) | 2644.7M/s | ETA 0:00:48 | best -
[b2=24 b1=22 GPU] stage  99.8% (55096857873787/55220000000001) | 2647.3M/s | ETA 0:00:46 | best -
[b2=24 b1=22 GPU] stage  99.8% (55101958147451/55220000000001) | 2642.8M/s | ETA 0:00:44 | best -
[b2=24 b1=22 GPU] stage  99.8% (55107058421115/55220000000001) | 2639.2M/s | ETA 0:00:42 | best -
[b2=24 b1=22 GPU] stage  99.8% (55112158694779/55220000000001) | 2635.6M/s | ETA 0:00:40 | best -
[b2=24 b1=22 GPU] stage  99.8% (55117258968443/55220000000001) | 2622.7M/s | ETA 0:00:39 | best -
[b2=24 b1=22 GPU] stage  99.8% (55122359242107/55220000000001) | 2628.5M/s | ETA 0:00:37 | best -
[b2=24 b1=22 GPU] stage  99.8% (55127459515771/55220000000001) | 2662.7M/s | ETA 0:00:34 | best -
[b2=24 b1=22 GPU] stage  99.8% (55132559789435/55220000000001) | 2646.6M/s | ETA 0:00:33 | best -
[b2=24 b1=22 GPU] stage  99.9% (55137660063099/55220000000001) | 2640.6M/s | ETA 0:00:31 | best -
[b2=24 b1=22 GPU] stage  99.9% (55142760336763/55220000000001) | 2642.8M/s | ETA 0:00:29 | best -
[b2=24 b1=22 GPU] stage  99.9% (55147860610427/55220000000001) | 2637.4M/s | ETA 0:00:27 | best -
[b2=24 b1=22 GPU] stage  99.9% (55152960884091/55220000000001) | 2647.8M/s | ETA 0:00:25 | best -
[b2=24 b1=22 GPU] stage  99.9% (55158061157755/55220000000001) | 2677.1M/s | ETA 0:00:23 | best -
[b2=24 b1=22 GPU] stage  99.9% (55163161431419/55220000000001) | 2657.8M/s | ETA 0:00:21 | best -
[b2=24 b1=22 GPU] stage  99.9% (55168261705083/55220000000001) | 2655.1M/s | ETA 0:00:19 | best -
[b2=24 b1=22 GPU] stage  99.9% (55173361978747/55220000000001) | 2657.2M/s | ETA 0:00:17 | best -
[b2=24 b1=22 GPU] stage  99.9% (55178462252411/55220000000001) | 2652.7M/s | ETA 0:00:15 | best -
[b2=24 b1=22 GPU] stage  99.9% (55183830961531/55220000000001) | 2637.4M/s | ETA 0:00:13 | best -
[b2=24 b1=22 GPU] stage  99.9% (55188931235195/55220000000001) | 2666.1M/s | ETA 0:00:11 | best -
[b2=24 b1=22 GPU] stage 100.0% (55194031508859/55220000000001) | 2637.5M/s | ETA 0:00:09 | best -
[b2=24 b1=22 GPU] stage 100.0% (55198863347067/55220000000001) | 2663.2M/s | ETA 0:00:07 | best -
[b2=24 b1=22 GPU] stage 100.0% (55203963620731/55220000000001) | 2632.9M/s | ETA 0:00:06 | best -
[b2=24 b1=22 GPU] stage 100.0% (55209063894395/55220000000001) | 2620.5M/s | ETA 0:00:04 | best -
[b2=24 b1=22 GPU] stage 100.0% (55214164168059/55220000000001) | 2628.1M/s | ETA 0:00:02 | best -
[b2=24 b1=22 GPU] stage 100.0% (55219264441723/55220000000001) | 2615.9M/s | ETA 0:00:00 | best -
reached -E 25: stopping before stage b2=25
done: 2322.52s, 2841319553670 yh swept
no doubly 36-digit palindrome found below 2103169471200639331664853243678355381701914394624
